id,row,col,cx,cy,prodes_10,prodes_208,distroads,distports,protected
C36L00,0,36,-380525.42,-1970806.641,0,1,90614.98118,191422.848,0
C37L00,0,37,-330525.42,-1970806.641,0,1,60797.30732,201936.4179,0
C41L00,0,41,-130525.42,-1970806.641,0,1,36761.76714,327598.4697,0
C42L00,0,42,-80525.42,-1970806.641,0,0,24411.91201,369400.0101,0
C43L00,0,43,-30525.42,-1970806.641,0,1,38199.83921,413027.817,0
C44L00,0,44,19474.58,-1970806.641,0,1,3154.523144,457960.2469,0
C45L00,0,45,69474.58,-1970806.641,0,1,5437.442434,503848.3878,0
C46L00,0,46,119474.58,-1970806.641,0,0,38641.42708,550453.275,0
C34L01,1,34,-480525.42,-1920806.641,0,1,109908.1867,163704.6332,0
C35L01,1,35,-430525.42,-1920806.641,0,1,111906.0232,144688.6902,0
C36L01,1,36,-380525.42,-1920806.641,0,1,68562.6497,141670.1352,0
C37L01,1,37,-330525.42,-1920806.641,0.01020408163,0.9897959184,20633.47389,155582.8953,0
C38L01,1,38,-280525.42,-1920806.641,0,1,13371.06093,182596.9536,0
C39L01,1,39,-230525.42,-1920806.641,0.1052631579,0.8947368421,56120.77,217892.7662,0
C40L01,1,40,-180525.42,-1920806.641,0,1,6460.958163,258094.6875,0
C41L01,1,41,-130525.42,-1920806.641,0,1,22470.11448,301244.8802,0
C42L01,1,42,-80525.42,-1920806.641,0.06976744186,0.9302325581,3058.818233,346242.8165,0
C43L01,1,43,-30525.42,-1920806.641,0,1,7865.671412,392453.4343,0
C44L01,1,44,19474.58,-1920806.641,0,1,19567.42928,439494.3779,0
C45L01,1,45,69474.58,-1920806.641,0,1,9898.487216,487125.1567,0
C34L02,2,34,-480525.42,-1870806.641,0,1,61507.46697,123397.4368,0
C35L02,2,35,-430525.42,-1870806.641,0,1,65010.13017,96760.20633,0
C36L02,2,36,-380525.42,-1870806.641,0,1,62589.06137,92185.39828,0
C37L02,2,37,-330525.42,-1870806.641,0,1,15094.25612,112399.9901,0
C38L02,2,38,-280525.42,-1870806.641,0,1,28354.30127,147544.4608,0.07723274547
C39L02,2,39,-230525.42,-1870806.641,0.01,0.99,48902.39847,189486.0893,0.04235349668
C40L02,2,40,-180525.42,-1870806.641,0.01,0.99,47101.32271,234607.3063,0
C41L02,2,41,-130525.42,-1870806.641,0,1,8103.118013,281382.6546,0
C42L02,2,42,-80525.42,-1870806.641,0.13,0.87,3068.408073,329107.594,0
C43L02,2,43,-30525.42,-1870806.641,0,1,8337.490644,377422.0695,0
C44L02,2,44,19474.58,-1870806.641,0,1,6570.696886,426125.602,0
C45L02,2,45,69474.58,-1870806.641,0,1,18327.3194,475098.5569,0
C46L02,2,46,119474.58,-1870806.641,0,1,14121.55891,524265.4375,0
C30L03,3,30,-680525.42,-1820806.641,0,1,47937.50727,286552.2768,0
C31L03,3,31,-630525.42,-1820806.641,0,1,28458.21481,237166.2233,0
C32L03,3,32,-580525.42,-1820806.641,0,1,14196.75151,188104.8314,0
C33L03,3,33,-530525.42,-1820806.641,0,1,30595.51536,139710.5498,0
C34L03,3,34,-480525.42,-1820806.641,0.1951219512,0.8048780488,22057.36805,93030.35989,0
C35L03,3,35,-430525.42,-1820806.641,0.12,0.88,30459.52503,52822.89265,0
C36L03,3,36,-380525.42,-1820806.641,0,1,18670.19616,43884.7139,0
C37L03,3,37,-330525.42,-1820806.641,0,1,35293.07818,77855.49589,0
C38L03,3,38,-280525.42,-1820806.641,0,1,9243.407573,123276.4713,0
C39L03,3,39,-230525.42,-1820806.641,0.04,0.96,6234.300687,171267.9144,0
C40L03,3,40,-180525.42,-1820806.641,0.01,0.99,20198.84862,220155.1921,0
C41L03,3,41,-130525.42,-1820806.641,0.02,0.98,13929.60203,269451.1435,0.1275416858
C42L03,3,42,-80525.42,-1820806.641,0.2,0.8,6718.590888,318966.3444,0.0710003429
C43L03,3,43,-30525.42,-1820806.641,0.18,0.82,2090.604214,368612.451,0.02095223676
C44L03,3,44,19474.58,-1820806.641,0,1,4588.872267,418342.8607,0
C45L03,3,45,69474.58,-1820806.641,0,1,1423.708191,468130.7074,0
C46L03,3,46,119474.58,-1820806.641,0,1,823.6542104,517959.4283,0
C47L03,3,47,169474.58,-1820806.641,0,1,20899.26883,567818.2627,0
C30L04,4,30,-680525.42,-1770806.641,0,1,25514.98866,283795.574,0
C31L04,4,31,-630525.42,-1770806.641,0.01,0.99,21113.02799,233828.0093,0
C32L04,4,32,-580525.42,-1770806.641,0.29,0.71,12763.14971,183878.0794,0
C33L04,4,33,-530525.42,-1770806.641,0.07,0.93,14044.97639,133965.5112,0
C34L04,4,34,-480525.42,-1770806.641,0.07,0.93,2114.97295,84156.80793,0
C35L04,4,35,-430525.42,-1770806.641,0.44,0.56,7421.644452,34899.54795,0
C36L04,4,36,-380525.42,-1770806.641,0.06,0.94,4696.968602,18803.95101,0
C37L04,4,37,-330525.42,-1770806.641,0,1,5301.828423,67001.48282,0
C38L04,4,38,-280525.42,-1770806.641,0.02,0.98,6772.555585,116725.3564,0
C39L04,4,39,-230525.42,-1770806.641,0.04,0.96,7324.762591,166614.5821,0
C40L04,4,40,-180525.42,-1770806.641,0.09,0.91,5871.018964,216554.9101,0
C41L04,4,41,-130525.42,-1770806.641,0.3,0.7,8210.933905,266517.6152,0
C42L04,4,42,-80525.42,-1770806.641,0.66,0.34,1703.382357,316492.1,0
C43L04,4,43,-30525.42,-1770806.641,0.69,0.31,4041.523854,366473.5454,0.01853181672
C44L04,4,44,19474.58,-1770806.641,0,1,24807.98925,416459.4453,0
C45L04,4,45,69474.58,-1770806.641,0,1,21659.56003,466448.3677,0
C46L04,4,46,119474.58,-1770806.641,0,1,30931.60192,516439.4348,0
C47L04,4,47,169474.58,-1770806.641,0,1,1514.607533,566432.0789,0
C48L04,4,48,219474.58,-1770806.641,0,1,23527.9863,616425.9161,0
C30L05,5,30,-680525.42,-1720806.641,0.4594594595,0.5405405405,30552.82336,289771.7175,0.02182157395
C31L05,5,31,-630525.42,-1720806.641,0.24,0.76,16344.81532,241046.1748,0.04660154509
C32L05,5,32,-580525.42,-1720806.641,0.6,0.4,4594.223881,192973.7509,0
C33L05,5,33,-530525.42,-1720806.641,0.55,0.45,7030.145945,146200.1322,0
C34L05,5,34,-480525.42,-1720806.641,0.91,0.09,4370.122958,102518.724,0
C35L05,5,35,-430525.42,-1720806.641,0.82,0.18,4253.554587,68159.36404,0
C36L05,5,36,-380525.42,-1720806.641,0.42,0.58,20705.62285,61492.34938,0
C37L05,5,37,-330525.42,-1720806.641,0.09,0.91,23066.11355,88977.07097,0
C38L05,5,38,-280525.42,-1720806.641,0,1,22226.02831,130585.3333,0
C39L05,5,39,-230525.42,-1720806.641,0.01,0.99,1460.351674,176601.6405,0
C40L05,5,40,-180525.42,-1720806.641,0.13,0.87,10221.01241,224329.5557,0
C41L05,5,41,-130525.42,-1720806.641,0.16,0.84,898.8976443,272872.4238,0
C42L05,5,42,-80525.42,-1720806.641,0.2,0.8,5598.355101,321861.7246,0
C43L05,5,43,-30525.42,-1720806.641,0.03,0.97,3158.860158,371120.708,0
C44L05,5,44,19474.58,-1720806.641,0,1,11169.02667,420554.622,0.31373897
C45L05,5,45,69474.58,-1720806.641,0,1,1758.782818,470108.2856,0.08355503266
C46L05,5,46,119474.58,-1720806.641,0,1,1604.837666,519747.4486,0.3735554914
C47L05,5,47,169474.58,-1720806.641,0.05,0.95,1957.317858,569449.7523,0.08416124594
C48L05,5,48,219474.58,-1720806.641,0.2247191011,0.7752808989,16954.58639,619199.9924,0
C49L05,5,49,269474.58,-1720806.641,0,1,28397.46587,668987.4742,0
C29L06,6,29,-730525.42,-1670806.641,0,0,67735.94809,351083.6917,0
C30L06,6,30,-680525.42,-1670806.641,0.4901960784,0.5098039216,30565.12307,303966.0651,0.02477992581
C31L06,6,31,-630525.42,-1670806.641,0.43,0.57,1955.290511,257935.9976,0.004516544376
C32L06,6,32,-580525.42,-1670806.641,0.54,0.46,4984.785542,213697.4239,0.1276032118
C33L06,6,33,-530525.42,-1670806.641,0.45,0.55,6494.713033,172633.1345,0
C34L06,6,34,-480525.42,-1670806.641,0.47,0.53,1920.226325,137614.713,0.0001423883229
C35L06,6,35,-430525.42,-1670806.641,0.81,0.19,11444.21615,114339.0544,0
C36L06,6,36,-380525.42,-1670806.641,0.64,0.36,11094.54879,110494.4772,0
C37L06,6,37,-330525.42,-1670806.641,0.62,0.38,2407.732255,127846.1561,0.1115981097
C38L06,6,38,-280525.42,-1670806.641,0.05,0.95,7363.554665,159625.3418,0
C39L06,6,39,-230525.42,-1670806.641,0,1,17961.92272,199037.3329,0
C40L06,6,40,-180525.42,-1670806.641,0,1,5229.318144,242387.0252,0
C41L06,6,41,-130525.42,-1670806.641,0.09,0.91,14507.50275,287901.1638,0
C42L06,6,42,-80525.42,-1670806.641,0.16,0.84,11674.25167,334697.9089,0
C43L06,6,43,-30525.42,-1670806.641,0,1,11926.4736,382306.5529,0
C44L06,6,44,19474.58,-1670806.641,0,1,3855.105235,430457.7918,0.09486271444
C45L06,6,45,69474.58,-1670806.641,0,1,8197.787142,478988.0172,0
C46L06,6,46,119474.58,-1670806.641,0,1,14209.82132,527792.6968,0.3230509291
C47L06,6,47,169474.58,-1670806.641,0.15,0.85,15076.21055,576802.1679,0.1985679481
C48L06,6,48,219474.58,-1670806.641,0.32,0.68,32529.28994,625968.3307,0
C49L06,6,49,269474.58,-1670806.641,0,1,7860.84925,675256.9593,0
C50L06,6,50,319474.58,-1670806.641,0,1,23925.94451,724643.0647,0.003146486881
C30L07,7,30,-680525.42,-1620806.641,0.4615384615,0.5384615385,4673.573939,325304.6099,0
C31L07,7,31,-630525.42,-1620806.641,0.35,0.65,37182.60089,282769.6931,0.02471394755
C32L07,7,32,-580525.42,-1620806.641,0.27,0.73,7497.392405,243093.2114,0.2916375196
C33L07,7,33,-530525.42,-1620806.641,0,1,18594.73228,207918.0598,0.5126060896
C34L07,7,34,-480525.42,-1620806.641,0,1,48659.07851,179904.2237,0.2239736921
C35L07,7,35,-430525.42,-1620806.641,0.4,0.6,11573.27437,162791.7069,0.07974847056
C36L07,7,36,-380525.42,-1620806.641,0.75,0.25,4741.744332,160114.8024,0
C37L07,7,37,-330525.42,-1620806.641,0.89,0.11,10239.36027,172546.6896,0
C38L07,7,38,-280525.42,-1620806.641,0.33,0.67,3651.050899,197251.0335,0
C39L07,7,39,-230525.42,-1620806.641,0.07,0.93,2690.363866,230311.9196,0
C40L07,7,40,-180525.42,-1620806.641,0.03,0.97,4965.23252,268661.8515,0
C41L07,7,41,-130525.42,-1620806.641,0.17,0.83,1642.820089,310346.2592,0
C42L07,7,42,-80525.42,-1620806.641,0.31,0.69,6196.017428,354189.7948,0
C43L07,7,43,-30525.42,-1620806.641,0.01,0.99,15100.81999,399482.1909,0
C44L07,7,44,19474.58,-1620806.641,0,1,24195.58117,445782.0442,0.02291831144
C45L07,7,45,69474.58,-1620806.641,0,1,5851.568071,492805.48,0.4177724461
C46L07,7,46,119474.58,-1620806.641,0,1,1217.993077,540363.6287,0.1248222872
C47L07,7,47,169474.58,-1620806.641,0.16,0.84,4521.207885,588326.8321,0.06947567765
C48L07,7,48,219474.58,-1620806.641,0.25,0.75,39477.3957,636603.5434,0.3302483753
C49L07,7,49,269474.58,-1620806.641,0,1,38393.12394,685127.4929,0
C50L07,7,50,319474.58,-1620806.641,0,1,1932.462656,733849.6384,0
C30L08,8,30,-680525.42,-1570806.641,0.4567901235,0.5432098765,6615.727829,352492.2831,0
C31L08,8,31,-630525.42,-1570806.641,0.47,0.53,20591.55868,313666.096,0.2912635982
C32L08,8,32,-580525.42,-1570806.641,0.02,0.98,10876.24695,278427.7822,0.1768211754
C33L08,8,33,-530525.42,-1570806.641,0,1,37408.77632,248309.5649,0.7258577358
C34L08,8,34,-480525.42,-1570806.641,0.01,0.99,22435.53331,225373.5791,0.9866862164
C35L08,8,35,-430525.42,-1570806.641,0,1,3815.005908,211964.2901,0.1791176987
C36L08,8,36,-380525.42,-1570806.641,0.11,0.89,567.7964771,209915.3887,0
C37L08,8,37,-330525.42,-1570806.641,0.38,0.62,2973.793133,219545.1674,0.01488633572
C38L08,8,38,-280525.42,-1570806.641,0.28,0.72,1593.710015,239448.7224,0
C39L08,8,39,-230525.42,-1570806.641,0.16,0.84,5733.725108,267341.1693,0
C40L08,8,40,-180525.42,-1570806.641,0.1,0.9,13605.05358,301009.8186,0.0795184249
C41L08,8,41,-130525.42,-1570806.641,0,1,4101.248425,338736.6544,0.06314488446
C42L08,8,42,-80525.42,-1570806.641,0,1,3298.46451,379312.7089,0.2189664264
C43L08,8,43,-30525.42,-1570806.641,0,1,8287.604022,421916.7469,0.06729706751
C44L08,8,44,19474.58,-1570806.641,0,1,12461.05326,465992.8663,0.1340393929
C45L08,8,45,69474.58,-1570806.641,0,1,24455.64823,511160.4069,0.31955204
C46L08,8,46,119474.58,-1570806.641,0,1,9414.492662,557153.9928,0.2673952923
C47L08,8,47,169474.58,-1570806.641,0,1,8358.352075,603784.8804,0.003304418813
C48L08,8,48,219474.58,-1570806.641,0.05,0.95,28788.62965,650916.1174,0.4477898963
C49L08,8,49,269474.58,-1570806.641,0,1,10760.37929,698446.4203,0.0331923236
C50L08,8,50,319474.58,-1570806.641,0,1,17783.54759,746299.5459,0
C26L09,9,26,-880525.42,-1520806.641,0,0,151514.0097,548758.6807,0
C27L09,9,27,-830525.42,-1520806.641,0,1,105549.4762,505244.1981,0
C28L09,9,28,-780525.42,-1520806.641,0.1764705882,0.8235294118,62600.7242,463041.3695,0
C29L09,9,29,-730525.42,-1520806.641,0.5,0.5,12784.32649,422543.3942,0.04602051294
C30L09,9,30,-680525.42,-1520806.641,0.1836734694,0.8163265306,9641.025409,384289.6435,0.1813155929
C31L09,9,31,-630525.42,-1520806.641,0.22,0.78,3612.582811,349018.825,0.4690321181
C32L09,9,32,-580525.42,-1520806.641,0.02,0.98,9083.671926,317725.9045,0.2253562765
C33L09,9,33,-530525.42,-1520806.641,0.03,0.97,21648.59181,291693.95,0
C34L09,9,34,-480525.42,-1520806.641,0.01,0.99,10296.4487,272435.2595,0.6422380715
C35L09,9,35,-430525.42,-1520806.641,0.01,0.99,11023.16435,261450.9146,0.4164731821
C36L09,9,36,-380525.42,-1520806.641,0,1,39043.81737,259792.592,0.06434379527
C37L09,9,37,-330525.42,-1520806.641,0.17,0.83,46387.01601,267633.7068,0.004295431801
C38L09,9,38,-280525.42,-1520806.641,0.24,0.76,2811.148523,284189.0412,0
C39L09,9,39,-230525.42,-1520806.641,0.36,0.64,9174.928551,308056.8474,0
C40L09,9,40,-180525.42,-1520806.641,0.32,0.68,11548.89515,337690.1411,0
C41L09,9,41,-130525.42,-1520806.641,0.08,0.92,7490.791346,371712.5792,0
C42L09,9,42,-80525.42,-1520806.641,0.09,0.91,12482.36144,409030.3798,0
C43L09,9,43,-30525.42,-1520806.641,0.13,0.87,4382.179897,448822.3053,0.03252571527
C44L09,9,44,19474.58,-1520806.641,0.05,0.95,40594.03087,490486.5665,0.1981692395
C45L09,9,45,69474.58,-1520806.641,0.05,0.95,2716.098089,533584.7468,0
C46L09,9,46,119474.58,-1520806.641,0.01,0.99,13799.88981,577796.0645,0
C47L09,9,47,169474.58,-1520806.641,0,1,20294.31367,622883.5383,0
C48L09,9,48,219474.58,-1520806.641,0,1,11392.45798,668669.9577,0.242978477
C49L09,9,49,269474.58,-1520806.641,0.04,0.96,31161.47927,715021.0644,0.163110713
C50L09,9,50,319474.58,-1520806.641,0.02127659574,0.9787234043,59961.95655,761833.7959,0
C51L09,9,51,369474.58,-1520806.641,0,1,83933.68153,809028.0235,0
C57L09,9,57,669474.58,-1520806.641,0,0,95085.501,1097424.259,0
C24L10,10,24,-980525.42,-1470806.641,0,0,129891.3613,517321.237,0
C25L10,10,25,-930525.42,-1470806.641,0,1,152630.4403,527427.6603,0
C26L10,10,26,-880525.42,-1470806.641,0.04838709677,0.9516129032,142765.2558,541976.5784,0
C27L10,10,27,-830525.42,-1470806.641,0.01,0.99,92771.46942,532634.4151,0
C28L10,10,28,-780525.42,-1470806.641,0.38,0.62,42792.20491,492782.9444,0
C29L10,10,29,-730525.42,-1470806.641,0.9,0.1,282.3707247,454940.2603,0
C30L10,10,30,-680525.42,-1470806.641,0.53,0.47,16864.74836,419650.1526,0.1616791284
C31L10,10,31,-630525.42,-1470806.641,0.15,0.85,7618.196351,387610.4497,0.7404733669
C32L10,10,32,-580525.42,-1470806.641,0,1,16128.12163,359690.7989,0.4715968244
C33L10,10,33,-530525.42,-1470806.641,0,1,22632.02114,336917.0238,0
C34L10,10,34,-480525.42,-1470806.641,0.01,0.99,34356.47239,320388.3442,0.6304274921
C35L10,10,35,-430525.42,-1470806.641,0.07,0.93,4375.758512,311101.7538,0.156126208
C36L10,10,36,-380525.42,-1470806.641,0.32,0.68,45632.09659,309709.3982,0.0001076722423
C37L10,10,37,-330525.42,-1470806.641,0.38,0.62,13079.12211,316315.541,0
C38L10,10,38,-280525.42,-1470806.641,0.53,0.47,22272.47422,330440.814,0
C39L10,10,39,-230525.42,-1470806.641,0.03,0.97,6532.011169,351179.0736,0
C40L10,10,40,-180525.42,-1470806.641,0.14,0.86,37643.37059,377441.8523,0
C41L10,10,41,-130525.42,-1470806.641,0.2,0.8,10933.24807,408164.1361,0
C42L10,10,42,-80525.42,-1470806.641,0.29,0.71,42896.86437,442417.8704,0
C43L10,10,43,-30525.42,-1470806.641,0.52,0.48,3857.234465,479446.746,0
C44L10,10,44,19474.58,-1470806.641,0.54,0.46,48712.37305,518656.7192,0
C45L10,10,45,69474.58,-1470806.641,0.53,0.47,21248.45833,559589.4946,0
C46L10,10,46,119474.58,-1470806.641,0.3,0.7,21027.77221,601893.6888,0.002081953237
C47L10,10,47,169474.58,-1470806.641,0.25,0.75,13984.37773,645299.6379,0
C48L10,10,48,219474.58,-1470806.641,0.01,0.99,5567.488526,689599.3278,0.185772866
C49L10,10,49,269474.58,-1470806.641,0.03,0.97,42748.19125,734631.0931,0.6945438805
C50L10,10,50,319474.58,-1470806.641,0,1,90109.91501,780268.1931,0.02480487776
C51L10,10,51,369474.58,-1470806.641,0.02857142857,0.9714285714,81183.4268,826410.348,0
C53L10,10,53,469474.58,-1470806.641,0,1,23325.32835,919905.0405,0
C54L10,10,54,519474.58,-1470806.641,0,1,16086.04209,967140.5759,0
C55L10,10,55,569474.58,-1470806.641,0,1,23074.0104,1014641.071,0
C56L10,10,56,619474.58,-1470806.641,0,1,24964.30232,1062370.987,0
C57L10,10,57,669474.58,-1470806.641,0,1,63714.97416,1110300.736,0
C58L10,10,58,719474.58,-1470806.641,0,1,45099.01624,1158405.514,0
C59L10,10,59,769474.58,-1470806.641,0,1,13991.99907,1206664.388,0
C60L10,10,60,819474.58,-1470806.641,0,0,29208.10849,1216374.758,0
C61L10,10,61,869474.58,-1470806.641,0,0,67244.46815,1206868.757,0
C21L11,11,21,-1130525.42,-1420806.641,0,1,30025.00796,466202.3675,0
C22L11,11,22,-1080525.42,-1420806.641,0.2857142857,0.7142857143,39330.24741,461414.4797,0
C23L11,11,23,-1030525.42,-1420806.641,0,1,72444.49477,462019.4766,0
C24L11,11,24,-980525.42,-1420806.641,0.01515151515,0.9848484848,83964.96575,467996.4438,0.2554940096
C25L11,11,25,-930525.42,-1420806.641,0,1,110170.7997,479144.3895,0.7262996465
C26L11,11,26,-880525.42,-1420806.641,0.27,0.73,122801.5094,495114.1491,0.2134930211
C27L11,11,27,-830525.42,-1420806.641,0.25,0.75,104523.2891,515457.7532,0.3773217779
C28L11,11,28,-780525.42,-1420806.641,0.71,0.29,64418.51611,525607.0308,0.105393312
C29L11,11,29,-730525.42,-1420806.641,0.35,0.65,43525.21336,490304.3554,0.3186637369
C30L11,11,30,-680525.42,-1420806.641,0.36,0.64,1156.225191,457748.8078,0.07271775102
C31L11,11,31,-630525.42,-1420806.641,0.08,0.92,27185.43737,428566.8923,0.8559579463
C32L11,11,32,-580525.42,-1420806.641,0,1,64620.39112,403491.253,0.9185564996
C33L11,11,33,-530525.42,-1420806.641,0,1,31465.18682,383328.5815,0.2127705483
C34L11,11,34,-480525.42,-1420806.641,0.02,0.98,19877.80251,368885.3637,0.154753936
C35L11,11,35,-430525.42,-1420806.641,0.09,0.91,8239.858681,360849.0289,0.3696125072
C36L11,11,36,-380525.42,-1420806.641,0.22,0.78,35576.81303,359649.3178,0.4795629597
C37L11,11,37,-330525.42,-1420806.641,0.47,0.53,11042.92241,365353.5848,0
C38L11,11,38,-280525.42,-1420806.641,0.44,0.56,10085.72222,377649.1123,0
C39L11,11,39,-230525.42,-1420806.641,0.18,0.82,21745.85067,395922.2931,0
C40L11,11,40,-180525.42,-1420806.641,0.43,0.57,15827.87725,419392.5039,0
C41L11,11,41,-130525.42,-1420806.641,0.58,0.42,6498.312473,447242.3084,0
C42L11,11,42,-80525.42,-1420806.641,0.41,0.59,2620.593975,478707.9408,0
C43L11,11,43,-30525.42,-1420806.641,0.25,0.75,5528.842079,513124.6463,0
C44L11,11,44,19474.58,-1420806.641,0.03,0.97,48841.44106,549938.6446,0.7558261861
C45L11,11,45,69474.58,-1420806.641,0.07,0.93,53053.93241,588700.3677,0.8435606486
C46L11,11,46,119474.58,-1420806.641,0.11,0.89,36284.99709,629049.8653,0.6768236457
C47L11,11,47,169474.58,-1420806.641,0.46,0.54,14249.54684,670700.636,0.04380252412
C48L11,11,48,219474.58,-1420806.641,0.47,0.53,20234.37564,713424.8056,0
C49L11,11,49,269474.58,-1420806.641,0.11,0.89,28097.42539,757040.6617,0
C50L11,11,50,319474.58,-1420806.641,0,1,77584.63947,801402.6289,0
C51L11,11,51,369474.58,-1420806.641,0,1,76477.63985,846393.3977,0.2082673728
C52L11,11,52,419474.58,-1420806.641,0,1,30000.35895,891917.8179,0
C53L11,11,53,469474.58,-1420806.641,0,1,17219.98407,937898.1842,0
C54L11,11,54,519474.58,-1420806.641,0,1,10849.9572,984270.6,0
C55L11,11,55,569474.58,-1420806.641,0,1,17644.30009,1030982.165,0
C56L11,11,56,619474.58,-1420806.641,0,1,879.7322081,1077988.791,0
C57L11,11,57,669474.58,-1420806.641,0,1,15443.73392,1125253.502,0
C58L11,11,58,719474.58,-1420806.641,0,1,965.0288853,1172745.094,0
C59L11,11,59,769474.58,-1420806.641,0,1,17619.57115,1179481.22,0
C60L11,11,60,819474.58,-1420806.641,0,1,1113.281682,1167536.121,0
C61L11,11,61,869474.58,-1420806.641,0,0,45458.13485,1157629.146,0
C20L12,12,20,-1180525.42,-1370806.641,0,1,61229.40515,428001.6144,0.1855686478
C21L12,12,21,-1130525.42,-1370806.641,0.2643678161,0.7356321839,12119.01694,416826.1707,0.03570240214
C22L12,12,22,-1080525.42,-1370806.641,0.49,0.51,18760.9266,411464.1312,0
C23L12,12,23,-1030525.42,-1370806.641,0.4747474747,0.5252525253,23580.13154,412142.4582,0.03775551203
C24L12,12,24,-980525.42,-1370806.641,0.16,0.84,43340.16371,418831.8046,0.28923869
C25L12,12,25,-930525.42,-1370806.641,0.02,0.98,61770.72667,431252.5422,0.9066927831
C26L12,12,26,-880525.42,-1370806.641,0.51,0.49,75677.437,448929.2035,0.1027600468
C27L12,12,27,-830525.42,-1370806.641,0.61,0.39,68977.71885,471270.7337,0.06146136948
C28L12,12,28,-780525.42,-1370806.641,0.47,0.53,48831.85424,497649.2531,0.03455308078
C29L12,12,29,-730525.42,-1370806.641,0.31,0.69,7395.00073,527459.4332,0.08023447371
C30L12,12,30,-680525.42,-1370806.641,0.1,0.9,20339.17944,497957.5198,0.4326666008
C31L12,12,31,-630525.42,-1370806.641,0.07,0.93,4840.42733,471272.0039,0.545520506
C32L12,12,32,-580525.42,-1370806.641,0,1,43082.91075,448589.9149,0.996523351
C33L12,12,33,-530525.42,-1370806.641,0,1,59436.56907,430544.4482,0.9894020487
C34L12,12,34,-480525.42,-1370806.641,0.06,0.94,30183.96459,417736.9172,0.3567814479
C35L12,12,35,-430525.42,-1370806.641,0.42,0.58,2797.346755,410657.6946,0
C36L12,12,36,-380525.42,-1370806.641,0.34,0.66,22174.50281,409603.8968,0.164962566
C37L12,12,37,-330525.42,-1370806.641,0.29,0.71,24750.31058,414621.4688,0
C38L12,12,38,-280525.42,-1370806.641,0.56,0.44,18736.91852,425495.6786,0
C39L12,12,39,-230525.42,-1370806.641,0.34,0.66,15817.74369,441794.2764,0
C40L12,12,40,-180525.42,-1370806.641,0.68,0.32,3904.755974,462944.6973,0
C41L12,12,41,-130525.42,-1370806.641,0.55,0.45,13052.89355,488316.9082,0
C42L12,12,42,-80525.42,-1370806.641,0.4,0.6,12828.45909,517290.0666,0
C43L12,12,43,-30525.42,-1370806.641,0.27,0.73,16780.78343,549294.6597,0
C44L12,12,44,19474.58,-1370806.641,0.01,0.99,44186.17557,583832.3674,0.8986351879
C45L12,12,45,69474.58,-1370806.641,0,1,90132.6169,620480.3328,1
C46L12,12,46,119474.58,-1370806.641,0.05,0.95,45659.74368,658886.5255,0.7922271825
C47L12,12,47,169474.58,-1370806.641,0.47,0.53,11198.26253,698761.092,0.03789385509
C48L12,12,48,219474.58,-1370806.641,0.36,0.64,21883.75095,739866.6594,0
C49L12,12,49,269474.58,-1370806.641,0.58,0.42,17481.0651,782009.1329,0
C50L12,12,50,319474.58,-1370806.641,0.11,0.89,55092.30271,825029.6322,0
C51L12,12,51,369474.58,-1370806.641,0.0101010101,0.9898989899,55331.9206,868797.7349,0.5959746097
C52L12,12,52,419474.58,-1370806.641,0,1,26935.13087,913205.9539,0.3987816535
C53L12,12,53,469474.58,-1370806.641,0,1,23077.01095,958165.2907,0
C54L12,12,54,519474.58,-1370806.641,0,1,10970.40038,1003601.681,0
C55L12,12,55,569474.58,-1370806.641,0,1,7509.206976,1049453.165,0
C56L12,12,56,619474.58,-1370806.641,0,1,28757.00108,1095667.63,0
C57L12,12,57,669474.58,-1370806.641,0,1,9851.112516,1142201.018,0
C58L12,12,58,719474.58,-1370806.641,0,1,10466.72904,1145768.015,0
C59L12,12,59,769474.58,-1370806.641,0,1,11367.87408,1131259.913,0
C60L12,12,60,819474.58,-1370806.641,0,1,5665.457543,1118800.088,0
C61L12,12,61,869474.58,-1370806.641,0,0,36076.38938,1108457.614,0
C19L13,13,19,-1230525.42,-1320806.641,0.05263157895,0.9473684211,103577.0497,398780.7875,0.09563914422
C20L13,13,20,-1180525.42,-1320806.641,0.01020408163,0.9897959184,76277.57088,380243.0685,0.4316556509
C21L13,13,21,-1130525.42,-1320806.641,0,1,43385.00972,367618.6417,0.08525443915
C22L13,13,22,-1080525.42,-1320806.641,0.19,0.81,31061.01523,361527.5099,0.3670715825
C23L13,13,23,-1030525.42,-1320806.641,0.31,0.69,27118.44591,362299.3445,0.5802427824
C24L13,13,24,-980525.42,-1320806.641,0.54,0.46,5399.340087,369891.1863,0.2352483124
C25L13,13,25,-930525.42,-1320806.641,0.59,0.41,14923.0649,383898.6381,0.2117419839
C26L13,13,26,-880525.42,-1320806.641,0.84,0.16,37066.67278,403654.3558,0
C27L13,13,27,-830525.42,-1320806.641,0.86,0.14,20154.53983,428363.7632,0
C28L13,13,28,-780525.42,-1320806.641,0.46,0.54,10590.94926,457224.4397,0
C29L13,13,29,-730525.42,-1320806.641,0.36,0.64,16024.90217,489502.6689,0
C30L13,13,30,-680525.42,-1320806.641,0.04,0.96,58587.05765,524567.9532,0.8429326357
C31L13,13,31,-630525.42,-1320806.641,0,1,17875.99003,515291.2012,0.987927977
C32L13,13,32,-580525.42,-1320806.641,0.05,0.95,7642.832466,494631.8148,0.730030637
C33L13,13,33,-530525.42,-1320806.641,0.17,0.83,41692.53539,478326.5018,0.3458740237
C34L13,13,34,-480525.42,-1320806.641,0.44,0.56,19139.24299,466831.7175,0.150217096
C35L13,13,35,-430525.42,-1320806.641,0.4,0.6,28704.35644,460507.8312,0
C36L13,13,36,-380525.42,-1320806.641,0.16,0.84,32565.85814,459568.3548,0
C37L13,13,37,-330525.42,-1320806.641,0.22,0.78,24055.9048,464045.9922,0
C38L13,13,38,-280525.42,-1320806.641,0.39,0.61,2440.729266,473787.1811,0
C39L13,13,39,-230525.42,-1320806.641,0.53,0.47,12026.37219,488477.1265,0
C40L13,13,40,-180525.42,-1320806.641,0.71,0.29,14969.94646,507686.432,0
C41L13,13,41,-130525.42,-1320806.641,0.47,0.53,12767.96164,530924.7812,0
C42L13,13,42,-80525.42,-1320806.641,0.26,0.74,3992.158292,557688.7425,0
C43L13,13,43,-30525.42,-1320806.641,0.17,0.83,25042.48696,587496.6754,0
C44L13,13,44,19474.58,-1320806.641,0.03,0.97,46798.0482,619909.6335,0.894498584
C45L13,13,45,69474.58,-1320806.641,0.03,0.97,93557.40739,654540.7274,1
C46L13,13,46,119474.58,-1320806.641,0.28,0.72,70909.60392,691056.5635,0.3965941406
C47L13,13,47,169474.58,-1320806.641,0.35,0.65,25680.00125,729174.0424,0
C48L13,13,48,219474.58,-1320806.641,0.55,0.45,12158.78616,768654.9253,0.1691905151
C49L13,13,49,269474.58,-1320806.641,0.53,0.47,9392.135822,809299.7,0.3112114952
C50L13,13,50,319474.58,-1320806.641,0.01,0.99,24747.47164,850941.6046,0
C51L13,13,51,369474.58,-1320806.641,0,1,25276.41136,893441.2262,0.6433879498
C52L13,13,52,419474.58,-1320806.641,0.03,0.97,22747.43379,936681.8215,0.9417078749
C53L13,13,53,469474.58,-1320806.641,0.02,0.98,8765.744887,980565.37,0.008115379946
C54L13,13,54,519474.58,-1320806.641,0,1,4744.959763,1025009.295,0
C55L13,13,55,569474.58,-1320806.641,0,1,653.719386,1069943.767,0
C56L13,13,56,619474.58,-1320806.641,0,1,10016.98605,1115309.498,0
C57L13,13,57,669474.58,-1320806.641,0,1,13699.60335,1115523.527,0
C58L13,13,58,719474.58,-1320806.641,0,1,18508.30416,1098343.018,0
C59L13,13,59,769474.58,-1320806.641,0,1,6435.095831,1083199.904,0
C60L13,13,60,819474.58,-1320806.641,0,1,3286.107855,1070180.676,0
C61L13,13,61,869474.58,-1320806.641,0,1,18224.63194,1059363.641,0
C07L14,14,7,-1830525.42,-1270806.641,0,1,131035.9662,829892.4207,0.07071323304
C08L14,14,8,-1780525.42,-1270806.641,0,1,81740.21423,783760.2341,0.1300929418
C09L14,14,9,-1730525.42,-1270806.641,0.05882352941,0.9411764706,34532.60515,738131.9525,0.126563095
C10L14,14,10,-1680525.42,-1270806.641,0.3,0.7,26524.30988,693107.1013,0
C11L14,14,11,-1630525.42,-1270806.641,0.5238095238,0.4761904762,21854.91949,648811.3197,0
C12L14,14,12,-1580525.42,-1270806.641,0.6666666667,0.3333333333,26528.43442,605404.6607,0
C13L14,14,13,-1530525.42,-1270806.641,0,0,52425.39752,563092.779,0
C19L14,14,19,-1230525.42,-1270806.641,0.03174603175,0.9682539683,54095.51207,354154.6634,0.5964221588
C20L14,14,20,-1180525.42,-1270806.641,0.02,0.98,67045.78774,333142.9127,0.375357723
C21L14,14,21,-1130525.42,-1270806.641,0.01,0.99,86266.94448,318657.9277,0.1778474335
C22L14,14,22,-1080525.42,-1270806.641,0,1,79194.80116,311611.2154,0.6750129922
C23L14,14,23,-1030525.42,-1270806.641,0,1,60830.23676,312506.3586,1
C24L14,14,24,-980525.42,-1270806.641,0.03,0.97,42909.2422,321276.9815,0.9596379537
C25L14,14,25,-930525.42,-1270806.641,0.4,0.6,14853.71011,337309.3142,0.3705456277
C26L14,14,26,-880525.42,-1270806.641,0.84,0.16,17866.89242,359633.4913,0
C27L14,14,27,-830525.42,-1270806.641,0.89,0.11,4090.061558,387162.6567,0
C28L14,14,28,-780525.42,-1270806.641,0.76,0.24,20065.59319,418871.815,0.06506038559
C29L14,14,29,-730525.42,-1270806.641,0.4,0.6,37118.47773,453885.7478,0.3456574616
C30L14,14,30,-680525.42,-1270806.641,0.05,0.95,85749.25509,491498.6741,0.9861005235
C31L14,14,31,-630525.42,-1270806.641,0,1,60716.14364,531158.7534,1
C32L14,14,32,-580525.42,-1270806.641,0.14,0.86,28080.26551,541376.3503,0.6073921576
C33L14,14,33,-530525.42,-1270806.641,0.73,0.27,2990.886336,526520.6195,0
C34L14,14,34,-480525.42,-1270806.641,0.48,0.52,13556.2026,516100.3516,0.1764696721
C35L14,14,35,-430525.42,-1270806.641,0.5,0.5,7143.943846,510387.2873,0.02977828695
C36L14,14,36,-380525.42,-1270806.641,0.7,0.3,6023.218404,509539.7857,0
C37L14,14,37,-330525.42,-1270806.641,0.62,0.38,9135.659684,513581.9344,0
C38L14,14,38,-280525.42,-1270806.641,0.3,0.7,15699.96712,522400.2426,0
C39L14,14,39,-230525.42,-1270806.641,0.37,0.63,18594.21817,535758.923,0
C40L14,14,40,-180525.42,-1270806.641,0.48,0.52,20568.81618,553329.2272,0
C41L14,14,41,-130525.42,-1270806.641,0.35,0.65,5280.699905,574725.0158,0
C42L14,14,42,-80525.42,-1270806.641,0.34,0.66,4504.245751,599536.8662,0
C43L14,14,43,-30525.42,-1270806.641,0.28,0.72,9960.085813,627359.5971,0
C44L14,14,44,19474.58,-1270806.641,0.04,0.96,58919.21693,657811.2755,0.6726938541
C45L14,14,45,69474.58,-1270806.641,0.02,0.98,83341.69858,690544.1943,1
C46L14,14,46,119474.58,-1270806.641,0.15,0.85,59802.45704,725249.5394,0.3553684095
C47L14,14,47,169474.58,-1270806.641,0.48,0.52,20060.57151,761657.7345,0
C48L14,14,48,219474.58,-1270806.641,0.71,0.29,24103.63235,799536.1872,0.06726241721
C49L14,14,49,269474.58,-1270806.641,0.45,0.55,17555.68508,838685.7128,0.1125261594
C50L14,14,50,319474.58,-1270806.641,0,1,17968.95553,878936.4795,0.03121425305
C51L14,14,51,369474.58,-1270806.641,0.01,0.99,15059.91129,920143.9806,0.7933325182
C52L14,14,52,419474.58,-1270806.641,0.02,0.98,34752.44862,962185.3019,0.833450317
C53L14,14,53,469474.58,-1270806.641,0.14,0.86,32091.01604,1004955.803,0
C54L14,14,54,519474.58,-1270806.641,0,1,565.3921987,1048366.241,0
C55L14,14,55,569474.58,-1270806.641,0,1,10974.5245,1092340.325,0
C56L14,14,56,619474.58,-1270806.641,0,1,8869.623869,1089036.793,0
C57L14,14,57,669474.58,-1270806.641,0,1,5630.692289,1069095.778,0
C58L14,14,58,719474.58,-1270806.641,0,1,14455.41403,1051156.71,0
C59L14,14,59,769474.58,-1270806.641,0,1,3126.549567,1035323.657,0
C60L14,14,60,819474.58,-1270806.641,0,1,39180.06425,1021694.534,0
C61L14,14,61,869474.58,-1270806.641,0,1,58428.87626,1010358.534,0
C07L15,15,7,-1830525.42,-1220806.641,0,1,133943.7951,812478.2084,0.1835915918
C08L15,15,8,-1780525.42,-1220806.641,0,1,86324.84257,765297.0101,0.6819263695
C09L15,15,9,-1730525.42,-1220806.641,0.03,0.97,44134.17543,718497.1735,0.4287269667
C10L15,15,10,-1680525.42,-1220806.641,0.19,0.81,20848.63921,672158.3616,0
C11L15,15,11,-1630525.42,-1220806.641,0.26,0.74,24233.80694,626382.9002,0
C12L15,15,12,-1580525.42,-1220806.641,0.36,0.64,4463.914053,581303.8898,0
C13L15,15,13,-1530525.42,-1220806.641,0.6097560976,0.3902439024,11521.151,537096.7203,0
C14L15,15,14,-1480525.42,-1220806.641,0.5714285714,0.4285714286,24271.21749,493995.5076,0
C19L15,15,19,-1230525.42,-1220806.641,0.4603174603,0.5396825397,11155.43084,311167.0528,0.04014253541
C20L15,15,20,-1180525.42,-1220806.641,0.06,0.94,21048.11259,287025.4508,0.1335226115
C21L15,15,21,-1130525.42,-1220806.641,0.01,0.99,50216.6289,270078.2924,0.5288850725
C22L15,15,22,-1080525.42,-1220806.641,0.01,0.99,51736.90642,261726.878,0.9233345434
C23L15,15,23,-1030525.42,-1220806.641,0.03,0.97,59510.17284,262791.9963,0.9428131943
C24L15,15,24,-980525.42,-1220806.641,0.4,0.6,75106.3224,273163.5187,0.5185521332
C25L15,15,25,-930525.42,-1220806.641,0.81,0.19,37098.29511,291850.9596,0.0006003284656
C26L15,15,26,-880525.42,-1220806.641,0.93,0.07,10527.84257,317388.8108,0.03619331389
C27L15,15,27,-830525.42,-1220806.641,0.79,0.21,20913.65262,348273.358,0.147758266
C28L15,15,28,-780525.42,-1220806.641,0.12,0.88,38926.69518,383214.0479,0.8565035608
C29L15,15,29,-730525.42,-1220806.641,0.16,0.84,71986.47414,421202.6604,0.8391105259
C30L15,15,30,-680525.42,-1220806.641,0,1,105627.6754,461487.1134,0.9970860117
C31L15,15,31,-630525.42,-1220806.641,0,1,97623.40868,503516.6635,0.9993612139
C32L15,15,32,-580525.42,-1220806.641,0.12,0.88,58970.32945,546889.1159,0.6770640085
C33L15,15,33,-530525.42,-1220806.641,0.54,0.46,13336.81805,575023.2024,0
C34L15,15,34,-480525.42,-1220806.641,0.46,0.54,25033.97566,565497.3858,0.28632144
C35L15,15,35,-430525.42,-1220806.641,0.44,0.56,37403.51015,560288.2325,0.06418628363
C36L15,15,36,-380525.42,-1220806.641,0.39,0.61,15188.15092,559516.3211,0.4208412372
C37L15,15,37,-330525.42,-1220806.641,0.42,0.58,5049.082658,563199.8968,0.05655479783
C38L15,15,38,-280525.42,-1220806.641,0.09,0.91,36327.2657,571252.7758,0
C39L15,15,39,-230525.42,-1220806.641,0.23,0.77,37672.95994,583494.0822,0
C40L15,15,40,-180525.42,-1220806.641,0.41,0.59,33077.17329,599667.3696,0
C41L15,15,41,-130525.42,-1220806.641,0.52,0.48,10037.20178,619464.7401,0
C42L15,15,42,-80525.42,-1220806.641,0.59,0.41,13660.22785,642551.301,0
C43L15,15,43,-30525.42,-1220806.641,0.43,0.57,31407.91576,668586.4077,0
C44L15,15,44,19474.58,-1220806.641,0.1,0.9,54475.9879,697239.8401,0.1268514305
C45L15,15,45,69474.58,-1220806.641,0.04,0.96,39883.19148,728202.585,0.9406135915
C46L15,15,46,119474.58,-1220806.641,0.28,0.72,31113.17758,761192.8894,0.5428498519
C47L15,15,47,169474.58,-1220806.641,0.62,0.38,9699.670605,795958.683,0
C48L15,15,48,219474.58,-1220806.641,0.31,0.69,20.20036571,832277.4989,0
C49L15,15,49,269474.58,-1220806.641,0.02,0.98,13041.38599,869954.8524,0.0627157312
C50L15,15,50,319474.58,-1220806.641,0.03,0.97,43297.92516,908821.7952,0.1438411484
C51L15,15,51,369474.58,-1220806.641,0.01,0.99,23315.60982,948732.1358,0.5080550766
C52L15,15,52,419474.58,-1220806.641,0.02,0.98,46716.63484,989559.6372,0.9080733796
C53L15,15,53,469474.58,-1220806.641,0.05,0.95,22515.39211,1031195.367,0
C54L15,15,54,519474.58,-1220806.641,0,1,1813.137503,1055756.919,0
C55L15,15,55,569474.58,-1220806.641,0,1,9946.808025,1052715.035,0
C56L15,15,56,619474.58,-1220806.641,0,1,3394.795538,1043826.7,0
C57L15,15,57,669474.58,-1220806.641,0,1,5093.473449,1023004.802,0
C58L15,15,58,719474.58,-1220806.641,0,1,9337.047376,1004242.735,0
C59L15,15,59,769474.58,-1220806.641,0,1,43131.76518,987657.8949,0
C60L15,15,60,819474.58,-1220806.641,0,1,41098.14215,973361.579,0
C61L15,15,61,869474.58,-1220806.641,0,1,59405.69045,961455.8802,0
C04L16,16,4,-1980525.42,-1170806.641,0,1,256799.6,943315.5487,0.1934581167
C05L16,16,5,-1930525.42,-1170806.641,0,1,243137.9704,894652.39,0.2317890525
C06L16,16,6,-1880525.42,-1170806.641,0,1,197990.954,846145.1256,0.05796720376
C07L16,16,7,-1830525.42,-1170806.641,0,1,153985.2463,797822.1909,0
C08L16,16,8,-1780525.42,-1170806.641,0,1,114050.9652,749719.2294,0
C09L16,16,9,-1730525.42,-1170806.641,0,1,80606.41852,701881.4697,0.002386325256
C10L16,16,10,-1680525.42,-1170806.641,0.01,0.99,69809.92166,654367.0775,0.0466015157
C11L16,16,11,-1630525.42,-1170806.641,0.04,0.96,70626.48612,607251.9632,0
C12L16,16,12,-1580525.42,-1170806.641,0.01,0.99,48503.35998,560636.7999,0
C13L16,16,13,-1530525.42,-1170806.641,0.34,0.66,30060.45492,514657.4551,0
C14L16,16,14,-1480525.42,-1170806.641,0.7901234568,0.2098765432,1746.101062,469500.7675,0
C15L16,16,15,-1430525.42,-1170806.641,0.5714285714,0.4285714286,10836.43505,425428.7783,0
C19L16,16,19,-1230525.42,-1170806.641,0.3896103896,0.6103896104,5366.861883,270599.9703,0.387273986
C20L16,16,20,-1180525.42,-1170806.641,0.37,0.63,21807.58459,242452.0954,0.3006475511
C21L16,16,21,-1130525.42,-1170806.641,0.24,0.76,44067.64659,222129.9016,0.026215359
C22L16,16,22,-1080525.42,-1170806.641,0.62,0.38,2894.522313,211897.069,0.1155658846
C23L16,16,23,-1030525.42,-1170806.641,0.5,0.5,11750.11785,213211.2626,0.2913425057
C24L16,16,24,-980525.42,-1170806.641,0.78,0.22,35786.15482,225871.0188,0.04850144122
C25L16,16,25,-930525.42,-1170806.641,0.94,0.06,5152.079365,248145.9082,0
C26L16,16,26,-880525.42,-1170806.641,0.89,0.11,32721.44987,277732.0046,0.006715810975
C27L16,16,27,-830525.42,-1170806.641,0.22,0.78,58430.51119,312559.9799,0.6418046393
C28L16,16,28,-780525.42,-1170806.641,0.14,0.86,79302.81294,351073.2341,0.4437466885
C29L16,16,29,-730525.42,-1170806.641,0.05,0.95,109309.5959,392187.5703,0.7481627145
C30L16,16,30,-680525.42,-1170806.641,0.05,0.95,92715.76108,435166.3647,0.4887217959
C31L16,16,31,-630525.42,-1170806.641,0.04,0.96,53201.85871,479508.5396,0.8516655998
C32L16,16,32,-580525.42,-1170806.641,0.28,0.72,33459.04156,524868.6638,0.05626548128
C33L16,16,33,-530525.42,-1170806.641,0.38,0.62,4749.694365,571004.1934,0
C34L16,16,34,-480525.42,-1170806.641,0.21,0.79,28187.92413,614991.8811,0.2968255024
C35L16,16,35,-430525.42,-1170806.641,0.31,0.69,72839.64346,610205.3949,0.08806296139
C36L16,16,36,-380525.42,-1170806.641,0.18,0.82,47573.04785,609496.7056,0.008786655916
C37L16,16,37,-330525.42,-1170806.641,0.13,0.87,21135.59646,612879.9591,0
C38L16,16,38,-280525.42,-1170806.641,0.22,0.78,26309.3591,620288.2026,0
C39L16,16,39,-230525.42,-1170806.641,0.59,0.41,13351.57651,631579.8164,0
C40L16,16,40,-180525.42,-1170806.641,0.84,0.16,8474.399005,646551.3704,0
C41L16,16,41,-130525.42,-1170806.641,0.84,0.16,5123.553168,664954.3478,0
C42L16,16,42,-80525.42,-1170806.641,0.61,0.39,25251.08957,686512.8512,0
C43L16,16,43,-30525.42,-1170806.641,0.32,0.68,17212.70694,710939.8744,0
C44L16,16,44,19474.58,-1170806.641,0.27,0.73,4790.128113,737950.6183,0.000294141267
C45L16,16,45,69474.58,-1170806.641,0.05,0.95,13461.23527,767272.2628,0.6602357785
C46L16,16,46,119474.58,-1170806.641,0.3,0.7,15236.2092,798650.3211,0.5111638672
C47L16,16,47,169474.58,-1170806.641,0.74,0.26,1611.529152,831852.1176,0
C48L16,16,48,219474.58,-1170806.641,0.59,0.41,12979.74005,866668.0769,0
C49L16,16,49,269474.58,-1170806.641,0.53,0.47,1777.628128,902911.4939,0.1210533513
C50L16,16,50,319474.58,-1170806.641,0.42,0.58,5904.807178,940417.3413,0.3436148514
C51L16,16,51,369474.58,-1170806.641,0.18,0.82,12210.87277,979040.5436,0.5059718523
C52L16,16,52,419474.58,-1170806.641,0.01,0.99,25415.95131,1018654.012,0.8396334586
C53L16,16,53,469474.58,-1170806.641,0,1,23241.31029,1011601.537,6.172032076e-05
C54L16,16,54,519474.58,-1170806.641,0,1,5476.778828,1005944.305,0
C55L16,16,55,569474.58,-1170806.641,0,1,12149.08935,1002751.324,0
C56L16,16,56,619474.58,-1170806.641,0,1,4989.672366,999073.1812,0
C57L16,16,57,669474.58,-1170806.641,0,1,19106.97558,977298.249,0
C58L16,16,58,719474.58,-1170806.641,0,1,9954.756667,957641.1195,0
C59L16,16,59,769474.58,-1170806.641,0,1,3424.781438,940234.6302,0
C60L16,16,60,819474.58,-1170806.641,0,1,11833.66746,925205.8182,0
C61L16,16,61,869474.58,-1170806.641,0,1,40099.05045,912672.1493,0
C62L16,16,62,919474.58,-1170806.641,0,1,89865.63308,902737.5578,0
C01L17,17,1,-2130525.42,-1120806.641,0,0,231826.3097,1081465.492,0.002434476842
C02L17,17,2,-2080525.42,-1120806.641,0,0,221652.734,1032049.555,0.02405108052
C03L17,17,3,-2030525.42,-1120806.641,0,1,219546.7223,982692.7082,0.0665078944
C04L17,17,4,-1980525.42,-1120806.641,0,1,208015.0451,933404.3248,0.9025498654
C05L17,17,5,-1930525.42,-1120806.641,0,1,194827.9418,884195.8539,0.9882289855
C06L17,17,6,-1880525.42,-1120806.641,0.0125,0.9875,183469.0399,835081.4228,0.6238943598
C07L17,17,7,-1830525.42,-1120806.641,0,1,162915.8251,786078.6585,0
C08L17,17,8,-1780525.42,-1120806.641,0,1,143848.9225,737209.829,0.003829567835
C09L17,17,9,-1730525.42,-1120806.641,0,1,119865.5273,688503.4544,0
C10L17,17,10,-1680525.42,-1120806.641,0.01,0.99,100535.2482,639996.626,0
C11L17,17,11,-1630525.42,-1120806.641,0.12,0.88,60887.93968,591738.4185,0
C12L17,17,12,-1580525.42,-1120806.641,0.41,0.59,25523.53187,543795.0263,0
C13L17,17,13,-1530525.42,-1120806.641,0.67,0.33,3693.912309,496257.7004,0
C14L17,17,14,-1480525.42,-1120806.641,0.64,0.36,7454.350712,449255.3615,0
C15L17,17,15,-1430525.42,-1120806.641,0.6494845361,0.3505154639,14624.26786,402975.253,0
C16L17,17,16,-1380525.42,-1120806.641,0.5576923077,0.4423076923,8755.768241,357697.8182,0
C17L17,17,17,-1330525.42,-1120806.641,0.5714285714,0.4285714286,22952.55269,313857.2985,0
C18L17,17,18,-1280525.42,-1120806.641,0.5,0.5,30865.04704,272149.0004,0
C19L17,17,19,-1230525.42,-1120806.641,0.3611111111,0.6388888889,3351.494578,233717.2503,0
C20L17,17,20,-1180525.42,-1120806.641,0.34,0.66,42157.49955,200455.5505,0.119892821
C21L17,17,21,-1130525.42,-1120806.641,0.24,0.76,70946.21928,175331.4072,0.3685792197
C22L17,17,22,-1080525.42,-1120806.641,0.59,0.41,45331.54599,162172.0598,0.0375242551
C23L17,17,23,-1030525.42,-1120806.641,0.73,0.27,7183.725404,163885.4833,0.009077274104
C24L17,17,24,-980525.42,-1120806.641,0.73,0.27,3912.516711,180047.5667,0
C25L17,17,25,-930525.42,-1120806.641,0.67,0.33,34305.55604,207306.0561,0
C26L17,17,26,-880525.42,-1120806.641,0.57,0.43,65290.49627,241938.9914,0.01403057819
C27L17,17,27,-830525.42,-1120806.641,0.05,0.95,96793.076,281235.0444,0.1305224225
C28L17,17,28,-780525.42,-1120806.641,0.06,0.94,113648.7149,323499.3429,0.09282119684
C29L17,17,29,-730525.42,-1120806.641,0.15,0.85,107153.8218,367709.8033,0.06078123848
C30L17,17,30,-680525.42,-1120806.641,0.05,0.95,83044.08589,413242.2705,0.2148182825
C31L17,17,31,-630525.42,-1120806.641,0.17,0.83,33623.58724,459704.0882,0.5785103731
C32L17,17,32,-580525.42,-1120806.641,0.35,0.65,8087.811017,506839.7413,0.003111359836
C33L17,17,33,-530525.42,-1120806.641,0.27,0.73,12716.54495,554477.4098,0
C34L17,17,34,-480525.42,-1120806.641,0.43,0.57,20082.9485,602498.0271,0
C35L17,17,35,-430525.42,-1120806.641,0.37,0.63,23508.69617,650816.8308,0
C36L17,17,36,-380525.42,-1120806.641,0.44,0.56,12430.8657,659480.0638,0
C37L17,17,37,-330525.42,-1120806.641,0.39,0.61,9577.445083,662608.1532,0
C38L17,17,38,-280525.42,-1120806.641,0.54,0.46,18866.66184,669466.3358,0
C39L17,17,39,-230525.42,-1120806.641,0.75,0.25,6313.541051,679941.7511,0
C40L17,17,40,-180525.42,-1120806.641,0.67,0.33,2612.70124,693870.5896,0
C41L17,17,41,-130525.42,-1120806.641,0.74,0.26,13731.58889,711049.9316,0
C42L17,17,42,-80525.42,-1120806.641,0.55,0.45,17152.42944,731250.7199,0
C43L17,17,43,-30525.42,-1120806.641,0.41,0.59,33102.35712,754230.2204,0
C44L17,17,44,19474.58,-1120806.641,0.36,0.64,45587.90845,779742.8009,0
C45L17,17,45,69474.58,-1120806.641,0.09,0.91,50507.77634,807548.4169,0.5448409693
C46L17,17,46,119474.58,-1120806.641,0.1,0.9,57251.8861,837418.6861,0.6135888712
C47L17,17,47,169474.58,-1120806.641,0.35,0.65,14736.84025,869140.763,0
C48L17,17,48,219474.58,-1120806.641,0.41,0.59,6964.515006,898061.5978,0
C49L17,17,49,269474.58,-1120806.641,0.66,0.34,34602.08782,915493.565,0
C50L17,17,50,319474.58,-1120806.641,0.85,0.15,3895.294047,935276.5911,0
C51L17,17,51,369474.58,-1120806.641,0.43,0.57,30531.48802,957264.9247,0
C52L17,17,52,419474.58,-1120806.641,0,1,12165.16583,970593.9768,0.1615327929
C53L17,17,53,469474.58,-1120806.641,0,1,9419.219236,962101.316,3.752808398e-06
C54L17,17,54,519474.58,-1120806.641,0,1,14200.69667,956151.252,0
C55L17,17,55,569474.58,-1120806.641,0,1,3200.957364,952791.4206,0
C56L17,17,56,619474.58,-1120806.641,0,1,1754.185869,952049.2454,0
C57L17,17,57,669474.58,-1120806.641,0,1,7047.520103,932032.6765,0
C58L17,17,58,719474.58,-1120806.641,0,1,2846.309838,911399.7785,0
C59L17,17,59,769474.58,-1120806.641,0,1,6381.405886,893092.4938,0
C60L17,17,60,819474.58,-1120806.641,0,1,19696.57111,877256.4326,0
C61L17,17,61,869474.58,-1120806.641,0,1,66363.02641,864027.4849,0
C62L17,17,62,919474.58,-1120806.641,0,1,105615.9543,853526.8835,0
C01L18,18,1,-2130525.42,-1070806.641,0,0,184876.061,1075159.067,0.001726281974
C02L18,18,2,-2080525.42,-1070806.641,0,1,171946.662,1025439.268,0.4019251406
C03L18,18,3,-2030525.42,-1070806.641,0.02,0.98,169954.5347,975748.1068,0.0001423699925
C04L18,18,4,-1980525.42,-1070806.641,0.03,0.97,159418.1583,926090.1914,0.2120863591
C05L18,18,5,-1930525.42,-1070806.641,0,1,147647.4896,876471.1731,0.5422643238
C06L18,18,6,-1880525.42,-1070806.641,0.02,0.98,134058.799,826898.0541,0.3849288026
C07L18,18,7,-1830525.42,-1070806.641,0.03225806452,0.9677419355,117955.7347,777379.6155,0.1357175199
C08L18,18,8,-1780525.42,-1070806.641,0,1,98839.93561,727927.0164,0.7512729462
C09L18,18,9,-1730525.42,-1070806.641,0,1,78571.8586,678554.6521,0.3105977083
C10L18,18,10,-1680525.42,-1070806.641,0,1,53150.57872,629281.408,0
C11L18,18,11,-1630525.42,-1070806.641,0.1,0.9,34727.10613,580132.541,0
C12L18,18,12,-1580525.42,-1070806.641,0.27,0.73,8999.159152,531142.5795,0
C13L18,18,13,-1530525.42,-1070806.641,0.25,0.75,37185.96533,482359.9428,0
C14L18,18,14,-1480525.42,-1070806.641,0.34,0.66,2622.372218,433854.5713,0.06185020965
C15L18,18,15,-1430525.42,-1070806.641,0.12,0.88,46627.46084,385731.0769,0.1090710696
C16L18,18,16,-1380525.42,-1070806.641,0.16,0.84,39940.62215,338152.537,0.2094262081
C17L18,18,17,-1330525.42,-1070806.641,0.22,0.78,24928.99042,291386.0205,0.3430645353
C18L18,18,18,-1280525.42,-1070806.641,0.2323232323,0.7676767677,18291.55612,245895.2777,0
C19L18,18,19,-1230525.42,-1070806.641,0.101010101,0.898989899,22469.73201,202541.7543,0
C20L18,18,20,-1180525.42,-1070806.641,0.32,0.68,4197.132315,163039.3721,0
C21L18,18,21,-1130525.42,-1070806.641,0.18,0.82,28373.78543,130921.7763,0.141269266
C22L18,18,22,-1080525.42,-1070806.641,0.29,0.71,55067.52648,112690.6657,0.1116640911
C23L18,18,23,-1030525.42,-1070806.641,0.82,0.18,33105.35751,115142.7843,0
C24L18,18,24,-980525.42,-1070806.641,0.38,0.62,15684.94419,137173.3772,0
C25L18,18,25,-930525.42,-1070806.641,0.58,0.42,65219.01367,171391.9778,0
C26L18,18,26,-880525.42,-1070806.641,0.48,0.52,92209.82699,211976.1418,0
C27L18,18,27,-830525.42,-1070806.641,0,1,65240.21486,255915.1409,2.806849856e-06
C28L18,18,28,-780525.42,-1070806.641,0.06,0.94,65333.51372,301746.9701,0.642739456
C29L18,18,29,-730525.42,-1070806.641,0.06,0.94,57622.23539,348726.1226,0.2510962908
C30L18,18,30,-680525.42,-1070806.641,0.03,0.97,55344.55707,396444.9309,0
C31L18,18,31,-630525.42,-1070806.641,0.05,0.95,53758.16271,444665.3325,0.2689370398
C32L18,18,32,-580525.42,-1070806.641,0.34,0.66,6666.693144,493240.2382,0.1065256597
C33L18,18,33,-530525.42,-1070806.641,0.27,0.73,43546.39425,542074.3558,0.31028047
C34L18,18,34,-480525.42,-1070806.641,0.16,0.84,23022.1944,591103.4443,0.2263556016
C35L18,18,35,-430525.42,-1070806.641,0.34,0.66,18602.13011,640282.716,0
C36L18,18,36,-380525.42,-1070806.641,0.44,0.56,1960.220828,689580.0397,0
C37L18,18,37,-330525.42,-1070806.641,0.36,0.64,8267.26017,712374.3995,0
C38L18,18,38,-280525.42,-1070806.641,0.62,0.38,4679.352971,718757.8836,0
C39L18,18,39,-230525.42,-1070806.641,0.47,0.53,18971.46658,728524.8832,0
C40L18,18,40,-180525.42,-1070806.641,0.39,0.61,19715.14318,741541.7153,0
C41L18,18,41,-130525.42,-1070806.641,0.3131313131,0.6868686869,28832.61122,757640.8949,0
C42L18,18,42,-80525.42,-1070806.641,0.52,0.48,16942.29324,776630.759,0
C43L18,18,43,-30525.42,-1070806.641,0.18,0.82,66453.10852,798305.0456,0.5448895835
C44L18,18,44,19474.58,-1070806.641,0.1,0.9,90482.29196,804737.9967,0.479013495
C45L18,18,45,69474.58,-1070806.641,0,1,98667.02086,811921.842,0.878903993
C46L18,18,46,119474.58,-1070806.641,0,1,84502.47305,822089.3575,0.9455909769
C47L18,18,47,169474.58,-1070806.641,0.02,0.98,63875.37827,835131.574,0.4223833163
C48L18,18,48,219474.58,-1070806.641,0.29,0.71,49862.00924,850916.3179,0.04940250382
C49L18,18,49,269474.58,-1070806.641,0.42,0.58,55786.62363,869294.2047,0
C50L18,18,50,319474.58,-1070806.641,0.75,0.25,9451.233893,890104.6279,0
C51L18,18,51,369474.58,-1070806.641,0.55,0.45,25086.726,913181.2979,0
C52L18,18,52,419474.58,-1070806.641,0.12,0.88,31400.76546,921604.0042,0
C53L18,18,53,469474.58,-1070806.641,0.1,0.9,11945.27544,912655.584,0
C54L18,18,54,519474.58,-1070806.641,0,1,8558.141541,906380.9847,0
C55L18,18,55,569474.58,-1070806.641,0,1,12942.41786,902835.9563,0
C56L18,18,56,619474.58,-1070806.641,0,1,3605.36463,902052.6805,0.2974512276
C57L18,18,57,669474.58,-1070806.641,0,1,12942.07361,887275.5788,0.3400801216
C58L18,18,58,719474.58,-1070806.641,0,1,18594.40068,865576.4546,0
C59L18,18,59,769474.58,-1070806.641,0,1,1329.785861,846278.4677,0
C60L18,18,60,819474.58,-1070806.641,0,1,6398.295332,829549.2096,0
C61L18,18,61,869474.58,-1070806.641,0,1,55124.74062,815546.7719,0
C62L18,18,62,919474.58,-1070806.641,0,1,61597.04181,804413.5649,0
C01L19,19,1,-2130525.42,-1020806.641,0,1,140053.1257,1071151.916,0
C02L19,19,2,-2080525.42,-1020806.641,0.04444444444,0.9555555556,122480.099,1021237.045,0
C03L19,19,3,-2030525.42,-1020806.641,0.01,0.99,119958.446,971330.9308,0.0396960437
C04L19,19,4,-1980525.42,-1020806.641,0.04,0.96,110528.5385,921434.996,0.1078977502
C05L19,19,5,-1930525.42,-1020806.641,0.01,0.99,99357.74206,871550.989,0.1383270774
C06L19,19,6,-1880525.42,-1020806.641,0.02,0.98,85338.35359,821681.0823,0
C07L19,19,7,-1830525.42,-1020806.641,0.09,0.91,76691.22339,771828.0091,0.007063539605
C08L19,19,8,-1780525.42,-1020806.641,0.01,0.99,51631.95222,721995.2565,0.00671346664
C09L19,19,9,-1730525.42,-1020806.641,0.02,0.98,32610.60074,672187.3437,0.01447569809
C10L19,19,10,-1680525.42,-1020806.641,0.11,0.89,9408.84749,622410.2342,0
C11L19,19,11,-1630525.42,-1020806.641,0.34,0.66,11025.48042,572671.9604,0
C12L19,19,12,-1580525.42,-1020806.641,0.13,0.87,34475.90473,522983.6029,0.2623655729
C13L19,19,13,-1530525.42,-1020806.641,0,1,62621.97502,473360.8809,0.224103703
C14L19,19,14,-1480525.42,-1020806.641,0.19,0.81,17301.26767,423826.8493,0.03501610041
C15L19,19,15,-1430525.42,-1020806.641,0.36,0.64,31289.17232,374416.7101,0.07409312981
C16L19,19,16,-1380525.42,-1020806.641,0.02,0.98,81215.50115,325186.9423,0
C17L19,19,17,-1330525.42,-1020806.641,0.06,0.94,71987.06851,276233.9988,0.04363973619
C18L19,19,18,-1280525.42,-1020806.641,0,1,67041.41225,227736.4633,0
C19L19,19,19,-1230525.42,-1020806.641,0.02,0.98,66568.88252,180062.6873,0
C20L19,19,20,-1180525.42,-1020806.641,0.02,0.98,31711.7312,134094.1684,0.1040362277
C21L19,19,21,-1130525.42,-1020806.641,0.32,0.68,14323.16299,92411.69108,0.1020384484
C22L19,19,22,-1080525.42,-1020806.641,0.38,0.62,22349.13336,64020.27248,0.0805708555
C23L19,19,23,-1030525.42,-1020806.641,0.46,0.54,8779.386461,68244.19336,0
C24L19,19,24,-980525.42,-1020806.641,0.07,0.93,29266.53509,101073.9559,0
C25L19,19,25,-930525.42,-1020806.641,0.26,0.74,77163.63307,144134.0321,0
C26L19,19,26,-880525.42,-1020806.641,0.35,0.65,68678.31333,190612.9425,0
C27L19,19,27,-830525.42,-1020806.641,0.08,0.92,21687.41946,238520.3733,0
C28L19,19,28,-780525.42,-1020806.641,0.04,0.96,15744.49013,287142.2002,0
C29L19,19,29,-730525.42,-1020806.641,0.15,0.85,12597.71756,336168.5853,0
C30L19,19,30,-680525.42,-1020806.641,0.09,0.91,9085.950163,385445.1873,0
C31L19,19,31,-630525.42,-1020806.641,0.07,0.93,10910.01321,434886.9589,0
C32L19,19,32,-580525.42,-1020806.641,0.2,0.8,5567.877621,484443.3318,0
C33L19,19,33,-530525.42,-1020806.641,0.16,0.84,4805.508599,534082.4059,0.1229377196
C34L19,19,34,-480525.42,-1020806.641,0.14,0.86,53663.81917,583783.0855,0.01935183793
C35L19,19,35,-430525.42,-1020806.641,0.15,0.85,62428.32479,633530.8719,0.05195035797
C36L19,19,36,-380525.42,-1020806.641,0.26,0.74,49394.65656,683315.4764,0.3639733215
C37L19,19,37,-330525.42,-1020806.641,0.17,0.83,51204.04098,733129.3985,0.3104075826
C38L19,19,38,-280525.42,-1020806.641,0.21,0.79,22755.85981,768141.0129,0.02257170973
C39L19,19,39,-230525.42,-1020806.641,0.21,0.79,44833.77321,766210.1663,0
C40L19,19,40,-180525.42,-1020806.641,0,1,55543.4117,757424.4868,0
C41L19,19,41,-130525.42,-1020806.641,0,1,25377.19059,751868.1316,0
C42L19,19,42,-80525.42,-1020806.641,0.16,0.84,24353.9118,749612.9145,0
C43L19,19,43,-30525.42,-1020806.641,0.01,0.99,73366.35005,750688.5877,0.8826659403
C44L19,19,44,19474.58,-1020806.641,0,1,120271.3029,755080.9162,1
C45L19,19,45,69474.58,-1020806.641,0,1,146767.4916,762732.6033,1
C46L19,19,46,119474.58,-1020806.641,0,1,126505.1676,773546.9336,1
C47L19,19,47,169474.58,-1020806.641,0,1,108306.3924,787393.6072,1
C48L19,19,48,219474.58,-1020806.641,0.23,0.77,99618.95132,804115.9909,0.539402693
C49L19,19,49,269474.58,-1020806.641,0.41,0.59,78864.86598,823538.925,0
C50L19,19,50,319474.58,-1020806.641,0.76,0.24,42631.46045,845476.3127,0
C51L19,19,51,369474.58,-1020806.641,0.67,0.33,16622.76126,869737.9085,0
C52L19,19,52,419474.58,-1020806.641,0.58,0.42,7584.186739,872728.6023,0
C53L19,19,53,469474.58,-1020806.641,0.11,0.89,11154.09695,863273.7039,0
C54L19,19,54,519474.58,-1020806.641,0,1,5408.100853,856637.4742,0
C55L19,19,55,569474.58,-1020806.641,0.38,0.62,5147.013996,852885.7114,0
C56L19,19,56,619474.58,-1020806.641,0.09,0.91,20162.27502,852056.5188,0.06857437924
C57L19,19,57,669474.58,-1020806.641,0.02,0.98,15921.41483,843107.9381,0.02298586614
C58L19,19,58,719474.58,-1020806.641,0,1,10206.57758,820241.2092,0
C59L19,19,59,769474.58,-1020806.641,0,1,2176.884119,799850.1656,0
C60L19,19,60,819474.58,-1020806.641,0,1,34848.85026,782128.4636,0
C61L19,19,61,869474.58,-1020806.641,0,1,8967.28281,767261.0897,0
C62L19,19,62,919474.58,-1020806.641,0,0,32104.38269,755416.591,0
C00L20,20,0,-2180525.42,-970806.641,0,1,127420.3413,1119467.357,0
C01L20,20,1,-2130525.42,-970806.641,0.0243902439,0.9756097561,95287.97698,1069469.886,0
C02L20,20,2,-2080525.42,-970806.641,0.02,0.98,73736.65798,1019472.664,0
C03L20,20,3,-2030525.42,-970806.641,0.02,0.98,69967.94737,969475.7275,0.3548427015
C04L20,20,4,-1980525.42,-970806.641,0,1,62080.65538,919479.1248,0.1351843047
C05L20,20,5,-1930525.42,-970806.641,0,1,50701.11794,869482.9128,0.4526554047
C06L20,20,6,-1880525.42,-970806.641,0.1,0.9,37083.74513,819487.1629,0.06953013889
C07L20,20,7,-1830525.42,-970806.641,0.15,0.85,29103.64818,769491.9654,0.09616918152
C08L20,20,8,-1780525.42,-970806.641,0.08,0.92,6165.090624,719497.4354,0
C09L20,20,9,-1730525.42,-970806.641,0.02,0.98,19483.82073,669503.7223,0
C10L20,20,10,-1680525.42,-970806.641,0,1,35218.55316,619511.0239,0
C11L20,20,11,-1630525.42,-970806.641,0,1,55398.25241,569519.6076,0.04660146624
C12L20,20,12,-1580525.42,-970806.641,0,1,71690.5266,519529.8433,0.008965220246
C13L20,20,13,-1530525.42,-970806.641,0,1,63410.01913,469542.2587,0.05981193835
C14L20,20,14,-1480525.42,-970806.641,0.04,0.96,23878.12656,419557.6329,0.2155949261
C15L20,20,15,-1430525.42,-970806.641,0.17,0.83,46038.02049,369577.1665,0.2342336661
C16L20,20,16,-1380525.42,-970806.641,0,1,90538.11585,319602.8107,0
C17L20,20,17,-1330525.42,-970806.641,0,1,121050.0493,269637.9633,0
C18L20,20,18,-1280525.42,-970806.641,0,1,116783.4621,219689.1119,0
C19L20,20,19,-1230525.42,-970806.641,0,1,101604.3633,169770.3759,0
C20L20,20,20,-1180525.42,-970806.641,0,1,77146.27694,119919.3694,0.3469743491
C21L20,20,21,-1130525.42,-970806.641,0.11,0.89,27271.64976,70280.36567,0.690846811
C22L20,20,22,-1080525.42,-970806.641,0.5,0.5,14726.14121,22316.01303,0
C23L20,20,23,-1030525.42,-970806.641,0.29,0.71,14203.00894,32506.60051,0
C24L20,20,24,-980525.42,-970806.641,0.02,0.98,54422.97291,81334.82474,0
C25L20,20,25,-930525.42,-970806.641,0.01,0.99,98194.28132,131049.7171,0
C26L20,20,26,-880525.42,-970806.641,0,1,77011.48778,180921.8146,0.6338417042
C27L20,20,27,-830525.42,-970806.641,0.01,0.99,41041.47526,230849.2531,0.01751043024
C28L20,20,28,-780525.42,-970806.641,0.01,0.99,35032.98337,280802.5147,0.1765368446
C29L20,20,29,-730525.42,-970806.641,0,1,44629.36691,330769.9003,0
C30L20,20,30,-680525.42,-970806.641,0,1,45848.54397,380745.849,0
C31L20,20,31,-630525.42,-970806.641,0,1,48457.37011,430727.3804,0
C32L20,20,32,-580525.42,-970806.641,0,1,50626.88802,480712.7529,0
C33L20,20,33,-530525.42,-970806.641,0,1,50568.23104,530700.8814,0
C34L20,20,34,-480525.42,-970806.641,0,1,75510.31358,580691.0539,0
C35L20,20,35,-430525.42,-970806.641,0.01,0.99,106701.114,630682.7846,0.2919691865
C36L20,20,36,-380525.42,-970806.641,0.01,0.99,99377.16904,680675.73,0.9983540029
C37L20,20,37,-330525.42,-970806.641,0,1,92551.9449,708284.6878,1
C38L20,20,38,-280525.42,-970806.641,0,1,71120.32459,730074.0589,0.2425165672
C39L20,20,39,-230525.42,-970806.641,0,1,80934.16234,717371.5673,0
C40L20,20,40,-180525.42,-970806.641,0.01,0.99,61647.70835,707980.0844,0
C41L20,20,41,-130525.42,-970806.641,0.1,0.9,16815.79578,702032.5021,0
C42L20,20,42,-80525.42,-970806.641,0.13,0.87,30475.95221,699616.6581,0.02418224328
C43L20,20,43,-30525.42,-970806.641,0.02,0.98,78536.32895,700769.0793,0.9004068457
C44L20,20,44,19474.58,-970806.641,0,1,128090.3051,705472.2792,1
C45L20,20,45,69474.58,-970806.641,0,1,177894.0628,713656.0592,1
C46L20,20,46,119474.58,-970806.641,0,1,172819.1162,725202.5959,1
C47L20,20,47,169474.58,-970806.641,0,1,155460.5742,739954.4846,0.9554791173
C48L20,20,48,219474.58,-970806.641,0.03,0.97,149181.3461,757724.5367,0.9463601518
C49L20,20,49,269474.58,-970806.641,0.41,0.59,113341.9265,778306.0502,0.03595510495
C50L20,20,50,319474.58,-970806.641,0.57,0.43,71385.51895,801482.4652,0
C51L20,20,51,369474.58,-970806.641,0.76,0.24,24462.50609,827035.6559,0
C52L20,20,52,419474.58,-970806.641,0.54,0.46,22320.95298,823988.1589,0
C53L20,20,53,469474.58,-970806.641,0.08,0.92,8823.121767,813967.297,0.00768079665
C54L20,20,54,519474.58,-970806.641,0.05,0.95,905.4355845,806925.6688,0
C55L20,20,55,569474.58,-970806.641,0.51,0.49,4014.772337,802941.6601,0
C56L20,20,56,619474.58,-970806.641,0.28,0.72,7794.728149,802060.8356,0
C57L20,20,57,669474.58,-970806.641,0,1,11260.89429,799627.4368,0.002737639346
C58L20,20,58,719474.58,-970806.641,0,1,2868.660788,775479.6476,0.3155259173
C59L20,20,59,769474.58,-970806.641,0,1,26136.58183,753878.8563,0
C60L20,20,60,819474.58,-970806.641,0,1,58588.61428,735049.642,0
C61L20,20,61,869474.58,-970806.641,0,1,14905.10492,719209.7207,0
C62L20,20,62,919474.58,-970806.641,0,1,21281.37297,706560.1662,0
C00L21,21,0,-2180525.42,-920806.641,0,1,102089.1849,1120092.216,0
C01L21,21,1,-2130525.42,-920806.641,0.04,0.96,57149.42568,1070123.94,0.0004104997133
C02L21,21,2,-2080525.42,-920806.641,0.17,0.83,29543.43931,1020158.772,0.1092402378
C03L21,21,3,-2030525.42,-920806.641,0.1717171717,0.8282828283,20024.94843,970197.1941,0.05705044226
C04L21,21,4,-1980525.42,-920806.641,0.02,0.98,13878.77605,920239.7894,0.071033622
C05L21,21,5,-1930525.42,-920806.641,0,1,1987.353601,870287.2771,0
C06L21,21,6,-1880525.42,-920806.641,0.08,0.92,8637.390583,820340.5508,0
C07L21,21,7,-1830525.42,-920806.641,0.21,0.79,21246.964,770400.736,0.07190656213
C08L21,21,8,-1780525.42,-920806.641,0.11,0.89,27783.23656,720469.2697,0.02718612523
C09L21,21,9,-1730525.42,-920806.641,0,1,59275.48919,670548.0171,0
C10L21,21,10,-1680525.42,-920806.641,0,1,79565.6264,620639.4428,0
C11L21,21,11,-1630525.42,-920806.641,0,1,102712.0222,570746.8726,0.1820678775
C12L21,21,12,-1580525.42,-920806.641,0,1,118590.2613,520874.9055,0.4539879094
C13L21,21,13,-1530525.42,-920806.641,0,1,93334.01223,471030.0859,0.5820870577
C14L21,21,14,-1480525.42,-920806.641,0,1,72529.80244,421222.0513,0.1848857954
C15L21,21,15,-1430525.42,-920806.641,0,1,82522.1585,371465.5988,0.9358051919
C16L21,21,16,-1380525.42,-920806.641,0.01,0.99,115582.1831,321784.6574,0.4802390924
C17L21,21,17,-1330525.42,-920806.641,0,1,157824.5084,272220.573,0.05096450142
C18L21,21,18,-1280525.42,-920806.641,0.01,0.99,136122.0308,222851.3294,0.01025056774
C19L21,21,19,-1230525.42,-920806.641,0,1,110243.985,173843.0029,0.02293231635
C20L21,21,20,-1180525.42,-920806.641,0,1,83278.59395,125618.7259,0.5257713473
C21L21,21,21,-1130525.42,-920806.641,0.02,0.98,37834.6397,79616.19777,0.6518488942
C22L21,21,22,-1080525.42,-920806.641,0.12,0.88,5761.699095,43559.31114,0
C23L21,21,23,-1030525.42,-920806.641,0.01,0.99,35024.97798,49558.9369,0
C24L21,21,24,-980525.42,-920806.641,0.04,0.96,62838.96559,89525.20799,0
C25L21,21,25,-930525.42,-920806.641,0,1,59632.17891,136284.3993,0.04104298607
C26L21,21,26,-880525.42,-920806.641,0,1,53415.7151,184748.7812,0.8591400721
C27L21,21,27,-830525.42,-920806.641,0.02,0.98,46862.18954,233860.614,0.1949689182
C28L21,21,28,-780525.42,-920806.641,0,1,44953.26501,283283.3589,0.1537945591
C29L21,21,29,-730525.42,-920806.641,0,1,67410.067,332878.5605,0
C30L21,21,30,-680525.42,-920806.641,0,1,95445.29851,382579.1561,0
C31L21,21,31,-630525.42,-920806.641,0,1,97863.19558,432348.8006,0
C32L21,21,32,-580525.42,-920806.641,0,1,100369.3809,482166.1124,0
C33L21,21,33,-530525.42,-920806.641,0,1,98808.76847,532017.7014,0
C34L21,21,34,-480525.42,-920806.641,0.01,0.99,116291.9147,581894.7579,0
C35L21,21,35,-430525.42,-920806.641,0,1,146220.7988,619977.4857,0.4365597067
C36L21,21,36,-380525.42,-920806.641,0,1,149371.3873,640811.2042,0.9896415239
C37L21,21,37,-330525.42,-920806.641,0.01,0.99,134559.0351,664760.0441,0.9999999997
C38L21,21,38,-280525.42,-920806.641,0,1,120823.7228,682313.7681,0.2348179563
C39L21,21,39,-230525.42,-920806.641,0,1,103913.4621,668704.6525,0
C40L21,21,40,-180525.42,-920806.641,0.08,0.92,54498.27765,658619.5765,0
C41L21,21,41,-130525.42,-920806.641,0.37,0.63,5416.500804,652222.0333,0
C42L21,21,42,-80525.42,-920806.641,0.06,0.94,45323.4028,649620.9779,0.3260298391
C43L21,21,43,-30525.42,-920806.641,0,1,94742.70903,650861.9279,0.9999910752
C44L21,21,44,19474.58,-920806.641,0,1,140811.7624,655923.0773,1
C45L21,21,45,69474.58,-920806.641,0.01,0.99,188367.3356,664717.1711,1
C46L21,21,46,119474.58,-920806.641,0,1,212600.9144,677098.7755,0.9946514123
C47L21,21,47,169474.58,-920806.641,0,1,193352.4007,692875.592,0.9524489315
C48L21,21,48,219474.58,-920806.641,0.02,0.98,146860.8182,711821.9021,1
C49L21,21,49,269474.58,-920806.641,0.16,0.84,102002.9553,733692.2069,0.5447772663
C50L21,21,50,319474.58,-920806.641,0.48,0.52,65123.77353,758233.5317,0.07384450297
C51L21,21,51,369474.58,-920806.641,0.76,0.24,35214.47745,785195.4679,0
C52L21,21,52,419474.58,-920806.641,0.79,0.21,14943.26211,775408.1241,0
C53L21,21,53,469474.58,-920806.641,0.23,0.77,17275.04212,764750.9616,0
C54L21,21,54,519474.58,-920806.641,0.46,0.54,810.136463,757251.8127,0
C55L21,21,55,569474.58,-920806.641,0.87,0.13,8295.655403,753005.0347,0
C56L21,21,56,619474.58,-920806.641,0.27,0.73,11473.46178,752065.7264,0
C57L21,21,57,669474.58,-920806.641,0,1,15094.5649,754446.2415,0.02500550458
C58L21,21,58,719474.58,-920806.641,0,1,21812.90121,731397.1058,0.7209893718
C59L21,21,59,769474.58,-920806.641,0,1,19490.43311,708453.5077,0.1224945525
C60L21,21,60,819474.58,-920806.641,0,1,43847.08439,688382.9012,0
C61L21,21,61,869474.58,-920806.641,0,1,17284.45467,671442.9721,0
C62L21,21,62,919474.58,-920806.641,0,1,25610.49564,657875.6045,0
C00L22,22,0,-2180525.42,-870806.641,0.01428571429,0.9857142857,98022.75227,1122945.226,0.03620076212
C01L22,22,1,-2130525.42,-870806.641,0.09,0.91,49520.85574,1073109.806,0.2167222343
C02L22,22,2,-2080525.42,-870806.641,0.27,0.73,15837.37056,1023290.443,0.04686203218
C03L22,22,3,-2030525.42,-870806.641,0.05,0.95,29220.69047,973489.6017,0.009604120474
C04L22,22,4,-1980525.42,-870806.641,0.04,0.96,34011.67323,923710.2788,0.003156749984
C05L22,22,5,-1930525.42,-870806.641,0,1,46643.01221,873956.151,0
C06L22,22,6,-1880525.42,-870806.641,0,1,57026.72719,824231.7808,0.1114643169
C07L22,22,7,-1830525.42,-870806.641,0.01,0.99,69768.23672,774542.8995,0.6605233445
C08L22,22,8,-1780525.42,-870806.641,0.0303030303,0.9696969697,71363.53285,724896.8049,0.08836589573
C09L22,22,9,-1730525.42,-870806.641,0,1,98047.13238,675302.9338,0.05200487706
C10L22,22,10,-1680525.42,-870806.641,0,1,125603.4766,625773.7028,0
C11L22,22,11,-1630525.42,-870806.641,0,1,145969.7092,576325.7774,0.1747104025
C12L22,22,12,-1580525.42,-870806.641,0,1,163866.7469,526982.0456,0.3725693133
C13L22,22,13,-1530525.42,-870806.641,0,1,135652.6636,477774.7911,0.04246727418
C14L22,22,14,-1480525.42,-870806.641,0,1,122274.1982,428751.0066,0.059322382
C15L22,22,15,-1430525.42,-870806.641,0.03,0.97,128453.5479,379981.7104,0.48153471
C16L22,22,16,-1380525.42,-870806.641,0,1,151821.1064,331579.2136,0.3576578419
C17L22,22,17,-1330525.42,-870806.641,0,1,148446.2467,283731.2981,0.4044909636
C18L22,22,18,-1280525.42,-870806.641,0,1,103375.3112,236774.4162,0.1036175111
C19L22,22,19,-1230525.42,-870806.641,0.01,0.99,65853.03167,191365.6156,0.4254356954
C20L22,22,20,-1180525.42,-870806.641,0,1,50334.65063,148927.7458,0.6360846337
C21L22,22,21,-1130525.42,-870806.641,0,1,54722.30136,112863.4046,0
C22L22,22,22,-1080525.42,-870806.641,0.01,0.99,35682.77638,91086.89662,0
C23L22,22,23,-1030525.42,-870806.641,0.08,0.92,6588.544283,94103.6523,0
C24L22,22,24,-980525.42,-870806.641,0.01,0.99,23147.90748,120059.0355,0.0113203383
C25L22,22,25,-930525.42,-870806.641,0.03,0.97,11033.91011,158027.9933,0.4284430326
C26L22,22,26,-880525.42,-870806.641,0.01,0.99,3864.991175,201324.418,0.4142386986
C27L22,22,27,-830525.42,-870806.641,0.24,0.76,838.8759412,247164.3096,0.002362243298
C28L22,22,28,-780525.42,-870806.641,0.08,0.92,3236.289015,294361.8022,0
C29L22,22,29,-730525.42,-870806.641,0,1,29379.59419,342355.8751,0
C30L22,22,30,-680525.42,-870806.641,0,1,51664.38791,390853.1948,0
C31L22,22,31,-630525.42,-870806.641,0,1,73070.29532,439687.269,0
C32L22,22,32,-580525.42,-870806.641,0,1,94863.856,488757.1679,0
C33L22,22,33,-530525.42,-870806.641,0,1,96510.14428,537998.3678,0
C34L22,22,34,-480525.42,-870806.641,0,1,102055.2434,555287.2079,0
C35L22,22,35,-430525.42,-870806.641,0,1,124720.5835,574117.4096,0.4649547563
C36L22,22,36,-380525.42,-870806.641,0,1,158826.7485,596554.8733,1
C37L22,22,37,-330525.42,-870806.641,0.02,0.98,180683.1628,622209.4772,0.8224241162
C38L22,22,38,-280525.42,-870806.641,0.02,0.98,142052.4326,634898.4366,0.01003788362
C39L22,22,39,-230525.42,-870806.641,0,1,99612.6472,620249.836,0
C40L22,22,40,-180525.42,-870806.641,0.19,0.81,50151.09882,609363.3508,0
C41L22,22,41,-130525.42,-870806.641,0.47,0.53,3132.280077,602442.9661,0.03646531963
C42L22,22,42,-80525.42,-870806.641,0.06,0.94,50044.8763,599626.0182,0.7858757072
C43L22,22,43,-30525.42,-870806.641,0,1,99391.82096,600970.2121,0.9999999999
C44L22,22,44,19474.58,-870806.641,0,1,148571.4148,606447.8791,0.9999999998
C45L22,22,45,69474.58,-870806.641,0,1,198019.7938,615948.7514,1
C46L22,22,46,119474.58,-870806.641,0,1,170612.0771,629290.6312,0.9681229126
C47L22,22,47,169474.58,-870806.641,0,1,145926.2928,646235.6635,0.9999471798
C48L22,22,48,219474.58,-870806.641,0,1,135942.9476,666509.0899,1
C49L22,22,49,269474.58,-870806.641,0,1,86720.12875,689817.5129,1
C50L22,22,50,319474.58,-870806.641,0.1,0.9,36835.90246,715864.537,0.8640287172
C51L22,22,51,369474.58,-870806.641,0.78,0.22,1317.775438,741601.4813,0.0165029272
C52L22,22,52,419474.58,-870806.641,0.7,0.3,16591.68631,727020.6542,0.007266649735
C53L22,22,53,469474.58,-870806.641,0.21,0.79,20428.80433,715643.2813,0.07773769184
C54L22,22,54,519474.58,-870806.641,0.81,0.19,12111.53118,707623.8977,0
C55L22,22,55,569474.58,-870806.641,0.96,0.04,1676.267952,703077.4176,0
C56L22,22,56,619474.58,-870806.641,0.39,0.61,6174.820723,702071.3137,0
C57L22,22,57,669474.58,-870806.641,0,1,406.5237334,704620.7519,0
C58L22,22,58,719474.58,-870806.641,0,1,5229.924753,688124.0942,0.04366601948
C59L22,22,59,769474.58,-870806.641,0,1,1614.416672,663686.2324,0.0002436048438
C60L22,22,60,819474.58,-870806.641,0,1,2864.031698,642218.0792,0
C61L22,22,61,869474.58,-870806.641,0,1,10378.97042,624026.2073,0
C62L22,22,62,919474.58,-870806.641,0,1,31651.07487,609404.0971,0
C63L22,22,63,969474.58,-870806.641,0,1,24374.47896,598613.3975,0
C00L23,23,0,-2180525.42,-820806.641,0,1,93888.86597,1128009.481,0.1607479351
C01L23,23,1,-2130525.42,-820806.641,0.05,0.95,44031.0741,1078408.116,0.3388192949
C02L23,23,2,-2080525.42,-820806.641,0.02,0.98,5134.55876,1028845.343,0.4271470303
C03L23,23,3,-2030525.42,-820806.641,0.01,0.99,51269.02879,979327.0208,0.7049527015
C04L23,23,4,-1980525.42,-820806.641,0.02,0.98,83371.24795,929860.2521,0.4616261381
C05L23,23,5,-1930525.42,-820806.641,0.02,0.98,95255.22575,880453.7257,0.05263462658
C06L23,23,6,-1880525.42,-820806.641,0.02,0.98,106665.5639,831118.1851,0.5566168947
C07L23,23,7,-1830525.42,-820806.641,0.01,0.99,118842.5819,781867.0682,0.9545532526
C08L23,23,8,-1780525.42,-820806.641,0.0101010101,0.9898989899,119601.9299,732717.3991,0.4996892046
C09L23,23,9,-1730525.42,-820806.641,0.02,0.98,137884.2845,683691.0571,0.3155404232
C10L23,23,10,-1680525.42,-820806.641,0,1,168682.861,634816.6162,0.2139263208
C11L23,23,11,-1630525.42,-820806.641,0,1,190781.2843,586132.0763,0.3454951193
C12L23,23,12,-1580525.42,-820806.641,0,1,203820.3083,537689.023,0.4274240405
C13L23,23,13,-1530525.42,-820806.641,0,1,181912.2109,489559.1488,0.1844464298
C14L23,23,14,-1480525.42,-820806.641,0,1,172166.7415,441844.8085,0.8311866922
C15L23,23,15,-1430525.42,-820806.641,0,1,176608.9501,394696.7309,0.8152312122
C16L23,23,16,-1380525.42,-820806.641,0,1,188529.4912,348344.9211,0.2375546209
C17L23,23,17,-1330525.42,-820806.641,0,1,138540.7372,303154.8428,0.8582893977
C18L23,23,18,-1280525.42,-820806.641,0.01,0.99,88564.68067,259733.5814,0.8850482201
C19L23,23,19,-1230525.42,-820806.641,0.01,0.99,38650.60767,219135.1363,0.5837727551
C20L23,23,20,-1180525.42,-820806.641,0.08,0.92,552.7727432,183245.4163,0.1239772562
C21L23,23,21,-1130525.42,-820806.641,0.02,0.98,5992.433067,155362.6636,0.05339136136
C22L23,23,22,-1080525.42,-820806.641,0,1,8533.119611,140343.2645,0.104180668
C23L23,23,23,-1030525.42,-820806.641,0.03,0.97,20530.26694,142319.7334,0
C24L23,23,24,-980525.42,-820806.641,0.03,0.97,23161.42555,160666.0548,0.2411518177
C25L23,23,25,-930525.42,-820806.641,0,1,38837.42952,190715.1169,0.9076102397
C26L23,23,26,-880525.42,-820806.641,0,1,45884.48589,227883.5897,0.1298907174
C27L23,23,27,-830525.42,-820806.641,0.01,0.99,49168.40679,269238.9368,0.5723206718
C28L23,23,28,-780525.42,-820806.641,0,1,36672.43899,313126.6193,0
C29L23,23,29,-730525.42,-820806.641,0.02,0.98,13664.49714,358618.1177,0
C30L23,23,30,-680525.42,-820806.641,0.12,0.88,8013.545702,405173.5789,0
C31L23,23,31,-630525.42,-820806.641,0.12,0.88,30938.68433,452464.6988,0
C32L23,23,32,-580525.42,-820806.641,0.01,0.99,49193.48369,480675.3239,0
C33L23,23,33,-530525.42,-820806.641,0,1,46606.39887,492255.7098,0
C34L23,23,34,-480525.42,-820806.641,0,1,55344.72892,508510.1775,0.01226628475
C35L23,23,35,-430525.42,-820806.641,0,1,88322.50222,529008.0504,0.8310293188
C36L23,23,36,-380525.42,-820806.641,0,1,126502.1698,553277.8995,0.9854835667
C37L23,23,37,-330525.42,-820806.641,0.01,0.99,147466.429,580847.0977,0.1478886178
C38L23,23,38,-280525.42,-820806.641,0.05,0.95,126462.7836,587911.5338,0
C39L23,23,39,-230525.42,-820806.641,0.06,0.94,77341.77497,572061.0158,0
C40L23,23,40,-180525.42,-820806.641,0.17,0.83,30383.04846,560238.9133,0
C41L23,23,41,-130525.42,-820806.641,0.33,0.67,503.4355342,552703.7852,0.3409277157
C42L23,23,42,-80525.42,-820806.641,0,1,46513.62691,549631.9754,1
C43L23,23,43,-30525.42,-820806.641,0,1,95810.24205,551098.1243,1
C44L23,23,44,19474.58,-820806.641,0,1,145587.3878,557066.4025,0.8958782228
C45L23,23,45,69474.58,-820806.641,0,1,175589.8938,567394.7577,0.938131746
C46L23,23,46,119474.58,-820806.641,0,1,134230.447,581851.0507,0.9968168088
C47L23,23,47,169474.58,-820806.641,0,1,101013.9345,600137.0505,0.9977423845
C48L23,23,48,219474.58,-820806.641,0.01,0.99,85964.04508,621915.0373,1
C49L23,23,49,269474.58,-820806.641,0,1,81443.65103,646832.3955,1
C50L23,23,50,319474.58,-820806.641,0.03,0.97,58929.29273,674541.3124,0.9278561283
C51L23,23,51,369474.58,-820806.641,0.68,0.32,48053.76697,694459.5236,0.03632951135
C52L23,23,52,419474.58,-820806.641,0.89,0.11,17990.42815,678866.9269,0
C53L23,23,53,469474.58,-820806.641,0.65,0.35,16946.53189,666668.2675,0
C54L23,23,54,519474.58,-820806.641,0.81,0.19,5711.642072,658052.3181,0.0002131688669
C55L23,23,55,569474.58,-820806.641,0.78,0.22,6722.294037,653160.8744,0
C56L23,23,56,619474.58,-820806.641,0.72,0.28,2679.037909,652077.7579,0
C57L23,23,57,669474.58,-820806.641,0,1,7097.037277,654821.8665,0
C58L23,23,58,719474.58,-820806.641,0,1,3816.045835,645823.3594,0
C59L23,23,59,769474.58,-820806.641,0,1,375.4828584,619719.6605,0
C60L23,23,60,819474.58,-820806.641,0,1,1486.385143,596671.6884,0
C61L23,23,61,869474.58,-820806.641,0,1,13568.11021,577045.7087,0
C62L23,23,62,919474.58,-820806.641,0,1,20209.43611,561200.8518,0
C63L23,23,63,969474.58,-820806.641,0,1,25597.45232,549464.323,0
C64L23,23,64,1019474.58,-820806.641,0,1,25570.69864,542103.0237,0
C65L23,23,65,1069474.58,-820806.641,0,1,29000.72044,539296.1473,0
C00L24,24,0,-2180525.42,-770806.641,0,1,103261.9826,1135255.389,0.06097222506
C01L24,24,1,-2130525.42,-770806.641,0,1,60062.98297,1085985.025,0.5910782813
C02L24,24,2,-2080525.42,-770806.641,0,1,36386.89285,1036784.524,1
C03L24,24,3,-2030525.42,-770806.641,0,1,63564.53428,987664.327,1
C04L24,24,4,-1980525.42,-770806.641,0,1,108429.2122,938637.0425,1
C05L24,24,5,-1930525.42,-770806.641,0,1,144102.0429,889718.0296,0.8598768652
C06L24,24,6,-1880525.42,-770806.641,0.01,0.99,155454.5,840926.1839,0.6365527625
C07L24,24,7,-1830525.42,-770806.641,0.01,0.99,165822.4057,792285.0001,0.6086806322
C08L24,24,8,-1780525.42,-770806.641,0.12,0.88,168702.2253,743824.0357,0.3671188013
C09L24,24,9,-1730525.42,-770806.641,0.03,0.97,182573.058,695580.9591,0.4306365405
C10L24,24,10,-1680525.42,-770806.641,0,1,207198.9335,647604.4668,0.3982569141
C11L24,24,11,-1630525.42,-770806.641,0.01,0.99,236953.9451,599958.5152,0.5855486046
C12L24,24,12,-1580525.42,-770806.641,0,1,247453.2792,552728.5904,0.8130526488
C13L24,24,13,-1530525.42,-770806.641,0.01,0.99,229744.3357,506031.194,1
C14L24,24,14,-1480525.42,-770806.641,0,1,222107.6185,460028.5251,0.9975890437
C15L24,24,15,-1430525.42,-770806.641,0.03,0.97,225568.4565,414951.7063,0.9758079441
C16L24,24,16,-1380525.42,-770806.641,0,1,194166.4666,371138.24,0.9742154818
C17L24,24,17,-1330525.42,-770806.641,0,1,146119.0732,329093.099,0.7250768004
C18L24,24,18,-1280525.42,-770806.641,0,1,100004.7517,289587.5385,0.9854475837
C19L24,24,19,-1230525.42,-770806.641,0,1,60402.11943,253810.199,0.980447178
C20L24,24,20,-1180525.42,-770806.641,0,1,47697.29944,223558.2514,0.275117394
C21L24,24,21,-1130525.42,-770806.641,0.03,0.97,44004.44641,201337.9408,0
C22L24,24,22,-1080525.42,-770806.641,0,1,52472.11235,189988.5287,0
C23L24,24,23,-1030525.42,-770806.641,0,1,37022.66758,191453.1684,0
C24L24,24,24,-980525.42,-770806.641,0.05,0.95,10524.74803,205458.0013,0
C25L24,24,25,-930525.42,-770806.641,0,1,56882.20816,229720.8414,0.3104902553
C26L24,24,26,-880525.42,-770806.641,0,1,95717.08025,261400.7261,0.7520824403
C27L24,24,27,-830525.42,-770806.641,0,1,98947.01633,298142.6072,0.3340521029
C28L24,24,28,-780525.42,-770806.641,0,1,78922.56499,338301.1807,0
C29L24,24,29,-730525.42,-770806.641,0,1,58543.5953,380797.0109,0
C30L24,24,30,-680525.42,-770806.641,0.12,0.88,33944.70944,422792.6807,0
C31L24,24,31,-630525.42,-770806.641,0.22,0.78,16834.84495,424288.3072,0
C32L24,24,32,-580525.42,-770806.641,0.04,0.96,407.6310293,431610.3386,0
C33L24,24,33,-530525.42,-770806.641,0.01,0.99,3864.227727,444470.9227,0
C34L24,24,34,-480525.42,-770806.641,0,1,19017.30827,462408.1724,0.5121037452
C35L24,24,35,-430525.42,-770806.641,0,1,62123.75467,484858.9843,1
C36L24,24,36,-380525.42,-770806.641,0,1,80299.14505,511229.0597,0.6998072718
C37L24,24,37,-330525.42,-770806.641,0.09,0.91,107881.6999,540945.5316,0
C38L24,24,38,-280525.42,-770806.641,0.1,0.9,116778.3184,541464.6048,0
C39L24,24,39,-230525.42,-770806.641,0.03,0.97,70663.60624,524211.5531,0
C40L24,24,40,-180525.42,-770806.641,0.27,0.73,20707.34631,511284.2523,0
C41L24,24,41,-130525.42,-770806.641,0.4,0.6,29398.01243,503016.3227,0.5186910143
C42L24,24,42,-80525.42,-770806.641,0,1,71210.42794,499639.1248,0.9945659169
C43L24,24,43,-30525.42,-770806.641,0,1,112296.8196,501251.523,0.7905650135
C44L24,24,44,19474.58,-770806.641,0,1,157509.7084,507805.99,0.0688713073
C45L24,24,45,69474.58,-770806.641,0,1,157293.1749,519115.3607,0.004737601095
C46L24,24,46,119474.58,-770806.641,0.11,0.89,109211.4689,534878.1094,0.113984865
C47L24,24,47,169474.58,-770806.641,0.17,0.83,64133.82121,554714.725,0.08473336081
C48L24,24,48,219474.58,-770806.641,0.35,0.65,36043.71096,578206.0708,0.3352861351
C49L24,24,49,269474.58,-770806.641,0.47,0.53,32080.18718,604926.52,0.3998669045
C50L24,24,50,319474.58,-770806.641,0.41,0.59,22506.60947,634468.2252,0.5262669221
C51L24,24,51,369474.58,-770806.641,0.63,0.37,18968.5322,647746.3259,0.02949293659
C52L24,24,52,419474.58,-770806.641,0.86,0.14,3200.176976,631000.4574,0
C53L24,24,53,469474.58,-770806.641,0.97,0.03,4870.314958,617857.4687,0
C54L24,24,54,519474.58,-770806.641,0.8,0.2,21477.54003,608550.8411,0.01267287929
C55L24,24,55,569474.58,-770806.641,0.72,0.28,15524.37616,603258.1542,0
C56L24,24,56,619474.58,-770806.641,0.92,0.08,8462.250477,602085.2723,0
C57L24,24,57,669474.58,-770806.641,0.11,0.89,5400.239289,605056.1541,0
C58L24,24,58,719474.58,-770806.641,0,1,2201.461976,604698.978,0
C59L24,24,59,769474.58,-770806.641,0,1,35295.87653,576736.9419,0
C60L24,24,60,819474.58,-770806.641,0,1,12650.35332,551896.862,0
C61L24,24,61,869474.58,-770806.641,0,1,2304.804295,530617.3692,0
C62L24,24,62,919474.58,-770806.641,0,1,21591.73522,513341.4445,0
C63L24,24,63,969474.58,-770806.641,0,1,2712.387731,500483.8506,0
C64L24,24,64,1019474.58,-770806.641,0,1,4109.839952,492390.8314,0
C65L24,24,65,1069474.58,-770806.641,0,1,14205.32279,489298.8627,0
C66L24,24,66,1119474.58,-770806.641,0,1,23929.06709,491302.3745,0
C67L24,24,67,1169474.58,-770806.641,0,0,20717.19893,498339.9134,0
C68L24,24,68,1219474.58,-770806.641,0,0,11485.20224,510203.2099,0
C01L25,25,1,-2130525.42,-720806.641,0,1,98690.46569,1095793.266,0.3811395229
C02L25,25,2,-2080525.42,-720806.641,0,1,86349.59215,1047053.751,1
C03L25,25,3,-2030525.42,-720806.641,0,1,100859.7844,998438.8975,1
C04L25,25,4,-1980525.42,-720806.641,0,1,133750.2903,949967.8451,1
C05L25,25,5,-1930525.42,-720806.641,0.0303030303,0.9696969697,174944.5175,901663.7851,1
C06L25,25,6,-1880525.42,-720806.641,0,1,204202.9443,853555.0691,1
C07L25,25,7,-1830525.42,-720806.641,0.01,0.99,214126.105,805676.6911,1
C08L25,25,8,-1780525.42,-720806.641,0,1,217466.4742,758072.2955,0.956340468
C09L25,25,9,-1730525.42,-720806.641,0,1,222918.8892,710796.9329,0.2532556085
C10L25,25,10,-1680525.42,-720806.641,0,1,238943.4975,663920.8948,0
C11L25,25,11,-1630525.42,-720806.641,0.01,0.99,263619.3445,617535.1238,0
C12L25,25,12,-1580525.42,-720806.641,0.02,0.98,293127.1613,571758.956,0.01748558265
C13L25,25,13,-1530525.42,-720806.641,0,1,278339.4817,526751.344,0.7637887868
C14L25,25,14,-1480525.42,-720806.641,0,1,272070.2143,482727.3072,0.1184518486
C15L25,25,15,-1430525.42,-720806.641,0,1,257308.565,439982.1902,0.08977929408
C16L25,25,16,-1380525.42,-720806.641,0,1,211796.7526,398927.3146,0.0420362734
C17L25,25,17,-1330525.42,-720806.641,0,1,168843.215,360141.1904,0.000889197908
C18L25,25,18,-1280525.42,-720806.641,0,1,130976.0044,324438.5175,0.01257275149
C19L25,25,19,-1230525.42,-720806.641,0,1,103886.8025,292948.8458,0.1065980494
C20L25,25,20,-1180525.42,-720806.641,0.01,0.99,97046.75965,267166.0549,0.08538866542
C21L25,25,21,-1130525.42,-720806.641,0,1,94004.43069,248870.1982,0
C22L25,25,22,-1080525.42,-720806.641,0,1,98672.87179,239781.2549,0
C23L25,25,23,-1030525.42,-720806.641,0.01,0.99,54740.00407,240943.4059,0
C24L25,25,24,-980525.42,-720806.641,0.01,0.99,11788.9758,252214.9866,0
C25L25,25,25,-930525.42,-720806.641,0.01,0.99,30835.16425,272343.6691,0.02368046097
C26L25,25,26,-880525.42,-720806.641,0.02,0.98,71971.10301,299549.2426,0.5516418627
C27L25,25,27,-830525.42,-720806.641,0,1,75761.23207,332097.009,0.2027779767
C28L25,25,28,-780525.42,-720806.641,0,1,77139.61686,368574.4131,0
C29L25,25,29,-730525.42,-720806.641,0,1,103130.7036,377790.2214,0
C30L25,25,30,-680525.42,-720806.641,0.03,0.97,78973.83022,372816.8024,0
C31L25,25,31,-630525.42,-720806.641,0,1,62183.58627,374512.0624,0
C32L25,25,32,-580525.42,-720806.641,0,1,50407.54815,382787.4106,0
C33L25,25,33,-530525.42,-720806.641,0.03,0.97,48275.05432,397231.8195,0
C34L25,25,34,-480525.42,-720806.641,0.04,0.96,10457.12843,417205.0278,0.3504221592
C35L25,25,35,-430525.42,-720806.641,0.04,0.96,15749.02221,441958.0885,0.8989870389
C36L25,25,36,-380525.42,-720806.641,0.01,0.99,37174.24963,470737.5795,0.4851376066
C37L25,25,37,-330525.42,-720806.641,0.01,0.99,76765.1214,502852.6479,0
C38L25,25,38,-280525.42,-720806.641,0.05,0.95,102234.5704,495709.4562,0
C39L25,25,39,-230525.42,-720806.641,0.07,0.93,57294.777,476803.6274,0
C40L25,25,40,-180525.42,-720806.641,0.2,0.8,9076.064974,462553.2762,0
C41L25,25,41,-130525.42,-720806.641,0.29,0.71,42587.43963,453397.5822,0.1925968554
C42L25,25,42,-80525.42,-720806.641,0.04,0.96,92439.19663,449647.8642,0.4487076866
C43L25,25,43,-30525.42,-720806.641,0,1,139266.1118,451438.8508,0
C44L25,25,44,19474.58,-720806.641,0.07,0.93,180779.5544,458705.6466,0
C45L25,25,45,69474.58,-720806.641,0.1,0.9,153787.1091,471194.975,0
C46L25,25,46,119474.58,-720806.641,0.27,0.73,104098.4006,488506.4366,0
C47L25,25,47,169474.58,-720806.641,0.41,0.59,54977.07774,510149.3633,0
C48L25,25,48,219474.58,-720806.641,0.61,0.39,14438.87646,535598.9237,0
C49L25,25,49,269474.58,-720806.641,0.86,0.14,16931.07263,564340.3594,0
C50L25,25,50,319474.58,-720806.641,0.62,0.38,27027.82299,595897.5377,0.3075736608
C51L25,25,51,369474.58,-720806.641,0.11,0.89,30819.45099,601561.7803,0.779549696
C52L25,25,52,419474.58,-720806.641,0.59,0.41,41416.35086,583491.9451,0
C53L25,25,53,469474.58,-720806.641,0.9,0.1,26386.52235,569253.1286,0
C54L25,25,54,519474.58,-720806.641,0.85,0.15,14624.47133,559138.0858,0
C55L25,25,55,569474.58,-720806.641,0.89,0.11,6673.399878,553372.9967,0
C56L25,25,56,619474.58,-720806.641,0.85,0.15,8015.367909,552094.1477,0
C57L25,25,57,669474.58,-720806.641,0.48,0.52,8970.813953,555332.5332,0
C58L25,25,58,719474.58,-720806.641,0.32,0.68,1173.496357,563010.2103,0.06574044363
C59L25,25,59,769474.58,-720806.641,0.21,0.79,12504.02015,534975.273,0
C60L25,25,60,819474.58,-720806.641,0,1,29222.1247,508097.6175,0
C61L25,25,61,869474.58,-720806.641,0,1,3323.321695,484899.8196,0
C62L25,25,62,919474.58,-720806.641,0,1,52221.24971,465931.8417,0.50653674
C63L25,25,63,969474.58,-720806.641,0,1,46615.36089,451726.8282,0.08623298733
C64L25,25,64,1019474.58,-720806.641,0,1,35157.55883,442743.4623,0.005644190353
C65L25,25,65,1069474.58,-720806.641,0,1,4610.521953,439302.1962,0
C66L25,25,66,1119474.58,-720806.641,0,1,9680.09578,441532.6326,0
C67L25,25,67,1169474.58,-720806.641,0,0,18489.68985,449350.3219,0
C68L25,25,68,1219474.58,-720806.641,0,0,38836.28888,462472.0078,0
C01L26,26,1,-2130525.42,-670806.641,0,1,144471.6377,1107773.574,0.117354577
C02L26,26,2,-2080525.42,-670806.641,0.02083333333,0.9791666667,136339.6427,1059585.28,0.9629866296
C03L26,26,3,-2030525.42,-670806.641,0,1,145962.1259,1011572.855,1
C04L26,26,4,-1980525.42,-670806.641,0.01,0.99,170356.6443,963762.5827,1
C05L26,26,5,-1930525.42,-670806.641,0,1,204298.3855,916186.1113,1
C06L26,26,6,-1880525.42,-670806.641,0,1,187504.2635,868881.8476,1
C07L26,26,7,-1830525.42,-670806.641,0,1,171222.9712,821896.7939,1
C08L26,26,8,-1780525.42,-670806.641,0,1,167467.1447,775288.9877,1
C09L26,26,9,-1730525.42,-670806.641,0.02,0.98,174488.9921,729130.7764,0.8958518277
C10L26,26,10,-1680525.42,-670806.641,0,1,194544.5249,683513.2505,0.03721044599
C11L26,26,11,-1630525.42,-670806.641,0,1,224162.2982,638552.2988,0
C12L26,26,12,-1580525.42,-670806.641,0,1,260095.9434,594396.9321,0.05454760959
C13L26,26,13,-1530525.42,-670806.641,0.01,0.99,300085.0938,551240.771,0.03173116613
C14L26,26,14,-1480525.42,-670806.641,0,1,322044.4206,509337.8665,0
C15L26,26,15,-1430525.42,-670806.641,0,1,279937.3953,469024.2391,0
C16L26,26,16,-1380525.42,-670806.641,0,1,238778.3745,430746.3424,0
C17L26,26,17,-1330525.42,-670806.641,0.01,0.99,201645.7573,395096.2998,0
C18L26,26,18,-1280525.42,-670806.641,0,1,171168.8214,362849.5016,0
C19L26,26,19,-1230525.42,-670806.641,0,1,151448.075,334990.202,0.08765990968
C20L26,26,20,-1180525.42,-670806.641,0,1,146837.0346,312693.3163,0.2362541611
C21L26,26,21,-1130525.42,-670806.641,0,1,143999.115,297213.3656,0
C22L26,26,22,-1080525.42,-670806.641,0,1,122394.1025,289645.4028,0
C23L26,26,23,-1030525.42,-670806.641,0.01,0.99,80053.28002,290608.2139,0.0146877658
C24L26,26,24,-980525.42,-670806.641,0.01,0.99,38330.74165,300019.6804,0.08894736376
C25L26,26,25,-930525.42,-670806.641,0.01,0.99,1848.527251,317128.4964,0.0622800815
C26L26,26,26,-880525.42,-670806.641,0.03,0.97,39601.34975,340777.2849,0.04461497429
C27L26,26,27,-830525.42,-670806.641,0.05,0.95,31902.72016,361151.402,0.08816537535
C28L26,26,28,-780525.42,-670806.641,0.03,0.97,35050.53147,341609.7948,0
C29L26,26,29,-730525.42,-670806.641,0,1,80245.22391,328579.0144,0.002465127102
C30L26,26,30,-680525.42,-670806.641,0.02,0.98,126613.3833,322848.3939,0
C31L26,26,31,-630525.42,-670806.641,0.01,0.99,108787.0866,324804.56,0
C32L26,26,32,-580525.42,-670806.641,0,1,100407.5478,334312.6067,0
C33L26,26,33,-530525.42,-670806.641,0,1,78797.67342,350758.9425,0
C34L26,26,34,-480525.42,-670806.641,0.01,0.99,49029.90569,373227.4809,0
C35L26,26,35,-430525.42,-670806.641,0.05,0.95,26790.59984,400706.4628,0.03745485339
C36L26,26,36,-380525.42,-670806.641,0.02,0.98,12871.30074,432241.3516,0.0760523721
C37L26,26,37,-330525.42,-670806.641,0,1,50403.41305,467011.2449,0
C38L26,26,38,-280525.42,-670806.641,0.02,0.98,80561.72777,450856.7529,0
C39L26,26,39,-230525.42,-670806.641,0,1,44175.73222,429983.3088,0
C40L26,26,40,-180525.42,-670806.641,0.11,0.89,12532.70603,414124.9571,0
C41L26,26,41,-130525.42,-670806.641,0.01,0.99,55666.87592,403872.8937,0
C42L26,26,42,-80525.42,-670806.641,0.01,0.99,99861.54769,399658.7901,0.1428041216
C43L26,26,43,-30525.42,-670806.641,0,1,147803.4382,401672.7308,0.008390748057
C44L26,26,44,19474.58,-670806.641,0.16,0.84,196772.4167,409822.9092,0
C45L26,26,45,69474.58,-670806.641,0.15,0.85,166011.4664,423755.4143,0
C46L26,26,46,119474.58,-670806.641,0.14,0.86,121432.3229,442924.9207,0
C47L26,26,47,169474.58,-670806.641,0.34,0.66,83257.49894,466686.5324,0.1584090375
C48L26,26,48,219474.58,-670806.641,0.42,0.58,63980.38704,494378.5531,0.3565212978
C49L26,26,49,269474.58,-670806.641,0.5,0.5,65926.08938,525379.8511,0.04580005995
C50L26,26,50,319474.58,-670806.641,0.26,0.74,75954.69225,559140.2527,0.3293555599
C51L26,26,51,369474.58,-670806.641,0,1,56995.18034,556037.632,0.3269395385
C52L26,26,52,419474.58,-670806.641,0.23,0.77,7000.136961,536436.5039,0
C53L26,26,53,469474.58,-670806.641,0.78,0.22,3263.828554,520913.0419,0
C54L26,26,54,519474.58,-670806.641,0.94,0.06,2105.21661,509839.8491,0
C55L26,26,55,569474.58,-670806.641,0.79,0.21,18806.23877,503510.6217,0.1411780042
C56L26,26,56,619474.58,-670806.641,0.69,0.31,7983.685182,502104.7906,0.01008058937
C57L26,26,57,669474.58,-670806.641,0.36,0.64,1646.225752,505663.4209,0.1028762362
C58L26,26,58,719474.58,-670806.641,0.33,0.67,2388.857545,514083.4268,0.4051192148
C59L26,26,59,769474.58,-670806.641,0.29,0.71,15913.03095,494743.9593,0.369637498
C60L26,26,60,819474.58,-670806.641,0.03,0.97,5801.408215,465549.3866,0.1030666513
C61L26,26,61,869474.58,-670806.641,0.12,0.88,5095.445202,440114.6186,0.1005689503
C62L26,26,62,919474.58,-670806.641,0.05,0.95,26096.05828,419124.7114,0.8453504882
C63L26,26,63,969474.58,-670806.641,0.05,0.95,32575.43581,403274.3109,0.6485781648
C64L26,26,64,1019474.58,-670806.641,0.06,0.94,17650.31482,393185.4727,0.08952320993
C65L26,26,65,1069474.58,-670806.641,0.16,0.84,6325.724607,389306.3859,0
C66L26,26,66,1119474.58,-670806.641,0.2692307692,0.7307692308,6931.943402,391821.526,0
C67L26,26,67,1169474.58,-670806.641,0,0,14162.34039,400610.4771,0
C68L26,26,68,1219474.58,-670806.641,0,0,8769.550689,415275.0902,0
C02L27,27,2,-2080525.42,-620806.641,0,1,186335.0323,1074299.947,0.4784517727
C03L27,27,3,-2030525.42,-620806.641,0,1,193486.9202,1026975.681,0.486727621
C04L27,27,4,-1980525.42,-620806.641,0,1,212493.8407,979917.2031,0.8958769772
C05L27,27,5,-1930525.42,-620806.641,0,1,178059.3281,933164.7227,1
C06L27,27,6,-1880525.42,-620806.641,0,1,144445.7731,886766.6402,1
C07L27,27,7,-1830525.42,-620806.641,0,1,122572.5843,840781.6297,1
C08L27,27,8,-1780525.42,-620806.641,0,1,117468.3862,795281.3487,1
C09L27,27,9,-1730525.42,-620806.641,0.01,0.99,127279.1638,750353.9819,0.8983599181
C10L27,27,10,-1680525.42,-620806.641,0,1,153626.6557,706108.8959,0.04691881428
C11L27,27,11,-1630525.42,-620806.641,0,1,189742.7552,662682.7653,0
C12L27,27,12,-1580525.42,-620806.641,0,1,231091.9231,620247.6297,0.6788943169
C13L27,27,13,-1530525.42,-620806.641,0.01,0.99,275326.4258,579021.413,0.2772427532
C14L27,27,14,-1480525.42,-620806.641,0.01,0.99,321256.6023,539281.4399,0.02877645862
C15L27,27,15,-1430525.42,-620806.641,0,1,309066.6481,501381.2382,0
C16L27,27,16,-1380525.42,-620806.641,0,1,272336.7568,465770.1371,0
C17L27,27,17,-1330525.42,-620806.641,0,1,240426.8353,433013.2738,0
C18L27,27,18,-1280525.42,-620806.641,0,1,215505.9561,403805.8567,0
C19L27,27,19,-1230525.42,-620806.641,0,1,200201.3264,378969.4507,0
C20L27,27,20,-1180525.42,-620806.641,0,1,196733.7183,359411.351,0.00725719467
C21L27,27,21,-1130525.42,-620806.641,0,1,191278.6836,346027.7357,0
C22L27,27,22,-1080525.42,-620806.641,0,1,149132.3379,339549.5081,0
C23L27,27,23,-1030525.42,-620806.641,0,1,108108.8768,340371.1843,0.1192361981
C24L27,27,24,-980525.42,-620806.641,0,1,68594.84172,348441.1252,0.2575351806
C25L27,27,25,-930525.42,-620806.641,0.02,0.98,29217.99881,363276.6059,0
C26L27,27,26,-880525.42,-620806.641,0,1,14361.35478,345546.1412,0
C27L27,27,27,-830525.42,-620806.641,0.01,0.99,16368.52666,317283.8673,0
C28L27,27,28,-780525.42,-620806.641,0.05,0.95,38814.41774,294849.0618,4.909550403e-05
C29L27,27,29,-730525.42,-620806.641,0.02,0.98,81959.22906,279647.7892,0.117926021
C30L27,27,30,-680525.42,-620806.641,0.02,0.98,130107.9222,272891.5586,0
C31L27,27,31,-630525.42,-620806.641,0,1,156819.1632,275203.0515,0
C32L27,27,32,-580525.42,-620806.641,0,1,149361.2906,286362.7705,0
C33L27,27,33,-530525.42,-620806.641,0,1,117898.1013,305402.2807,0
C34L27,27,34,-480525.42,-620806.641,0,1,92682.53061,330964.4541,0
C35L27,27,35,-430525.42,-620806.641,0,1,47622.47597,361668.8909,0
C36L27,27,36,-380525.42,-620806.641,0.03,0.97,15571.06735,396322.2217,0
C37L27,27,37,-330525.42,-620806.641,0.04,0.96,11219.19782,433979.5158,0
C38L27,27,38,-280525.42,-620806.641,0.01,0.99,47326.01643,407204.8113,0
C39L27,27,39,-230525.42,-620806.641,0.03,0.97,31161.13996,383965.6138,0
C40L27,27,40,-180525.42,-620806.641,0.02,0.98,19509.61079,366119.416,0
C41L27,27,41,-130525.42,-620806.641,0,1,66644.17329,354481.6793,0
C42L27,27,42,-80525.42,-620806.641,0,1,114049.0274,349672.8402,0.6780975218
C43L27,27,43,-30525.42,-620806.641,0,1,161940.3875,351972.91,0.1839084777
C44L27,27,44,19474.58,-620806.641,0.06,0.94,194768.9918,361246.1261,0
C45L27,27,45,69474.58,-620806.641,0.01,0.99,190968.9478,376978.2458,0
C46L27,27,46,119474.58,-620806.641,0.04,0.96,153802.2793,398404.8595,0.02552144634
C47L27,27,47,169474.58,-620806.641,0,1,125861.6033,424664.887,0.9084436722
C48L27,27,48,219474.58,-620806.641,0.07,0.93,113743.8538,454922.0817,1
C49L27,27,49,269474.58,-620806.641,0.34,0.66,115236.1444,488434.1662,0.5286201922
C50L27,27,50,319474.58,-620806.641,0.37,0.63,118220.2155,524577.7053,0.1034694904
C51L27,27,51,369474.58,-620806.641,0.15,0.85,76003.75445,511350.2919,0
C52L27,27,52,419474.58,-620806.641,0.52,0.48,50765.36246,489964.688,0
C53L27,27,53,469474.58,-620806.641,0.67,0.33,53015.8369,472918.2488,0
C54L27,27,54,519474.58,-620806.641,0.79,0.21,27639.40767,460692.8961,0
C55L27,27,55,569474.58,-620806.641,0.79,0.21,5879.92469,453678.5415,0
C56L27,27,56,619474.58,-620806.641,0.79,0.21,1453.310055,452117.7872,0
C57L27,27,57,669474.58,-620806.641,0.74,0.26,8897.374814,456066.6267,0
C58L27,27,58,719474.58,-620806.641,0.8,0.2,5983.693813,465384.8326,0
C59L27,27,59,769474.58,-620806.641,0.65,0.35,7254.543789,456447.8369,0.09863872921
C60L27,27,60,819474.58,-620806.641,0.28,0.72,15365.37788,424628.3951,0.2276385036
C61L27,27,61,869474.58,-620806.641,0.1,0.9,8888.465944,396577.7604,0.0407735514
C62L27,27,62,919474.58,-620806.641,0.37,0.63,18996.29582,373146.8427,0.4516006523
C63L27,27,63,969474.58,-620806.641,0.46,0.54,4254.199907,355250.9146,0.1807348373
C64L27,27,64,1019474.58,-620806.641,0.3,0.7,21100.86266,343755.5214,0
C65L27,27,65,1069474.58,-620806.641,0.65,0.35,6863.400691,339311.8103,0
C66L27,27,66,1119474.58,-620806.641,0.5,0.5,26645.03139,342194.6095,0
C67L27,27,67,1169474.58,-620806.641,0,0,6328.220585,352224.072,0
C68L27,27,68,1219474.58,-620806.641,0,0,5769.922319,368817.6284,0
C02L28,28,2,-2080525.42,-570806.641,0,1,236332.3726,1091109.428,0
C03L28,28,3,-2030525.42,-570806.641,0,1,242011.2278,1044547.012,0
C04L28,28,4,-1980525.42,-570806.641,0,1,195582.2074,998317.1511,0.184327483
C05L28,28,5,-1930525.42,-570806.641,0,1,149705.9014,952468.2718,0.9340771982
C06L28,28,6,-1880525.42,-570806.641,0,1,107570.042,907058.1478,1
C07L28,28,7,-1830525.42,-570806.641,0,1,75701.85583,862156.11,1
C08L28,28,8,-1780525.42,-570806.641,0,1,67471.46759,817845.849,0.9574400879
C09L28,28,9,-1730525.42,-570806.641,0,1,83388.02513,774228.976,0.4989856759
C10L28,28,10,-1680525.42,-570806.641,0,1,119811.212,731429.5468,0
C11L28,28,11,-1630525.42,-570806.641,0,1,163572.2786,689599.78,0
C12L28,28,12,-1580525.42,-570806.641,0,1,210135.7992,648927.2157,0.3197893934
C13L28,28,13,-1530525.42,-570806.641,0.01,0.99,257988.7942,609643.5072,0.9372789081
C14L28,28,14,-1480525.42,-570806.641,0.01,0.99,306527.9461,572034.8595,0.3640335653
C15L28,28,15,-1430525.42,-570806.641,0.05,0.95,343035.8681,536453.6841,0
C16L28,28,16,-1380525.42,-570806.641,0,1,310340.7173,503330.14,0
C17L28,28,17,-1330525.42,-570806.641,0,1,282752.745,473180.6256,0
C18L28,28,18,-1280525.42,-570806.641,0,1,261890.9483,446607.8583,0
C19L28,28,19,-1230525.42,-570806.641,0,1,249448.6376,424284.4019,0
C20L28,28,20,-1180525.42,-570806.641,0,1,246672.2463,406910.2215,0
C21L28,28,21,-1130525.42,-570806.641,0,1,218390.7415,395138.7136,0
C22L28,28,22,-1080525.42,-570806.641,0,1,177931.9355,389478.212,0
C23L28,28,23,-1030525.42,-570806.641,0,1,139158.8345,390194.762,0
C24L28,28,24,-980525.42,-570806.641,0,1,96871.49301,383545.3291,0
C25L28,28,25,-930525.42,-570806.641,0.02,0.98,55492.99017,344055.1355,0
C26L28,28,26,-880525.42,-570806.641,0.01,0.99,18815.64577,307637.5351,0
C27L28,28,27,-830525.42,-570806.641,0.01,0.99,9932.433195,275513.6472,0
C28L28,28,28,-780525.42,-570806.641,0,1,47227.8803,249348.5243,0
C29L28,28,29,-730525.42,-570806.641,0.05050505051,0.9494949495,80172.19817,231174.4002,0
C30L28,28,30,-680525.42,-570806.641,0.04,0.96,112343.2289,222954.0762,0.1835912481
C31L28,28,31,-630525.42,-570806.641,0,1,143404.875,225777.4056,0.265038165
C32L28,28,32,-580525.42,-570806.641,0,1,179034.8281,239253.7432,0.7025147425
C33L28,28,33,-530525.42,-570806.641,0,1,159110.6839,261742.7562,0.3029820159
C34L28,28,34,-480525.42,-570806.641,0,1,117850.1226,291163.5059,0
C35L28,28,35,-430525.42,-570806.641,0,1,85625.03512,325642.6015,0
C36L28,28,36,-380525.42,-570806.641,0,1,58427.3955,363744.4442,0
C37L28,28,37,-330525.42,-570806.641,0,1,18188.89423,395911.4432,0
C38L28,28,38,-280525.42,-570806.641,0,1,25669.4088,365184.4808,0
C39L28,28,39,-230525.42,-570806.641,0.21,0.79,14262.52394,339077.4827,0
C40L28,28,40,-180525.42,-570806.641,0.03,0.97,29002.41019,318727.7419,0
C41L28,28,41,-130525.42,-570806.641,0,1,75693.40538,305288.7284,0
C42L28,28,42,-80525.42,-570806.641,0,1,124971.3705,299691.5779,0.4237280524
C43L28,28,43,-30525.42,-570806.641,0,1,137173.4334,302372.0822,0.02550722084
C44L28,28,44,19474.58,-570806.641,0,1,147194.158,313117.726,0
C45L28,28,45,69474.58,-570806.641,0,1,158579.773,331144.2956,0
C46L28,28,46,119474.58,-570806.641,0,1,169190.4266,355345.4358,0.3896060086
C47L28,28,47,169474.58,-570806.641,0,1,172483.2607,384557.1647,1
C48L28,28,48,219474.58,-570806.641,0,1,163516.1998,417729.634,1.001068719
C49L28,28,49,269474.58,-570806.641,0,1,159706.5618,453995.464,1.000130749
C50L28,28,50,319474.58,-570806.641,0.09,0.91,135246.8787,492672.0162,0.7648583297
C51L28,28,51,369474.58,-570806.641,0.54,0.46,115345.9613,467739.6646,0
C52L28,28,52,419474.58,-570806.641,0.37,0.63,80467.84855,444259.6856,0.4101493671
C53L28,28,53,469474.58,-570806.641,0.59,0.41,33967.14235,425385.6401,0
C54L28,28,54,519474.58,-570806.641,0.64,0.36,1727.062159,411751.4023,0
C55L28,28,55,569474.58,-570806.641,0.58,0.42,3863.240204,403887.9693,0.2495845891
C56L28,28,56,619474.58,-570806.641,0.71,0.29,20433.32372,402134.0153,0
C57L28,28,57,669474.58,-570806.641,0.76,0.24,14797.44018,406568.6175,0
C58L28,28,58,719474.58,-570806.641,0.89,0.11,5891.132226,416994.3827,0
C59L28,28,59,769474.58,-570806.641,0.9,0.1,38711.83076,420615.8227,0
C60L28,28,60,819474.58,-570806.641,0.202020202,0.797979798,47986.25235,385852.7135,0.7866214799
C61L28,28,61,869474.58,-570806.641,0.27,0.73,10155.64751,354749.1545,0.530623743
C62L28,28,62,919474.58,-570806.641,0.76,0.24,36453.7947,328346.7812,0.1088382648
C63L28,28,63,969474.58,-570806.641,0.93,0.07,13164.8569,307857.5237,0
C64L28,28,64,1019474.58,-570806.641,0.76,0.24,19275.09811,294518.0827,0
C65L28,28,65,1069474.58,-570806.641,0.6,0.4,5224.894945,289319.1096,0
C66L28,28,66,1119474.58,-570806.641,0.5,0.5,5410.570815,292694.7101,0
C67L28,28,67,1169474.58,-570806.641,0,0,3371.170489,304359.7205,0
C68L28,28,68,1219474.58,-570806.641,0,0,1594.128789,323418.4373,0
C03L29,29,3,-2030525.42,-520806.641,0,0,234093.3049,1064179.434,0
C04L29,29,4,-1980525.42,-520806.641,0,1,184280.038,1018840.784,0
C05L29,29,5,-1930525.42,-520806.641,0,1,134605.3099,973958.5299,0.389449936
C06L29,29,6,-1880525.42,-520806.641,0,1,85311.46758,929598.7804,0.4819347462
C07L29,29,7,-1830525.42,-520806.641,0,1,37914.42388,885840.0348,0.4316444699
C08L29,29,8,-1780525.42,-520806.641,0.05208333333,0.9479166667,17492.17323,842775.9144,0.2318004704
C09L29,29,9,-1730525.42,-520806.641,0.01,0.99,52030.18277,800518.5297,0.3678575724
C10L29,29,10,-1680525.42,-520806.641,0,1,100540.0602,759202.6022,0.01994240992
C11L29,29,11,-1630525.42,-520806.641,0,1,150031.555,718990.449,0
C12L29,29,12,-1580525.42,-520806.641,0,1,199776.4533,680077.8929,0
C13L29,29,13,-1530525.42,-520806.641,0,1,249623.3064,642701.0308,0.5307355994
C14L29,29,14,-1480525.42,-520806.641,0,1,299521.2161,607143.5495,0.7643126593
C15L29,29,15,-1430525.42,-520806.641,0.01,0.99,349448.3119,573743.8142,0
C16L29,29,16,-1380525.42,-520806.641,0.01,0.99,351362.2241,542900.2109,0
C17L29,29,17,-1330525.42,-520806.641,0,1,327250.9228,515072.1441,0
C18L29,29,18,-1280525.42,-520806.641,0,1,309404.1378,490772.8479,0
C19L29,29,19,-1230525.42,-520806.641,0,1,298945.9391,470549.3203,0
C20L29,29,20,-1180525.42,-520806.641,0.02,0.98,288283.0581,454945.4226,0
C21L29,29,21,-1130525.42,-520806.641,0,1,248119.9553,444447.9859,0
C22L29,29,22,-1080525.42,-520806.641,0.04,0.96,208312.0925,439423.1295,0
C23L29,29,23,-1030525.42,-520806.641,0,1,165751.3838,401346.2595,0
C24L29,29,24,-980525.42,-520806.641,0.01,0.99,125656.0186,356855.3444,0.0512997408
C25L29,29,25,-930525.42,-520806.641,0,1,89159.65261,314026.5173,0.1412650154
C26L29,29,26,-880525.42,-520806.641,0,1,56714.78818,273641.3169,0.007695161436
C27L29,29,27,-830525.42,-520806.641,0.01,0.99,23520.76135,236952.4997,0
C28L29,29,28,-780525.42,-520806.641,0,1,9537.124071,205945.1477,0.09026285288
C29L29,29,29,-730525.42,-520806.641,0,1,42126.79908,183521.9895,0.691712027
C30L29,29,30,-680525.42,-520806.641,0.03,0.97,72722.0312,173052.7013,0.4527054928
C31L29,29,31,-630525.42,-520806.641,0.01,0.99,108423.0434,176675.2789,0.2903480702
C32L29,29,32,-580525.42,-520806.641,0.04,0.96,148490.7457,193600.2865,1
C33L29,29,33,-530525.42,-520806.641,0,1,188439.387,220789.4647,0.7762186695
C34L29,29,34,-480525.42,-520806.641,0,1,154954.9941,254980.2041,0
C35L29,29,35,-430525.42,-520806.641,0.01,0.99,125028.029,293737.6742,0
C36L29,29,36,-380525.42,-520806.641,0,1,82320.01172,335482.8431,0
C37L29,29,37,-330525.42,-520806.641,0,1,35808.49481,359568.9329,0
C38L29,29,38,-280525.42,-520806.641,0,1,5856.369597,325428.4126,0
C39L29,29,39,-230525.42,-520806.641,0.25,0.75,4596.939981,295833.5443,0.03179725959
C40L29,29,40,-180525.42,-520806.641,0.07,0.93,42618.28867,272270.6745,0
C41L29,29,41,-130525.42,-520806.641,0.01,0.99,68826.35317,256408.1792,0
C42L29,29,42,-80525.42,-520806.641,0.02,0.98,82655.70359,249717.8179,0.3759591789
C43L29,29,43,-30525.42,-520806.641,0.02,0.98,87233.966,252928.4935,0.2232365423
C44L29,29,44,19474.58,-520806.641,0,1,97463.6481,265681.4954,0.01457089151
C45L29,29,45,69474.58,-520806.641,0,1,110021.7818,286706.2804,0
C46L29,29,46,119474.58,-520806.641,0,1,120247.6626,314347.4597,0.1048447501
C47L29,29,47,169474.58,-520806.641,0.01,0.99,135436.7361,347027.6065,0.9815773735
C48L29,29,48,219474.58,-520806.641,0,1,152862.9192,383460.5506,1.003978662
C49L29,29,49,269474.58,-520806.641,0,1,121661.3662,422676.9784,1
C50L29,29,50,319474.58,-520806.641,0.06,0.94,90329.89077,455516.6211,0.7699425635
C51L29,29,51,369474.58,-520806.641,0.48,0.52,69588.68463,425536.9156,0
C52L29,29,52,419474.58,-520806.641,0.22,0.78,45966.45323,399584.7108,0.6983125339
C53L29,29,53,469474.58,-520806.641,0.44,0.56,14820.52811,378489.3863,0.2643823901
C54L29,29,54,519474.58,-520806.641,0.57,0.43,21392.3108,363098.4578,0
C55L29,29,55,569474.58,-520806.641,0.78,0.22,26515.02271,354156.4125,0.001643401205
C56L29,29,56,619474.58,-520806.641,0.66,0.34,22248.20456,352154.8509,0
C57L29,29,57,669474.58,-520806.641,0.8787878788,0.1212121212,4331.081071,357210.4611,0
C58L29,29,58,719474.58,-520806.641,0.9,0.1,7007.905854,369033.3156,0
C59L29,29,59,769474.58,-520806.641,0.85,0.15,7273.959863,387003.6983,0
C60L29,29,60,819474.58,-520806.641,0.69,0.31,32812.50429,349936.2214,0.133952174
C61L29,29,61,869474.58,-520806.641,0.66,0.34,18687.80525,315309.3801,0.1611324672
C62L29,29,62,919474.58,-520806.641,0.83,0.17,14494.07743,285279.9525,0
C63L29,29,63,969474.58,-520806.641,1,0,33070.50237,261436.9856,0
C64L29,29,64,1019474.58,-520806.641,0.9,0.1,6591.581699,245588.9728,0
C65L29,29,65,1069474.58,-520806.641,0.4,0.6,2380.032414,239329.4585,0
C66L29,29,66,1119474.58,-520806.641,0.2333333333,0.7666666667,4879.2686,243399.3341,0
C67L29,29,67,1169474.58,-520806.641,0,0,19143.11887,257308.9233,0
C68L29,29,68,1219474.58,-520806.641,0,0,12732.21671,279593.5052,0
C06L30,30,6,-1880525.42,-470806.641,0,1,89357.59096,954229.1662,0.0254812903
C07L30,30,7,-1830525.42,-470806.641,0,1,46305.89703,911653.43,0.06316527861
C08L30,30,8,-1780525.42,-470806.641,0.08,0.92,32550.78048,869868.1802,0.1604068292
C09L30,30,9,-1730525.42,-470806.641,0.04,0.96,58827.85994,828992.9587,0.8362685812
C10L30,30,10,-1680525.42,-470806.641,0,1,104220.3478,789169.1835,0.1776473947
C11L30,30,11,-1630525.42,-470806.641,0,1,152522.2761,750564.2377,0
C12L30,30,12,-1580525.42,-470806.641,0,1,201653.6845,713376.0225,0
C13L30,30,13,-1530525.42,-470806.641,0,1,251128.1989,677837.7565,0.3016223192
C14L30,30,14,-1480525.42,-470806.641,0,1,300776.5551,644222.5538,0.6155310211
C15L30,30,15,-1430525.42,-470806.641,0,1,350524.8919,612846.9413,0.05423445774
C16L30,30,16,-1380525.42,-470806.641,0,1,394460.9793,584071.9546,0
C17L30,30,17,-1330525.42,-470806.641,0,1,373145.0364,558299.8502,0
C18L30,30,18,-1280525.42,-470806.641,0.01,0.99,357596.102,535963.9889,0
C19L30,30,19,-1230525.42,-470806.641,0,1,348586.7556,517509.4898,0
C20L30,30,20,-1180525.42,-470806.641,0,1,318392.1592,503363.434,0
C21L30,30,21,-1130525.42,-470806.641,0.01,0.99,277013.3332,478313.395,0
C22L30,30,22,-1080525.42,-470806.641,0.03,0.97,235526.8434,430175.1046,0
C23L30,30,23,-1030525.42,-470806.641,0.08,0.92,195977.2218,382514.7544,0.02504941882
C24L30,30,24,-980525.42,-470806.641,0.02,0.98,159822.654,335536.0698,0
C25L30,30,25,-930525.42,-470806.641,0,1,127224.8629,289571.0118,0.03353915094
C26L30,30,26,-880525.42,-470806.641,0.01,0.99,93843.89303,245190.3091,0.05603080618
C27L30,30,27,-830525.42,-470806.641,0,1,60976.98077,203433.5381,0
C28L30,30,28,-780525.42,-470806.641,0.03,0.97,28416.57201,166289.2696,0.009954597256
C29L30,30,29,-730525.42,-470806.641,0.01,0.99,2994.77177,137546.4938,0.3493177562
C30L30,30,30,-680525.42,-470806.641,0.01,0.99,38031.04603,123231.3058,0.4572029997
C31L30,30,31,-630525.42,-470806.641,0.04,0.96,80753.75395,128268.7472,0.0158179879
C32L30,30,32,-580525.42,-470806.641,0.05,0.95,120536.0944,150730.8471,0.7744895848
C33L30,30,33,-530525.42,-470806.641,0.02,0.98,154713.2644,184354.8346,0.4415232592
C34L30,30,34,-480525.42,-470806.641,0,1,193870.3519,224173.196,0
C35L30,30,35,-430525.42,-470806.641,0,1,147061.5806,267433.2413,0
C36L30,30,36,-380525.42,-470806.641,0.02,0.98,102941.7336,312709.8581,0.07179203363
C37L30,30,37,-330525.42,-470806.641,0,1,64795.41079,326854.3471,0.5086172744
C38L30,30,38,-280525.42,-470806.641,0.02,0.98,26319.492,288872.9798,0.06499440157
C39L30,30,39,-230525.42,-470806.641,0.66,0.34,2824.223771,255071.4266,0.05269163916
C40L30,30,40,-180525.42,-470806.641,0.37,0.63,2120.623998,227321.9454,0
C41L30,30,41,-130525.42,-470806.641,0.23,0.77,22506.49862,208060.3304,0
C42L30,30,42,-80525.42,-470806.641,0.29,0.71,33084.96538,199757.1909,0.3397803707
C43L30,30,43,-30525.42,-470806.641,0.07,0.93,37456.359,203756.6429,0.7300092842
C44L30,30,44,19474.58,-470806.641,0.1818181818,0.8181818182,48134.64205,219386.8814,0.8454618939
C45L30,30,45,69474.58,-470806.641,0.01,0.99,60147.13927,244426.7537,0.4642912122
C46L30,30,46,119474.58,-470806.641,0,1,72258.2055,276330.0059,0.67820832
C47L30,30,47,169474.58,-470806.641,0,1,91168.5131,313004.9622,0.9076280418
C48L30,30,48,219474.58,-470806.641,0,1,111630.9908,352967.3364,0.654345449
C49L30,30,49,269474.58,-470806.641,0,1,82160.46797,395221.172,1
C50L30,30,50,319474.58,-470806.641,0.05,0.95,51379.79852,418086.9107,0.6411271528
C51L30,30,51,369474.58,-470806.641,0.43,0.57,25310.90357,385205.0614,0
C52L30,30,52,419474.58,-470806.641,0.7,0.3,9707.184741,356327.397,0.01909422159
C53L30,30,53,469474.58,-470806.641,0.36,0.64,1136.704237,332498.8546,0.0179866054
C54L30,30,54,519474.58,-470806.641,0.63,0.37,17306.29137,314867.8498,0
C55L30,30,55,569474.58,-470806.641,0.65,0.35,31843.23651,304512.7868,0.04296436999
C56L30,30,56,619474.58,-470806.641,0.41,0.59,69283.61176,302182.5803,0.04871507343
C57L30,30,57,669474.58,-470806.641,0.69,0.31,35817.84441,308059.3876,0
C58L30,30,58,719474.58,-470806.641,0.8484848485,0.1515151515,5111.304445,321693.7376,0
C59L30,30,59,769474.58,-470806.641,0.7,0.3,34349.19381,342159.5173,0
C60L30,30,60,819474.58,-470806.641,0.65,0.35,10924.98084,317849.6524,0
C61L30,30,61,869474.58,-470806.641,0.88,0.12,5843.572263,279272.354,0
C62L30,30,62,919474.58,-470806.641,1,0,20967.52683,244862.6019,0
C63L30,30,63,969474.58,-470806.641,1,0,3613.053173,216615.6503,0
C64L30,30,64,1019474.58,-470806.641,0.83,0.17,3395.293058,197197.835,0
C65L30,30,65,1069474.58,-470806.641,0.54,0.46,9536.102779,189345.2726,0
C66L30,30,66,1119474.58,-470806.641,0.1666666667,0.8333333333,5361.877195,194464.0799,0
C67L30,30,67,1169474.58,-470806.641,0,0,48637.17153,211615.0385,0
C68L30,30,68,1219474.58,-470806.641,0,0,3126.318736,238213.2882,0
C69L30,30,69,1269474.58,-470806.641,0,0,35855.72538,271496.2556,0
C08L31,31,8,-1780525.42,-420806.641,0,1,82541.68944,898927.1718,0.06228942892
C09L31,31,9,-1730525.42,-420806.641,0.03,0.97,95991.11568,859435.1254,0.9406559301
C10L31,31,10,-1680525.42,-420806.641,0.05,0.95,128900.9623,821089.1605,0.428997771
C11L31,31,11,-1630525.42,-420806.641,0.01,0.99,170342.6602,784057.4495,0.2355153643
C12L31,31,12,-1580525.42,-420806.641,0,1,215447.8723,748535.0751,0.2928694554
C13L31,31,13,-1530525.42,-420806.641,0,1,262333.6606,714747.1115,2.7585663e-08
C14L31,31,14,-1480525.42,-420806.641,0,1,310193.6706,682951.029,0.2350028107
C15L31,31,15,-1430525.42,-420806.641,0,1,358638.0865,653437.6654,0.4795986378
C16L31,31,16,-1380525.42,-420806.641,0,1,407458.5143,626529.6938,0
C17L31,31,17,-1330525.42,-420806.641,0,1,419977.7017,602576.2457,0
C18L31,31,18,-1280525.42,-420806.641,0,1,406225.3363,581942.2708,0
C19L31,31,19,-1230525.42,-420806.641,0.03,0.97,388387.4817,564991.5762,0
C20L31,31,20,-1180525.42,-420806.641,0.06,0.94,346028.553,517450.9681,0
C21L31,31,21,-1130525.42,-420806.641,0.07,0.93,305481.911,467998.3132,0
C22L31,31,22,-1080525.42,-420806.641,0.04,0.96,266504.6115,418675.6954,0
C23L31,31,23,-1030525.42,-420806.641,0.02,0.98,230514.8972,369535.1873,0.02558533903
C24L31,31,24,-980525.42,-420806.641,0,1,197616.8073,320660.5237,0
C25L31,31,25,-930525.42,-420806.641,0.02,0.98,164345.7291,272194.9452,0
C26L31,31,26,-880525.42,-420806.641,0.05,0.95,131661.0112,224403.6652,0
C27L31,31,27,-830525.42,-420806.641,0.06,0.94,98669.52462,177831.1608,0.04259951402
C28L31,31,28,-780525.42,-420806.641,0.01,0.99,67393.25177,133756.6391,0.003295152726
C29L31,31,29,-730525.42,-420806.641,0.05,0.95,30074.05182,95696.16125,0.03618361886
C30L31,31,30,-680525.42,-420806.641,0.13,0.87,17289.4788,73652.37298,0.02579812081
C31L31,31,31,-630525.42,-420806.641,0.16,0.84,50721.25959,81802.13209,0.02897652386
C32L31,31,32,-580525.42,-420806.641,0.18,0.82,84377.29344,113835.432,0.03279223973
C33L31,31,33,-530525.42,-420806.641,0.08,0.92,126950.6605,155645.1809,0.08467812118
C34L31,31,34,-480525.42,-420806.641,0.09,0.91,173482.1751,201227.0835,0
C35L31,31,35,-430525.42,-420806.641,0.06,0.94,172819.4907,248514.096,0
C36L31,31,36,-380525.42,-420806.641,0.06,0.94,135497.8182,296692.0502,0.1301563017
C37L31,31,37,-330525.42,-420806.641,0.1,0.9,95606.28393,298961.0526,0.9816427194
C38L31,31,38,-280525.42,-420806.641,0,1,62708.39757,256888.1958,0.4064515877
C39L31,31,39,-230525.42,-420806.641,0.08,0.92,43375.32427,218186.5701,0
C40L31,31,40,-180525.42,-420806.641,0.17,0.83,41644.41328,184984.3604,0
C41L31,31,41,-130525.42,-420806.641,0.03,0.97,18358.15362,160726.6244,0
C42L31,31,42,-80525.42,-420806.641,0.27,0.73,16739.95349,149822.8354,0
C43L31,31,43,-30525.42,-420806.641,0.34,0.66,10759.91292,155115.1708,0
C44L31,31,44,19474.58,-420806.641,0.49,0.51,1825.351964,175141.5154,0.01867919033
C45L31,31,45,69474.58,-420806.641,0.25,0.75,11081.38956,205641.3982,0.5994222352
C46L31,31,46,119474.58,-420806.641,0.02,0.98,24644.45517,242697.7933,0.9089135864
C47L31,31,47,169474.58,-420806.641,0.16,0.84,48045.13992,283753.5076,0.4282242225
C48L31,31,48,219474.58,-420806.641,0.06,0.94,66979.8326,327307.023,0.02572647932
C49L31,31,49,269474.58,-420806.641,0.05,0.95,47909.91795,372483.1828,0.3682493125
C50L31,31,50,319474.58,-420806.641,0.45,0.55,11559.106,383533.4896,0.051532127
C51L31,31,51,369474.58,-420806.641,0.64,0.36,18608.59036,347396.3329,0
C52L31,31,52,419474.58,-420806.641,0.44,0.56,36455.42961,315072.1927,0
C53L31,31,53,469474.58,-420806.641,0.4,0.6,10069.87854,287848.5038,0.05089650561
C54L31,31,54,519474.58,-420806.641,0.74,0.26,18033.12791,267288.3005,0
C55L31,31,55,569474.58,-420806.641,0.42,0.58,28156.95911,255008.451,0.3291830599
C56L31,31,56,619474.58,-420806.641,0.12,0.88,77844.82161,252221.3008,0.2184643288
C57L31,31,57,669474.58,-420806.641,0.45,0.55,50887.69641,259233.2137,0
C58L31,31,58,719474.58,-420806.641,0.61,0.39,1530.444413,275296.4467,0
C59L31,31,59,769474.58,-420806.641,0.48,0.52,44247.55628,298955.5286,0
C60L31,31,60,819474.58,-420806.641,0.2222222222,0.7777777778,50114.67519,290863.2739,0.2988024748
C61L31,31,61,869474.58,-420806.641,0.5555555556,0.4444444444,27444.05816,248125.1503,0.4608049565
C62L31,31,62,919474.58,-420806.641,0.94,0.06,3877.574788,208640.2079,0.03532096694
C63L31,31,63,969474.58,-420806.641,0.8,0.2,5892.315054,174629.2716,0.02451632266
C64L31,31,64,1019474.58,-420806.641,0.51,0.49,11325.05122,149866.7029,0
C65L31,31,65,1069474.58,-420806.641,0.49,0.51,10131.61307,139372.432,0
C66L31,31,66,1119474.58,-420806.641,0.4666666667,0.5333333333,8619.542013,146250.8835,0
C67L31,31,67,1169474.58,-420806.641,0,0,1396.839106,168386.3625,0
C68L31,31,68,1219474.58,-420806.641,0,0,5474.367843,200794.9531,0
C69L31,31,69,1269474.58,-420806.641,0,0,12962.83534,239339.214,0
C09L32,32,9,-1730525.42,-370806.641,0,1,141307.7191,891643.5072,0.3033137649
C10L32,32,10,-1680525.42,-370806.641,0,1,165435.8947,854743.7151,0.1656542495
C11L32,32,11,-1630525.42,-370806.641,0.02,0.98,199424.6702,819234.6997,0.040086775
C12L32,32,12,-1580525.42,-370806.641,0.06,0.94,239105.3384,785305.1431,0.4858220079
C13L32,32,13,-1530525.42,-370806.641,0.02,0.98,282086.027,753168.5352,0.005970965181
C14L32,32,14,-1480525.42,-370806.641,0.01,0.99,327068.3269,723063.9786,0.06947869011
C15L32,32,15,-1430525.42,-370806.641,0.01,0.99,357022.764,695255.4867,0.5132529109
C16L32,32,16,-1380525.42,-370806.641,0,1,364230.3863,670029.0041,0
C17L32,32,17,-1330525.42,-370806.641,0.02,0.98,377971.288,647686.2983,0.05498347741
C18L32,32,18,-1280525.42,-370806.641,0,1,397568.6291,612748.2257,0.01322280969
C19L32,32,19,-1230525.42,-370806.641,0.08,0.92,415614.1627,562785.3098,0.05434486084
C20L32,32,20,-1180525.42,-370806.641,0.16,0.84,375581.9578,512829.6225,0.01104585362
C21L32,32,21,-1130525.42,-370806.641,0,1,337105.2296,462883.5042,0
C22L32,32,22,-1080525.42,-370806.641,0,1,301215.7946,412950.4271,0
C23L32,32,23,-1030525.42,-370806.641,0.01,0.99,268024.0002,363035.7723,0
C24L32,32,24,-980525.42,-370806.641,0.03,0.97,234973.1071,313148.3494,0
C25L32,32,25,-930525.42,-370806.641,0,1,202231.5146,263303.6375,0
C26L32,32,26,-880525.42,-370806.641,0,1,168852.4397,213531.5487,0
C27L32,32,27,-830525.42,-370806.641,0.07,0.93,137523.257,163898.2583,0
C28L32,32,28,-780525.42,-370806.641,0.13,0.87,93893.13198,114584.2739,0.00353500775
C29L32,32,29,-730525.42,-370806.641,0.28,0.72,49434.37327,66305.90166,0.03156814728
C30L32,32,30,-680525.42,-370806.641,0.36,0.64,16749.64501,25756.34607,0.0001238801964
C31L32,32,31,-630525.42,-370806.641,0.2,0.8,15382.32622,43935.2493,0.03555990432
C32L32,32,32,-580525.42,-370806.641,0.31,0.69,64932.35573,90538.51611,0.1065993523
C33L32,32,33,-530525.42,-370806.641,0.14,0.86,114860.8147,139513.9408,0.0696230353
C34L32,32,34,-480525.42,-370806.641,0.17,0.83,164802.2929,189026.6025,0
C35L32,32,35,-430525.42,-370806.641,0.22,0.78,180452.5585,238742.483,0
C36L32,32,36,-380525.42,-370806.641,0.05,0.95,150448.4184,288556.5629,0.04291974612
C37L32,32,37,-330525.42,-370806.641,0.07,0.93,131922.6086,277347.5395,0.7832843127
C38L32,32,38,-280525.42,-370806.641,0.04,0.96,108590.7185,231377.3797,0.1763109127
C39L32,32,39,-230525.42,-370806.641,0,1,93060.76721,187481.5353,0
C40L32,32,40,-180525.42,-370806.641,0,1,68219.55768,147523.4228,0
C41L32,32,41,-130525.42,-370806.641,0.06,0.94,20333.50863,115658.9577,0.02877648496
C42L32,32,42,-80525.42,-370806.641,0.17,0.83,34249.01599,99954.13301,0
C43L32,32,43,-30525.42,-370806.641,0.05,0.95,55118.06167,107724.941,0
C44L32,32,44,19474.58,-370806.641,0.13,0.87,44020.2575,134975.9131,0
C45L32,32,45,69474.58,-370806.641,0.27,0.73,35420.46792,172720.3848,0.01019624272
C46L32,32,46,119474.58,-370806.641,0.64,0.36,17635.47725,215513.7247,0.03169573862
C47L32,32,47,169474.58,-370806.641,0.63,0.37,2765.681235,260883.1151,0
C48L32,32,48,219474.58,-370806.641,0.44,0.56,20302.20897,307691.1341,0.01019402069
C49L32,32,49,269474.58,-370806.641,0.3636363636,0.6363636364,15661.25445,355369.7626,0.03553181879
C50L32,32,50,319474.58,-370806.641,0.38,0.62,17264.13105,352702.7224,0
C51L32,32,51,369474.58,-370806.641,0.13,0.87,58194.57315,313026.3326,0
C52L32,32,52,419474.58,-370806.641,0.1,0.9,51986.40087,276716.0266,0.02322114643
C53L32,32,53,469474.58,-370806.641,0.34,0.66,7962.974743,245271.3475,0.05987749853
C54L32,32,54,519474.58,-370806.641,0.3737373737,0.6262626263,30376.24594,220781.1323,0
C55L32,32,55,569474.58,-370806.641,0.45,0.55,16172.40547,205743.9741,0
C56L32,32,56,619474.58,-370806.641,0.18,0.82,39338.73831,202279.157,0.009711623608
C57L32,32,57,669474.58,-370806.641,0.34,0.66,37527.89254,210957.6542,0.009301464482
C58L32,32,58,719474.58,-370806.641,0.66,0.34,749.3123561,230411.385,0
C59L32,32,59,769474.58,-370806.641,0.59,0.41,48137.21879,258216.345,0
C60L32,32,60,819474.58,-370806.641,0.38,0.62,88905.42453,270507.831,0.3160858047
C61L32,32,61,869474.58,-370806.641,0.73,0.27,54737.2001,223917.692,0.3124992541
C62L32,32,62,919474.58,-370806.641,0.96,0.04,18015.47378,179175.2743,0.04166469907
C63L32,32,63,969474.58,-370806.641,0.61,0.39,11310.20795,138088.4682,0
C64L32,32,64,1019474.58,-370806.641,0.23,0.77,6008.79059,105038.4272,0
C65L32,32,65,1069474.58,-370806.641,0.36,0.64,4362.625541,89429.95766,0
C66L32,32,66,1119474.58,-370806.641,0.1,0.9,15662.05544,99811.63993,0
C67L32,32,67,1169474.58,-370806.641,0,0,2056.883059,130103.8416,0
C68L32,32,68,1219474.58,-370806.641,0,0,19497.60209,169975.4563,0
C69L32,32,69,1269474.58,-370806.641,0,0,15959.1355,214140.8459,0
C70L32,32,70,1319474.58,-370806.641,0,0,15397.19792,260424.5534,0
C71L32,32,71,1369474.58,-370806.641,0,0,32328.27461,307872.6915,0
C09L33,33,9,-1730525.42,-320806.641,0,1,189001.1869,925433.7108,0
C10L33,33,10,-1680525.42,-320806.641,0.01,0.99,207659.848,889936.0807,0.01617951812
C11L33,33,11,-1630525.42,-320806.641,0.02,0.98,235634.8367,855888.3703,0.02877646658
C12L33,33,12,-1580525.42,-320806.641,0,1,270046.1813,823470.4469,0.2217078952
C13L33,33,13,-1530525.42,-320806.641,0.03,0.97,308749.2572,792882.2432,0.2404485918
C14L33,33,14,-1480525.42,-320806.641,0,1,306865.7457,764343.4609,0.7541273193
C15L33,33,15,-1430525.42,-320806.641,0.05,0.95,307189.0397,738091.8648,0.2005472938
C16L33,33,16,-1380525.42,-320806.641,0,1,315537.0444,712857.1189,0
C17L33,33,17,-1330525.42,-320806.641,0.02,0.98,331303.7076,662896.816,0.2014859212
C18L33,33,18,-1280525.42,-320806.641,0.02,0.98,353497.7609,612942.9871,0.05991043721
C19L33,33,19,-1230525.42,-320806.641,0.06,0.94,380997.621,562997.3554,0.0713193988
C20L33,33,20,-1180525.42,-320806.641,0.01,0.99,407727.4421,513062.3149,0
C21L33,33,21,-1130525.42,-320806.641,0.01,0.99,371920.4108,463141.2914,0
C22L33,33,22,-1080525.42,-320806.641,0,1,338534.179,413239.3647,0
C23L33,33,23,-1030525.42,-320806.641,0,1,305639.0085,363364.4029,0
C24L33,33,24,-980525.42,-320806.641,0,1,272744.6473,313529.2747,0
C25L33,33,25,-930525.42,-320806.641,0,1,239320.58,263756.5598,0
C26L33,33,26,-880525.42,-320806.641,0.01,0.99,205383.2941,214089.7933,0
C27L33,33,27,-830525.42,-320806.641,0,1,156754.1337,164624.896,0
C28L33,33,28,-780525.42,-320806.641,0.03,0.97,106991.4338,115621.2487,0.0158498269
C29L33,33,29,-730525.42,-320806.641,0.07,0.93,57298.45328,68082.22905,0.05755300395
C30L33,33,30,-680525.42,-320806.641,0.23,0.77,8414.523841,30035.09081,0
C31L33,33,31,-630525.42,-320806.641,0.17,0.83,34365.89887,46572.77583,0
C32L33,33,32,-580525.42,-320806.641,0.15,0.85,74579.5337,91847.37458,0.02914574023
C33L33,33,33,-530525.42,-320806.641,0.07,0.93,120828.1053,140366.8657,0.03515271187
C34L33,33,34,-480525.42,-320806.641,0.2,0.8,169132.3858,189656.9897,0
C35L33,33,35,-430525.42,-320806.641,0.02,0.98,148256.7964,239241.908,0
C36L33,33,36,-380525.42,-320806.641,0.16,0.84,109780.1366,288969.9072,0
C37L33,33,37,-330525.42,-320806.641,0.25,0.75,84399.52085,263563.2834,0
C38L33,33,38,-280525.42,-320806.641,0.14,0.86,78777.66492,214661.2181,0
C39L33,33,39,-230525.42,-320806.641,0,1,65881.95973,166412.9586,0
C40L33,33,40,-180525.42,-320806.641,0.05,0.95,66921.6982,119612.3195,0
C41L33,33,41,-130525.42,-320806.641,0.12,0.88,19117.37424,76947.65232,0
C42L33,33,42,-80525.42,-320806.641,0.54,0.46,5950.894437,50346.5531,0
C43L33,33,43,-30525.42,-320806.641,0.17,0.83,17254.90963,64409.70129,0
C44L33,33,44,19474.58,-320806.641,0.04,0.96,55707.94142,103742.1989,0
C45L33,33,45,69474.58,-320806.641,0,1,84672.20427,149587.025,0
C46L33,33,46,119474.58,-320806.641,0.12,0.88,62263.88517,197459.1407,0
C47L33,33,47,169474.58,-320806.641,0.41,0.59,39732.76567,246178.6881,0
C48L33,33,48,219474.58,-320806.641,0.52,0.48,1808.541418,295326.5662,0
C49L33,33,49,269474.58,-320806.641,0.2,0.8,17284.66222,337818.9117,0
C50L33,33,50,319474.58,-320806.641,0.02,0.98,53967.83553,326650.399,0
C51L33,33,51,369474.58,-320806.641,0.04,0.96,87686.50196,283349.1798,0
C52L33,33,52,419474.58,-320806.641,0.04,0.96,48585.78451,242637.6561,0
C53L33,33,53,469474.58,-320806.641,0.31,0.69,3915.957636,206056.5618,0
C54L33,33,54,519474.58,-320806.641,0.44,0.56,32859.99792,176197.5629,0.03508092182
C55L33,33,55,569474.58,-320806.641,0.6,0.4,6450.845621,156945.3907,0
C56L33,33,56,619474.58,-320806.641,0.32,0.68,7417.996151,152374.9656,0.004526908711
C57L33,33,57,669474.58,-320806.641,0.29,0.71,11240.50353,163720.5077,0.0658300667
C58L33,33,58,719474.58,-320806.641,0.77,0.23,2392.870409,188124.1057,0
C59L33,33,59,769474.58,-320806.641,0.5,0.5,32739.35985,221307.3736,0
C60L33,33,60,819474.58,-320806.641,0.2222222222,0.7777777778,77600.85032,258355.4319,0.5827771915
C61L33,33,61,869474.58,-320806.641,0.03,0.97,56609.87638,209074.5688,0.9763265937
C62L33,33,62,919474.58,-320806.641,0.93,0.07,8222.119941,160239.8872,0.1114002457
C63L33,33,63,969474.58,-320806.641,0.87,0.13,4388.263531,112434.2812,0
C64L33,33,64,1019474.58,-320806.641,0.47,0.53,4619.827563,67868.35586,0
C65L33,33,65,1069474.58,-320806.641,0.11,0.89,729.3853345,39632.81299,0
C66L33,33,66,1119474.58,-320806.641,0.06666666667,0.9333333333,7393.383354,59459.28022,0
C67L33,33,67,1169474.58,-320806.641,0,0,21823.93487,102469.7621,0
C68L33,33,68,1219474.58,-320806.641,0,0,7966.535015,149882.2814,0
C69L33,33,69,1269474.58,-320806.641,0,0,29304.24283,198568.2362,0
C70L33,33,70,1319474.58,-320806.641,0,0,18265.06105,247778.1075,0
C71L33,33,71,1369474.58,-320806.641,0,0,25594.1593,297251.8069,0
C09L34,34,9,-1730525.42,-270806.641,0,1,237644.7471,960638.8303,0
C10L34,34,10,-1680525.42,-270806.641,0,1,252737.3926,926491.0344,0
C11L34,34,11,-1630525.42,-270806.641,0,1,276183.5503,893836.8484,0
C12L34,34,12,-1580525.42,-270806.641,0,1,284023.5861,862845.8646,0
C13L34,34,13,-1530525.42,-270806.641,0,1,266210.2885,833703.5809,0.1918952673
C14L34,34,14,-1480525.42,-270806.641,0,1,257033.9238,806610.3988,0.6776551361
C15L34,34,15,-1430525.42,-270806.641,0.01,0.99,257419.8094,766248.7014,0.0430649607
C16L34,34,16,-1380525.42,-270806.641,0,1,267326.5392,716522.1485,0
C17L34,34,17,-1330525.42,-270806.641,0.01,0.99,285765.6362,666836.4912,0
C18L34,34,18,-1280525.42,-270806.641,0,1,311224.2264,617201.6063,0
C19L34,34,19,-1230525.42,-270806.641,0.01,0.99,342138.9182,567630.8127,0.1480471206
C20L34,34,20,-1180525.42,-270806.641,0.01,0.99,377170.465,518142.5058,0
C21L34,34,21,-1130525.42,-270806.641,0,1,409113.5735,468762.8111,0
C22L34,34,22,-1080525.42,-270806.641,0,1,376305.2553,419530.0822,0
C23L34,34,23,-1030525.42,-270806.641,0.01,0.99,339551.1115,370502.9104,0
C24L34,34,24,-980525.42,-270806.641,0,1,290903.1528,321775.2685,0
C25L34,34,25,-930525.42,-270806.641,0,1,242639.5105,273507.2945,0
C26L34,34,26,-880525.42,-270806.641,0,1,195053.7683,225993.7099,0
C27L34,34,27,-830525.42,-270806.641,0,1,147881.6959,179833.461,0
C28L34,34,28,-780525.42,-270806.641,0.01,0.99,102313.1793,136407.4428,0
C29L34,34,29,-730525.42,-270806.641,0,1,54328.5711,99367.53609,0
C30L34,34,30,-680525.42,-270806.641,0.1,0.9,5673.319695,78363.40981,0
C31L34,34,31,-630525.42,-270806.641,0.08,0.92,44751.2036,86068.2332,0
C32L34,34,32,-580525.42,-270806.641,0,1,94384.02322,116938.6913,0
C33L34,34,33,-530525.42,-270806.641,0,1,143790.5897,157929.0167,0
C34L34,34,34,-480525.42,-270806.641,0.03,0.97,176989.9114,202998.7465,0
C35L34,34,35,-430525.42,-270806.641,0.1,0.9,128050.8863,249950.8108,0
C36L34,34,36,-380525.42,-270806.641,0.06,0.94,80427.79492,297896.4998,0
C37L34,34,37,-330525.42,-270806.641,0.15,0.85,39245.77585,258862.0309,0
C38L34,34,38,-280525.42,-270806.641,0.08080808081,0.9191919192,38081.13028,208862.1202,0
C39L34,34,39,-230525.42,-270806.641,0.24,0.76,16283.02262,158862.2657,0
C40L34,34,40,-180525.42,-270806.641,0.37,0.63,25728.58799,108862.5449,0
C41L34,34,41,-130525.42,-270806.641,0.23,0.77,18234.53607,58863.29841,0
C42L34,34,42,-80525.42,-270806.641,0.32,0.68,458.6286376,8872.548208,0
C43L34,34,43,-30525.42,-270806.641,0.17,0.83,16764.1112,41140.68939,0
C44L34,34,44,19474.58,-270806.641,0.18,0.82,46484.91563,91139.40166,0
C45L34,34,45,69474.58,-270806.641,0,1,72492.88409,141139.0263,0
C46L34,34,46,119474.58,-270806.641,0,1,94185.78764,191138.8473,0
C47L34,34,47,169474.58,-270806.641,0.03,0.97,60386.05266,241138.7426,0
C48L34,34,48,219474.58,-270806.641,0.22,0.78,17909.34291,291138.6738,0
C49L34,34,49,269474.58,-270806.641,0.02,0.98,38559.4801,288880.3536,0
C50L34,34,50,319474.58,-270806.641,0.04,0.96,79435.67876,282046.1641,0
C51L34,34,51,369474.58,-270806.641,0.06,0.94,87080.65336,259976.9806,0
C52L34,34,52,419474.58,-270806.641,0.06,0.94,38734.47012,214882.0722,0
C53L34,34,53,469474.58,-270806.641,0.43,0.57,6019.431611,172512.5487,0
C54L34,34,54,519474.58,-270806.641,0.47,0.53,2715.818241,135450.559,0
C55L34,34,55,569474.58,-270806.641,0.49,0.51,2798.71671,109238.8595,0
C56L34,34,56,619474.58,-270806.641,0.66,0.34,7648.872415,102564.1405,0.002727321548
C57L34,34,57,669474.58,-270806.641,0.56,0.44,20484.72152,118767.3247,0
C58L34,34,58,719474.58,-270806.641,0.82,0.18,6053.465636,150638.4808,0
C59L34,34,59,769474.58,-270806.641,0.6632653061,0.3367346939,21920.80197,190468.4394,0.01525749785
C60L34,34,60,819474.58,-270806.641,0.1717171717,0.8282828283,41533.0001,234231.7248,0.7541158555
C61L34,34,61,869474.58,-270806.641,0.75,0.25,40156.57904,205633.6982,0.2469743463
C62L34,34,62,919474.58,-270806.641,0.88,0.12,7849.806644,155723.6783,0
C63L34,34,63,969474.58,-270806.641,0.41,0.59,10321.19995,105898.5842,0
C64L34,34,64,1019474.58,-270806.641,0.62,0.38,4688.112284,56384.00718,0
C65L34,34,65,1069474.58,-270806.641,0.4782608696,0.5217391304,3510.63481,11991.76404,0
C66L34,34,66,1119474.58,-270806.641,0.2105263158,0.7894736842,15001.12134,45917.84559,0
C67L34,34,67,1169474.58,-270806.641,0,0,21908.39385,95252.79357,0
C68L34,34,68,1219474.58,-270806.641,0,0,34653.08788,145043.9272,0
C69L34,34,69,1269474.58,-270806.641,0,0,47533.89229,194942.0092,0
C09L35,35,9,-1730525.42,-220806.641,0,1,286755.3017,997109.0068,0
C10L35,35,10,-1680525.42,-220806.641,0,1,299382.3088,964253.6212,0
C11L35,35,11,-1630525.42,-220806.641,0,1,269018.0836,932922.1407,0
C12L35,35,12,-1580525.42,-220806.641,0,1,239935.928,903273.1565,0
C13L35,35,13,-1530525.42,-220806.641,0,1,218558.39,871689.1397,0
C14L35,35,14,-1480525.42,-220806.641,0.0101010101,0.9898989899,207283.1159,822258.398,0.4189349212
C15L35,35,15,-1430525.42,-220806.641,0,1,207761.4266,772900.8926,0.2675708593
C16L35,35,16,-1380525.42,-220806.641,0.01,0.99,219916.6448,723631.6097,0
C17L35,35,17,-1330525.42,-220806.641,0,1,241995.5598,674469.8832,0.03296721556
C18L35,35,18,-1280525.42,-220806.641,0,1,271588.6066,625441.0764,0.03771034688
C19L35,35,19,-1230525.42,-220806.641,0,1,306527.1464,576579.0985,0
C20L35,35,20,-1180525.42,-220806.641,0,1,345191.8478,527930.2735,0
C21L35,35,21,-1130525.42,-220806.641,0,1,386465.952,479559.4754,0
C22L35,35,22,-1080525.42,-220806.641,0,1,370499.6345,431560.2011,0
C23L35,35,23,-1030525.42,-220806.641,0,1,322877.3697,384071.7693,0
C24L35,35,24,-980525.42,-220806.641,0,1,276055.3494,337310.0068,0
C25L35,35,25,-930525.42,-220806.641,0.01,0.99,229973.9358,291624.686,0
C26L35,35,26,-880525.42,-220806.641,0,1,182251.6309,247612.3467,0
C27L35,35,27,-830525.42,-220806.641,0.01,0.99,133456.0345,206346.2891,0.03665658017
C28L35,35,28,-780525.42,-220806.641,0,1,84753.9329,169840.2419,0.3249786763
C29L35,35,29,-730525.42,-220806.641,0.03,0.97,36997.12815,141818.9851,0.1697376972
C30L35,35,30,-680525.42,-220806.641,0.2,0.8,9545.899141,127982.5821,0
C31L35,35,31,-630525.42,-220806.641,0.11,0.89,55166.29738,132839.9717,0
C32L35,35,32,-580525.42,-220806.641,0,1,102810.9655,154639.4996,0
C33L35,35,33,-530525.42,-220806.641,0,1,151642.1219,187564.1,0
C34L35,35,34,-480525.42,-220806.641,0,1,158769.7194,226819.7707,0
C35L35,35,35,-430525.42,-220806.641,0,1,125753.6531,269655.5676,0
C36L35,35,36,-380525.42,-220806.641,0,1,76717.54688,312953.1331,0
C37L35,35,37,-330525.42,-220806.641,0.04,0.96,30938.36978,263729.9713,0
C38L35,35,38,-280525.42,-220806.641,0.21,0.79,4265.108202,214865.8464,0
C39L35,35,39,-230525.42,-220806.641,0.09,0.91,17540.67775,166676.8316,0
C40L35,35,40,-180525.42,-220806.641,0.14,0.86,14343.21358,119979.1665,0
C41L35,35,41,-130525.42,-220806.641,0.25,0.75,25744.20497,77516.67307,0
C42L35,35,42,-80525.42,-220806.641,0.28,0.72,9135.309419,51211.99874,0
C43L35,35,43,-30525.42,-220806.641,0.44,0.56,7432.72347,65088.42467,0
C44L35,35,44,19474.58,-220806.641,0.08,0.92,26332.4431,104164.9521,0
C45L35,35,45,69474.58,-220806.641,0.07070707071,0.9292929293,24337.35883,149880.5239,0
C46L35,35,46,119474.58,-220806.641,0,1,64869.49502,197681.5764,0
C47L35,35,47,169474.58,-220806.641,0,1,54136.09647,246357.1389,0
C48L35,35,48,219474.58,-220806.641,0.05,0.95,66407.55004,258232.2991,0
C49L35,35,49,269474.58,-220806.641,0.02,0.98,78001.48658,240379.0762,0
C50L35,35,50,319474.58,-220806.641,0.05,0.95,109215.5154,232121.2621,0
C51L35,35,51,369474.58,-220806.641,0.11,0.89,85203.49401,234474.8608,0
C52L35,35,52,419474.58,-220806.641,0.03,0.97,38400.82926,196151.9251,0
C53L35,35,53,469474.58,-220806.641,0.12,0.88,8611.163732,148532.3272,0
C54L35,35,54,519474.58,-220806.641,0.09,0.91,10512.58655,103189.7607,0
C55L35,35,55,569474.58,-220806.641,0.47,0.53,7935.920474,65072.27681,0
C56L35,35,56,619474.58,-220806.641,0.56,0.44,10514.4451,53110.03389,0
C57L35,35,57,669474.58,-220806.641,0.75,0.25,1687.569288,80043.42691,0
C58L35,35,58,719474.58,-220806.641,0.96,0.04,3095.812423,122446.8239,0
C59L35,35,59,769474.58,-220806.641,0.93,0.07,6522.131447,169054.7224,0.1583800691
C60L35,35,60,819474.58,-220806.641,0.66,0.34,24665.80012,217176.8258,0.1950421347
C61L35,35,61,869474.58,-220806.641,0.83,0.17,16237.42223,214145.4188,0
C62L35,35,62,919474.58,-220806.641,0.88,0.12,19079.22741,166801.998,0
C63L35,35,63,969474.58,-220806.641,0.83,0.17,20819.52098,121604.0816,0
C64L35,35,64,1019474.58,-220806.641,0.90625,0.09375,7076.849413,82171.76404,0
C65L35,35,65,1069474.58,-220806.641,0.5882352941,0.4117647059,19509.17235,60965.93265,0
C09L36,36,9,-1730525.42,-170806.641,0,1,314441.6335,1034710.481,0.03753061516
C10L36,36,10,-1680525.42,-170806.641,0,1,272161.829,1003087.461,0.03254940488
C11L36,36,11,-1630525.42,-170806.641,0,1,232960.4718,973007.2609,0.0245858205
C12L36,36,12,-1580525.42,-170806.641,0,1,198668.3208,929415.8148,0.0747572768
C13L36,36,13,-1530525.42,-170806.641,0,1,172242.9156,880386.6614,0
C14L36,36,14,-1480525.42,-170806.641,0,1,157690.0195,831473.1447,0.7650527012
C15L36,36,15,-1430525.42,-170806.641,0,1,158318.2318,782696.9446,0.6938804684
C16L36,36,16,-1380525.42,-170806.641,0,1,173963.1651,734085.4336,0.2526306471
C17L36,36,17,-1330525.42,-170806.641,0,1,201150.946,685673.64,0.01410573753
C18L36,36,18,-1280525.42,-170806.641,0,1,235924.1898,637507.0646,0.3499272324
C19L36,36,19,-1230525.42,-170806.641,0,1,275424.6605,589645.804,0
C20L36,36,20,-1180525.42,-170806.641,0,1,317895.0517,542170.7212,0
C21L36,36,21,-1130525.42,-170806.641,0,1,362292.4015,495192.8995,0
C22L36,36,22,-1080525.42,-170806.641,0,1,358040.8653,448868.4935,0
C23L36,36,23,-1030525.42,-170806.641,0.01,0.99,309091.2326,403422.6583,0
C24L36,36,24,-980525.42,-170806.641,0,1,260521.2553,359189.0283,0
C25L36,36,25,-930525.42,-170806.641,0,1,212539.1241,316675.9776,0
C26L36,36,26,-880525.42,-170806.641,0,1,164781.1135,276677.7757,0
C27L36,36,27,-830525.42,-170806.641,0,1,118293.5815,240452.7154,0.2938971905
C28L36,36,28,-780525.42,-170806.641,0,1,72384.11258,209962.9136,1
C29L36,36,29,-730525.42,-170806.641,0.01,0.99,24480.74007,188019.5252,0.6730024071
C30L36,36,30,-680525.42,-170806.641,0.07,0.93,23816.79408,177815.2373,0
C31L36,36,31,-630525.42,-170806.641,0,1,72467.81931,181342.7015,0
C32L36,36,32,-580525.42,-170806.641,0,1,120940.9295,197868.8762,0
C33L36,36,33,-530525.42,-170806.641,0,1,162142.7666,224541.7755,0
C34L36,36,34,-480525.42,-170806.641,0,1,121221.014,258236.182,0.1224890972
C35L36,36,35,-430525.42,-170806.641,0,1,89993.28691,296568.4448,0.1805415774
C36L36,36,36,-380525.42,-170806.641,0,1,80641.48529,324782.4045,0
C37L36,36,37,-330525.42,-170806.641,0,1,64053.5314,277664.2657,0
C38L36,36,38,-280525.42,-170806.641,0.03,0.97,48559.26358,231756.9388,0
C39L36,36,39,-230525.42,-170806.641,0.14,0.86,21945.41809,187949.7616,0
C40L36,36,40,-180525.42,-170806.641,0.52,0.48,10737.0647,148118.0175,0
C41L36,36,41,-130525.42,-170806.641,0.35,0.65,25090.52773,116416.4134,0
C42L36,36,42,-80525.42,-170806.641,0.39,0.61,35747.00779,100829.6361,0
C43L36,36,43,-30525.42,-170806.641,0.53,0.47,26122.11375,108537.7802,0
C44L36,36,44,19474.58,-170806.641,0.58,0.42,11236.9471,135625.5284,0
C45L36,36,45,69474.58,-170806.641,0.1,0.9,6404.807272,173228.5143,0
C46L36,36,46,119474.58,-170806.641,0.01,0.99,38307.80087,215921.1716,0
C47L36,36,47,169474.58,-170806.641,0.02,0.98,12133.1188,244777.4129,0
C48L36,36,48,219474.58,-170806.641,0.03,0.97,61862.24645,214509.1184,0
C49L36,36,49,269474.58,-170806.641,0.03,0.97,111833.1905,192645.6382,0
C50L36,36,50,319474.58,-170806.641,0.03,0.97,147809.7401,182237.5426,0
C51L36,36,51,369474.58,-170806.641,0.04,0.96,104788.8091,185226.0833,0
C52L36,36,52,419474.58,-170806.641,0.07,0.93,65835.18745,187342.6837,0
C53L36,36,53,469474.58,-170806.641,0.07,0.93,51844.47221,138329.8755,0
C54L36,36,54,519474.58,-170806.641,0.02,0.98,40407.12615,89159.40497,0
C55L36,36,55,569474.58,-170806.641,0.17,0.83,15982.09492,39187.67646,0
C56L36,36,56,619474.58,-170806.641,0.41,0.59,11395.39859,11043.02848,0
C57L36,36,57,669474.58,-170806.641,0.75,0.25,7003.084946,60895.18018,0
C58L36,36,58,719474.58,-170806.641,0.85,0.15,4970.817442,110880.5549,0
C59L36,36,59,769474.58,-170806.641,0.91,0.09,3004.910009,160875.0197,0
C60L36,36,60,819474.58,-170806.641,0.9,0.1,6196.086157,210872.1092,0
C61L36,36,61,869474.58,-170806.641,0.64,0.36,17150.00465,233305.1712,0
C62L36,36,62,919474.58,-170806.641,0.6701030928,0.3298969072,9467.511117,190777.2237,0
C63L36,36,63,969474.58,-170806.641,0.4833333333,0.5166666667,17771.21611,152841.7325,0
C64L36,36,64,1019474.58,-170806.641,0.5,0.5,11401.49974,123795.1588,0
C65L36,36,65,1069474.58,-170806.641,0,0,56992.36211,110859.7649,0
C09L37,37,9,-1730525.42,-120806.641,0,1,292870.9494,1073324.364,0.2789824567
C10L37,37,10,-1680525.42,-120806.641,0,1,246924.9142,1037554.163,0.859991597
C11L37,37,11,-1630525.42,-120806.641,0,1,202904.9865,988830.3987,0.935603874
C12L37,37,12,-1580525.42,-120806.641,0,1,162385.202,940240.6469,0.9699760565
C13L37,37,13,-1530525.42,-120806.641,0,1,128714.7004,891806.8125,0.4253138837
C14L37,37,14,-1480525.42,-120806.641,0,1,108471.1684,843555.7525,0.02957896163
C15L37,37,15,-1430525.42,-120806.641,0,1,109382.4239,795520.7253,0.21806474
C16L37,37,16,-1380525.42,-120806.641,0,1,131007.7667,747743.3659,0.4473623123
C17L37,37,17,-1330525.42,-120806.641,0,1,165413.2861,700276.4154,0.06029712695
C18L37,37,18,-1280525.42,-120806.641,0,1,206300.9343,653187.5494,0
C19L37,37,19,-1230525.42,-120806.641,0.01,0.99,250516.6576,606564.8288,0
C20L37,37,20,-1180525.42,-120806.641,0,1,293517.6599,560524.5831,0
C21L37,37,21,-1130525.42,-120806.641,0,1,332391.7213,515222.9857,0
C22L37,37,22,-1080525.42,-120806.641,0,1,312367.6297,470873.2757,0
C23L37,37,23,-1030525.42,-120806.641,0,1,299437.4989,427771.6196,0
C24L37,37,24,-980525.42,-120806.641,0,1,251699.6203,386335.9617,0
C25L37,37,25,-930525.42,-120806.641,0,1,202113.1037,347163.3508,0
C26L37,37,26,-880525.42,-120806.641,0.01,0.99,152478.362,311109.802,0
C27L37,37,27,-830525.42,-120806.641,0,1,103091.4246,279385.4428,0.4499961125
C28L37,37,28,-780525.42,-120806.641,0,1,54501.53183,253620.0749,1
C29L37,37,29,-730525.42,-120806.641,0.01,0.99,7059.90041,235775.4423,0.9590885584
C30L37,37,30,-680525.42,-120806.641,0,1,38847.73679,227721.2681,0.2929768368
C31L37,37,31,-630525.42,-120806.641,0,1,85376.94127,230486.2094,0
C32L37,37,32,-580525.42,-120806.641,0,1,133459.0598,243702.2968,0
C33L37,37,33,-530525.42,-120806.641,0,1,144142.2463,265815.2107,0.03718221969
C34L37,37,34,-480525.42,-120806.641,0,1,95818.81153,294829.8544,0.8892665088
C35L37,37,35,-430525.42,-120806.641,0.01,0.99,50847.83285,328924.8543,0.6634646478
C36L37,37,36,-380525.42,-120806.641,0,1,31460.44448,343551.3891,0
C37L37,37,37,-330525.42,-120806.641,0.01,0.99,63622.06081,299401.722,0
C38L37,37,38,-280525.42,-120806.641,0,1,61233.06304,257400.904,0
C39L37,37,39,-230525.42,-120806.641,0.04,0.96,28773.76534,218789.9897,0
C40L37,37,40,-180525.42,-120806.641,0.01,0.99,51458.07067,185695.7022,0
C41L37,37,41,-130525.42,-120806.641,0,1,74806.77118,161544.8173,0
C42L37,37,42,-80525.42,-120806.641,0,1,84652.46507,150700.2396,0
C43L37,37,43,-30525.42,-120806.641,0,1,72394.54158,155962.8046,0
C44L37,37,44,19474.58,-120806.641,0.03,0.97,60861.23304,175892.668,0
C45L37,37,45,69474.58,-120806.641,0.03,0.97,51778.80286,206281.5185,0
C46L37,37,46,119474.58,-120806.641,0.21,0.79,42096.92824,243240.4141,0
C47L37,37,47,169474.58,-120806.641,0.12,0.88,7950.899368,210347.863,0
C48L37,37,48,219474.58,-120806.641,0.03,0.97,57916.16557,174196.4509,0
C49L37,37,49,269474.58,-120806.641,0.02,0.98,105350.3501,146432.8635,0
C50L37,37,50,319474.58,-120806.641,0,1,126363.8673,132441.5476,0
C51L37,37,51,369474.58,-120806.641,0.08,0.92,132507.9109,136524.5163,0
C52L37,37,52,419474.58,-120806.641,0.01,0.99,109306.7659,157280.3979,0
C53L37,37,53,469474.58,-120806.641,0.0202020202,0.9797979798,91704.54489,135843.7964,0
C54L37,37,54,519474.58,-120806.641,0.03,0.97,42172.04402,86552.93371,0
C55L37,37,55,569474.58,-120806.641,0.01,0.99,3648.177307,39106.05633,0
C56L37,37,56,619474.58,-120806.641,0.15,0.85,4397.531072,23815.05719,0
C57L37,37,57,669474.58,-120806.641,0.82,0.18,7321.537298,67860.37325,0
C58L37,37,58,719474.58,-120806.641,0.75,0.25,1456.608534,116802.8406,0
C59L37,37,59,769474.58,-120806.641,0.72,0.28,5047.731301,166375.4095,0
C60L37,37,60,819474.58,-120806.641,0.6931818182,0.3068181818,3762.832603,216144.9749,0
C61L37,37,61,869474.58,-120806.641,0.4444444444,0.5555555556,13558.34225,260776.4281,0
C62L37,37,62,919474.58,-120806.641,0.15,0.85,31344.47573,223537.4501,0
C63L37,37,63,969474.58,-120806.641,0,1,62958.95592,192181.2627,0
C08L38,38,8,-1780525.42,-70806.641,0,0,327833.3797,1143619.659,9.749967749e-06
C09L38,38,9,-1730525.42,-70806.641,0,1,278699.2019,1097948.287,0.6616261098
C10L38,38,10,-1680525.42,-70806.641,0,1,229938.6123,1049646.301,0.9995961428
C11L38,38,11,-1630525.42,-70806.641,0,1,181852.3733,1001510.996,1.000243835
C12L38,38,12,-1580525.42,-70806.641,0,1,135162.1469,953567.6124,0.999897042
C13L38,38,13,-1530525.42,-70806.641,0,1,92018.07558,905846.6251,0.9983420092
C14L38,38,14,-1480525.42,-70806.641,0,1,60546.23448,858385.1263,0.7807778838
C15L38,38,15,-1430525.42,-70806.641,0,1,62164.03128,811228.6618,0.9517531972
C16L38,38,16,-1380525.42,-70806.641,0.01,0.99,95199.19674,764433.6848,0.7811871478
C17L38,38,17,-1330525.42,-70806.641,0,1,138785.4724,718070.8707,0.4721452011
C18L38,38,18,-1280525.42,-70806.641,0,1,184523.6317,672229.6423,0.3168595692
C19L38,38,19,-1230525.42,-70806.641,0.02,0.98,223775.0294,627024.4085,0.06296902117
C20L38,38,20,-1180525.42,-70806.641,0.01,0.99,266648.752,582603.2317,0
C21L38,38,21,-1130525.42,-70806.641,0.01,0.99,289021.4724,539159.9413,0
C22L38,38,22,-1080525.42,-70806.641,0.01,0.99,265749.3014,496951.0631,0
C23L38,38,23,-1030525.42,-70806.641,0,1,250423.583,456319.2697,0
C24L38,38,24,-980525.42,-70806.641,0,1,244542.9422,417725.0204,0
C25L38,38,25,-930525.42,-70806.641,0,1,196770.8217,381786.7329,0
C26L38,38,26,-880525.42,-70806.641,0,1,147627.9325,349325.101,0
C27L38,38,27,-830525.42,-70806.641,0,1,98383.38399,321395.3064,0.06548172001
C28L38,38,28,-780525.42,-70806.641,0,1,48714.52323,299268.8753,0.9505744544
C29L38,38,29,-730525.42,-70806.641,0,1,3882.065712,284304.0212,1
C30L38,38,30,-680525.42,-70806.641,0.03,0.97,50652.12543,277661.1123,0.5163280864
C31L38,38,31,-630525.42,-70806.641,0,1,100579.3477,279933.2242,0.361803665
C32L38,38,32,-580525.42,-70806.641,0,1,139939.0339,290911.5446,0.3261788751
C33L38,38,33,-530525.42,-70806.641,0,1,121082.6137,309671.5091,0.1244214928
C34L38,38,34,-480525.42,-70806.641,0,1,93101.85316,334907.9879,0.7385359727
C35L38,38,35,-430525.42,-70806.641,0.02,0.98,45521.56107,365281.0933,0.8896194243
C36L38,38,36,-380525.42,-70806.641,0,1,21828.19241,368200.358,0.001085441699
C37L38,38,37,-330525.42,-70806.641,0,1,24144.23477,327391.7193,0
C38L38,38,38,-280525.42,-70806.641,0,1,65318.1419,289480.8665,0
C39L38,38,39,-230525.42,-70806.641,0,1,78576.44538,255759.6651,0.1128645118
C40L38,38,40,-180525.42,-70806.641,0,1,90844.36874,228093.9291,0.4126400225
C41L38,38,41,-130525.42,-70806.641,0,1,120329.0738,208903.5057,0
C42L38,38,42,-80525.42,-70806.641,0,1,132120.5181,200635.2634,0
C43L38,38,43,-30525.42,-70806.641,0,1,120494.8315,204617.5533,0
C44L38,38,44,19474.58,-70806.641,0,1,110823.7808,220186.6875,0
C45L38,38,45,69474.58,-70806.641,0,1,99576.37476,245144.8787,0
C46L38,38,46,119474.58,-70806.641,0.1,0.9,52272.76119,229081.394,0
C47L38,38,47,169474.58,-70806.641,0.1919191919,0.8080808081,22289.70624,183238.8198,0
C48L38,38,48,219474.58,-70806.641,0,1,56207.51706,140266.3363,0
C49L38,38,49,269474.58,-70806.641,0,1,71600.08943,103792.2209,0
C50L38,38,50,319474.58,-70806.641,0,1,76578.14185,82891.52635,0
C51L38,38,51,369474.58,-70806.641,0.05,0.95,86340.78588,89270.29268,0
C52L38,38,52,419474.58,-70806.641,0.02,0.98,118512.6609,118605.9238,0
C53L38,38,53,469474.58,-70806.641,0,1,100312.4174,150903.6766,0
C54L38,38,54,519474.58,-70806.641,0,1,58577.6307,108672.8711,0
C55L38,38,55,569474.58,-70806.641,0,1,35684.24907,76470.03475,0
C56L38,38,56,619474.58,-70806.641,0.07228915663,0.9277108434,6192.56483,69896.63455,0
C57L38,38,57,669474.58,-70806.641,0.1785714286,0.8214285714,13219.13659,94463.81757,0
C58L38,38,58,719474.58,-70806.641,0.3157894737,0.6842105263,4051.460581,134019.7229,0
C59L38,38,59,769474.58,-70806.641,0.1428571429,0.8571428571,17998.43827,178883.0888,0
C60L38,38,60,819474.58,-70806.641,0,1,24384.39581,225913.7728,0
C08L39,39,8,-1780525.42,-20806.641,0.02083333333,0.9791666667,323070.5449,1159509.483,0.4877117682
C09L39,39,9,-1730525.42,-20806.641,0.02,0.98,273080.7523,1111633.554,1
C10L39,39,10,-1680525.42,-20806.641,0,1,223095.5345,1063953.042,1
C11L39,39,11,-1630525.42,-20806.641,0,1,173118.8546,1016495.446,1
C12L39,39,12,-1580525.42,-20806.641,0,1,123161.1062,969293.5101,1
C13L39,39,13,-1530525.42,-20806.641,0,1,73261.02895,922386.4838,1
C14L39,39,14,-1480525.42,-20806.641,0.02,0.98,23784.42008,875821.7526,0.9071947067
C15L39,39,15,-1430525.42,-20806.641,0.03,0.97,27644.50966,829656.9526,0.6730456846
C16L39,39,16,-1380525.42,-20806.641,0.01,0.99,77218.77486,783962.7388,0.7425151061
C17L39,39,17,-1330525.42,-20806.641,0.01,0.99,113893.0102,738826.4293,0.4841371817
C18L39,39,18,-1280525.42,-20806.641,0.03,0.97,154912.5912,694356.8314,0.2621369427
C19L39,39,19,-1230525.42,-20806.641,0,1,200060.501,650690.6532,0.3971376925
C20L39,39,20,-1180525.42,-20806.641,0,1,247083.9882,608001.0221,0
C21L39,39,21,-1130525.42,-20806.641,0,1,248158.35,566508.7463,0
C22L39,39,22,-1080525.42,-20806.641,0.01,0.99,220616.9675,526496.9862,0
C23L39,39,23,-1030525.42,-20806.641,0.01,0.99,201893.8484,488329.7996,0
C24L39,39,24,-980525.42,-20806.641,0.01,0.99,194551.8073,452474.2092,0
C25L39,39,25,-930525.42,-20806.641,0,1,186546.1426,419523.3328,0
C26L39,39,26,-880525.42,-20806.641,0,1,137556.6458,390213.7152,0
C27L39,39,27,-830525.42,-20806.641,0,1,89494.4273,365422.5777,0
C28L39,39,28,-780525.42,-20806.641,0,1,41286.67961,346122.1996,0.1871179191
C29L39,39,29,-730525.42,-20806.641,0,1,7679.703057,333267.901,0.6400337363
C30L39,39,30,-680525.42,-20806.641,0,1,56994.13949,327619.3074,1
C31L39,39,31,-630525.42,-20806.641,0,1,106715.8123,329547.155,1.000118033
C32L39,39,32,-580525.42,-20806.641,0,1,94786.0717,338922.18,1
C33L39,39,33,-530525.42,-20806.641,0,1,73353.14118,355155.1223,0.8190775427
C34L39,39,34,-480525.42,-20806.641,0,1,69224.35439,377361.9982,0.7843763122
C35L39,39,35,-430525.42,-20806.641,0.01,0.99,73923.14597,404560.2482,0.3519759785
C36L39,39,36,-380525.42,-20806.641,0,1,45644.50903,397637.3352,0
C37L39,39,37,-330525.42,-20806.641,0,1,3853.115906,360179.5171,0
C38L39,39,38,-280525.42,-20806.641,0.01,0.99,45133.22318,326102.9267,0
C39L39,39,39,-230525.42,-20806.641,0,1,92359.4264,296575.3749,0.4340268244
C40L39,39,40,-180525.42,-20806.641,0,1,136378.2517,273076.5226,0.7247332611
C41L39,39,41,-130525.42,-20806.641,0,1,160241.908,257263.7196,0
C42L39,39,42,-80525.42,-20806.641,0,1,180411.2307,250596.2003,0.02399159044
C43L39,39,43,-30525.42,-20806.641,0,1,169344.3946,253795.764,0
C44L39,39,44,19474.58,-20806.641,0,1,160476.0686,266507.2683,0
C45L39,39,45,69474.58,-20806.641,0,1,121399.7997,265914.1716,0
C46L39,39,46,119474.58,-20806.641,0.01,0.99,86918.91918,216352.783,0
C47L39,39,47,169474.58,-20806.641,0,1,72248.69329,167053.0057,0
C48L39,39,48,219474.58,-20806.641,0,1,48069.50168,118342.244,0
C49L39,39,49,269474.58,-20806.641,0.02,0.98,22356.29941,71435.75251,0
C50L39,39,50,319474.58,-20806.641,0.01,0.99,27578.91698,34659.00679,0
C51L39,39,51,369474.58,-20806.641,0,1,48488.30951,47952.33849,0
C52L39,39,52,419474.58,-20806.641,0.02,0.98,94560.22238,91638.45689,0
C53L39,39,53,469474.58,-20806.641,0.01,0.99,129288.1998,139627.3139,0
C54L39,39,54,519474.58,-20806.641,0,1,100420.0993,145355.3421,0
C55L39,39,55,569474.58,-20806.641,0,1,65993.02926,123150.5127,0
C56L39,39,56,619474.58,-20806.641,0,1,49705.34941,119180.2085,0
C08L40,40,8,-1780525.42,29193.359,0.03389830508,0.9661016949,323221.6081,1174606.725,0.6108907208
C09L40,40,9,-1730525.42,29193.359,0.04,0.96,273221.6096,1127372.111,1
C10L40,40,10,-1680525.42,29193.359,0.02,0.98,223221.6118,1080386.409,1
C11L40,40,11,-1630525.42,29193.359,0.01,0.99,173221.6153,1033683.563,1
C12L40,40,12,-1580525.42,29193.359,0,1,123221.6217,987303.7152,1
C13L40,40,13,-1530525.42,29193.359,0,1,73221.63668,941294.61,1
C14L40,40,14,-1480525.42,29193.359,0.01,0.99,23221.71632,895713.3803,0.4348135494
C15L40,40,15,-1430525.42,29193.359,0.01,0.99,26778.50143,850628.8123,0.4244001329
C16L40,40,16,-1380525.42,29193.359,0,1,43523.15369,806124.2418,0.6694762144
C17L40,40,17,-1330525.42,29193.359,0,1,88997.51711,762301.2593,0.6892112478
C18L40,40,18,-1280525.42,29193.359,0,1,137647.5615,719284.4546,0.5079004866
C19L40,40,19,-1230525.42,29193.359,0,1,187011.0808,677227.468,0.645659958
C20L40,40,20,-1180525.42,29193.359,0,1,236642.0028,636320.6426,0
C21L40,40,21,-1130525.42,29193.359,0,1,211262.211,596800.5337,0
C22L40,40,22,-1080525.42,29193.359,0,1,178103.9064,558961.3526,0
C23L40,40,23,-1030525.42,29193.359,0,1,154305.8041,523167.9563,0
C24L40,40,24,-980525.42,29193.359,0,1,144566.8041,489868.9899,0
C25L40,40,25,-930525.42,29193.359,0,1,151620.7127,459606.9452,0
C26L40,40,26,-880525.42,29193.359,0,1,132612.696,433019.0075,0
C27L40,40,27,-830525.42,29193.359,0,1,82613.18394,410819.1544,0
C28L40,40,28,-780525.42,29193.359,0,1,32615.16784,393750.2944,0
C29L40,40,29,-730525.42,29193.359,0.05,0.95,17120.64448,382499.9492,0.01170275899
C30L40,40,30,-680525.42,29193.359,0,1,67107.10095,377588.5696,0.7777849005
C31L40,40,31,-630525.42,29193.359,0,1,60437.15462,379262.501,0.9998912592
C32L40,40,32,-580525.42,29193.359,0,1,46108.95294,387436.3966,1
C33L40,40,33,-530525.42,29193.359,0,1,28379.14173,401713.6769,1
C34L40,40,34,-480525.42,29193.359,0,1,21443.41548,421474.5484,0.6464407996
C35L40,40,35,-430525.42,29193.359,0,1,26026.01282,445990.7081,0
C36L40,40,36,-380525.42,29193.359,0,1,23010.30994,430882.115,0
C37L40,40,37,-330525.42,29193.359,0,1,16032.88346,396576.892,0
C38L40,40,38,-280525.42,29193.359,0,1,32974.51297,365905.815,0
C39L40,40,39,-230525.42,29193.359,0,1,82943.19241,339854.233,0.4661741806
C40L40,40,40,-180525.42,29193.359,0,1,131734.6863,319553.9609,0.5130824733
C41L40,40,41,-130525.42,29193.359,0,1,181028.534,306151.2177,0.07556255755
C42L40,40,42,-80525.42,29193.359,0,1,229206.3979,300570.1288,0.7189087248
C43L40,40,43,-30525.42,29193.359,0,1,209581.3717,303242.8673,0.7617221014
C44L40,40,44,19474.58,29193.359,0,1,166655.9021,313958.7087,0.1257150734
C45L40,40,45,69474.58,29193.359,0,1,128934.2004,264651.8246,0
C46L40,40,46,119474.58,29193.359,0,1,101802.1951,214799.3676,0
C47L40,40,47,169474.58,29193.359,0,1,81102.66667,165036.2031,0
C48L40,40,48,219474.58,29193.359,0,1,46138.8588,115477.8262,0
C49L40,40,49,269474.58,29193.359,0.01,0.99,11395.16956,66583.09356,0
C50L40,40,50,319474.58,29193.359,0.04,0.96,4497.239487,23054.03137,0
C51L40,40,51,369474.58,29193.359,0,1,44137.03193,40369.15131,0
C52L40,40,52,419474.58,29193.359,0,1,92117.21347,87908.1816,0
C53L40,40,53,469474.58,29193.359,0,1,141482.5826,137207.975,0
C54L40,40,54,519474.58,29193.359,0,1,136644.8388,186880.198,0
C08L41,41,8,-1780525.42,79193.359,0,1,326948.1582,1191612.217,0.1358243424
C09L41,41,9,-1730525.42,79193.359,0.04545454545,0.9545454545,277263.8089,1145079.296,0.4304488223
C10L41,41,10,-1680525.42,79193.359,0.03947368421,0.9605263158,227717.6791,1098850.995,0.7453932708
C11L41,41,11,-1630525.42,79193.359,0,1,178424.9505,1052967.439,1
C12L41,41,12,-1580525.42,79193.359,0,1,129674.9189,1007475.728,1
C13L41,41,13,-1530525.42,79193.359,0,1,81041.27282,962431.4314,1
C14L41,41,14,-1480525.42,79193.359,0.01,0.99,35134.5301,917900.4178,0.6306599768
C15L41,41,15,-1430525.42,79193.359,0.01,0.99,18459.17029,873961.1511,0.1066097129
C16L41,41,16,-1380525.42,79193.359,0,1,42932.56551,830707.5361,0.4876573197
C17L41,41,17,-1330525.42,79193.359,0,1,88710.19291,788252.4515,0.8285747511
C18L41,41,18,-1280525.42,79193.359,0,1,137461.9637,746732.1099,0.8109264275
C19L41,41,19,-1230525.42,79193.359,0,1,186874.5157,706311.3766,0.9523452963
C20L41,41,20,-1180525.42,79193.359,0,1,224925.7594,667190.136,0.4516736078
C21L41,41,21,-1130525.42,79193.359,0,1,180778.5301,629610.6688,0.1866321111
C22L41,41,22,-1080525.42,79193.359,0,1,140606.389,593865.7349,0.01614684137
C23L41,41,23,-1030525.42,79193.359,0,1,108901.039,560306.5481,0
C24L41,41,24,-980525.42,79193.359,0,1,94597.65317,529348.9819,0.07786579716
C25L41,41,25,-930525.42,79193.359,0,1,103781.6303,501475.0855,0
C26L41,41,26,-880525.42,79193.359,0,1,129036.9679,477225.5003,0
C27L41,41,27,-830525.42,79193.359,0,1,89800.81404,457177.3123,0
C28L41,41,28,-780525.42,79193.359,0,1,42750.39726,441902.7174,0
C29L41,41,29,-730525.42,79193.359,0.16,0.84,1481.416634,431908.4723,0
C30L41,41,30,-680525.42,79193.359,0.19,0.81,32785.32796,427565.0187,0.01128337613
C31L41,41,31,-630525.42,79193.359,0.33,0.67,16630.50997,429044.0094,0.2499979336
C32L41,41,32,-580525.42,79193.359,0.03,0.97,3969.016764,436286.2349,0.735277579
C33L41,41,33,-530525.42,79193.359,0,1,15865.3993,449012.9124,0.9744405231
C34L41,41,34,-480525.42,79193.359,0,1,26744.3693,466775.6552,0.3653041091
C35L41,41,35,-430525.42,79193.359,0,1,21430.62654,489026.0004,0
C36L41,41,36,-380525.42,79193.359,0.01,0.99,24908.4773,467122.4077,0
C37L41,41,37,-330525.42,79193.359,0,1,10426.03551,435680.1326,0
C38L41,41,38,-280525.42,79193.359,0,1,32333.38339,407959.5718,0.006453458666
C39L41,41,39,-230525.42,79193.359,0,1,80301.28148,384765.9631,0.606146379
C40L41,41,40,-180525.42,79193.359,0,1,129649.9816,366958.6906,0.4883956172
C41L41,41,41,-130525.42,79193.359,0,1,179359.805,355348.4414,0.5258381763
C42L41,41,42,-80525.42,79193.359,0,1,229195.9021,350551.4927,1
C43L41,41,43,-30525.42,79193.359,0,1,191998.0028,352845.835,0.9722378265
C44L41,41,44,19474.58,79193.359,0.01,0.99,143920.3648,321360.6228,0.1453863535
C45L41,41,45,69474.58,79193.359,0,1,97790.13101,272710.1573,0
C46L41,41,46,119474.58,79193.359,0,1,58418.73028,224653.0879,0.5188261081
C47L41,41,47,169474.58,79193.359,0,1,41039.70794,177671.5788,0.1511946539
C48L41,41,48,219474.58,79193.359,0.08,0.92,10424.72895,132911.1355,0
C49L41,41,49,269474.58,79193.359,0.1313131313,0.8686868687,4357.417533,93613.83422,0
C50L41,41,50,319474.58,79193.359,0.05050505051,0.9494949495,5238.517951,69726.10683,0
C51L41,41,51,369474.58,79193.359,0.14,0.86,49701.19134,77200.45329,0
C52L41,41,52,419474.58,79193.359,0.01149425287,0.9885057471,95753.80312,109809.3348,0
C53L41,41,53,469474.58,79193.359,0,0,143550.8149,152171.8437,0
C08L42,42,8,-1780525.42,129193.359,0,1,335816.5331,1210445.535,0.09077237041
C09L42,42,9,-1730525.42,129193.359,0,1,287190.608,1164665.321,0.5807947612
C10L42,42,10,-1680525.42,129193.359,0.03333333333,0.9666666667,239050.6069,1119246.276,0.9011067501
C11L42,42,11,-1630525.42,129193.359,0.02,0.98,191864.3791,1074234.213,1
C12L42,42,12,-1580525.42,129193.359,0,1,145514.3489,1029682.505,1
C13L42,42,13,-1530525.42,129193.359,0.02,0.98,97547.26701,985653.5788,1
C14L42,42,14,-1480525.42,129193.359,0,1,51711.1679,942220.7248,0.9423012558
C15L42,42,15,-1430525.42,129193.359,0.03571428571,0.9642857143,6471.404559,899470.2947,0.01396565702
C16L42,42,16,-1380525.42,129193.359,0,1,48947.2628,857504.3602,0
C17L42,42,17,-1330525.42,129193.359,0,1,98157.66042,816443.9017,0.02569658174
C18L42,42,18,-1280525.42,129193.359,0,1,147898.675,776432.5865,0.07495239703
C19L42,42,19,-1230525.42,129193.359,0,1,197770.3462,737641.1581,0.4138364395
C20L42,42,20,-1180525.42,129193.359,0,1,208903.6917,700272.3719,0.8904729987
C21L42,42,21,-1130525.42,129193.359,0,1,160405.8355,664566.2583,0.9994106812
C22L42,42,22,-1080525.42,129193.359,0,1,113222.3995,630805.2222,0.7781062245
C23L42,42,23,-1030525.42,129193.359,0,1,70061.34053,599318.0668,0.2414891139
C24L42,42,24,-980525.42,129193.359,0,1,44697.55161,570481.43,0.8262137944
C25L42,42,25,-930525.42,129193.359,0,1,58807.00755,544716.4204,0.4689221769
C26L42,42,26,-880525.42,129193.359,0,1,92960.81269,522477.6507,0
C27L42,42,27,-830525.42,129193.359,0,1,67395.25288,504231.9032,0
C28L42,42,28,-780525.42,129193.359,0,1,36291.33432,490425.0493,0
C29L42,42,29,-730525.42,129193.359,0.17,0.83,15231.5096,481439.1403,0
C30L42,42,30,-680525.42,129193.359,0.21,0.79,11740.24127,477546.3983,0.08324843224
C31L42,42,31,-630525.42,129193.359,0.05,0.95,29830.51518,478871.0466,0.5976124922
C32L42,42,32,-580525.42,129193.359,0,1,50125.96026,485370.37,0.1715436064
C33L42,42,33,-530525.42,129193.359,0,1,62440.67017,496841.3357,0.03551649054
C34L42,42,34,-480525.42,129193.359,0,1,75811.24762,512950.5138,0
C35L42,42,35,-430525.42,129193.359,0,1,70772.12191,533277.7385,0
C36L42,42,36,-380525.42,129193.359,0,1,72401.54092,505714.6334,0
C37L42,42,37,-330525.42,129193.359,0,1,56573.28424,476823.9976,0
C38L42,42,38,-280525.42,129193.359,0,1,64736.93718,451635.8698,0.004729073875
C39L42,42,39,-230525.42,129193.359,0,1,100741.905,430800.1777,0.9372310755
C40L42,42,40,-180525.42,129193.359,0,1,144085.523,414973.0441,1
C41L42,42,41,-130525.42,129193.359,0,1,190365.7203,404742.4632,1
C42L42,42,42,-80525.42,129193.359,0,1,236542.3354,400537.5085,0.9744124776
C43L42,42,43,-30525.42,129193.359,0,1,186553.2491,382759.3389,0.3933767174
C44L42,42,44,19474.58,129193.359,0,1,136572.1534,335563.5432,0
C45L42,42,45,69474.58,129193.359,0,1,86612.8825,289311.3747,0.05925698117
C46L42,42,46,119474.58,129193.359,0,1,36764.5174,244538.8548,0.9227971719
C47L42,42,47,169474.58,129193.359,0.05,0.95,8324.327962,202231.134,0.3384955428
C48L42,42,48,219474.58,129193.359,0.02,0.98,25912.12491,164303.4131,0
C49L42,42,49,269474.58,129193.359,0.01,0.99,53119.58307,134513.165,0
C50L42,42,50,319474.58,129193.359,0.08,0.92,10373.22695,119130.0616,0
C51L42,42,51,369474.58,129193.359,0.03,0.97,31749.99292,123653.3526,0
C52L42,42,52,419474.58,129193.359,0.06,0.94,79243.25395,146247.5012,0
C53L42,42,53,469474.58,129193.359,0,1,126954.429,180240.1499,0
C08L43,43,8,-1780525.42,179193.359,0,1,349842.0282,1231022.791,0.1217579285
C09L43,43,9,-1730525.42,179193.359,0.03260869565,0.9673913043,303328.3872,1186037.111,0.9270408138
C10L43,43,10,-1680525.42,179193.359,0,1,255086.6668,1141468.766,0.8751983339
C11L43,43,11,-1630525.42,179193.359,0.01111111111,0.9888888889,206002.5285,1097368.608,0.8656965992
C12L43,43,12,-1580525.42,179193.359,0.02127659574,0.9787234043,157495.6378,1053795.416,0.9211609384
C13L43,43,13,-1530525.42,179193.359,0,1,110330.0056,1010817.34,1
C14L43,43,14,-1480525.42,179193.359,0,1,67383.56119,968513.6094,0.9834922147
C15L43,43,15,-1430525.42,179193.359,0,0,43684.99181,926976.5522,0.004518417509
C20L43,43,20,-1180525.42,179193.359,0,1,204181.0655,735268.7347,0.08203111017
C21L43,43,21,-1130525.42,179193.359,0,1,154205.0168,701346.5826,0.5222207328
C22L43,43,22,-1080525.42,179193.359,0,1,104251.9395,669443.0115,1
C23L43,43,23,-1030525.42,179193.359,0,1,54385.16867,639860.0335,1
C24L43,43,24,-980525.42,179193.359,0,1,6857.569105,612933.7478,1
C25L43,43,25,-930525.42,179193.359,0,1,23348.60105,589028.6037,0.985916374
C26L43,43,26,-880525.42,179193.359,0,1,45574.80596,568525.8242,0.5179962925
C27L43,43,27,-830525.42,179193.359,0,1,38685.31963,551804.793,0.06653858204
C28L43,43,28,-780525.42,179193.359,0.09,0.91,5092.419359,539217.4388,0
C29L43,43,29,-730525.42,179193.359,0.05,0.95,25179.26124,531057.7775,0
C30L43,43,30,-680525.42,179193.359,0.01,0.99,50360.96074,527531.307,0.08996106611
C31L43,43,31,-630525.42,179193.359,0,1,77984.79388,528730.7411,0.7913238528
C32L43,43,32,-580525.42,179193.359,0,1,95125.46796,534624.2731,0.08813569539
C34L43,43,34,-480525.42,179193.359,0,1,125537.3857,559782.9463,0
C35L43,43,35,-430525.42,179193.359,0,1,120576.1064,575914.4059,0
C36L43,43,36,-380525.42,179193.359,0,1,121474.9209,546160.45,0
C37L43,43,37,-330525.42,179193.359,0,1,105606.4262,519523.8891,0
C38L43,43,38,-280525.42,179193.359,0,1,110195.5163,496506.7025,0.02246921715
C39L43,43,39,-230525.42,179193.359,0,1,134660.2627,477632.4317,0.8346531681
C40L43,43,40,-180525.42,179193.359,0,1,170548.6901,463407.5679,1
C41L43,43,41,-130525.42,179193.359,0,1,212060.3944,454269.0923,1
C42L43,43,42,-80525.42,179193.359,0,1,242675.0052,446919.202,0.3533817789
C43L43,43,43,-30525.42,179193.359,0,1,194270.4209,401042.3333,0
C44L43,43,44,19474.58,179193.359,0,1,146938.2006,356276.7648,0
C45L43,43,45,69474.58,179193.359,0,1,102179.612,313099.5259,0.128199714
C46L43,43,46,119474.58,179193.359,0,1,65501.99563,272267.3193,0.2977222188
C47L43,43,47,169474.58,179193.359,0,1,56038.82365,235005.6875,0
C48L43,43,48,219474.58,179193.359,0,1,69804.78572,203287.6119,0
C49L43,43,49,269474.58,179193.359,0,1,71580.83646,180066.7465,0
C50L43,43,50,319474.58,179193.359,0.02,0.98,22017.70996,168885.2072,0
C51L43,43,51,369474.58,179193.359,0,1,24904.99037,172105.7617,0
C52L43,43,52,419474.58,179193.359,0,1,73007.75099,188993.5798,0
C53L43,43,53,469474.58,179193.359,0,1,121571.6065,216371.794,0
C09L44,44,9,-1730525.42,229193.359,0,0,315543.7732,1209099.973,0.0004655581242
C12L44,44,12,-1580525.42,229193.359,0,1,177964.534,1079686.758,0.1775146245
C13L44,44,13,-1530525.42,229193.359,0,1,137982.6422,1037781.486,0.4334526967
C14L44,44,14,-1480525.42,229193.359,0.02325581395,0.976744186,106803.7628,996622.9622,0.4897973608
C21L44,44,21,-1130525.42,229193.359,0,1,163793.5968,739679.4889,0.09191062051
C22L44,44,22,-1080525.42,229193.359,0,1,117972.9716,709501.7005,0.4946523552
C23L44,44,23,-1030525.42,229193.359,0,1,77504.20444,681659.4309,0.9287566254
C24L44,44,24,-980525.42,229193.359,0,1,49483.34715,656449.9193,1
C25L44,44,25,-930525.42,229193.359,0,1,18316.65738,634187.2068,1
C26L44,44,26,-880525.42,229193.359,0,1,21527.87049,615191.2955,0.6047559927
C27L44,44,27,-830525.42,229193.359,0.14,0.86,6505.447038,599772.6627,0.4051420726
C28L44,44,28,-780525.42,229193.359,0.26,0.74,6779.509618,588212.6857,0
C29L44,44,29,-730525.42,229193.359,0.11,0.89,45621.51331,580741.8363,0
C30L44,44,30,-680525.42,229193.359,0.01,0.99,80638.38936,577518.8284,0.2352865394
C31L44,44,31,-630525.42,229193.359,0,1,118702.4597,578614.6506,0.3533130224
C36L44,44,36,-380525.42,229193.359,0,1,167673.9797,588077.5322,0
C37L44,44,37,-330525.42,229193.359,0,1,155257.5216,563426.1425,0
C38L44,44,38,-280525.42,229193.359,0,1,158414.7486,542275.6239,0.05009717037
C39L44,44,39,-230525.42,229193.359,0,1,176310.9954,525049.2229,0.3286884605
C40L44,44,40,-180525.42,229193.359,0,1,205124.1128,512143.0667,1
C41L44,44,41,-130525.42,229193.359,0,1,240883.3327,503889.2288,1
C42L44,44,42,-80525.42,229193.359,0,1,258515.0669,468045.9536,0.5549255452
C43L44,44,43,-30525.42,229193.359,0,1,213728.5151,424458.7079,0
C44L44,44,44,19474.58,229193.359,0,1,171842.1266,382443.9498,0
C45L44,44,45,69474.58,229193.359,0,1,135571.2167,342580.7273,0
C46L44,44,46,119474.58,229193.359,0,1,110586.5865,305711.8492,0
C47L44,44,47,169474.58,229193.359,0,1,105257.9282,273052.9523,0
C48L44,44,48,219474.58,229193.359,0,1,101717.0281,246284.5809,0
C49L44,44,49,269474.58,229193.359,0,1,61793.5042,227495.6588,0
C50L44,44,50,319474.58,229193.359,0.02,0.98,25896.0405,218752.0395,0
C51L44,44,51,369474.58,229193.359,0,1,13357.84164,221247.9035,0
C52L44,44,52,419474.58,229193.359,0,1,63087.39428,234624.8385,0
C14L45,45,14,-1480525.42,279193.359,0,0,152556.6884,1026399.555,0.0002735428989
C21L45,45,21,-1130525.42,279193.359,0,1,186755.1806,779335.9119,0.09275604684
C22L45,45,22,-1080525.42,279193.359,0.01515151515,0.9848484848,148211.9332,750753.8747,0.6808208599
C23L45,45,23,-1030525.42,279193.359,0.01098901099,0.989010989,118558.2424,724498.6522,0.8963370658
C24L45,45,24,-980525.42,279193.359,0,1,86493.24826,700831.8014,1
C25L45,45,25,-930525.42,279193.359,0,1,63063.71705,680023.6251,1
C26L45,45,26,-880525.42,279193.359,0.02,0.98,60878.01278,662343.6022,0.6038217631
C27L45,45,27,-830525.42,279193.359,0.29,0.71,55416.43002,648047.8101,0
C28L45,45,28,-780525.42,279193.359,0.26,0.74,11621.718,637364.0098,0
C29L45,45,29,-730525.42,279193.359,0.29,0.71,11238.21313,630475.8502,0.1655574188
C30L45,45,30,-680525.42,279193.359,0.07777777778,0.9222222222,54008.97948,627508.3382,0.03969736753
C31L45,45,31,-630525.42,279193.359,0,1,90146.39545,628517.0095,0.002109634949
C39L45,45,39,-230525.42,279193.359,0,1,221444.6836,572905.4313,0.1884907614
C40L45,45,40,-180525.42,279193.359,0,1,245006.2906,561101.1205,0.2972513586
C41L45,45,41,-130525.42,279193.359,0,1,275713.3682,536002.8697,0.5004273167
C42L45,45,42,-80525.42,279193.359,0,1,282433.9242,493353.0747,0.1485507043
C44L45,45,44,19474.58,279193.359,0,1,206079.1066,413029.8008,0
C45L45,45,45,69474.58,279193.359,0,1,176970.1571,376419.7077,0
C46L45,45,46,119474.58,279193.359,0,1,158645.1223,343205.4434,0
C47L45,45,47,169474.58,279193.359,0,1,124386.5934,314464.873,0
C48L45,45,48,219474.58,279193.359,0,1,76710.34423,291524.1609,0
C49L45,45,49,269474.58,279193.359,0.02,0.98,32627.55486,275834.2191,0
C50L45,45,50,319474.58,279193.359,0.01,0.99,5926.675017,268668.3763,0
C51L45,45,51,369474.58,279193.359,0,1,31649.20273,270704.4079,0
C21L46,46,21,-1130525.42,329193.359,0,1,218921.5673,820123.8814,0.3329298322
C22L46,46,22,-1080525.42,329193.359,0.01,0.99,187125.4453,793013.3023,1
C23L46,46,23,-1030525.42,329193.359,0,1,156400.6953,768203.7584,1
C24L46,46,24,-980525.42,329193.359,0,1,129478.1635,745924.8831,1
C25L46,46,25,-930525.42,329193.359,0.01,0.99,112000.915,726409.5594,1
C26L46,46,26,-880525.42,329193.359,0,1,108408.0021,709885.7406,0.481934033
C27L46,46,27,-830525.42,329193.359,0.24,0.76,78185.154,696566.3511,0.01759713255
C28L46,46,28,-780525.42,329193.359,0,1,37906.65639,686637.8946,0.02362170184
C29L46,46,29,-730525.42,329193.359,0.04,0.96,6124.838859,680248.8626,0.1148859376
C30L46,46,30,-680525.42,329193.359,0.075,0.925,22885.54133,677499.3962,0.22661996
C47L46,46,47,169474.58,329193.359,0,1,94800.18465,358075.9668,0
C48L46,46,48,219474.58,329193.359,0,1,56411.78102,338107.3469,0
C49L46,46,49,269474.58,329193.359,0.02,0.98,16053.24135,324676.3897,0.108973843
C50L46,46,50,319474.58,329193.359,0,1,32119.66483,318610.9509,0.008079268869
C51L46,46,51,369474.58,329193.359,0,0,60535.52018,320329.7021,0
C21L47,47,21,-1130525.42,379193.359,0,1,256857.5631,861882.7636,0.5849828263
C22L47,47,22,-1080525.42,379193.359,0,1,226806.6864,836127.272,1
C23L47,47,23,-1030525.42,379193.359,0,1,197954.6111,812635.0545,1
C24L47,47,24,-980525.42,379193.359,0,1,174160.1773,791607.6355,0.9998497633
C25L47,47,25,-930525.42,379193.359,0,1,159888.2511,773246.1221,0.9194840819
C26L47,47,26,-880525.42,379193.359,0.01,0.99,112064.8419,757744.3382,0.03330694141
C27L47,47,27,-830525.42,379193.359,0.06,0.94,62322.56001,745280.7517,0.1098794178
C28L47,47,28,-780525.42,379193.359,0.03,0.97,13719.37086,736009.7252,0.2672458189
C29L47,47,29,-730525.42,379193.359,0,1,27181.91818,730052.897,0.6982349544
C30L47,47,30,-680525.42,379193.359,0,1,17180.973,727491.6832,0.3947510862
C31L47,47,31,-630525.42,379193.359,0,1,28543.1304,728361.9058,0.02463332313
C47L47,47,47,169474.58,379193.359,0,1,78163.01945,403173.2129,0
C48L47,47,48,219474.58,379193.359,0,1,30403.86385,385547.4285,0
C49L47,47,49,269474.58,379193.359,0.04,0.96,13529.15464,373824.8248,0.8841365556
C50L47,47,50,319474.58,379193.359,0,1,53876.27561,368569.0975,0.2569424173
C20L48,48,20,-1180525.42,429193.359,0.04545454545,0.9545454545,327010.2188,931028.3018,0.2272631536
C21L48,48,21,-1130525.42,429193.359,0,1,297357.3077,904478.0901,0.8158804295
C22L48,48,22,-1080525.42,429193.359,0,1,266769.795,879970.1883,0.7299725485
C23L48,48,23,-1030525.42,429193.359,0,1,241079.5092,857679.6891,0.6190074752
C24L48,48,24,-980525.42,429193.359,0,1,193560.6497,837783.6032,0.4107876305
C25L48,48,25,-930525.42,429193.359,0,1,144698.8247,820456.143,0.9831628696
C26L48,48,26,-880525.42,429193.359,0.03,0.97,96879.51485,805863.0153,0.1445262672
C27L48,48,27,-830525.42,429193.359,0.01,0.99,48379.94185,794154.9698,0.02995600513
C28L48,48,28,-780525.42,429193.359,0,1,6770.502608,785461.0321,0.4694007268
C29L48,48,29,-730525.42,429193.359,0,1,41816.89313,779882.0101,0.9964927535
C30L48,48,30,-680525.42,429193.359,0,1,39697.19829,777484.9622,1
C31L48,48,31,-630525.42,429193.359,0,1,2517.059304,778299.289,0.5348694607
C48L48,48,48,219474.58,429193.359,0.125,0.875,21092.69204,433563.2148,0
C49L48,48,49,269474.58,429193.359,0.03260869565,0.9673913043,24712.45483,423172.8267,0.7100290769
C50L48,48,50,319474.58,429193.359,0,1,73916.87537,418537.24,0.06844247786
C20L49,49,20,-1180525.42,479193.359,0,1,367402.8284,973166.1811,0.2266618568
C21L49,49,21,-1130525.42,479193.359,0,1,335773.8661,947797.0948,0.1245488288
C25L49,49,25,-930525.42,479193.359,0,1,136147.5101,867978.6863,0.1443914034
C26L49,49,26,-880525.42,479193.359,0,1,86372.55679,854197.8206,0.03256525885
C27L49,49,27,-830525.42,479193.359,0.015625,0.984375,37206.0833,843161.2144,0.2424405923
C28L49,49,28,-780525.42,479193.359,0.0202020202,0.9797979798,3930.906841,834977.6944,0.9797531904
C29L49,49,29,-730525.42,479193.359,0,1,51030.30799,829731.6837,0.9995696142
C30L49,49,30,-680525.42,479193.359,0,1,67740.49049,827479.0534,0.9518487483
C31L49,49,31,-630525.42,479193.359,0,1,48698.29376,828244.2276,0.3661500843
C49L49,49,49,269474.58,479193.359,0,1,60816.65374,472657.892,0.001819700056
C27L50,50,27,-830525.42,529193.359,0,0,48512.62714,892277.7319,0.004607363869
C28L50,50,28,-780525.42,529193.359,0,1,29806.90525,884548.7367,0.1234193629
C29L50,50,29,-730525.42,529193.359,0,1,66508.85813,879598.4222,0.8167102093
C30L50,50,30,-680525.42,529193.359,0,1,111195.2851,877473.8179,0.6938257377
C29L51,51,29,-730525.42,579193.359,0,1,98583.28124,929479.4789,0.3019310964
C30L51,51,30,-680525.42,579193.359,0,1,135106.0322,927469.1469,0.3845176435
