id,row,col,cx,cy,firebreak,river,maxcover,mincover
C70L00,0,70,311023.532,7970629.192,1,0,5,0
C71L00,0,71,311523.532,7970629.192,1,0,5,0
C72L00,0,72,312023.532,7970629.192,1,0,5,0
C73L00,0,73,312523.532,7970629.192,1,0,5,0
C74L00,0,74,313023.532,7970629.192,1,0,5,0
C75L00,0,75,313523.532,7970629.192,1,0,5,0
C76L00,0,76,314023.532,7970629.192,1,0,5,0
C65L01,1,65,308523.532,7971129.192,1,0,3,0
C66L01,1,66,309023.532,7971129.192,1,0,5,0
C67L01,1,67,309523.532,7971129.192,1,0,5,0
C68L01,1,68,310023.532,7971129.192,1,0,1,0
C69L01,1,69,310523.532,7971129.192,1,0,5,0
C70L01,1,70,311023.532,7971129.192,1,0,5,0
C71L01,1,71,311523.532,7971129.192,0,0,5,5
C72L01,1,72,312023.532,7971129.192,0,0,5,5
C73L01,1,73,312523.532,7971129.192,0,0,5,5
C74L01,1,74,313023.532,7971129.192,0,0,5,5
C75L01,1,75,313523.532,7971129.192,0,0,5,5
C76L01,1,76,314023.532,7971129.192,1,0,5,0
C59L02,2,59,305523.532,7971629.192,1,0,0,0
C60L02,2,60,306023.532,7971629.192,1,0,5,0
C61L02,2,61,306523.532,7971629.192,1,0,5,0
C62L02,2,62,307023.532,7971629.192,1,0,5,0
C63L02,2,63,307523.532,7971629.192,1,0,5,0
C64L02,2,64,308023.532,7971629.192,1,0,3,0
C65L02,2,65,308523.532,7971629.192,1,0,3,0
C66L02,2,66,309023.532,7971629.192,1,0,5,3
C67L02,2,67,309523.532,7971629.192,0,0,5,1
C68L02,2,68,310023.532,7971629.192,0,0,5,1
C69L02,2,69,310523.532,7971629.192,0,0,5,1
C70L02,2,70,311023.532,7971629.192,0,0,5,5
C71L02,2,71,311523.532,7971629.192,0,0,5,5
C72L02,2,72,312023.532,7971629.192,0,0,5,5
C73L02,2,73,312523.532,7971629.192,0,0,5,1
C74L02,2,74,313023.532,7971629.192,0,0,5,1
C75L02,2,75,313523.532,7971629.192,0,0,5,5
C76L02,2,76,314023.532,7971629.192,1,0,5,0
C54L03,3,54,303023.532,7972129.192,1,0,5,0
C55L03,3,55,303523.532,7972129.192,1,0,5,0
C56L03,3,56,304023.532,7972129.192,1,0,5,0
C57L03,3,57,304523.532,7972129.192,1,0,5,0
C58L03,3,58,305023.532,7972129.192,1,0,5,0
C59L03,3,59,305523.532,7972129.192,1,0,5,0
C60L03,3,60,306023.532,7972129.192,0,0,5,5
C61L03,3,61,306523.532,7972129.192,0,0,5,3
C62L03,3,62,307023.532,7972129.192,0,0,5,3
C63L03,3,63,307523.532,7972129.192,0,0,3,3
C64L03,3,64,308023.532,7972129.192,0,0,3,3
C65L03,3,65,308523.532,7972129.192,1,0,5,3
C66L03,3,66,309023.532,7972129.192,0,0,5,5
C67L03,3,67,309523.532,7972129.192,0,0,5,1
C68L03,3,68,310023.532,7972129.192,0,0,5,1
C69L03,3,69,310523.532,7972129.192,0,0,5,5
C70L03,3,70,311023.532,7972129.192,0,0,5,5
C71L03,3,71,311523.532,7972129.192,0,0,5,5
C72L03,3,72,312023.532,7972129.192,0,0,5,1
C73L03,3,73,312523.532,7972129.192,0,0,5,1
C74L03,3,74,313023.532,7972129.192,0,0,5,1
C75L03,3,75,313523.532,7972129.192,0,0,5,1
C76L03,3,76,314023.532,7972129.192,1,0,5,0
C51L04,4,51,301523.532,7972629.192,1,0,2,0
C52L04,4,52,302023.532,7972629.192,1,0,2,0
C53L04,4,53,302523.532,7972629.192,1,0,5,0
C54L04,4,54,303023.532,7972629.192,1,0,5,0
C55L04,4,55,303523.532,7972629.192,0,0,5,5
C56L04,4,56,304023.532,7972629.192,0,0,5,5
C57L04,4,57,304523.532,7972629.192,0,0,5,5
C58L04,4,58,305023.532,7972629.192,0,0,5,5
C59L04,4,59,305523.532,7972629.192,0,0,5,5
C60L04,4,60,306023.532,7972629.192,0,0,5,5
C61L04,4,61,306523.532,7972629.192,0,0,5,5
C62L04,4,62,307023.532,7972629.192,0,0,5,3
C63L04,4,63,307523.532,7972629.192,0,0,3,3
C64L04,4,64,308023.532,7972629.192,0,0,3,3
C65L04,4,65,308523.532,7972629.192,1,0,5,3
C66L04,4,66,309023.532,7972629.192,0,0,5,5
C67L04,4,67,309523.532,7972629.192,0,0,5,5
C68L04,4,68,310023.532,7972629.192,0,0,5,5
C69L04,4,69,310523.532,7972629.192,0,0,5,5
C70L04,4,70,311023.532,7972629.192,0,0,5,5
C71L04,4,71,311523.532,7972629.192,0,0,5,5
C72L04,4,72,312023.532,7972629.192,0,0,5,1
C73L04,4,73,312523.532,7972629.192,0,0,1,1
C74L04,4,74,313023.532,7972629.192,0,0,1,1
C75L04,4,75,313523.532,7972629.192,0,0,1,1
C76L04,4,76,314023.532,7972629.192,1,0,5,0
C49L05,5,49,300523.532,7973129.192,1,0,2,0
C50L05,5,50,301023.532,7973129.192,1,0,2,0
C51L05,5,51,301523.532,7973129.192,1,0,2,0
C52L05,5,52,302023.532,7973129.192,0,0,2,2
C53L05,5,53,302523.532,7973129.192,0,0,2,2
C54L05,5,54,303023.532,7973129.192,0,0,5,2
C55L05,5,55,303523.532,7973129.192,0,0,5,2
C56L05,5,56,304023.532,7973129.192,0,0,5,2
C57L05,5,57,304523.532,7973129.192,0,0,5,5
C58L05,5,58,305023.532,7973129.192,0,0,5,5
C59L05,5,59,305523.532,7973129.192,0,0,5,5
C60L05,5,60,306023.532,7973129.192,0,0,5,5
C61L05,5,61,306523.532,7973129.192,0,0,5,5
C62L05,5,62,307023.532,7973129.192,0,0,5,3
C63L05,5,63,307523.532,7973129.192,0,0,3,3
C64L05,5,64,308023.532,7973129.192,0,0,3,3
C65L05,5,65,308523.532,7973129.192,1,0,5,3
C66L05,5,66,309023.532,7973129.192,0,0,5,5
C67L05,5,67,309523.532,7973129.192,0,0,5,5
C68L05,5,68,310023.532,7973129.192,0,0,5,5
C69L05,5,69,310523.532,7973129.192,0,0,5,5
C70L05,5,70,311023.532,7973129.192,0,0,5,5
C71L05,5,71,311523.532,7973129.192,0,0,5,1
C72L05,5,72,312023.532,7973129.192,0,0,5,1
C73L05,5,73,312523.532,7973129.192,0,0,1,1
C74L05,5,74,313023.532,7973129.192,0,0,1,1
C75L05,5,75,313523.532,7973129.192,0,0,1,1
C76L05,5,76,314023.532,7973129.192,1,0,1,0
C46L06,6,46,299023.532,7973629.192,1,0,2,0
C47L06,6,47,299523.532,7973629.192,1,0,2,0
C48L06,6,48,300023.532,7973629.192,1,0,2,0
C49L06,6,49,300523.532,7973629.192,1,0,2,0
C50L06,6,50,301023.532,7973629.192,0,0,2,2
C51L06,6,51,301523.532,7973629.192,0,0,2,2
C52L06,6,52,302023.532,7973629.192,0,0,2,2
C53L06,6,53,302523.532,7973629.192,0,0,2,2
C54L06,6,54,303023.532,7973629.192,0,0,2,2
C55L06,6,55,303523.532,7973629.192,0,0,2,2
C56L06,6,56,304023.532,7973629.192,0,0,5,2
C57L06,6,57,304523.532,7973629.192,0,0,5,5
C58L06,6,58,305023.532,7973629.192,0,0,5,5
C59L06,6,59,305523.532,7973629.192,0,0,5,5
C60L06,6,60,306023.532,7973629.192,0,0,5,5
C61L06,6,61,306523.532,7973629.192,0,0,5,5
C62L06,6,62,307023.532,7973629.192,0,0,5,3
C63L06,6,63,307523.532,7973629.192,0,0,5,3
C64L06,6,64,308023.532,7973629.192,0,0,5,3
C65L06,6,65,308523.532,7973629.192,1,0,5,3
C66L06,6,66,309023.532,7973629.192,0,0,5,5
C67L06,6,67,309523.532,7973629.192,0,0,5,5
C68L06,6,68,310023.532,7973629.192,0,0,5,5
C69L06,6,69,310523.532,7973629.192,0,0,5,5
C70L06,6,70,311023.532,7973629.192,0,0,5,5
C71L06,6,71,311523.532,7973629.192,0,0,5,1
C72L06,6,72,312023.532,7973629.192,0,0,1,1
C73L06,6,73,312523.532,7973629.192,0,0,1,1
C74L06,6,74,313023.532,7973629.192,0,0,1,1
C75L06,6,75,313523.532,7973629.192,0,0,1,1
C76L06,6,76,314023.532,7973629.192,1,0,1,0
C44L07,7,44,298023.532,7974129.192,1,0,2,0
C45L07,7,45,298523.532,7974129.192,1,0,2,0
C46L07,7,46,299023.532,7974129.192,1,0,2,0
C47L07,7,47,299523.532,7974129.192,1,0,2,2
C48L07,7,48,300023.532,7974129.192,0,0,2,2
C49L07,7,49,300523.532,7974129.192,0,0,2,2
C50L07,7,50,301023.532,7974129.192,0,0,2,2
C51L07,7,51,301523.532,7974129.192,0,0,2,2
C52L07,7,52,302023.532,7974129.192,0,0,2,2
C53L07,7,53,302523.532,7974129.192,0,0,2,2
C54L07,7,54,303023.532,7974129.192,0,0,2,2
C55L07,7,55,303523.532,7974129.192,0,0,2,2
C56L07,7,56,304023.532,7974129.192,0,0,5,2
C57L07,7,57,304523.532,7974129.192,0,0,5,2
C58L07,7,58,305023.532,7974129.192,0,0,5,5
C59L07,7,59,305523.532,7974129.192,0,0,5,5
C60L07,7,60,306023.532,7974129.192,0,0,5,5
C61L07,7,61,306523.532,7974129.192,0,0,5,5
C62L07,7,62,307023.532,7974129.192,0,0,5,5
C63L07,7,63,307523.532,7974129.192,0,0,5,5
C64L07,7,64,308023.532,7974129.192,1,0,5,5
C65L07,7,65,308523.532,7974129.192,1,0,5,5
C66L07,7,66,309023.532,7974129.192,0,0,5,5
C67L07,7,67,309523.532,7974129.192,0,0,5,5
C68L07,7,68,310023.532,7974129.192,0,0,5,5
C69L07,7,69,310523.532,7974129.192,0,0,5,5
C70L07,7,70,311023.532,7974129.192,0,0,5,5
C71L07,7,71,311523.532,7974129.192,0,0,5,1
C72L07,7,72,312023.532,7974129.192,0,0,1,1
C73L07,7,73,312523.532,7974129.192,0,0,1,1
C74L07,7,74,313023.532,7974129.192,0,0,1,1
C75L07,7,75,313523.532,7974129.192,0,0,1,1
C76L07,7,76,314023.532,7974129.192,1,0,1,0
C31L08,8,31,291523.532,7974629.192,1,0,5,0
C32L08,8,32,292023.532,7974629.192,1,0,5,0
C41L08,8,41,296523.532,7974629.192,1,0,2,0
C42L08,8,42,297023.532,7974629.192,1,0,2,0
C43L08,8,43,297523.532,7974629.192,1,0,2,0
C44L08,8,44,298023.532,7974629.192,1,0,2,0
C45L08,8,45,298523.532,7974629.192,0,0,2,2
C46L08,8,46,299023.532,7974629.192,0,0,2,2
C47L08,8,47,299523.532,7974629.192,1,0,2,2
C48L08,8,48,300023.532,7974629.192,0,0,2,2
C49L08,8,49,300523.532,7974629.192,0,0,2,2
C50L08,8,50,301023.532,7974629.192,0,0,2,2
C51L08,8,51,301523.532,7974629.192,0,0,2,2
C52L08,8,52,302023.532,7974629.192,0,0,2,2
C53L08,8,53,302523.532,7974629.192,0,0,2,2
C54L08,8,54,303023.532,7974629.192,0,0,2,2
C55L08,8,55,303523.532,7974629.192,0,0,2,2
C56L08,8,56,304023.532,7974629.192,0,0,2,2
C57L08,8,57,304523.532,7974629.192,0,0,5,2
C58L08,8,58,305023.532,7974629.192,0,0,5,5
C59L08,8,59,305523.532,7974629.192,0,0,5,5
C60L08,8,60,306023.532,7974629.192,0,0,5,5
C61L08,8,61,306523.532,7974629.192,0,0,5,5
C62L08,8,62,307023.532,7974629.192,0,0,5,5
C63L08,8,63,307523.532,7974629.192,1,0,5,5
C64L08,8,64,308023.532,7974629.192,1,0,5,5
C65L08,8,65,308523.532,7974629.192,1,0,5,5
C66L08,8,66,309023.532,7974629.192,1,0,5,5
C67L08,8,67,309523.532,7974629.192,1,0,5,5
C68L08,8,68,310023.532,7974629.192,0,0,5,5
C69L08,8,69,310523.532,7974629.192,0,0,5,5
C70L08,8,70,311023.532,7974629.192,0,0,5,5
C71L08,8,71,311523.532,7974629.192,0,0,5,1
C72L08,8,72,312023.532,7974629.192,0,0,1,1
C73L08,8,73,312523.532,7974629.192,0,0,1,1
C74L08,8,74,313023.532,7974629.192,0,0,1,1
C75L08,8,75,313523.532,7974629.192,0,0,1,1
C76L08,8,76,314023.532,7974629.192,1,0,1,0
C31L09,9,31,291523.532,7975129.192,1,0,5,0
C32L09,9,32,292023.532,7975129.192,1,0,5,0
C33L09,9,33,292523.532,7975129.192,1,0,5,0
C34L09,9,34,293023.532,7975129.192,1,0,5,0
C35L09,9,35,293523.532,7975129.192,1,0,5,0
C36L09,9,36,294023.532,7975129.192,1,0,5,0
C37L09,9,37,294523.532,7975129.192,1,0,5,0
C38L09,9,38,295023.532,7975129.192,1,0,5,0
C39L09,9,39,295523.532,7975129.192,1,0,2,0
C40L09,9,40,296023.532,7975129.192,1,0,2,0
C41L09,9,41,296523.532,7975129.192,1,0,2,0
C42L09,9,42,297023.532,7975129.192,0,0,2,2
C43L09,9,43,297523.532,7975129.192,0,0,2,2
C44L09,9,44,298023.532,7975129.192,0,0,2,2
C45L09,9,45,298523.532,7975129.192,0,0,2,2
C46L09,9,46,299023.532,7975129.192,0,0,2,2
C47L09,9,47,299523.532,7975129.192,1,0,2,2
C48L09,9,48,300023.532,7975129.192,0,0,2,2
C49L09,9,49,300523.532,7975129.192,0,0,2,2
C50L09,9,50,301023.532,7975129.192,0,0,2,2
C51L09,9,51,301523.532,7975129.192,0,0,2,2
C52L09,9,52,302023.532,7975129.192,0,0,2,2
C53L09,9,53,302523.532,7975129.192,0,0,2,2
C54L09,9,54,303023.532,7975129.192,0,0,2,2
C55L09,9,55,303523.532,7975129.192,0,0,2,2
C56L09,9,56,304023.532,7975129.192,0,0,2,2
C57L09,9,57,304523.532,7975129.192,0,0,2,2
C58L09,9,58,305023.532,7975129.192,0,0,5,2
C59L09,9,59,305523.532,7975129.192,0,0,5,5
C60L09,9,60,306023.532,7975129.192,0,0,5,5
C61L09,9,61,306523.532,7975129.192,0,0,5,5
C62L09,9,62,307023.532,7975129.192,1,0,5,5
C63L09,9,63,307523.532,7975129.192,1,0,5,5
C64L09,9,64,308023.532,7975129.192,0,0,5,5
C65L09,9,65,308523.532,7975129.192,0,0,5,5
C66L09,9,66,309023.532,7975129.192,0,0,5,5
C67L09,9,67,309523.532,7975129.192,1,0,5,5
C68L09,9,68,310023.532,7975129.192,1,0,5,5
C69L09,9,69,310523.532,7975129.192,1,0,5,5
C70L09,9,70,311023.532,7975129.192,0,0,5,5
C71L09,9,71,311523.532,7975129.192,0,0,5,1
C72L09,9,72,312023.532,7975129.192,0,0,1,1
C73L09,9,73,312523.532,7975129.192,0,0,1,1
C74L09,9,74,313023.532,7975129.192,0,0,1,1
C75L09,9,75,313523.532,7975129.192,0,0,1,1
C76L09,9,76,314023.532,7975129.192,1,0,1,0
C77L09,9,77,314523.532,7975129.192,1,0,1,0
C24L10,10,24,288023.532,7975629.192,0,1,0,0
C25L10,10,25,288523.532,7975629.192,0,1,5,0
C26L10,10,26,289023.532,7975629.192,0,1,5,0
C27L10,10,27,289523.532,7975629.192,0,1,5,0
C28L10,10,28,290023.532,7975629.192,0,1,5,0
C29L10,10,29,290523.532,7975629.192,0,1,5,0
C30L10,10,30,291023.532,7975629.192,1,0,5,0
C31L10,10,31,291523.532,7975629.192,1,0,5,4
C32L10,10,32,292023.532,7975629.192,0,0,4,4
C33L10,10,33,292523.532,7975629.192,1,0,4,4
C34L10,10,34,293023.532,7975629.192,1,0,5,4
C35L10,10,35,293523.532,7975629.192,1,0,5,4
C36L10,10,36,294023.532,7975629.192,1,0,5,2
C37L10,10,37,294523.532,7975629.192,0,0,5,2
C38L10,10,38,295023.532,7975629.192,0,0,5,2
C39L10,10,39,295523.532,7975629.192,0,0,5,2
C40L10,10,40,296023.532,7975629.192,0,0,2,2
C41L10,10,41,296523.532,7975629.192,0,0,2,2
C42L10,10,42,297023.532,7975629.192,0,0,2,2
C43L10,10,43,297523.532,7975629.192,0,0,2,2
C44L10,10,44,298023.532,7975629.192,0,0,2,2
C45L10,10,45,298523.532,7975629.192,0,0,2,2
C46L10,10,46,299023.532,7975629.192,0,0,2,2
C47L10,10,47,299523.532,7975629.192,1,0,2,2
C48L10,10,48,300023.532,7975629.192,0,0,2,2
C49L10,10,49,300523.532,7975629.192,0,0,2,2
C50L10,10,50,301023.532,7975629.192,0,0,2,2
C51L10,10,51,301523.532,7975629.192,0,0,2,2
C52L10,10,52,302023.532,7975629.192,0,0,2,2
C53L10,10,53,302523.532,7975629.192,0,0,2,2
C54L10,10,54,303023.532,7975629.192,0,0,2,2
C55L10,10,55,303523.532,7975629.192,0,0,2,2
C56L10,10,56,304023.532,7975629.192,0,0,2,2
C57L10,10,57,304523.532,7975629.192,0,0,5,2
C58L10,10,58,305023.532,7975629.192,0,0,5,2
C59L10,10,59,305523.532,7975629.192,0,0,5,5
C60L10,10,60,306023.532,7975629.192,0,0,5,5
C61L10,10,61,306523.532,7975629.192,1,0,5,5
C62L10,10,62,307023.532,7975629.192,1,0,5,5
C63L10,10,63,307523.532,7975629.192,0,0,5,5
C64L10,10,64,308023.532,7975629.192,0,0,5,5
C65L10,10,65,308523.532,7975629.192,0,0,5,5
C66L10,10,66,309023.532,7975629.192,0,0,5,5
C67L10,10,67,309523.532,7975629.192,0,0,5,5
C68L10,10,68,310023.532,7975629.192,0,0,5,5
C69L10,10,69,310523.532,7975629.192,1,0,5,5
C70L10,10,70,311023.532,7975629.192,1,0,5,5
C71L10,10,71,311523.532,7975629.192,1,0,5,1
C72L10,10,72,312023.532,7975629.192,0,0,5,1
C73L10,10,73,312523.532,7975629.192,0,0,1,1
C74L10,10,74,313023.532,7975629.192,0,0,1,1
C75L10,10,75,313523.532,7975629.192,0,0,1,1
C76L10,10,76,314023.532,7975629.192,0,0,1,1
C77L10,10,77,314523.532,7975629.192,1,0,1,0
C18L11,11,18,285023.532,7976129.192,0,1,5,0
C19L11,11,19,285523.532,7976129.192,0,1,5,0
C20L11,11,20,286023.532,7976129.192,0,1,2,0
C21L11,11,21,286523.532,7976129.192,0,1,2,0
C22L11,11,22,287023.532,7976129.192,0,1,2,0
C23L11,11,23,287523.532,7976129.192,0,1,2,0
C24L11,11,24,288023.532,7976129.192,0,1,5,0
C25L11,11,25,288523.532,7976129.192,1,0,5,2
C26L11,11,26,289023.532,7976129.192,1,0,5,5
C27L11,11,27,289523.532,7976129.192,1,0,5,5
C28L11,11,28,290023.532,7976129.192,1,0,5,5
C29L11,11,29,290523.532,7976129.192,1,1,5,4
C30L11,11,30,291023.532,7976129.192,1,1,5,4
C31L11,11,31,291523.532,7976129.192,1,0,5,4
C32L11,11,32,292023.532,7976129.192,1,0,4,4
C33L11,11,33,292523.532,7976129.192,1,0,4,4
C34L11,11,34,293023.532,7976129.192,0,0,4,4
C35L11,11,35,293523.532,7976129.192,0,0,5,4
C36L11,11,36,294023.532,7976129.192,1,0,5,2
C37L11,11,37,294523.532,7976129.192,1,0,5,2
C38L11,11,38,295023.532,7976129.192,1,0,5,2
C39L11,11,39,295523.532,7976129.192,0,0,2,2
C40L11,11,40,296023.532,7976129.192,0,0,2,2
C41L11,11,41,296523.532,7976129.192,0,0,2,2
C42L11,11,42,297023.532,7976129.192,0,0,2,2
C43L11,11,43,297523.532,7976129.192,0,0,2,2
C44L11,11,44,298023.532,7976129.192,0,0,2,2
C45L11,11,45,298523.532,7976129.192,0,0,2,2
C46L11,11,46,299023.532,7976129.192,0,0,2,2
C47L11,11,47,299523.532,7976129.192,1,0,2,2
C48L11,11,48,300023.532,7976129.192,0,0,2,2
C49L11,11,49,300523.532,7976129.192,0,0,2,2
C50L11,11,50,301023.532,7976129.192,0,0,2,2
C51L11,11,51,301523.532,7976129.192,0,0,2,2
C52L11,11,52,302023.532,7976129.192,0,0,2,2
C53L11,11,53,302523.532,7976129.192,0,0,2,2
C54L11,11,54,303023.532,7976129.192,0,0,2,2
C55L11,11,55,303523.532,7976129.192,0,0,2,2
C56L11,11,56,304023.532,7976129.192,0,0,2,2
C57L11,11,57,304523.532,7976129.192,0,0,5,2
C58L11,11,58,305023.532,7976129.192,0,0,5,5
C59L11,11,59,305523.532,7976129.192,0,0,5,5
C60L11,11,60,306023.532,7976129.192,0,0,5,5
C61L11,11,61,306523.532,7976129.192,1,0,5,5
C62L11,11,62,307023.532,7976129.192,0,0,5,5
C63L11,11,63,307523.532,7976129.192,0,0,5,5
C64L11,11,64,308023.532,7976129.192,0,1,5,5
C65L11,11,65,308523.532,7976129.192,0,0,5,5
C66L11,11,66,309023.532,7976129.192,0,0,5,5
C67L11,11,67,309523.532,7976129.192,0,0,5,5
C68L11,11,68,310023.532,7976129.192,0,0,5,5
C69L11,11,69,310523.532,7976129.192,0,0,5,5
C70L11,11,70,311023.532,7976129.192,0,0,5,4
C71L11,11,71,311523.532,7976129.192,1,0,5,5
C72L11,11,72,312023.532,7976129.192,1,0,5,1
C73L11,11,73,312523.532,7976129.192,1,0,5,1
C74L11,11,74,313023.532,7976129.192,1,0,5,1
C75L11,11,75,313523.532,7976129.192,0,0,1,1
C76L11,11,76,314023.532,7976129.192,0,0,1,1
C77L11,11,77,314523.532,7976129.192,1,0,1,0
C17L12,12,17,284523.532,7976629.192,0,1,5,0
C18L12,12,18,285023.532,7976629.192,0,1,5,0
C19L12,12,19,285523.532,7976629.192,0,0,5,2
C20L12,12,20,286023.532,7976629.192,0,0,2,2
C21L12,12,21,286523.532,7976629.192,0,0,2,2
C22L12,12,22,287023.532,7976629.192,0,0,2,2
C23L12,12,23,287523.532,7976629.192,0,0,2,2
C24L12,12,24,288023.532,7976629.192,1,0,5,2
C25L12,12,25,288523.532,7976629.192,1,0,5,5
C26L12,12,26,289023.532,7976629.192,0,0,5,5
C27L12,12,27,289523.532,7976629.192,0,0,5,5
C28L12,12,28,290023.532,7976629.192,0,0,5,4
C29L12,12,29,290523.532,7976629.192,0,0,5,4
C30L12,12,30,291023.532,7976629.192,1,0,4,4
C31L12,12,31,291523.532,7976629.192,1,0,4,4
C32L12,12,32,292023.532,7976629.192,0,0,4,4
C33L12,12,33,292523.532,7976629.192,0,0,4,4
C34L12,12,34,293023.532,7976629.192,0,0,4,4
C35L12,12,35,293523.532,7976629.192,0,0,4,4
C36L12,12,36,294023.532,7976629.192,0,0,4,4
C37L12,12,37,294523.532,7976629.192,0,0,4,4
C38L12,12,38,295023.532,7976629.192,1,0,5,2
C39L12,12,39,295523.532,7976629.192,1,0,5,2
C40L12,12,40,296023.532,7976629.192,1,0,5,2
C41L12,12,41,296523.532,7976629.192,0,0,2,2
C42L12,12,42,297023.532,7976629.192,0,0,2,2
C43L12,12,43,297523.532,7976629.192,0,0,2,2
C44L12,12,44,298023.532,7976629.192,0,0,2,2
C45L12,12,45,298523.532,7976629.192,0,0,2,2
C46L12,12,46,299023.532,7976629.192,0,0,2,2
C47L12,12,47,299523.532,7976629.192,1,0,5,2
C48L12,12,48,300023.532,7976629.192,1,0,5,2
C49L12,12,49,300523.532,7976629.192,1,0,5,2
C50L12,12,50,301023.532,7976629.192,1,0,5,2
C51L12,12,51,301523.532,7976629.192,1,0,5,2
C52L12,12,52,302023.532,7976629.192,1,0,5,2
C53L12,12,53,302523.532,7976629.192,1,0,5,2
C54L12,12,54,303023.532,7976629.192,0,0,2,2
C55L12,12,55,303523.532,7976629.192,0,0,2,2
C56L12,12,56,304023.532,7976629.192,0,0,5,2
C57L12,12,57,304523.532,7976629.192,0,0,5,2
C58L12,12,58,305023.532,7976629.192,0,0,5,5
C59L12,12,59,305523.532,7976629.192,0,0,5,5
C60L12,12,60,306023.532,7976629.192,1,0,5,5
C61L12,12,61,306523.532,7976629.192,1,0,5,5
C62L12,12,62,307023.532,7976629.192,0,0,5,5
C63L12,12,63,307523.532,7976629.192,0,1,5,5
C64L12,12,64,308023.532,7976629.192,0,1,5,5
C65L12,12,65,308523.532,7976629.192,0,0,5,5
C66L12,12,66,309023.532,7976629.192,0,0,5,5
C67L12,12,67,309523.532,7976629.192,0,0,5,4
C68L12,12,68,310023.532,7976629.192,0,0,5,4
C69L12,12,69,310523.532,7976629.192,0,0,5,4
C70L12,12,70,311023.532,7976629.192,0,0,5,4
C71L12,12,71,311523.532,7976629.192,0,0,5,5
C72L12,12,72,312023.532,7976629.192,0,0,5,5
C73L12,12,73,312523.532,7976629.192,0,0,5,5
C74L12,12,74,313023.532,7976629.192,1,0,5,1
C75L12,12,75,313523.532,7976629.192,1,0,5,1
C76L12,12,76,314023.532,7976629.192,1,0,5,1
C77L12,12,77,314523.532,7976629.192,1,0,5,0
C18L13,13,18,285023.532,7977129.192,0,1,5,0
C19L13,13,19,285523.532,7977129.192,0,0,2,2
C20L13,13,20,286023.532,7977129.192,0,0,2,2
C21L13,13,21,286523.532,7977129.192,0,0,2,2
C22L13,13,22,287023.532,7977129.192,0,0,5,2
C23L13,13,23,287523.532,7977129.192,1,0,5,2
C24L13,13,24,288023.532,7977129.192,1,0,5,5
C25L13,13,25,288523.532,7977129.192,0,0,5,5
C26L13,13,26,289023.532,7977129.192,0,0,5,5
C27L13,13,27,289523.532,7977129.192,0,0,5,5
C28L13,13,28,290023.532,7977129.192,0,0,5,5
C29L13,13,29,290523.532,7977129.192,1,0,5,4
C30L13,13,30,291023.532,7977129.192,1,0,4,4
C31L13,13,31,291523.532,7977129.192,0,0,4,4
C32L13,13,32,292023.532,7977129.192,0,0,4,4
C33L13,13,33,292523.532,7977129.192,0,0,4,4
C34L13,13,34,293023.532,7977129.192,0,0,4,4
C35L13,13,35,293523.532,7977129.192,0,0,4,4
C36L13,13,36,294023.532,7977129.192,0,0,4,4
C37L13,13,37,294523.532,7977129.192,0,0,4,4
C38L13,13,38,295023.532,7977129.192,0,0,4,4
C39L13,13,39,295523.532,7977129.192,0,0,4,4
C40L13,13,40,296023.532,7977129.192,1,0,5,2
C41L13,13,41,296523.532,7977129.192,1,0,5,2
C42L13,13,42,297023.532,7977129.192,1,0,2,2
C43L13,13,43,297523.532,7977129.192,0,0,2,2
C44L13,13,44,298023.532,7977129.192,0,0,2,2
C45L13,13,45,298523.532,7977129.192,0,0,2,2
C46L13,13,46,299023.532,7977129.192,0,0,2,2
C47L13,13,47,299523.532,7977129.192,0,0,2,2
C48L13,13,48,300023.532,7977129.192,1,0,5,2
C49L13,13,49,300523.532,7977129.192,0,0,5,5
C50L13,13,50,301023.532,7977129.192,0,0,5,5
C51L13,13,51,301523.532,7977129.192,0,0,5,5
C52L13,13,52,302023.532,7977129.192,0,0,5,5
C53L13,13,53,302523.532,7977129.192,1,0,5,2
C54L13,13,54,303023.532,7977129.192,1,0,5,2
C55L13,13,55,303523.532,7977129.192,0,0,5,2
C56L13,13,56,304023.532,7977129.192,0,0,5,2
C57L13,13,57,304523.532,7977129.192,0,0,5,5
C58L13,13,58,305023.532,7977129.192,1,0,5,5
C59L13,13,59,305523.532,7977129.192,1,0,5,5
C60L13,13,60,306023.532,7977129.192,1,0,5,5
C61L13,13,61,306523.532,7977129.192,0,0,5,5
C62L13,13,62,307023.532,7977129.192,0,0,5,5
C63L13,13,63,307523.532,7977129.192,0,0,5,5
C64L13,13,64,308023.532,7977129.192,0,1,5,5
C65L13,13,65,308523.532,7977129.192,0,0,5,5
C66L13,13,66,309023.532,7977129.192,0,0,5,5
C67L13,13,67,309523.532,7977129.192,0,0,5,4
C68L13,13,68,310023.532,7977129.192,0,0,5,4
C69L13,13,69,310523.532,7977129.192,0,0,5,4
C70L13,13,70,311023.532,7977129.192,0,0,5,4
C71L13,13,71,311523.532,7977129.192,0,0,5,5
C72L13,13,72,312023.532,7977129.192,0,0,5,5
C73L13,13,73,312523.532,7977129.192,0,0,5,5
C74L13,13,74,313023.532,7977129.192,0,0,5,5
C75L13,13,75,313523.532,7977129.192,0,0,5,5
C76L13,13,76,314023.532,7977129.192,0,0,5,5
C77L13,13,77,314523.532,7977129.192,1,0,5,0
C18L14,14,18,285023.532,7977629.192,0,1,2,0
C19L14,14,19,285523.532,7977629.192,0,0,2,2
C20L14,14,20,286023.532,7977629.192,0,0,2,2
C21L14,14,21,286523.532,7977629.192,1,0,5,2
C22L14,14,22,287023.532,7977629.192,1,0,5,2
C23L14,14,23,287523.532,7977629.192,1,0,5,3
C24L14,14,24,288023.532,7977629.192,0,0,5,5
C25L14,14,25,288523.532,7977629.192,0,0,5,5
C26L14,14,26,289023.532,7977629.192,0,0,5,5
C27L14,14,27,289523.532,7977629.192,0,0,5,5
C28L14,14,28,290023.532,7977629.192,1,0,5,5
C29L14,14,29,290523.532,7977629.192,1,0,5,4
C30L14,14,30,291023.532,7977629.192,0,0,4,4
C31L14,14,31,291523.532,7977629.192,0,0,4,4
C32L14,14,32,292023.532,7977629.192,0,0,4,4
C33L14,14,33,292523.532,7977629.192,0,0,4,4
C34L14,14,34,293023.532,7977629.192,0,0,4,4
C35L14,14,35,293523.532,7977629.192,0,0,4,4
C36L14,14,36,294023.532,7977629.192,0,0,4,4
C37L14,14,37,294523.532,7977629.192,0,0,4,4
C38L14,14,38,295023.532,7977629.192,0,0,4,4
C39L14,14,39,295523.532,7977629.192,0,0,4,4
C40L14,14,40,296023.532,7977629.192,0,0,4,4
C41L14,14,41,296523.532,7977629.192,0,0,4,2
C42L14,14,42,297023.532,7977629.192,1,0,4,2
C43L14,14,43,297523.532,7977629.192,1,0,5,2
C44L14,14,44,298023.532,7977629.192,0,0,2,2
C45L14,14,45,298523.532,7977629.192,0,0,2,2
C46L14,14,46,299023.532,7977629.192,0,0,2,2
C47L14,14,47,299523.532,7977629.192,0,0,2,2
C48L14,14,48,300023.532,7977629.192,1,0,5,2
C49L14,14,49,300523.532,7977629.192,0,0,5,5
C50L14,14,50,301023.532,7977629.192,0,0,5,5
C51L14,14,51,301523.532,7977629.192,0,0,5,5
C52L14,14,52,302023.532,7977629.192,0,0,5,5
C53L14,14,53,302523.532,7977629.192,0,0,5,5
C54L14,14,54,303023.532,7977629.192,1,0,5,5
C55L14,14,55,303523.532,7977629.192,0,0,5,5
C56L14,14,56,304023.532,7977629.192,0,0,5,5
C57L14,14,57,304523.532,7977629.192,1,0,5,5
C58L14,14,58,305023.532,7977629.192,1,0,5,5
C59L14,14,59,305523.532,7977629.192,0,0,5,5
C60L14,14,60,306023.532,7977629.192,0,0,5,5
C61L14,14,61,306523.532,7977629.192,0,0,5,5
C62L14,14,62,307023.532,7977629.192,0,0,5,5
C63L14,14,63,307523.532,7977629.192,0,0,5,5
C64L14,14,64,308023.532,7977629.192,0,1,5,5
C65L14,14,65,308523.532,7977629.192,0,0,5,5
C66L14,14,66,309023.532,7977629.192,0,0,5,5
C67L14,14,67,309523.532,7977629.192,0,0,5,5
C68L14,14,68,310023.532,7977629.192,0,0,5,5
C69L14,14,69,310523.532,7977629.192,0,0,5,5
C70L14,14,70,311023.532,7977629.192,0,0,5,5
C71L14,14,71,311523.532,7977629.192,0,0,5,5
C72L14,14,72,312023.532,7977629.192,0,0,5,5
C73L14,14,73,312523.532,7977629.192,0,0,5,5
C74L14,14,74,313023.532,7977629.192,0,0,5,5
C75L14,14,75,313523.532,7977629.192,0,0,5,5
C76L14,14,76,314023.532,7977629.192,0,0,5,5
C77L14,14,77,314523.532,7977629.192,1,0,5,0
C18L15,15,18,285023.532,7978129.192,0,1,2,0
C19L15,15,19,285523.532,7978129.192,0,0,2,2
C20L15,15,20,286023.532,7978129.192,0,0,5,2
C21L15,15,21,286523.532,7978129.192,1,0,5,2
C22L15,15,22,287023.532,7978129.192,0,0,3,3
C23L15,15,23,287523.532,7978129.192,0,0,5,3
C24L15,15,24,288023.532,7978129.192,0,0,5,3
C25L15,15,25,288523.532,7978129.192,0,0,5,5
C26L15,15,26,289023.532,7978129.192,0,0,5,4
C27L15,15,27,289523.532,7978129.192,0,0,5,4
C28L15,15,28,290023.532,7978129.192,1,0,5,4
C29L15,15,29,290523.532,7978129.192,0,0,5,4
C30L15,15,30,291023.532,7978129.192,0,0,5,4
C31L15,15,31,291523.532,7978129.192,0,0,4,4
C32L15,15,32,292023.532,7978129.192,0,0,4,4
C33L15,15,33,292523.532,7978129.192,0,0,4,4
C34L15,15,34,293023.532,7978129.192,0,0,4,4
C35L15,15,35,293523.532,7978129.192,0,0,4,4
C36L15,15,36,294023.532,7978129.192,0,0,4,4
C37L15,15,37,294523.532,7978129.192,0,0,4,4
C38L15,15,38,295023.532,7978129.192,0,0,4,4
C39L15,15,39,295523.532,7978129.192,0,0,5,4
C40L15,15,40,296023.532,7978129.192,0,0,4,4
C41L15,15,41,296523.532,7978129.192,0,0,4,2
C42L15,15,42,297023.532,7978129.192,0,0,4,2
C43L15,15,43,297523.532,7978129.192,1,0,5,2
C44L15,15,44,298023.532,7978129.192,1,0,2,2
C45L15,15,45,298523.532,7978129.192,0,0,2,2
C46L15,15,46,299023.532,7978129.192,0,0,2,2
C47L15,15,47,299523.532,7978129.192,0,0,2,2
C48L15,15,48,300023.532,7978129.192,1,0,5,2
C49L15,15,49,300523.532,7978129.192,0,0,5,5
C50L15,15,50,301023.532,7978129.192,0,0,5,5
C51L15,15,51,301523.532,7978129.192,0,0,5,5
C52L15,15,52,302023.532,7978129.192,0,0,5,5
C53L15,15,53,302523.532,7978129.192,0,0,5,5
C54L15,15,54,303023.532,7978129.192,1,0,5,5
C55L15,15,55,303523.532,7978129.192,1,0,5,5
C56L15,15,56,304023.532,7978129.192,1,0,5,5
C57L15,15,57,304523.532,7978129.192,1,0,5,5
C58L15,15,58,305023.532,7978129.192,0,0,5,5
C59L15,15,59,305523.532,7978129.192,0,0,5,5
C60L15,15,60,306023.532,7978129.192,0,0,5,5
C61L15,15,61,306523.532,7978129.192,0,0,5,5
C62L15,15,62,307023.532,7978129.192,0,0,5,5
C63L15,15,63,307523.532,7978129.192,0,0,5,5
C64L15,15,64,308023.532,7978129.192,0,1,5,5
C65L15,15,65,308523.532,7978129.192,0,0,5,5
C66L15,15,66,309023.532,7978129.192,0,0,5,5
C67L15,15,67,309523.532,7978129.192,0,0,5,5
C68L15,15,68,310023.532,7978129.192,0,0,5,5
C69L15,15,69,310523.532,7978129.192,0,0,5,5
C70L15,15,70,311023.532,7978129.192,0,0,5,5
C71L15,15,71,311523.532,7978129.192,0,0,5,5
C72L15,15,72,312023.532,7978129.192,0,0,5,5
C73L15,15,73,312523.532,7978129.192,0,0,5,5
C74L15,15,74,313023.532,7978129.192,0,0,5,5
C75L15,15,75,313523.532,7978129.192,0,0,5,5
C76L15,15,76,314023.532,7978129.192,0,0,5,5
C77L15,15,77,314523.532,7978129.192,1,0,5,0
C18L16,16,18,285023.532,7978629.192,0,1,2,0
C19L16,16,19,285523.532,7978629.192,0,0,2,2
C20L16,16,20,286023.532,7978629.192,0,0,2,2
C21L16,16,21,286523.532,7978629.192,1,0,5,2
C22L16,16,22,287023.532,7978629.192,0,0,3,3
C23L16,16,23,287523.532,7978629.192,0,0,3,3
C24L16,16,24,288023.532,7978629.192,0,0,5,3
C25L16,16,25,288523.532,7978629.192,0,0,5,3
C26L16,16,26,289023.532,7978629.192,0,0,5,5
C27L16,16,27,289523.532,7978629.192,0,0,5,4
C28L16,16,28,290023.532,7978629.192,1,0,5,4
C29L16,16,29,290523.532,7978629.192,0,0,5,4
C30L16,16,30,291023.532,7978629.192,0,0,4,4
C31L16,16,31,291523.532,7978629.192,0,0,4,4
C32L16,16,32,292023.532,7978629.192,0,0,4,4
C33L16,16,33,292523.532,7978629.192,0,0,4,4
C34L16,16,34,293023.532,7978629.192,0,0,4,4
C35L16,16,35,293523.532,7978629.192,0,0,4,4
C36L16,16,36,294023.532,7978629.192,0,0,4,4
C37L16,16,37,294523.532,7978629.192,0,0,4,4
C38L16,16,38,295023.532,7978629.192,0,0,4,4
C39L16,16,39,295523.532,7978629.192,0,0,5,4
C40L16,16,40,296023.532,7978629.192,0,0,5,2
C41L16,16,41,296523.532,7978629.192,0,0,4,2
C42L16,16,42,297023.532,7978629.192,0,0,2,2
C43L16,16,43,297523.532,7978629.192,0,0,2,2
C44L16,16,44,298023.532,7978629.192,1,0,2,2
C45L16,16,45,298523.532,7978629.192,1,0,2,2
C46L16,16,46,299023.532,7978629.192,1,0,2,2
C47L16,16,47,299523.532,7978629.192,0,0,2,2
C48L16,16,48,300023.532,7978629.192,1,0,5,2
C49L16,16,49,300523.532,7978629.192,0,0,5,5
C50L16,16,50,301023.532,7978629.192,0,0,5,5
C51L16,16,51,301523.532,7978629.192,0,0,5,5
C52L16,16,52,302023.532,7978629.192,0,0,5,5
C53L16,16,53,302523.532,7978629.192,0,0,5,5
C54L16,16,54,303023.532,7978629.192,0,0,5,5
C55L16,16,55,303523.532,7978629.192,0,0,5,5
C56L16,16,56,304023.532,7978629.192,1,1,5,5
C57L16,16,57,304523.532,7978629.192,1,1,5,5
C58L16,16,58,305023.532,7978629.192,1,1,5,1
C59L16,16,59,305523.532,7978629.192,0,1,5,1
C60L16,16,60,306023.532,7978629.192,0,1,5,1
C61L16,16,61,306523.532,7978629.192,0,1,5,5
C62L16,16,62,307023.532,7978629.192,0,1,5,5
C63L16,16,63,307523.532,7978629.192,0,0,5,5
C64L16,16,64,308023.532,7978629.192,0,1,5,5
C65L16,16,65,308523.532,7978629.192,0,0,5,5
C66L16,16,66,309023.532,7978629.192,0,0,5,5
C67L16,16,67,309523.532,7978629.192,0,0,5,5
C68L16,16,68,310023.532,7978629.192,0,0,5,5
C69L16,16,69,310523.532,7978629.192,0,0,5,5
C70L16,16,70,311023.532,7978629.192,0,0,5,5
C71L16,16,71,311523.532,7978629.192,0,0,5,5
C72L16,16,72,312023.532,7978629.192,0,0,5,5
C73L16,16,73,312523.532,7978629.192,0,0,5,5
C74L16,16,74,313023.532,7978629.192,0,0,5,5
C75L16,16,75,313523.532,7978629.192,0,0,5,5
C76L16,16,76,314023.532,7978629.192,0,0,5,5
C77L16,16,77,314523.532,7978629.192,1,0,5,0
C18L17,17,18,285023.532,7979129.192,0,1,2,0
C19L17,17,19,285523.532,7979129.192,0,1,2,2
C20L17,17,20,286023.532,7979129.192,0,0,2,2
C21L17,17,21,286523.532,7979129.192,1,0,5,2
C22L17,17,22,287023.532,7979129.192,0,0,5,3
C23L17,17,23,287523.532,7979129.192,0,0,3,3
C24L17,17,24,288023.532,7979129.192,0,0,3,3
C25L17,17,25,288523.532,7979129.192,0,0,5,3
C26L17,17,26,289023.532,7979129.192,0,0,5,5
C27L17,17,27,289523.532,7979129.192,1,1,5,5
C28L17,17,28,290023.532,7979129.192,1,1,5,4
C29L17,17,29,290523.532,7979129.192,0,0,5,4
C30L17,17,30,291023.532,7979129.192,0,0,4,4
C31L17,17,31,291523.532,7979129.192,0,0,4,4
C32L17,17,32,292023.532,7979129.192,0,0,4,4
C33L17,17,33,292523.532,7979129.192,0,0,4,4
C34L17,17,34,293023.532,7979129.192,0,0,4,4
C35L17,17,35,293523.532,7979129.192,0,0,4,4
C36L17,17,36,294023.532,7979129.192,0,0,4,4
C37L17,17,37,294523.532,7979129.192,0,0,4,4
C38L17,17,38,295023.532,7979129.192,0,0,4,4
C39L17,17,39,295523.532,7979129.192,0,0,5,2
C40L17,17,40,296023.532,7979129.192,0,0,2,2
C41L17,17,41,296523.532,7979129.192,0,0,2,2
C42L17,17,42,297023.532,7979129.192,0,0,2,2
C43L17,17,43,297523.532,7979129.192,0,0,2,2
C44L17,17,44,298023.532,7979129.192,0,0,2,2
C45L17,17,45,298523.532,7979129.192,0,0,2,2
C46L17,17,46,299023.532,7979129.192,1,0,2,2
C47L17,17,47,299523.532,7979129.192,1,0,2,2
C48L17,17,48,300023.532,7979129.192,1,0,5,2
C49L17,17,49,300523.532,7979129.192,1,0,5,5
C50L17,17,50,301023.532,7979129.192,0,0,5,5
C51L17,17,51,301523.532,7979129.192,0,0,5,5
C52L17,17,52,302023.532,7979129.192,0,0,5,5
C53L17,17,53,302523.532,7979129.192,0,1,5,5
C54L17,17,54,303023.532,7979129.192,0,1,5,5
C55L17,17,55,303523.532,7979129.192,0,1,5,5
C56L17,17,56,304023.532,7979129.192,0,1,5,5
C57L17,17,57,304523.532,7979129.192,0,0,5,1
C58L17,17,58,305023.532,7979129.192,0,0,5,1
C59L17,17,59,305523.532,7979129.192,0,0,5,1
C60L17,17,60,306023.532,7979129.192,0,0,5,1
C61L17,17,61,306523.532,7979129.192,0,0,5,1
C62L17,17,62,307023.532,7979129.192,0,1,5,5
C63L17,17,63,307523.532,7979129.192,0,1,5,5
C64L17,17,64,308023.532,7979129.192,0,1,5,5
C65L17,17,65,308523.532,7979129.192,0,0,5,5
C66L17,17,66,309023.532,7979129.192,0,0,5,5
C67L17,17,67,309523.532,7979129.192,0,0,5,5
C68L17,17,68,310023.532,7979129.192,0,1,5,5
C69L17,17,69,310523.532,7979129.192,0,0,5,5
C70L17,17,70,311023.532,7979129.192,0,0,5,5
C71L17,17,71,311523.532,7979129.192,0,0,5,5
C72L17,17,72,312023.532,7979129.192,0,0,5,5
C73L17,17,73,312523.532,7979129.192,0,0,5,5
C74L17,17,74,313023.532,7979129.192,0,0,5,5
C75L17,17,75,313523.532,7979129.192,0,1,5,5
C76L17,17,76,314023.532,7979129.192,0,1,5,5
C77L17,17,77,314523.532,7979129.192,1,1,5,0
C18L18,18,18,285023.532,7979629.192,0,1,2,0
C19L18,18,19,285523.532,7979629.192,0,1,5,2
C20L18,18,20,286023.532,7979629.192,0,0,5,2
C21L18,18,21,286523.532,7979629.192,1,0,5,2
C22L18,18,22,287023.532,7979629.192,1,0,5,3
C23L18,18,23,287523.532,7979629.192,1,0,5,3
C24L18,18,24,288023.532,7979629.192,1,0,5,3
C25L18,18,25,288523.532,7979629.192,1,0,5,3
C26L18,18,26,289023.532,7979629.192,1,0,5,5
C27L18,18,27,289523.532,7979629.192,1,1,5,5
C28L18,18,28,290023.532,7979629.192,0,0,5,5
C29L18,18,29,290523.532,7979629.192,0,0,5,4
C30L18,18,30,291023.532,7979629.192,0,0,5,4
C31L18,18,31,291523.532,7979629.192,0,0,4,4
C32L18,18,32,292023.532,7979629.192,0,0,4,4
C33L18,18,33,292523.532,7979629.192,0,0,4,4
C34L18,18,34,293023.532,7979629.192,0,0,4,4
C35L18,18,35,293523.532,7979629.192,0,0,4,4
C36L18,18,36,294023.532,7979629.192,0,0,4,4
C37L18,18,37,294523.532,7979629.192,0,0,4,4
C38L18,18,38,295023.532,7979629.192,0,0,4,4
C39L18,18,39,295523.532,7979629.192,0,0,4,4
C40L18,18,40,296023.532,7979629.192,0,0,4,2
C41L18,18,41,296523.532,7979629.192,0,0,2,2
C42L18,18,42,297023.532,7979629.192,0,0,2,2
C43L18,18,43,297523.532,7979629.192,0,0,2,2
C44L18,18,44,298023.532,7979629.192,0,0,2,2
C45L18,18,45,298523.532,7979629.192,0,0,2,2
C46L18,18,46,299023.532,7979629.192,0,0,5,2
C47L18,18,47,299523.532,7979629.192,1,1,5,2
C48L18,18,48,300023.532,7979629.192,1,1,5,2
C49L18,18,49,300523.532,7979629.192,1,1,5,5
C50L18,18,50,301023.532,7979629.192,0,1,5,5
C51L18,18,51,301523.532,7979629.192,0,1,5,5
C52L18,18,52,302023.532,7979629.192,0,1,5,5
C53L18,18,53,302523.532,7979629.192,0,1,5,5
C54L18,18,54,303023.532,7979629.192,0,0,5,5
C55L18,18,55,303523.532,7979629.192,0,0,5,5
C56L18,18,56,304023.532,7979629.192,0,0,5,1
C57L18,18,57,304523.532,7979629.192,0,0,5,1
C58L18,18,58,305023.532,7979629.192,0,0,1,1
C59L18,18,59,305523.532,7979629.192,0,0,1,1
C60L18,18,60,306023.532,7979629.192,0,0,1,1
C61L18,18,61,306523.532,7979629.192,0,0,5,1
C62L18,18,62,307023.532,7979629.192,0,1,5,5
C63L18,18,63,307523.532,7979629.192,0,1,5,1
C64L18,18,64,308023.532,7979629.192,0,1,5,1
C65L18,18,65,308523.532,7979629.192,0,1,5,5
C66L18,18,66,309023.532,7979629.192,0,1,5,5
C67L18,18,67,309523.532,7979629.192,0,1,5,5
C68L18,18,68,310023.532,7979629.192,0,1,5,5
C69L18,18,69,310523.532,7979629.192,0,1,5,5
C70L18,18,70,311023.532,7979629.192,0,1,5,5
C71L18,18,71,311523.532,7979629.192,0,1,5,5
C72L18,18,72,312023.532,7979629.192,0,0,5,5
C73L18,18,73,312523.532,7979629.192,0,0,5,5
C74L18,18,74,313023.532,7979629.192,0,0,5,5
C75L18,18,75,313523.532,7979629.192,0,0,5,5
C76L18,18,76,314023.532,7979629.192,0,0,5,5
C77L18,18,77,314523.532,7979629.192,1,1,5,0
C18L19,19,18,285023.532,7980129.192,0,1,2,0
C19L19,19,19,285523.532,7980129.192,0,1,5,0
C20L19,19,20,286023.532,7980129.192,0,1,5,4
C21L19,19,21,286523.532,7980129.192,0,0,5,4
C22L19,19,22,287023.532,7980129.192,0,0,5,5
C23L19,19,23,287523.532,7980129.192,0,0,5,5
C24L19,19,24,288023.532,7980129.192,0,0,5,5
C25L19,19,25,288523.532,7980129.192,0,0,5,5
C26L19,19,26,289023.532,7980129.192,0,1,5,5
C27L19,19,27,289523.532,7980129.192,0,1,5,5
C28L19,19,28,290023.532,7980129.192,0,0,5,5
C29L19,19,29,290523.532,7980129.192,0,0,5,5
C30L19,19,30,291023.532,7980129.192,0,0,5,5
C31L19,19,31,291523.532,7980129.192,0,0,5,4
C32L19,19,32,292023.532,7980129.192,0,0,5,4
C33L19,19,33,292523.532,7980129.192,0,0,5,4
C34L19,19,34,293023.532,7980129.192,0,0,5,4
C35L19,19,35,293523.532,7980129.192,0,0,5,4
C36L19,19,36,294023.532,7980129.192,0,0,4,4
C37L19,19,37,294523.532,7980129.192,0,0,4,4
C38L19,19,38,295023.532,7980129.192,0,0,4,4
C39L19,19,39,295523.532,7980129.192,0,0,4,4
C40L19,19,40,296023.532,7980129.192,0,0,4,2
C41L19,19,41,296523.532,7980129.192,0,0,2,2
C42L19,19,42,297023.532,7980129.192,0,0,2,2
C43L19,19,43,297523.532,7980129.192,0,0,2,2
C44L19,19,44,298023.532,7980129.192,0,0,2,2
C45L19,19,45,298523.532,7980129.192,0,0,5,2
C46L19,19,46,299023.532,7980129.192,0,1,5,2
C47L19,19,47,299523.532,7980129.192,0,1,5,5
C48L19,19,48,300023.532,7980129.192,0,1,5,5
C49L19,19,49,300523.532,7980129.192,1,1,5,5
C50L19,19,50,301023.532,7980129.192,0,1,5,5
C51L19,19,51,301523.532,7980129.192,0,0,5,5
C52L19,19,52,302023.532,7980129.192,0,0,5,5
C53L19,19,53,302523.532,7980129.192,0,0,5,5
C54L19,19,54,303023.532,7980129.192,0,0,5,5
C55L19,19,55,303523.532,7980129.192,0,0,5,5
C56L19,19,56,304023.532,7980129.192,0,0,5,1
C57L19,19,57,304523.532,7980129.192,0,0,5,1
C58L19,19,58,305023.532,7980129.192,0,0,1,1
C59L19,19,59,305523.532,7980129.192,0,0,1,1
C60L19,19,60,306023.532,7980129.192,0,0,1,1
C61L19,19,61,306523.532,7980129.192,0,0,1,1
C62L19,19,62,307023.532,7980129.192,0,0,5,1
C63L19,19,63,307523.532,7980129.192,0,0,5,1
C64L19,19,64,308023.532,7980129.192,0,0,5,1
C65L19,19,65,308523.532,7980129.192,0,1,5,1
C66L19,19,66,309023.532,7980129.192,0,1,5,5
C67L19,19,67,309523.532,7980129.192,0,1,5,1
C68L19,19,68,310023.532,7980129.192,0,1,5,1
C69L19,19,69,310523.532,7980129.192,0,1,5,1
C70L19,19,70,311023.532,7980129.192,0,1,5,1
C71L19,19,71,311523.532,7980129.192,0,1,5,1
C72L19,19,72,312023.532,7980129.192,0,1,5,1
C73L19,19,73,312523.532,7980129.192,0,1,5,1
C74L19,19,74,313023.532,7980129.192,0,1,5,5
C75L19,19,75,313523.532,7980129.192,0,0,5,5
C76L19,19,76,314023.532,7980129.192,0,0,5,5
C77L19,19,77,314523.532,7980129.192,1,0,5,5
C78L19,19,78,315023.532,7980129.192,1,1,5,0
C19L20,20,19,285523.532,7980629.192,0,1,5,0
C20L20,20,20,286023.532,7980629.192,0,1,5,0
C21L20,20,21,286523.532,7980629.192,0,1,5,0
C22L20,20,22,287023.532,7980629.192,0,1,5,0
C23L20,20,23,287523.532,7980629.192,0,1,5,0
C24L20,20,24,288023.532,7980629.192,0,0,5,5
C25L20,20,25,288523.532,7980629.192,0,1,5,5
C26L20,20,26,289023.532,7980629.192,0,1,5,5
C27L20,20,27,289523.532,7980629.192,0,0,5,5
C28L20,20,28,290023.532,7980629.192,0,0,5,5
C29L20,20,29,290523.532,7980629.192,0,0,5,5
C30L20,20,30,291023.532,7980629.192,0,0,5,5
C31L20,20,31,291523.532,7980629.192,0,0,5,5
C32L20,20,32,292023.532,7980629.192,0,0,5,5
C33L20,20,33,292523.532,7980629.192,0,0,5,5
C34L20,20,34,293023.532,7980629.192,0,0,5,5
C35L20,20,35,293523.532,7980629.192,0,0,5,4
C36L20,20,36,294023.532,7980629.192,0,0,5,4
C37L20,20,37,294523.532,7980629.192,0,0,5,4
C38L20,20,38,295023.532,7980629.192,0,0,4,4
C39L20,20,39,295523.532,7980629.192,0,0,4,4
C40L20,20,40,296023.532,7980629.192,0,0,5,2
C41L20,20,41,296523.532,7980629.192,0,0,5,2
C42L20,20,42,297023.532,7980629.192,0,1,5,2
C43L20,20,43,297523.532,7980629.192,0,1,5,2
C44L20,20,44,298023.532,7980629.192,0,1,5,2
C45L20,20,45,298523.532,7980629.192,0,1,5,5
C46L20,20,46,299023.532,7980629.192,0,1,5,5
C47L20,20,47,299523.532,7980629.192,0,1,5,5
C48L20,20,48,300023.532,7980629.192,0,1,5,5
C49L20,20,49,300523.532,7980629.192,1,0,5,5
C50L20,20,50,301023.532,7980629.192,1,0,5,5
C51L20,20,51,301523.532,7980629.192,0,0,5,5
C52L20,20,52,302023.532,7980629.192,0,0,5,5
C53L20,20,53,302523.532,7980629.192,0,0,5,5
C54L20,20,54,303023.532,7980629.192,0,0,5,5
C55L20,20,55,303523.532,7980629.192,0,0,5,5
C56L20,20,56,304023.532,7980629.192,0,0,5,5
C57L20,20,57,304523.532,7980629.192,0,0,5,1
C58L20,20,58,305023.532,7980629.192,0,0,1,1
C59L20,20,59,305523.532,7980629.192,0,0,1,1
C60L20,20,60,306023.532,7980629.192,0,0,1,1
C61L20,20,61,306523.532,7980629.192,0,0,1,1
C62L20,20,62,307023.532,7980629.192,0,0,1,1
C63L20,20,63,307523.532,7980629.192,0,0,5,1
C64L20,20,64,308023.532,7980629.192,0,0,1,1
C65L20,20,65,308523.532,7980629.192,0,0,5,1
C66L20,20,66,309023.532,7980629.192,0,0,5,1
C67L20,20,67,309523.532,7980629.192,0,0,5,1
C68L20,20,68,310023.532,7980629.192,0,0,1,1
C69L20,20,69,310523.532,7980629.192,0,0,1,1
C70L20,20,70,311023.532,7980629.192,0,0,1,1
C71L20,20,71,311523.532,7980629.192,0,0,5,1
C72L20,20,72,312023.532,7980629.192,0,0,5,1
C73L20,20,73,312523.532,7980629.192,0,0,1,1
C74L20,20,74,313023.532,7980629.192,0,1,5,1
C75L20,20,75,313523.532,7980629.192,0,1,5,1
C76L20,20,76,314023.532,7980629.192,0,1,5,1
C77L20,20,77,314523.532,7980629.192,0,1,5,1
C78L20,20,78,315023.532,7980629.192,1,1,5,0
C23L21,21,23,287523.532,7981129.192,0,1,5,0
C24L21,21,24,288023.532,7981129.192,0,1,5,0
C25L21,21,25,288523.532,7981129.192,0,1,5,0
C26L21,21,26,289023.532,7981129.192,0,0,5,5
C27L21,21,27,289523.532,7981129.192,0,0,5,5
C28L21,21,28,290023.532,7981129.192,0,0,5,5
C29L21,21,29,290523.532,7981129.192,0,0,5,5
C30L21,21,30,291023.532,7981129.192,0,0,5,5
C31L21,21,31,291523.532,7981129.192,0,0,5,5
C32L21,21,32,292023.532,7981129.192,0,0,5,5
C33L21,21,33,292523.532,7981129.192,0,0,5,4
C34L21,21,34,293023.532,7981129.192,0,0,5,4
C35L21,21,35,293523.532,7981129.192,0,0,5,4
C36L21,21,36,294023.532,7981129.192,0,0,4,4
C37L21,21,37,294523.532,7981129.192,0,0,4,4
C38L21,21,38,295023.532,7981129.192,0,0,4,4
C39L21,21,39,295523.532,7981129.192,0,0,4,4
C40L21,21,40,296023.532,7981129.192,0,0,4,4
C41L21,21,41,296523.532,7981129.192,0,1,5,4
C42L21,21,42,297023.532,7981129.192,0,1,5,4
C43L21,21,43,297523.532,7981129.192,0,0,5,4
C44L21,21,44,298023.532,7981129.192,0,0,5,4
C45L21,21,45,298523.532,7981129.192,0,0,5,4
C46L21,21,46,299023.532,7981129.192,0,0,5,4
C47L21,21,47,299523.532,7981129.192,0,1,5,5
C48L21,21,48,300023.532,7981129.192,0,1,5,5
C49L21,21,49,300523.532,7981129.192,1,0,5,5
C50L21,21,50,301023.532,7981129.192,1,0,5,5
C51L21,21,51,301523.532,7981129.192,1,0,5,5
C52L21,21,52,302023.532,7981129.192,1,0,5,5
C53L21,21,53,302523.532,7981129.192,0,0,5,5
C54L21,21,54,303023.532,7981129.192,0,0,5,5
C55L21,21,55,303523.532,7981129.192,0,0,5,5
C56L21,21,56,304023.532,7981129.192,0,0,5,5
C57L21,21,57,304523.532,7981129.192,0,0,5,1
C58L21,21,58,305023.532,7981129.192,0,0,1,1
C59L21,21,59,305523.532,7981129.192,0,0,1,1
C60L21,21,60,306023.532,7981129.192,0,0,1,1
C61L21,21,61,306523.532,7981129.192,0,0,1,1
C62L21,21,62,307023.532,7981129.192,0,0,1,1
C63L21,21,63,307523.532,7981129.192,0,0,1,1
C64L21,21,64,308023.532,7981129.192,0,0,1,1
C65L21,21,65,308523.532,7981129.192,0,0,1,1
C66L21,21,66,309023.532,7981129.192,0,0,5,1
C67L21,21,67,309523.532,7981129.192,0,0,5,1
C68L21,21,68,310023.532,7981129.192,0,0,1,1
C69L21,21,69,310523.532,7981129.192,0,0,1,1
C70L21,21,70,311023.532,7981129.192,0,0,1,1
C71L21,21,71,311523.532,7981129.192,0,0,1,1
C72L21,21,72,312023.532,7981129.192,0,0,1,1
C73L21,21,73,312523.532,7981129.192,0,0,1,1
C74L21,21,74,313023.532,7981129.192,0,0,1,1
C75L21,21,75,313523.532,7981129.192,0,0,5,1
C76L21,21,76,314023.532,7981129.192,0,0,5,1
C77L21,21,77,314523.532,7981129.192,0,0,1,1
C78L21,21,78,315023.532,7981129.192,1,0,5,0
C20L22,22,20,286023.532,7981629.192,0,1,1,0
C21L22,22,21,286523.532,7981629.192,0,1,1,0
C22L22,22,22,287023.532,7981629.192,0,1,1,0
C23L22,22,23,287523.532,7981629.192,0,1,5,0
C24L22,22,24,288023.532,7981629.192,0,1,5,0
C25L22,22,25,288523.532,7981629.192,1,1,5,0
C26L22,22,26,289023.532,7981629.192,0,1,5,5
C27L22,22,27,289523.532,7981629.192,0,1,5,5
C28L22,22,28,290023.532,7981629.192,0,0,5,5
C29L22,22,29,290523.532,7981629.192,0,0,5,5
C30L22,22,30,291023.532,7981629.192,0,0,5,5
C31L22,22,31,291523.532,7981629.192,0,0,5,5
C32L22,22,32,292023.532,7981629.192,0,0,5,5
C33L22,22,33,292523.532,7981629.192,0,0,5,5
C34L22,22,34,293023.532,7981629.192,0,0,5,4
C35L22,22,35,293523.532,7981629.192,0,0,5,4
C36L22,22,36,294023.532,7981629.192,0,0,4,4
C37L22,22,37,294523.532,7981629.192,0,0,4,4
C38L22,22,38,295023.532,7981629.192,0,0,5,4
C39L22,22,39,295523.532,7981629.192,0,1,5,4
C40L22,22,40,296023.532,7981629.192,0,1,5,4
C41L22,22,41,296523.532,7981629.192,0,1,5,4
C42L22,22,42,297023.532,7981629.192,0,0,4,4
C43L22,22,43,297523.532,7981629.192,0,0,4,4
C44L22,22,44,298023.532,7981629.192,0,0,4,4
C45L22,22,45,298523.532,7981629.192,0,0,4,4
C46L22,22,46,299023.532,7981629.192,0,0,4,4
C47L22,22,47,299523.532,7981629.192,0,0,5,4
C48L22,22,48,300023.532,7981629.192,0,1,5,4
C49L22,22,49,300523.532,7981629.192,0,1,5,5
C50L22,22,50,301023.532,7981629.192,1,0,5,5
C51L22,22,51,301523.532,7981629.192,0,0,5,2
C52L22,22,52,302023.532,7981629.192,1,0,5,2
C53L22,22,53,302523.532,7981629.192,1,0,5,2
C54L22,22,54,303023.532,7981629.192,0,0,5,5
C55L22,22,55,303523.532,7981629.192,0,0,5,5
C56L22,22,56,304023.532,7981629.192,0,0,5,5
C57L22,22,57,304523.532,7981629.192,0,0,5,1
C58L22,22,58,305023.532,7981629.192,0,0,1,1
C59L22,22,59,305523.532,7981629.192,0,0,1,1
C60L22,22,60,306023.532,7981629.192,0,0,1,1
C61L22,22,61,306523.532,7981629.192,0,0,1,1
C62L22,22,62,307023.532,7981629.192,0,0,1,1
C63L22,22,63,307523.532,7981629.192,0,0,1,1
C64L22,22,64,308023.532,7981629.192,0,0,1,1
C65L22,22,65,308523.532,7981629.192,0,0,1,1
C66L22,22,66,309023.532,7981629.192,0,0,1,1
C67L22,22,67,309523.532,7981629.192,0,0,5,1
C68L22,22,68,310023.532,7981629.192,0,0,5,1
C69L22,22,69,310523.532,7981629.192,0,0,1,1
C70L22,22,70,311023.532,7981629.192,0,0,1,1
C71L22,22,71,311523.532,7981629.192,0,0,1,1
C72L22,22,72,312023.532,7981629.192,0,0,1,1
C73L22,22,73,312523.532,7981629.192,0,0,1,1
C74L22,22,74,313023.532,7981629.192,0,0,1,1
C75L22,22,75,313523.532,7981629.192,0,0,1,1
C76L22,22,76,314023.532,7981629.192,0,0,1,1
C77L22,22,77,314523.532,7981629.192,0,0,1,1
C78L22,22,78,315023.532,7981629.192,1,0,1,0
C19L23,23,19,285523.532,7982129.192,0,1,1,0
C20L23,23,20,286023.532,7982129.192,0,1,1,0
C21L23,23,21,286523.532,7982129.192,0,0,1,1
C22L23,23,22,287023.532,7982129.192,1,0,1,1
C23L23,23,23,287523.532,7982129.192,1,0,5,1
C24L23,23,24,288023.532,7982129.192,1,0,5,1
C25L23,23,25,288523.532,7982129.192,1,0,5,1
C26L23,23,26,289023.532,7982129.192,0,0,5,1
C27L23,23,27,289523.532,7982129.192,0,1,5,1
C28L23,23,28,290023.532,7982129.192,0,1,5,1
C29L23,23,29,290523.532,7982129.192,0,0,5,5
C30L23,23,30,291023.532,7982129.192,0,0,5,5
C31L23,23,31,291523.532,7982129.192,0,0,5,5
C32L23,23,32,292023.532,7982129.192,0,0,5,5
C33L23,23,33,292523.532,7982129.192,0,0,5,5
C34L23,23,34,293023.532,7982129.192,0,0,5,5
C35L23,23,35,293523.532,7982129.192,0,0,5,5
C36L23,23,36,294023.532,7982129.192,0,0,5,4
C37L23,23,37,294523.532,7982129.192,0,1,5,4
C38L23,23,38,295023.532,7982129.192,0,1,5,4
C39L23,23,39,295523.532,7982129.192,0,1,5,4
C40L23,23,40,296023.532,7982129.192,0,0,5,4
C41L23,23,41,296523.532,7982129.192,0,0,4,4
C42L23,23,42,297023.532,7982129.192,0,0,4,4
C43L23,23,43,297523.532,7982129.192,0,0,4,4
C44L23,23,44,298023.532,7982129.192,0,0,4,3
C45L23,23,45,298523.532,7982129.192,0,0,4,3
C46L23,23,46,299023.532,7982129.192,0,0,4,3
C47L23,23,47,299523.532,7982129.192,0,0,4,3
C48L23,23,48,300023.532,7982129.192,0,0,5,4
C49L23,23,49,300523.532,7982129.192,0,1,5,4
C50L23,23,50,301023.532,7982129.192,1,0,5,2
C51L23,23,51,301523.532,7982129.192,0,0,2,2
C52L23,23,52,302023.532,7982129.192,0,0,2,2
C53L23,23,53,302523.532,7982129.192,1,0,5,2
C54L23,23,54,303023.532,7982129.192,1,0,5,2
C55L23,23,55,303523.532,7982129.192,1,0,5,2
C56L23,23,56,304023.532,7982129.192,0,0,5,2
C57L23,23,57,304523.532,7982129.192,0,0,5,1
C58L23,23,58,305023.532,7982129.192,0,0,5,1
C59L23,23,59,305523.532,7982129.192,0,0,5,1
C60L23,23,60,306023.532,7982129.192,0,0,1,1
C61L23,23,61,306523.532,7982129.192,0,0,1,1
C62L23,23,62,307023.532,7982129.192,0,0,1,1
C63L23,23,63,307523.532,7982129.192,0,0,1,1
C64L23,23,64,308023.532,7982129.192,0,0,1,1
C65L23,23,65,308523.532,7982129.192,0,0,1,1
C66L23,23,66,309023.532,7982129.192,0,0,1,1
C67L23,23,67,309523.532,7982129.192,0,0,5,1
C68L23,23,68,310023.532,7982129.192,0,0,5,1
C69L23,23,69,310523.532,7982129.192,0,0,1,1
C70L23,23,70,311023.532,7982129.192,0,0,1,1
C71L23,23,71,311523.532,7982129.192,0,0,1,1
C72L23,23,72,312023.532,7982129.192,0,0,1,1
C73L23,23,73,312523.532,7982129.192,0,0,1,1
C74L23,23,74,313023.532,7982129.192,0,0,1,1
C75L23,23,75,313523.532,7982129.192,0,0,1,1
C76L23,23,76,314023.532,7982129.192,0,0,1,1
C77L23,23,77,314523.532,7982129.192,0,0,1,1
C78L23,23,78,315023.532,7982129.192,1,0,1,0
C18L24,24,18,285023.532,7982629.192,0,1,1,0
C19L24,24,19,285523.532,7982629.192,0,1,1,0
C20L24,24,20,286023.532,7982629.192,0,0,1,1
C21L24,24,21,286523.532,7982629.192,1,0,1,1
C22L24,24,22,287023.532,7982629.192,1,0,1,1
C23L24,24,23,287523.532,7982629.192,0,0,1,1
C24L24,24,24,288023.532,7982629.192,0,0,1,1
C25L24,24,25,288523.532,7982629.192,1,0,1,1
C26L24,24,26,289023.532,7982629.192,1,0,1,1
C27L24,24,27,289523.532,7982629.192,1,0,1,1
C28L24,24,28,290023.532,7982629.192,0,1,5,1
C29L24,24,29,290523.532,7982629.192,0,1,5,1
C30L24,24,30,291023.532,7982629.192,0,1,5,1
C31L24,24,31,291523.532,7982629.192,0,1,5,1
C32L24,24,32,292023.532,7982629.192,0,1,5,5
C33L24,24,33,292523.532,7982629.192,0,0,5,5
C34L24,24,34,293023.532,7982629.192,0,0,5,5
C35L24,24,35,293523.532,7982629.192,0,0,5,5
C36L24,24,36,294023.532,7982629.192,0,1,5,5
C37L24,24,37,294523.532,7982629.192,0,1,5,4
C38L24,24,38,295023.532,7982629.192,0,0,5,4
C39L24,24,39,295523.532,7982629.192,0,1,5,4
C40L24,24,40,296023.532,7982629.192,0,0,4,4
C41L24,24,41,296523.532,7982629.192,0,0,4,4
C42L24,24,42,297023.532,7982629.192,0,0,4,4
C43L24,24,43,297523.532,7982629.192,0,0,4,3
C44L24,24,44,298023.532,7982629.192,0,0,4,3
C45L24,24,45,298523.532,7982629.192,0,0,4,3
C46L24,24,46,299023.532,7982629.192,0,0,4,3
C47L24,24,47,299523.532,7982629.192,0,0,4,3
C48L24,24,48,300023.532,7982629.192,0,0,4,4
C49L24,24,49,300523.532,7982629.192,0,1,5,2
C50L24,24,50,301023.532,7982629.192,1,1,5,2
C51L24,24,51,301523.532,7982629.192,1,0,5,2
C52L24,24,52,302023.532,7982629.192,0,0,2,2
C53L24,24,53,302523.532,7982629.192,0,0,2,2
C54L24,24,54,303023.532,7982629.192,0,0,2,2
C55L24,24,55,303523.532,7982629.192,1,0,2,2
C56L24,24,56,304023.532,7982629.192,1,0,5,2
C57L24,24,57,304523.532,7982629.192,1,0,5,5
C58L24,24,58,305023.532,7982629.192,1,0,5,5
C59L24,24,59,305523.532,7982629.192,0,0,5,1
C60L24,24,60,306023.532,7982629.192,0,0,5,1
C61L24,24,61,306523.532,7982629.192,0,0,1,1
C62L24,24,62,307023.532,7982629.192,0,0,1,1
C63L24,24,63,307523.532,7982629.192,0,0,1,1
C64L24,24,64,308023.532,7982629.192,0,0,1,1
C65L24,24,65,308523.532,7982629.192,0,0,1,1
C66L24,24,66,309023.532,7982629.192,0,0,1,1
C67L24,24,67,309523.532,7982629.192,0,0,5,1
C68L24,24,68,310023.532,7982629.192,0,0,5,1
C69L24,24,69,310523.532,7982629.192,0,0,5,1
C70L24,24,70,311023.532,7982629.192,0,0,5,1
C71L24,24,71,311523.532,7982629.192,0,0,1,1
C72L24,24,72,312023.532,7982629.192,0,0,1,1
C73L24,24,73,312523.532,7982629.192,0,0,1,1
C74L24,24,74,313023.532,7982629.192,0,0,1,1
C75L24,24,75,313523.532,7982629.192,0,0,1,1
C76L24,24,76,314023.532,7982629.192,0,0,1,1
C77L24,24,77,314523.532,7982629.192,0,0,1,1
C78L24,24,78,315023.532,7982629.192,1,0,1,0
C18L25,25,18,285023.532,7983129.192,0,1,1,0
C19L25,25,19,285523.532,7983129.192,0,0,1,1
C20L25,25,20,286023.532,7983129.192,1,0,1,1
C21L25,25,21,286523.532,7983129.192,1,0,1,1
C22L25,25,22,287023.532,7983129.192,0,0,1,1
C23L25,25,23,287523.532,7983129.192,0,0,1,1
C24L25,25,24,288023.532,7983129.192,0,0,1,1
C25L25,25,25,288523.532,7983129.192,0,0,1,1
C26L25,25,26,289023.532,7983129.192,0,0,1,1
C27L25,25,27,289523.532,7983129.192,1,0,1,1
C28L25,25,28,290023.532,7983129.192,1,0,1,1
C29L25,25,29,290523.532,7983129.192,1,0,1,1
C30L25,25,30,291023.532,7983129.192,1,0,1,1
C31L25,25,31,291523.532,7983129.192,0,0,5,1
C32L25,25,32,292023.532,7983129.192,0,1,5,1
C33L25,25,33,292523.532,7983129.192,0,1,5,1
C34L25,25,34,293023.532,7983129.192,0,1,5,1
C35L25,25,35,293523.532,7983129.192,0,1,5,1
C36L25,25,36,294023.532,7983129.192,0,1,5,1
C37L25,25,37,294523.532,7983129.192,0,1,5,4
C38L25,25,38,295023.532,7983129.192,0,0,4,4
C39L25,25,39,295523.532,7983129.192,0,1,5,4
C40L25,25,40,296023.532,7983129.192,0,0,4,4
C41L25,25,41,296523.532,7983129.192,0,0,4,3
C42L25,25,42,297023.532,7983129.192,0,0,4,4
C43L25,25,43,297523.532,7983129.192,0,0,4,3
C44L25,25,44,298023.532,7983129.192,0,0,3,3
C45L25,25,45,298523.532,7983129.192,0,0,3,3
C46L25,25,46,299023.532,7983129.192,0,0,3,3
C47L25,25,47,299523.532,7983129.192,0,0,4,3
C48L25,25,48,300023.532,7983129.192,0,0,4,2
C49L25,25,49,300523.532,7983129.192,0,0,4,2
C50L25,25,50,301023.532,7983129.192,0,1,5,2
C51L25,25,51,301523.532,7983129.192,1,0,5,2
C52L25,25,52,302023.532,7983129.192,0,0,2,2
C53L25,25,53,302523.532,7983129.192,0,0,2,2
C54L25,25,54,303023.532,7983129.192,0,0,2,2
C55L25,25,55,303523.532,7983129.192,0,0,2,2
C56L25,25,56,304023.532,7983129.192,0,0,5,2
C57L25,25,57,304523.532,7983129.192,0,0,5,2
C58L25,25,58,305023.532,7983129.192,1,0,5,5
C59L25,25,59,305523.532,7983129.192,1,0,5,5
C60L25,25,60,306023.532,7983129.192,1,0,5,1
C61L25,25,61,306523.532,7983129.192,1,0,5,1
C62L25,25,62,307023.532,7983129.192,0,0,1,1
C63L25,25,63,307523.532,7983129.192,0,0,1,1
C64L25,25,64,308023.532,7983129.192,0,0,1,1
C65L25,25,65,308523.532,7983129.192,0,0,2,1
C66L25,25,66,309023.532,7983129.192,0,0,2,1
C67L25,25,67,309523.532,7983129.192,0,0,2,1
C68L25,25,68,310023.532,7983129.192,0,0,2,2
C69L25,25,69,310523.532,7983129.192,0,0,2,2
C70L25,25,70,311023.532,7983129.192,0,0,5,1
C71L25,25,71,311523.532,7983129.192,0,0,2,1
C72L25,25,72,312023.532,7983129.192,0,0,5,1
C73L25,25,73,312523.532,7983129.192,0,0,5,1
C74L25,25,74,313023.532,7983129.192,0,0,1,1
C75L25,25,75,313523.532,7983129.192,0,0,1,1
C76L25,25,76,314023.532,7983129.192,0,0,1,1
C77L25,25,77,314523.532,7983129.192,0,0,1,1
C78L25,25,78,315023.532,7983129.192,1,0,1,0
C17L26,26,17,284523.532,7983629.192,0,1,1,0
C18L26,26,18,285023.532,7983629.192,0,1,1,0
C19L26,26,19,285523.532,7983629.192,1,0,1,1
C20L26,26,20,286023.532,7983629.192,1,0,1,1
C21L26,26,21,286523.532,7983629.192,0,0,1,1
C22L26,26,22,287023.532,7983629.192,0,0,1,1
C23L26,26,23,287523.532,7983629.192,0,0,1,1
C24L26,26,24,288023.532,7983629.192,0,0,1,1
C25L26,26,25,288523.532,7983629.192,0,0,1,1
C26L26,26,26,289023.532,7983629.192,0,0,1,1
C27L26,26,27,289523.532,7983629.192,0,0,1,1
C28L26,26,28,290023.532,7983629.192,0,0,1,1
C29L26,26,29,290523.532,7983629.192,0,0,1,1
C30L26,26,30,291023.532,7983629.192,1,0,1,1
C31L26,26,31,291523.532,7983629.192,0,0,1,1
C32L26,26,32,292023.532,7983629.192,0,0,1,1
C33L26,26,33,292523.532,7983629.192,0,0,1,1
C34L26,26,34,293023.532,7983629.192,0,0,5,1
C35L26,26,35,293523.532,7983629.192,0,0,5,1
C36L26,26,36,294023.532,7983629.192,0,1,5,1
C37L26,26,37,294523.532,7983629.192,0,0,4,3
C38L26,26,38,295023.532,7983629.192,0,0,4,3
C39L26,26,39,295523.532,7983629.192,0,1,4,3
C40L26,26,40,296023.532,7983629.192,0,1,4,3
C41L26,26,41,296523.532,7983629.192,0,0,4,3
C42L26,26,42,297023.532,7983629.192,0,0,4,3
C43L26,26,43,297523.532,7983629.192,0,0,4,3
C44L26,26,44,298023.532,7983629.192,0,0,3,3
C45L26,26,45,298523.532,7983629.192,0,0,3,3
C46L26,26,46,299023.532,7983629.192,0,0,3,3
C47L26,26,47,299523.532,7983629.192,0,0,4,3
C48L26,26,48,300023.532,7983629.192,0,0,4,2
C49L26,26,49,300523.532,7983629.192,0,0,2,2
C50L26,26,50,301023.532,7983629.192,0,1,5,2
C51L26,26,51,301523.532,7983629.192,1,0,5,2
C52L26,26,52,302023.532,7983629.192,0,0,2,2
C53L26,26,53,302523.532,7983629.192,0,0,2,2
C54L26,26,54,303023.532,7983629.192,0,0,2,2
C55L26,26,55,303523.532,7983629.192,0,0,2,2
C56L26,26,56,304023.532,7983629.192,0,0,2,2
C57L26,26,57,304523.532,7983629.192,0,0,2,2
C58L26,26,58,305023.532,7983629.192,0,0,5,2
C59L26,26,59,305523.532,7983629.192,0,0,5,2
C60L26,26,60,306023.532,7983629.192,0,0,5,2
C61L26,26,61,306523.532,7983629.192,1,0,5,1
C62L26,26,62,307023.532,7983629.192,1,0,5,1
C63L26,26,63,307523.532,7983629.192,1,0,5,1
C64L26,26,64,308023.532,7983629.192,1,0,5,1
C65L26,26,65,308523.532,7983629.192,1,0,2,1
C66L26,26,66,309023.532,7983629.192,1,0,2,2
C67L26,26,67,309523.532,7983629.192,1,0,2,2
C68L26,26,68,310023.532,7983629.192,1,0,2,2
C69L26,26,69,310523.532,7983629.192,1,0,2,2
C70L26,26,70,311023.532,7983629.192,1,0,2,2
C71L26,26,71,311523.532,7983629.192,1,0,2,2
C72L26,26,72,312023.532,7983629.192,0,0,2,2
C73L26,26,73,312523.532,7983629.192,0,0,5,1
C74L26,26,74,313023.532,7983629.192,0,0,5,1
C75L26,26,75,313523.532,7983629.192,0,0,1,1
C76L26,26,76,314023.532,7983629.192,0,0,1,1
C77L26,26,77,314523.532,7983629.192,0,0,1,1
C78L26,26,78,315023.532,7983629.192,1,0,1,0
C17L27,27,17,284523.532,7984129.192,0,1,1,0
C18L27,27,18,285023.532,7984129.192,1,0,1,1
C19L27,27,19,285523.532,7984129.192,1,0,1,1
C20L27,27,20,286023.532,7984129.192,0,0,1,1
C21L27,27,21,286523.532,7984129.192,0,0,1,1
C22L27,27,22,287023.532,7984129.192,0,0,1,1
C23L27,27,23,287523.532,7984129.192,0,0,1,1
C24L27,27,24,288023.532,7984129.192,0,0,1,1
C25L27,27,25,288523.532,7984129.192,0,0,1,1
C26L27,27,26,289023.532,7984129.192,0,0,1,1
C27L27,27,27,289523.532,7984129.192,0,0,1,1
C28L27,27,28,290023.532,7984129.192,0,0,1,1
C29L27,27,29,290523.532,7984129.192,0,0,1,1
C30L27,27,30,291023.532,7984129.192,1,0,1,1
C31L27,27,31,291523.532,7984129.192,0,0,1,1
C32L27,27,32,292023.532,7984129.192,0,0,1,1
C33L27,27,33,292523.532,7984129.192,0,0,1,1
C34L27,27,34,293023.532,7984129.192,0,0,1,1
C35L27,27,35,293523.532,7984129.192,0,1,5,1
C36L27,27,36,294023.532,7984129.192,0,1,5,4
C37L27,27,37,294523.532,7984129.192,0,0,4,3
C38L27,27,38,295023.532,7984129.192,0,0,3,3
C39L27,27,39,295523.532,7984129.192,0,0,4,3
C40L27,27,40,296023.532,7984129.192,0,1,4,3
C41L27,27,41,296523.532,7984129.192,0,0,4,3
C42L27,27,42,297023.532,7984129.192,0,0,4,3
C43L27,27,43,297523.532,7984129.192,0,0,4,3
C44L27,27,44,298023.532,7984129.192,0,0,3,3
C45L27,27,45,298523.532,7984129.192,0,0,3,3
C46L27,27,46,299023.532,7984129.192,0,0,3,3
C47L27,27,47,299523.532,7984129.192,0,0,4,3
C48L27,27,48,300023.532,7984129.192,0,0,4,2
C49L27,27,49,300523.532,7984129.192,0,0,2,2
C50L27,27,50,301023.532,7984129.192,0,1,5,2
C51L27,27,51,301523.532,7984129.192,1,0,5,2
C52L27,27,52,302023.532,7984129.192,0,0,2,2
C53L27,27,53,302523.532,7984129.192,0,0,2,2
C54L27,27,54,303023.532,7984129.192,0,0,2,2
C55L27,27,55,303523.532,7984129.192,0,0,2,2
C56L27,27,56,304023.532,7984129.192,0,0,2,2
C57L27,27,57,304523.532,7984129.192,0,0,2,2
C58L27,27,58,305023.532,7984129.192,0,0,2,2
C59L27,27,59,305523.532,7984129.192,0,0,2,2
C60L27,27,60,306023.532,7984129.192,0,0,5,2
C61L27,27,61,306523.532,7984129.192,0,0,2,2
C62L27,27,62,307023.532,7984129.192,0,0,2,2
C63L27,27,63,307523.532,7984129.192,0,0,2,2
C64L27,27,64,308023.532,7984129.192,0,0,2,2
C65L27,27,65,308523.532,7984129.192,0,0,2,2
C66L27,27,66,309023.532,7984129.192,0,0,2,2
C67L27,27,67,309523.532,7984129.192,0,0,2,2
C68L27,27,68,310023.532,7984129.192,0,0,2,2
C69L27,27,69,310523.532,7984129.192,0,0,2,2
C70L27,27,70,311023.532,7984129.192,0,0,2,2
C71L27,27,71,311523.532,7984129.192,1,0,2,2
C72L27,27,72,312023.532,7984129.192,1,0,5,2
C73L27,27,73,312523.532,7984129.192,1,0,5,1
C74L27,27,74,313023.532,7984129.192,0,0,5,1
C75L27,27,75,313523.532,7984129.192,0,0,1,1
C76L27,27,76,314023.532,7984129.192,0,0,1,1
C77L27,27,77,314523.532,7984129.192,0,0,1,1
C78L27,27,78,315023.532,7984129.192,1,0,1,0
C17L28,28,17,284523.532,7984629.192,0,1,1,0
C18L28,28,18,285023.532,7984629.192,1,0,1,1
C19L28,28,19,285523.532,7984629.192,0,0,1,1
C20L28,28,20,286023.532,7984629.192,0,0,1,1
C21L28,28,21,286523.532,7984629.192,0,0,1,1
C22L28,28,22,287023.532,7984629.192,0,0,1,1
C23L28,28,23,287523.532,7984629.192,0,0,1,1
C24L28,28,24,288023.532,7984629.192,0,0,1,1
C25L28,28,25,288523.532,7984629.192,0,0,1,1
C26L28,28,26,289023.532,7984629.192,0,0,1,1
C27L28,28,27,289523.532,7984629.192,0,0,1,1
C28L28,28,28,290023.532,7984629.192,0,0,1,1
C29L28,28,29,290523.532,7984629.192,0,0,1,1
C30L28,28,30,291023.532,7984629.192,1,0,1,1
C31L28,28,31,291523.532,7984629.192,0,0,1,1
C32L28,28,32,292023.532,7984629.192,0,0,1,1
C33L28,28,33,292523.532,7984629.192,0,0,1,1
C34L28,28,34,293023.532,7984629.192,0,0,4,1
C35L28,28,35,293523.532,7984629.192,0,1,5,1
C36L28,28,36,294023.532,7984629.192,0,0,4,3
C37L28,28,37,294523.532,7984629.192,0,0,4,3
C38L28,28,38,295023.532,7984629.192,0,0,3,3
C39L28,28,39,295523.532,7984629.192,0,0,4,3
C40L28,28,40,296023.532,7984629.192,0,1,4,3
C41L28,28,41,296523.532,7984629.192,0,0,4,3
C42L28,28,42,297023.532,7984629.192,0,0,3,3
C43L28,28,43,297523.532,7984629.192,0,0,3,3
C44L28,28,44,298023.532,7984629.192,0,0,3,3
C45L28,28,45,298523.532,7984629.192,0,0,3,3
C46L28,28,46,299023.532,7984629.192,0,0,3,3
C47L28,28,47,299523.532,7984629.192,0,0,4,3
C48L28,28,48,300023.532,7984629.192,0,0,4,2
C49L28,28,49,300523.532,7984629.192,0,0,2,2
C50L28,28,50,301023.532,7984629.192,0,1,5,2
C51L28,28,51,301523.532,7984629.192,1,1,5,2
C52L28,28,52,302023.532,7984629.192,1,0,2,2
C53L28,28,53,302523.532,7984629.192,0,0,2,2
C54L28,28,54,303023.532,7984629.192,0,0,2,2
C55L28,28,55,303523.532,7984629.192,0,0,2,2
C56L28,28,56,304023.532,7984629.192,0,0,2,2
C57L28,28,57,304523.532,7984629.192,0,0,2,2
C58L28,28,58,305023.532,7984629.192,0,0,2,2
C59L28,28,59,305523.532,7984629.192,0,0,2,2
C60L28,28,60,306023.532,7984629.192,0,0,2,2
C61L28,28,61,306523.532,7984629.192,0,0,2,2
C62L28,28,62,307023.532,7984629.192,0,0,2,2
C63L28,28,63,307523.532,7984629.192,0,0,2,2
C64L28,28,64,308023.532,7984629.192,0,0,2,2
C65L28,28,65,308523.532,7984629.192,0,0,2,2
C66L28,28,66,309023.532,7984629.192,0,0,2,2
C67L28,28,67,309523.532,7984629.192,0,0,2,2
C68L28,28,68,310023.532,7984629.192,0,0,2,2
C69L28,28,69,310523.532,7984629.192,0,0,2,2
C70L28,28,70,311023.532,7984629.192,0,0,2,2
C71L28,28,71,311523.532,7984629.192,0,0,2,2
C72L28,28,72,312023.532,7984629.192,0,0,2,2
C73L28,28,73,312523.532,7984629.192,1,0,5,2
C74L28,28,74,313023.532,7984629.192,1,0,5,1
C75L28,28,75,313523.532,7984629.192,1,0,5,1
C76L28,28,76,314023.532,7984629.192,1,0,5,1
C77L28,28,77,314523.532,7984629.192,1,0,5,1
C78L28,28,78,315023.532,7984629.192,1,0,1,1
C79L28,28,79,315523.532,7984629.192,1,0,1,0
C16L29,29,16,284023.532,7985129.192,0,1,1,0
C17L29,29,17,284523.532,7985129.192,0,1,1,0
C18L29,29,18,285023.532,7985129.192,1,0,1,1
C19L29,29,19,285523.532,7985129.192,0,0,1,1
C20L29,29,20,286023.532,7985129.192,0,0,1,1
C21L29,29,21,286523.532,7985129.192,0,0,1,1
C22L29,29,22,287023.532,7985129.192,0,0,1,1
C23L29,29,23,287523.532,7985129.192,0,0,1,1
C24L29,29,24,288023.532,7985129.192,0,0,1,1
C25L29,29,25,288523.532,7985129.192,0,0,1,1
C26L29,29,26,289023.532,7985129.192,0,0,1,1
C27L29,29,27,289523.532,7985129.192,0,0,1,1
C28L29,29,28,290023.532,7985129.192,0,0,1,1
C29L29,29,29,290523.532,7985129.192,0,0,1,1
C30L29,29,30,291023.532,7985129.192,1,0,1,1
C31L29,29,31,291523.532,7985129.192,0,0,1,1
C32L29,29,32,292023.532,7985129.192,0,0,1,1
C33L29,29,33,292523.532,7985129.192,0,1,5,1
C34L29,29,34,293023.532,7985129.192,0,1,5,1
C35L29,29,35,293523.532,7985129.192,0,1,5,1
C36L29,29,36,294023.532,7985129.192,0,0,4,4
C37L29,29,37,294523.532,7985129.192,0,0,4,3
C38L29,29,38,295023.532,7985129.192,0,0,3,2
C39L29,29,39,295523.532,7985129.192,0,0,4,2
C40L29,29,40,296023.532,7985129.192,0,0,4,3
C41L29,29,41,296523.532,7985129.192,0,0,4,3
C42L29,29,42,297023.532,7985129.192,0,0,3,3
C43L29,29,43,297523.532,7985129.192,0,0,3,3
C44L29,29,44,298023.532,7985129.192,0,0,3,3
C45L29,29,45,298523.532,7985129.192,0,0,3,3
C46L29,29,46,299023.532,7985129.192,0,0,4,3
C47L29,29,47,299523.532,7985129.192,0,0,4,3
C48L29,29,48,300023.532,7985129.192,0,0,4,4
C49L29,29,49,300523.532,7985129.192,0,0,4,2
C50L29,29,50,301023.532,7985129.192,0,1,5,2
C51L29,29,51,301523.532,7985129.192,0,1,5,5
C52L29,29,52,302023.532,7985129.192,1,0,5,2
C53L29,29,53,302523.532,7985129.192,0,0,2,2
C54L29,29,54,303023.532,7985129.192,0,0,2,2
C55L29,29,55,303523.532,7985129.192,0,0,2,2
C56L29,29,56,304023.532,7985129.192,0,0,2,2
C57L29,29,57,304523.532,7985129.192,0,0,2,2
C58L29,29,58,305023.532,7985129.192,0,0,2,2
C59L29,29,59,305523.532,7985129.192,0,0,2,2
C60L29,29,60,306023.532,7985129.192,0,0,2,2
C61L29,29,61,306523.532,7985129.192,0,0,2,2
C62L29,29,62,307023.532,7985129.192,0,0,2,2
C63L29,29,63,307523.532,7985129.192,0,0,2,2
C64L29,29,64,308023.532,7985129.192,0,0,2,2
C65L29,29,65,308523.532,7985129.192,0,0,2,2
C66L29,29,66,309023.532,7985129.192,0,0,2,2
C67L29,29,67,309523.532,7985129.192,0,0,2,2
C68L29,29,68,310023.532,7985129.192,0,0,2,2
C69L29,29,69,310523.532,7985129.192,0,0,2,2
C70L29,29,70,311023.532,7985129.192,0,0,2,2
C71L29,29,71,311523.532,7985129.192,0,0,2,2
C72L29,29,72,312023.532,7985129.192,0,0,2,2
C73L29,29,73,312523.532,7985129.192,0,0,2,2
C74L29,29,74,313023.532,7985129.192,0,0,2,2
C75L29,29,75,313523.532,7985129.192,0,0,2,2
C76L29,29,76,314023.532,7985129.192,0,0,2,2
C77L29,29,77,314523.532,7985129.192,1,0,2,1
C78L29,29,78,315023.532,7985129.192,0,0,1,1
C79L29,29,79,315523.532,7985129.192,1,0,1,0
C16L30,30,16,284023.532,7985629.192,0,1,1,0
C17L30,30,17,284523.532,7985629.192,0,0,1,1
C18L30,30,18,285023.532,7985629.192,1,0,1,1
C19L30,30,19,285523.532,7985629.192,0,0,1,1
C20L30,30,20,286023.532,7985629.192,0,0,1,1
C21L30,30,21,286523.532,7985629.192,0,0,1,1
C22L30,30,22,287023.532,7985629.192,0,0,1,1
C23L30,30,23,287523.532,7985629.192,0,0,1,1
C24L30,30,24,288023.532,7985629.192,0,0,1,1
C25L30,30,25,288523.532,7985629.192,0,0,1,1
C26L30,30,26,289023.532,7985629.192,0,0,1,1
C27L30,30,27,289523.532,7985629.192,0,0,1,1
C28L30,30,28,290023.532,7985629.192,0,0,1,1
C29L30,30,29,290523.532,7985629.192,1,0,1,1
C30L30,30,30,291023.532,7985629.192,1,0,1,1
C31L30,30,31,291523.532,7985629.192,0,0,1,1
C32L30,30,32,292023.532,7985629.192,0,1,5,1
C33L30,30,33,292523.532,7985629.192,0,1,5,1
C34L30,30,34,293023.532,7985629.192,0,0,5,3
C35L30,30,35,293523.532,7985629.192,0,0,5,3
C36L30,30,36,294023.532,7985629.192,0,0,4,2
C37L30,30,37,294523.532,7985629.192,0,0,4,2
C38L30,30,38,295023.532,7985629.192,0,0,3,2
C39L30,30,39,295523.532,7985629.192,0,0,3,2
C40L30,30,40,296023.532,7985629.192,0,0,3,3
C41L30,30,41,296523.532,7985629.192,0,0,3,3
C42L30,30,42,297023.532,7985629.192,0,0,3,3
C43L30,30,43,297523.532,7985629.192,0,0,3,3
C44L30,30,44,298023.532,7985629.192,0,0,3,3
C45L30,30,45,298523.532,7985629.192,0,0,3,2
C46L30,30,46,299023.532,7985629.192,0,0,4,2
C47L30,30,47,299523.532,7985629.192,0,0,4,2
C48L30,30,48,300023.532,7985629.192,0,0,4,4
C49L30,30,49,300523.532,7985629.192,0,0,4,4
C50L30,30,50,301023.532,7985629.192,0,1,5,4
C51L30,30,51,301523.532,7985629.192,0,1,5,5
C52L30,30,52,302023.532,7985629.192,1,0,5,2
C53L30,30,53,302523.532,7985629.192,0,0,2,2
C54L30,30,54,303023.532,7985629.192,0,0,2,2
C55L30,30,55,303523.532,7985629.192,0,0,2,2
C56L30,30,56,304023.532,7985629.192,0,0,5,2
C57L30,30,57,304523.532,7985629.192,0,0,5,2
C58L30,30,58,305023.532,7985629.192,0,0,2,2
C59L30,30,59,305523.532,7985629.192,0,0,2,2
C60L30,30,60,306023.532,7985629.192,0,0,2,2
C61L30,30,61,306523.532,7985629.192,0,0,2,2
C62L30,30,62,307023.532,7985629.192,0,0,2,2
C63L30,30,63,307523.532,7985629.192,0,0,2,2
C64L30,30,64,308023.532,7985629.192,0,0,2,2
C65L30,30,65,308523.532,7985629.192,0,0,2,2
C66L30,30,66,309023.532,7985629.192,0,0,2,2
C67L30,30,67,309523.532,7985629.192,0,0,2,2
C68L30,30,68,310023.532,7985629.192,0,0,2,2
C69L30,30,69,310523.532,7985629.192,0,0,2,2
C70L30,30,70,311023.532,7985629.192,0,0,2,2
C71L30,30,71,311523.532,7985629.192,0,0,2,2
C72L30,30,72,312023.532,7985629.192,0,0,2,2
C73L30,30,73,312523.532,7985629.192,0,0,2,2
C74L30,30,74,313023.532,7985629.192,0,0,2,2
C75L30,30,75,313523.532,7985629.192,0,0,2,2
C76L30,30,76,314023.532,7985629.192,0,0,2,2
C77L30,30,77,314523.532,7985629.192,1,0,2,1
C78L30,30,78,315023.532,7985629.192,0,0,1,1
C79L30,30,79,315523.532,7985629.192,1,0,1,0
C16L31,31,16,284023.532,7986129.192,0,1,1,0
C17L31,31,17,284523.532,7986129.192,0,0,1,1
C18L31,31,18,285023.532,7986129.192,1,0,1,1
C19L31,31,19,285523.532,7986129.192,0,0,1,1
C20L31,31,20,286023.532,7986129.192,0,0,1,1
C21L31,31,21,286523.532,7986129.192,0,0,1,1
C22L31,31,22,287023.532,7986129.192,0,0,1,1
C23L31,31,23,287523.532,7986129.192,0,0,1,1
C24L31,31,24,288023.532,7986129.192,0,0,1,1
C25L31,31,25,288523.532,7986129.192,0,0,1,1
C26L31,31,26,289023.532,7986129.192,0,0,1,1
C27L31,31,27,289523.532,7986129.192,0,0,1,1
C28L31,31,28,290023.532,7986129.192,1,0,1,1
C29L31,31,29,290523.532,7986129.192,1,0,1,1
C30L31,31,30,291023.532,7986129.192,0,0,1,1
C31L31,31,31,291523.532,7986129.192,0,1,5,1
C32L31,31,32,292023.532,7986129.192,0,1,5,1
C33L31,31,33,292523.532,7986129.192,0,0,4,3
C34L31,31,34,293023.532,7986129.192,0,0,3,3
C35L31,31,35,293523.532,7986129.192,0,0,3,2
C36L31,31,36,294023.532,7986129.192,0,0,3,2
C37L31,31,37,294523.532,7986129.192,0,0,3,2
C38L31,31,38,295023.532,7986129.192,0,0,3,3
C39L31,31,39,295523.532,7986129.192,0,0,3,3
C40L31,31,40,296023.532,7986129.192,0,0,3,3
C41L31,31,41,296523.532,7986129.192,0,0,3,3
C42L31,31,42,297023.532,7986129.192,0,0,3,3
C43L31,31,43,297523.532,7986129.192,0,0,3,2
C44L31,31,44,298023.532,7986129.192,0,0,3,2
C45L31,31,45,298523.532,7986129.192,0,0,3,2
C46L31,31,46,299023.532,7986129.192,0,0,4,2
C47L31,31,47,299523.532,7986129.192,0,0,4,2
C48L31,31,48,300023.532,7986129.192,0,0,4,2
C49L31,31,49,300523.532,7986129.192,0,0,4,4
C50L31,31,50,301023.532,7986129.192,0,1,5,4
C51L31,31,51,301523.532,7986129.192,0,0,5,5
C52L31,31,52,302023.532,7986129.192,1,0,5,2
C53L31,31,53,302523.532,7986129.192,0,0,5,2
C54L31,31,54,303023.532,7986129.192,0,0,2,2
C55L31,31,55,303523.532,7986129.192,0,0,5,2
C56L31,31,56,304023.532,7986129.192,0,0,5,2
C57L31,31,57,304523.532,7986129.192,0,0,5,2
C58L31,31,58,305023.532,7986129.192,0,0,2,2
C59L31,31,59,305523.532,7986129.192,0,0,2,2
C60L31,31,60,306023.532,7986129.192,0,0,2,2
C61L31,31,61,306523.532,7986129.192,0,0,2,2
C62L31,31,62,307023.532,7986129.192,0,0,2,2
C63L31,31,63,307523.532,7986129.192,0,0,2,2
C64L31,31,64,308023.532,7986129.192,0,0,2,2
C65L31,31,65,308523.532,7986129.192,0,0,2,2
C66L31,31,66,309023.532,7986129.192,0,0,2,2
C67L31,31,67,309523.532,7986129.192,0,0,2,2
C68L31,31,68,310023.532,7986129.192,0,0,2,2
C69L31,31,69,310523.532,7986129.192,0,0,2,2
C70L31,31,70,311023.532,7986129.192,0,0,2,2
C71L31,31,71,311523.532,7986129.192,0,0,2,2
C72L31,31,72,312023.532,7986129.192,0,0,2,2
C73L31,31,73,312523.532,7986129.192,0,0,2,2
C74L31,31,74,313023.532,7986129.192,0,0,2,2
C75L31,31,75,313523.532,7986129.192,0,0,2,2
C76L31,31,76,314023.532,7986129.192,0,0,2,2
C77L31,31,77,314523.532,7986129.192,1,0,2,1
C78L31,31,78,315023.532,7986129.192,0,0,1,1
C79L31,31,79,315523.532,7986129.192,1,0,1,0
C15L32,32,15,283523.532,7986629.192,0,1,1,0
C16L32,32,16,284023.532,7986629.192,0,1,1,0
C17L32,32,17,284523.532,7986629.192,1,0,1,1
C18L32,32,18,285023.532,7986629.192,1,0,1,1
C19L32,32,19,285523.532,7986629.192,0,0,1,1
C20L32,32,20,286023.532,7986629.192,0,0,1,1
C21L32,32,21,286523.532,7986629.192,0,0,1,1
C22L32,32,22,287023.532,7986629.192,0,0,1,1
C23L32,32,23,287523.532,7986629.192,0,0,1,1
C24L32,32,24,288023.532,7986629.192,0,0,1,1
C25L32,32,25,288523.532,7986629.192,0,0,1,1
C26L32,32,26,289023.532,7986629.192,1,0,1,1
C27L32,32,27,289523.532,7986629.192,1,0,1,1
C28L32,32,28,290023.532,7986629.192,1,0,1,1
C29L32,32,29,290523.532,7986629.192,0,0,1,1
C30L32,32,30,291023.532,7986629.192,0,1,5,1
C31L32,32,31,291523.532,7986629.192,0,1,5,1
C32L32,32,32,292023.532,7986629.192,0,0,4,3
C33L32,32,33,292523.532,7986629.192,0,0,3,3
C34L32,32,34,293023.532,7986629.192,0,0,3,3
C35L32,32,35,293523.532,7986629.192,0,0,3,3
C36L32,32,36,294023.532,7986629.192,0,0,3,2
C37L32,32,37,294523.532,7986629.192,0,0,3,2
C38L32,32,38,295023.532,7986629.192,0,0,3,3
C39L32,32,39,295523.532,7986629.192,0,0,3,3
C40L32,32,40,296023.532,7986629.192,0,0,3,3
C41L32,32,41,296523.532,7986629.192,0,0,3,3
C42L32,32,42,297023.532,7986629.192,0,0,3,3
C43L32,32,43,297523.532,7986629.192,0,0,3,2
C44L32,32,44,298023.532,7986629.192,0,0,3,2
C45L32,32,45,298523.532,7986629.192,0,0,3,2
C46L32,32,46,299023.532,7986629.192,0,0,4,2
C47L32,32,47,299523.532,7986629.192,0,0,4,2
C48L32,32,48,300023.532,7986629.192,0,0,4,2
C49L32,32,49,300523.532,7986629.192,0,0,4,4
C50L32,32,50,301023.532,7986629.192,0,1,5,4
C51L32,32,51,301523.532,7986629.192,0,0,5,5
C52L32,32,52,302023.532,7986629.192,1,0,5,5
C53L32,32,53,302523.532,7986629.192,0,0,5,2
C54L32,32,54,303023.532,7986629.192,0,0,5,2
C55L32,32,55,303523.532,7986629.192,0,0,5,2
C56L32,32,56,304023.532,7986629.192,0,0,5,2
C57L32,32,57,304523.532,7986629.192,0,0,5,2
C58L32,32,58,305023.532,7986629.192,0,0,3,2
C59L32,32,59,305523.532,7986629.192,0,0,3,2
C60L32,32,60,306023.532,7986629.192,0,0,2,2
C61L32,32,61,306523.532,7986629.192,0,0,2,2
C62L32,32,62,307023.532,7986629.192,0,0,2,2
C63L32,32,63,307523.532,7986629.192,0,0,2,2
C64L32,32,64,308023.532,7986629.192,0,0,2,2
C65L32,32,65,308523.532,7986629.192,0,0,2,2
C66L32,32,66,309023.532,7986629.192,0,0,2,2
C67L32,32,67,309523.532,7986629.192,0,0,2,2
C68L32,32,68,310023.532,7986629.192,0,0,2,2
C69L32,32,69,310523.532,7986629.192,0,0,2,2
C70L32,32,70,311023.532,7986629.192,0,0,2,2
C71L32,32,71,311523.532,7986629.192,0,0,2,2
C72L32,32,72,312023.532,7986629.192,0,0,2,2
C73L32,32,73,312523.532,7986629.192,0,0,2,2
C74L32,32,74,313023.532,7986629.192,0,0,2,2
C75L32,32,75,313523.532,7986629.192,0,0,2,2
C76L32,32,76,314023.532,7986629.192,0,0,2,2
C77L32,32,77,314523.532,7986629.192,1,0,2,1
C78L32,32,78,315023.532,7986629.192,0,0,1,1
C79L32,32,79,315523.532,7986629.192,1,0,1,0
C15L33,33,15,283523.532,7987129.192,0,1,1,0
C16L33,33,16,284023.532,7987129.192,0,0,1,1
C17L33,33,17,284523.532,7987129.192,1,0,1,1
C18L33,33,18,285023.532,7987129.192,0,0,1,1
C19L33,33,19,285523.532,7987129.192,0,0,1,1
C20L33,33,20,286023.532,7987129.192,0,0,1,1
C21L33,33,21,286523.532,7987129.192,0,0,1,1
C22L33,33,22,287023.532,7987129.192,0,0,1,1
C23L33,33,23,287523.532,7987129.192,0,0,1,1
C24L33,33,24,288023.532,7987129.192,0,0,1,1
C25L33,33,25,288523.532,7987129.192,1,0,1,1
C26L33,33,26,289023.532,7987129.192,1,0,4,1
C27L33,33,27,289523.532,7987129.192,0,0,4,1
C28L33,33,28,290023.532,7987129.192,0,0,1,1
C29L33,33,29,290523.532,7987129.192,0,0,1,1
C30L33,33,30,291023.532,7987129.192,0,1,5,1
C31L33,33,31,291523.532,7987129.192,0,0,4,3
C32L33,33,32,292023.532,7987129.192,0,0,3,3
C33L33,33,33,292523.532,7987129.192,0,0,3,3
C34L33,33,34,293023.532,7987129.192,0,0,3,3
C35L33,33,35,293523.532,7987129.192,0,0,3,3
C36L33,33,36,294023.532,7987129.192,0,0,3,3
C37L33,33,37,294523.532,7987129.192,0,0,3,3
C38L33,33,38,295023.532,7987129.192,0,0,3,3
C39L33,33,39,295523.532,7987129.192,0,0,3,3
C40L33,33,40,296023.532,7987129.192,0,0,3,3
C41L33,33,41,296523.532,7987129.192,0,0,3,3
C42L33,33,42,297023.532,7987129.192,0,0,3,3
C43L33,33,43,297523.532,7987129.192,0,0,3,3
C44L33,33,44,298023.532,7987129.192,0,0,3,2
C45L33,33,45,298523.532,7987129.192,0,0,4,2
C46L33,33,46,299023.532,7987129.192,0,0,4,2
C47L33,33,47,299523.532,7987129.192,0,0,4,4
C48L33,33,48,300023.532,7987129.192,0,0,4,4
C49L33,33,49,300523.532,7987129.192,0,0,4,4
C50L33,33,50,301023.532,7987129.192,0,1,5,4
C51L33,33,51,301523.532,7987129.192,0,0,5,5
C52L33,33,52,302023.532,7987129.192,1,0,5,5
C53L33,33,53,302523.532,7987129.192,0,0,5,5
C54L33,33,54,303023.532,7987129.192,0,0,5,5
C55L33,33,55,303523.532,7987129.192,0,0,5,5
C56L33,33,56,304023.532,7987129.192,0,0,5,5
C57L33,33,57,304523.532,7987129.192,0,0,5,2
C58L33,33,58,305023.532,7987129.192,0,0,3,2
C59L33,33,59,305523.532,7987129.192,0,0,3,2
C60L33,33,60,306023.532,7987129.192,0,0,2,2
C61L33,33,61,306523.532,7987129.192,0,0,2,2
C62L33,33,62,307023.532,7987129.192,0,0,2,2
C63L33,33,63,307523.532,7987129.192,0,0,2,2
C64L33,33,64,308023.532,7987129.192,0,0,2,2
C65L33,33,65,308523.532,7987129.192,0,0,2,2
C66L33,33,66,309023.532,7987129.192,0,0,2,2
C67L33,33,67,309523.532,7987129.192,0,0,2,2
C68L33,33,68,310023.532,7987129.192,0,0,2,2
C69L33,33,69,310523.532,7987129.192,0,0,2,2
C70L33,33,70,311023.532,7987129.192,0,0,2,2
C71L33,33,71,311523.532,7987129.192,0,0,2,2
C72L33,33,72,312023.532,7987129.192,0,0,2,2
C73L33,33,73,312523.532,7987129.192,0,0,2,2
C74L33,33,74,313023.532,7987129.192,0,0,2,2
C75L33,33,75,313523.532,7987129.192,0,0,2,2
C76L33,33,76,314023.532,7987129.192,1,0,2,1
C77L33,33,77,314523.532,7987129.192,1,0,2,1
C78L33,33,78,315023.532,7987129.192,0,0,1,1
C79L33,33,79,315523.532,7987129.192,1,0,1,0
C14L34,34,14,283023.532,7987629.192,0,1,1,0
C15L34,34,15,283523.532,7987629.192,0,1,1,0
C16L34,34,16,284023.532,7987629.192,1,0,1,1
C17L34,34,17,284523.532,7987629.192,1,0,1,1
C18L34,34,18,285023.532,7987629.192,0,0,1,1
C19L34,34,19,285523.532,7987629.192,0,0,1,1
C20L34,34,20,286023.532,7987629.192,0,0,1,1
C21L34,34,21,286523.532,7987629.192,0,0,1,1
C22L34,34,22,287023.532,7987629.192,0,0,1,1
C23L34,34,23,287523.532,7987629.192,0,0,1,1
C24L34,34,24,288023.532,7987629.192,0,0,1,1
C25L34,34,25,288523.532,7987629.192,1,0,1,1
C26L34,34,26,289023.532,7987629.192,0,0,4,1
C27L34,34,27,289523.532,7987629.192,0,0,4,1
C28L34,34,28,290023.532,7987629.192,0,0,1,1
C29L34,34,29,290523.532,7987629.192,0,1,5,1
C30L34,34,30,291023.532,7987629.192,0,1,5,3
C31L34,34,31,291523.532,7987629.192,0,0,3,3
C32L34,34,32,292023.532,7987629.192,0,0,3,3
C33L34,34,33,292523.532,7987629.192,0,0,3,3
C34L34,34,34,293023.532,7987629.192,0,0,3,3
C35L34,34,35,293523.532,7987629.192,0,0,3,3
C36L34,34,36,294023.532,7987629.192,0,0,3,3
C37L34,34,37,294523.532,7987629.192,0,0,3,3
C38L34,34,38,295023.532,7987629.192,0,0,3,3
C39L34,34,39,295523.532,7987629.192,0,0,3,3
C40L34,34,40,296023.532,7987629.192,0,0,3,3
C41L34,34,41,296523.532,7987629.192,0,0,3,3
C42L34,34,42,297023.532,7987629.192,0,0,3,3
C43L34,34,43,297523.532,7987629.192,0,0,3,3
C44L34,34,44,298023.532,7987629.192,0,0,3,3
C45L34,34,45,298523.532,7987629.192,0,0,4,3
C46L34,34,46,299023.532,7987629.192,0,0,4,4
C47L34,34,47,299523.532,7987629.192,0,0,4,4
C48L34,34,48,300023.532,7987629.192,0,0,4,4
C49L34,34,49,300523.532,7987629.192,0,0,5,4
C50L34,34,50,301023.532,7987629.192,0,1,5,4
C51L34,34,51,301523.532,7987629.192,0,0,5,5
C52L34,34,52,302023.532,7987629.192,1,0,5,5
C53L34,34,53,302523.532,7987629.192,0,0,5,5
C54L34,34,54,303023.532,7987629.192,0,0,5,5
C55L34,34,55,303523.532,7987629.192,0,0,5,5
C56L34,34,56,304023.532,7987629.192,0,0,5,5
C57L34,34,57,304523.532,7987629.192,0,0,5,2
C58L34,34,58,305023.532,7987629.192,0,0,5,2
C59L34,34,59,305523.532,7987629.192,0,0,2,2
C60L34,34,60,306023.532,7987629.192,0,0,2,2
C61L34,34,61,306523.532,7987629.192,0,0,2,2
C62L34,34,62,307023.532,7987629.192,0,0,2,2
C63L34,34,63,307523.532,7987629.192,0,0,2,2
C64L34,34,64,308023.532,7987629.192,0,0,2,2
C65L34,34,65,308523.532,7987629.192,0,0,2,2
C66L34,34,66,309023.532,7987629.192,0,0,2,2
C67L34,34,67,309523.532,7987629.192,0,0,2,2
C68L34,34,68,310023.532,7987629.192,0,0,2,2
C69L34,34,69,310523.532,7987629.192,0,0,2,2
C70L34,34,70,311023.532,7987629.192,0,0,2,2
C71L34,34,71,311523.532,7987629.192,0,0,2,2
C72L34,34,72,312023.532,7987629.192,0,0,2,2
C73L34,34,73,312523.532,7987629.192,0,0,2,2
C74L34,34,74,313023.532,7987629.192,0,0,2,2
C75L34,34,75,313523.532,7987629.192,0,0,2,2
C76L34,34,76,314023.532,7987629.192,1,0,2,1
C77L34,34,77,314523.532,7987629.192,0,0,1,1
C78L34,34,78,315023.532,7987629.192,0,0,1,1
C79L34,34,79,315523.532,7987629.192,0,0,1,0
C13L35,35,13,282523.532,7988129.192,0,1,1,0
C14L35,35,14,283023.532,7988129.192,0,1,1,0
C15L35,35,15,283523.532,7988129.192,1,0,1,1
C16L35,35,16,284023.532,7988129.192,1,0,1,1
C17L35,35,17,284523.532,7988129.192,0,0,1,1
C18L35,35,18,285023.532,7988129.192,0,0,1,1
C19L35,35,19,285523.532,7988129.192,0,0,1,1
C20L35,35,20,286023.532,7988129.192,0,0,1,1
C21L35,35,21,286523.532,7988129.192,0,0,1,1
C22L35,35,22,287023.532,7988129.192,0,0,1,1
C23L35,35,23,287523.532,7988129.192,0,0,1,1
C24L35,35,24,288023.532,7988129.192,0,0,1,1
C25L35,35,25,288523.532,7988129.192,1,0,1,1
C26L35,35,26,289023.532,7988129.192,0,0,4,1
C27L35,35,27,289523.532,7988129.192,0,0,4,1
C28L35,35,28,290023.532,7988129.192,0,0,1,1
C29L35,35,29,290523.532,7988129.192,0,1,5,1
C30L35,35,30,291023.532,7988129.192,0,1,5,3
C31L35,35,31,291523.532,7988129.192,0,0,4,3
C32L35,35,32,292023.532,7988129.192,0,0,3,3
C33L35,35,33,292523.532,7988129.192,0,0,3,3
C34L35,35,34,293023.532,7988129.192,0,0,3,3
C35L35,35,35,293523.532,7988129.192,0,0,3,3
C36L35,35,36,294023.532,7988129.192,0,0,3,3
C37L35,35,37,294523.532,7988129.192,0,0,3,3
C38L35,35,38,295023.532,7988129.192,0,0,3,3
C39L35,35,39,295523.532,7988129.192,0,0,3,3
C40L35,35,40,296023.532,7988129.192,0,0,3,3
C41L35,35,41,296523.532,7988129.192,0,0,3,3
C42L35,35,42,297023.532,7988129.192,0,0,3,3
C43L35,35,43,297523.532,7988129.192,0,0,3,3
C44L35,35,44,298023.532,7988129.192,0,0,3,3
C45L35,35,45,298523.532,7988129.192,0,0,4,3
C46L35,35,46,299023.532,7988129.192,0,0,4,4
C47L35,35,47,299523.532,7988129.192,0,0,4,4
C48L35,35,48,300023.532,7988129.192,0,0,4,4
C49L35,35,49,300523.532,7988129.192,0,0,5,4
C50L35,35,50,301023.532,7988129.192,0,1,5,5
C51L35,35,51,301523.532,7988129.192,1,0,5,5
C52L35,35,52,302023.532,7988129.192,1,0,5,1
C53L35,35,53,302523.532,7988129.192,0,0,5,1
C54L35,35,54,303023.532,7988129.192,0,0,5,5
C55L35,35,55,303523.532,7988129.192,0,0,5,5
C56L35,35,56,304023.532,7988129.192,0,0,5,5
C57L35,35,57,304523.532,7988129.192,0,0,5,5
C58L35,35,58,305023.532,7988129.192,0,0,5,2
C59L35,35,59,305523.532,7988129.192,0,0,2,2
C60L35,35,60,306023.532,7988129.192,0,0,2,2
C61L35,35,61,306523.532,7988129.192,0,0,2,2
C62L35,35,62,307023.532,7988129.192,0,0,2,2
C63L35,35,63,307523.532,7988129.192,0,0,2,2
C64L35,35,64,308023.532,7988129.192,0,0,2,2
C65L35,35,65,308523.532,7988129.192,0,0,2,2
C66L35,35,66,309023.532,7988129.192,0,0,2,2
C67L35,35,67,309523.532,7988129.192,0,0,2,2
C68L35,35,68,310023.532,7988129.192,0,0,2,2
C69L35,35,69,310523.532,7988129.192,0,0,2,2
C70L35,35,70,311023.532,7988129.192,0,0,2,2
C71L35,35,71,311523.532,7988129.192,0,0,2,2
C72L35,35,72,312023.532,7988129.192,0,0,2,2
C73L35,35,73,312523.532,7988129.192,1,0,2,1
C74L35,35,74,313023.532,7988129.192,1,0,2,1
C75L35,35,75,313523.532,7988129.192,1,0,2,1
C76L35,35,76,314023.532,7988129.192,1,0,2,1
C77L35,35,77,314523.532,7988129.192,0,0,1,1
C78L35,35,78,315023.532,7988129.192,0,0,1,1
C79L35,35,79,315523.532,7988129.192,0,0,1,0
C13L36,36,13,282523.532,7988629.192,0,1,1,0
C14L36,36,14,283023.532,7988629.192,1,0,1,1
C15L36,36,15,283523.532,7988629.192,1,0,1,1
C16L36,36,16,284023.532,7988629.192,0,0,1,1
C17L36,36,17,284523.532,7988629.192,0,0,1,1
C18L36,36,18,285023.532,7988629.192,0,0,1,1
C19L36,36,19,285523.532,7988629.192,0,0,1,1
C20L36,36,20,286023.532,7988629.192,0,0,1,1
C21L36,36,21,286523.532,7988629.192,0,0,1,1
C22L36,36,22,287023.532,7988629.192,1,0,1,1
C23L36,36,23,287523.532,7988629.192,1,0,1,1
C24L36,36,24,288023.532,7988629.192,1,0,1,1
C25L36,36,25,288523.532,7988629.192,1,0,1,1
C26L36,36,26,289023.532,7988629.192,0,0,1,1
C27L36,36,27,289523.532,7988629.192,0,0,1,1
C28L36,36,28,290023.532,7988629.192,0,0,1,1
C29L36,36,29,290523.532,7988629.192,0,0,4,1
C30L36,36,30,291023.532,7988629.192,0,1,5,3
C31L36,36,31,291523.532,7988629.192,0,0,4,3
C32L36,36,32,292023.532,7988629.192,0,0,3,3
C33L36,36,33,292523.532,7988629.192,0,0,3,3
C34L36,36,34,293023.532,7988629.192,0,0,3,3
C35L36,36,35,293523.532,7988629.192,0,0,3,3
C36L36,36,36,294023.532,7988629.192,0,0,3,3
C37L36,36,37,294523.532,7988629.192,0,0,3,3
C38L36,36,38,295023.532,7988629.192,0,0,3,3
C39L36,36,39,295523.532,7988629.192,0,0,3,3
C40L36,36,40,296023.532,7988629.192,0,0,3,3
C41L36,36,41,296523.532,7988629.192,0,0,3,3
C42L36,36,42,297023.532,7988629.192,0,0,3,3
C43L36,36,43,297523.532,7988629.192,0,0,3,3
C44L36,36,44,298023.532,7988629.192,0,0,4,3
C45L36,36,45,298523.532,7988629.192,0,0,4,4
C46L36,36,46,299023.532,7988629.192,0,0,4,4
C47L36,36,47,299523.532,7988629.192,0,0,4,3
C48L36,36,48,300023.532,7988629.192,0,0,4,3
C49L36,36,49,300523.532,7988629.192,0,0,5,3
C50L36,36,50,301023.532,7988629.192,0,1,5,3
C51L36,36,51,301523.532,7988629.192,1,0,5,1
C52L36,36,52,302023.532,7988629.192,0,0,1,1
C53L36,36,53,302523.532,7988629.192,0,0,5,1
C54L36,36,54,303023.532,7988629.192,0,0,5,5
C55L36,36,55,303523.532,7988629.192,1,0,5,5
C56L36,36,56,304023.532,7988629.192,1,0,5,3
C57L36,36,57,304523.532,7988629.192,1,0,5,2
C58L36,36,58,305023.532,7988629.192,1,0,5,2
C59L36,36,59,305523.532,7988629.192,1,0,2,2
C60L36,36,60,306023.532,7988629.192,0,0,2,2
C61L36,36,61,306523.532,7988629.192,0,0,2,2
C62L36,36,62,307023.532,7988629.192,0,0,2,2
C63L36,36,63,307523.532,7988629.192,0,0,2,2
C64L36,36,64,308023.532,7988629.192,0,0,2,2
C65L36,36,65,308523.532,7988629.192,0,0,2,2
C66L36,36,66,309023.532,7988629.192,0,0,2,2
C67L36,36,67,309523.532,7988629.192,0,0,2,2
C68L36,36,68,310023.532,7988629.192,0,0,2,2
C69L36,36,69,310523.532,7988629.192,0,0,2,2
C70L36,36,70,311023.532,7988629.192,0,0,2,2
C71L36,36,71,311523.532,7988629.192,0,0,2,2
C72L36,36,72,312023.532,7988629.192,1,0,2,1
C73L36,36,73,312523.532,7988629.192,1,0,2,1
C74L36,36,74,313023.532,7988629.192,1,0,2,1
C75L36,36,75,313523.532,7988629.192,1,0,2,1
C76L36,36,76,314023.532,7988629.192,0,0,1,1
C77L36,36,77,314523.532,7988629.192,0,0,1,1
C78L36,36,78,315023.532,7988629.192,0,0,1,1
C79L36,36,79,315523.532,7988629.192,0,0,1,0
C12L37,37,12,282023.532,7989129.192,0,1,1,0
C13L37,37,13,282523.532,7989129.192,1,1,1,0
C14L37,37,14,283023.532,7989129.192,1,0,1,1
C15L37,37,15,283523.532,7989129.192,0,0,1,1
C16L37,37,16,284023.532,7989129.192,0,0,1,1
C17L37,37,17,284523.532,7989129.192,0,0,1,1
C18L37,37,18,285023.532,7989129.192,0,0,1,1
C19L37,37,19,285523.532,7989129.192,0,0,2,1
C20L37,37,20,286023.532,7989129.192,0,0,2,1
C21L37,37,21,286523.532,7989129.192,0,0,1,1
C22L37,37,22,287023.532,7989129.192,1,0,4,1
C23L37,37,23,287523.532,7989129.192,0,0,4,1
C24L37,37,24,288023.532,7989129.192,0,0,4,1
C25L37,37,25,288523.532,7989129.192,0,0,4,1
C26L37,37,26,289023.532,7989129.192,0,0,4,1
C27L37,37,27,289523.532,7989129.192,0,0,1,1
C28L37,37,28,290023.532,7989129.192,0,0,1,1
C29L37,37,29,290523.532,7989129.192,0,0,5,1
C30L37,37,30,291023.532,7989129.192,0,1,5,3
C31L37,37,31,291523.532,7989129.192,0,0,3,3
C32L37,37,32,292023.532,7989129.192,0,0,3,3
C33L37,37,33,292523.532,7989129.192,0,0,3,3
C34L37,37,34,293023.532,7989129.192,0,0,3,3
C35L37,37,35,293523.532,7989129.192,0,0,3,3
C36L37,37,36,294023.532,7989129.192,0,0,3,3
C37L37,37,37,294523.532,7989129.192,0,0,3,3
C38L37,37,38,295023.532,7989129.192,0,0,3,3
C39L37,37,39,295523.532,7989129.192,0,0,3,3
C40L37,37,40,296023.532,7989129.192,0,0,3,3
C41L37,37,41,296523.532,7989129.192,0,0,3,3
C42L37,37,42,297023.532,7989129.192,0,0,3,3
C43L37,37,43,297523.532,7989129.192,0,0,3,3
C44L37,37,44,298023.532,7989129.192,0,0,5,3
C45L37,37,45,298523.532,7989129.192,0,0,5,3
C46L37,37,46,299023.532,7989129.192,0,0,5,3
C47L37,37,47,299523.532,7989129.192,0,0,5,3
C48L37,37,48,300023.532,7989129.192,0,0,3,3
C49L37,37,49,300523.532,7989129.192,0,1,5,3
C50L37,37,50,301023.532,7989129.192,0,1,5,5
C51L37,37,51,301523.532,7989129.192,1,0,5,1
C52L37,37,52,302023.532,7989129.192,1,0,5,1
C53L37,37,53,302523.532,7989129.192,1,0,5,1
C54L37,37,54,303023.532,7989129.192,1,0,5,3
C55L37,37,55,303523.532,7989129.192,1,0,5,3
C56L37,37,56,304023.532,7989129.192,0,0,3,3
C57L37,37,57,304523.532,7989129.192,0,0,3,2
C58L37,37,58,305023.532,7989129.192,0,0,2,2
C59L37,37,59,305523.532,7989129.192,1,0,2,2
C60L37,37,60,306023.532,7989129.192,1,0,2,2
C61L37,37,61,306523.532,7989129.192,0,0,2,2
C62L37,37,62,307023.532,7989129.192,0,0,2,2
C63L37,37,63,307523.532,7989129.192,0,0,2,2
C64L37,37,64,308023.532,7989129.192,0,0,2,2
C65L37,37,65,308523.532,7989129.192,0,0,2,2
C66L37,37,66,309023.532,7989129.192,0,0,2,2
C67L37,37,67,309523.532,7989129.192,0,0,2,2
C68L37,37,68,310023.532,7989129.192,0,0,2,2
C69L37,37,69,310523.532,7989129.192,0,0,2,2
C70L37,37,70,311023.532,7989129.192,0,0,2,2
C71L37,37,71,311523.532,7989129.192,0,0,2,2
C72L37,37,72,312023.532,7989129.192,1,0,2,1
C73L37,37,73,312523.532,7989129.192,0,0,1,1
C74L37,37,74,313023.532,7989129.192,0,1,1,1
C75L37,37,75,313523.532,7989129.192,0,0,1,1
C76L37,37,76,314023.532,7989129.192,0,0,1,1
C77L37,37,77,314523.532,7989129.192,0,0,1,1
C78L37,37,78,315023.532,7989129.192,0,0,1,1
C79L37,37,79,315523.532,7989129.192,0,0,1,0
C80L37,37,80,316023.532,7989129.192,0,0,1,0
C11L38,38,11,281523.532,7989629.192,0,1,1,0
C12L38,38,12,282023.532,7989629.192,0,1,1,0
C13L38,38,13,282523.532,7989629.192,1,0,1,1
C14L38,38,14,283023.532,7989629.192,0,0,1,1
C15L38,38,15,283523.532,7989629.192,0,0,1,1
C16L38,38,16,284023.532,7989629.192,0,0,1,1
C17L38,38,17,284523.532,7989629.192,0,0,1,1
C18L38,38,18,285023.532,7989629.192,0,0,2,1
C19L38,38,19,285523.532,7989629.192,0,0,2,1
C20L38,38,20,286023.532,7989629.192,0,0,2,1
C21L38,38,21,286523.532,7989629.192,0,0,2,1
C22L38,38,22,287023.532,7989629.192,1,0,4,1
C23L38,38,23,287523.532,7989629.192,0,0,4,1
C24L38,38,24,288023.532,7989629.192,0,0,4,4
C25L38,38,25,288523.532,7989629.192,0,0,4,1
C26L38,38,26,289023.532,7989629.192,0,0,1,1
C27L38,38,27,289523.532,7989629.192,0,0,1,1
C28L38,38,28,290023.532,7989629.192,0,0,1,1
C29L38,38,29,290523.532,7989629.192,0,1,5,1
C30L38,38,30,291023.532,7989629.192,0,1,5,3
C31L38,38,31,291523.532,7989629.192,0,0,3,3
C32L38,38,32,292023.532,7989629.192,0,0,3,3
C33L38,38,33,292523.532,7989629.192,0,0,3,3
C34L38,38,34,293023.532,7989629.192,0,0,3,3
C35L38,38,35,293523.532,7989629.192,0,0,3,3
C36L38,38,36,294023.532,7989629.192,0,0,3,3
C37L38,38,37,294523.532,7989629.192,0,0,3,3
C38L38,38,38,295023.532,7989629.192,0,0,3,3
C39L38,38,39,295523.532,7989629.192,0,0,3,3
C40L38,38,40,296023.532,7989629.192,0,0,4,3
C41L38,38,41,296523.532,7989629.192,0,0,4,3
C42L38,38,42,297023.532,7989629.192,0,0,3,3
C43L38,38,43,297523.532,7989629.192,0,0,3,3
C44L38,38,44,298023.532,7989629.192,0,0,5,3
C45L38,38,45,298523.532,7989629.192,0,0,5,3
C46L38,38,46,299023.532,7989629.192,0,0,3,3
C47L38,38,47,299523.532,7989629.192,0,0,3,3
C48L38,38,48,300023.532,7989629.192,0,0,3,3
C49L38,38,49,300523.532,7989629.192,0,1,5,3
C50L38,38,50,301023.532,7989629.192,1,0,5,3
C51L38,38,51,301523.532,7989629.192,1,0,5,3
C52L38,38,52,302023.532,7989629.192,0,0,3,3
C53L38,38,53,302523.532,7989629.192,0,0,3,3
C54L38,38,54,303023.532,7989629.192,0,0,3,3
C55L38,38,55,303523.532,7989629.192,0,0,3,3
C56L38,38,56,304023.532,7989629.192,0,0,3,2
C57L38,38,57,304523.532,7989629.192,0,0,3,2
C58L38,38,58,305023.532,7989629.192,0,0,2,2
C59L38,38,59,305523.532,7989629.192,0,0,2,2
C60L38,38,60,306023.532,7989629.192,1,0,2,2
C61L38,38,61,306523.532,7989629.192,1,0,2,2
C62L38,38,62,307023.532,7989629.192,0,0,2,2
C63L38,38,63,307523.532,7989629.192,0,0,2,2
C64L38,38,64,308023.532,7989629.192,0,0,2,2
C65L38,38,65,308523.532,7989629.192,0,0,2,2
C66L38,38,66,309023.532,7989629.192,0,0,2,2
C67L38,38,67,309523.532,7989629.192,0,0,2,2
C68L38,38,68,310023.532,7989629.192,0,0,2,2
C69L38,38,69,310523.532,7989629.192,0,0,2,2
C70L38,38,70,311023.532,7989629.192,0,0,2,2
C71L38,38,71,311523.532,7989629.192,1,0,2,1
C72L38,38,72,312023.532,7989629.192,1,0,2,1
C73L38,38,73,312523.532,7989629.192,0,0,1,1
C74L38,38,74,313023.532,7989629.192,0,1,1,1
C75L38,38,75,313523.532,7989629.192,0,0,1,1
C76L38,38,76,314023.532,7989629.192,0,0,1,1
C77L38,38,77,314523.532,7989629.192,0,0,1,1
C78L38,38,78,315023.532,7989629.192,0,0,1,1
C79L38,38,79,315523.532,7989629.192,0,0,1,1
C80L38,38,80,316023.532,7989629.192,0,0,1,0
C11L39,39,11,281523.532,7990129.192,0,1,1,0
C12L39,39,12,282023.532,7990129.192,1,0,1,1
C13L39,39,13,282523.532,7990129.192,1,0,1,1
C14L39,39,14,283023.532,7990129.192,0,0,2,1
C15L39,39,15,283523.532,7990129.192,0,0,1,1
C16L39,39,16,284023.532,7990129.192,0,0,1,1
C17L39,39,17,284523.532,7990129.192,0,0,1,1
C18L39,39,18,285023.532,7990129.192,0,0,2,1
C19L39,39,19,285523.532,7990129.192,0,0,2,1
C20L39,39,20,286023.532,7990129.192,0,0,2,2
C21L39,39,21,286523.532,7990129.192,0,0,2,1
C22L39,39,22,287023.532,7990129.192,1,0,1,1
C23L39,39,23,287523.532,7990129.192,0,0,4,1
C24L39,39,24,288023.532,7990129.192,0,0,4,1
C25L39,39,25,288523.532,7990129.192,0,0,1,1
C26L39,39,26,289023.532,7990129.192,0,0,5,1
C27L39,39,27,289523.532,7990129.192,0,1,1,1
C28L39,39,28,290023.532,7990129.192,0,1,5,1
C29L39,39,29,290523.532,7990129.192,0,1,5,1
C30L39,39,30,291023.532,7990129.192,0,0,5,3
C31L39,39,31,291523.532,7990129.192,0,0,3,3
C32L39,39,32,292023.532,7990129.192,0,0,3,3
C33L39,39,33,292523.532,7990129.192,0,0,3,3
C34L39,39,34,293023.532,7990129.192,0,0,3,3
C35L39,39,35,293523.532,7990129.192,0,0,3,3
C36L39,39,36,294023.532,7990129.192,0,0,3,3
C37L39,39,37,294523.532,7990129.192,0,0,3,3
C38L39,39,38,295023.532,7990129.192,0,0,3,3
C39L39,39,39,295523.532,7990129.192,0,0,3,3
C40L39,39,40,296023.532,7990129.192,0,0,4,3
C41L39,39,41,296523.532,7990129.192,0,0,4,3
C42L39,39,42,297023.532,7990129.192,0,0,3,3
C43L39,39,43,297523.532,7990129.192,0,0,5,3
C44L39,39,44,298023.532,7990129.192,0,0,5,3
C45L39,39,45,298523.532,7990129.192,0,0,5,3
C46L39,39,46,299023.532,7990129.192,0,0,3,3
C47L39,39,47,299523.532,7990129.192,0,0,3,3
C48L39,39,48,300023.532,7990129.192,0,0,5,3
C49L39,39,49,300523.532,7990129.192,0,1,5,3
C50L39,39,50,301023.532,7990129.192,1,0,5,3
C51L39,39,51,301523.532,7990129.192,0,0,3,3
C52L39,39,52,302023.532,7990129.192,0,0,3,3
C53L39,39,53,302523.532,7990129.192,0,0,3,3
C54L39,39,54,303023.532,7990129.192,0,0,3,3
C55L39,39,55,303523.532,7990129.192,0,0,3,3
C56L39,39,56,304023.532,7990129.192,0,0,3,2
C57L39,39,57,304523.532,7990129.192,0,0,3,2
C58L39,39,58,305023.532,7990129.192,0,0,2,2
C59L39,39,59,305523.532,7990129.192,0,0,2,2
C60L39,39,60,306023.532,7990129.192,0,0,2,2
C61L39,39,61,306523.532,7990129.192,1,0,2,2
C62L39,39,62,307023.532,7990129.192,1,0,2,2
C63L39,39,63,307523.532,7990129.192,1,0,2,2
C64L39,39,64,308023.532,7990129.192,0,0,2,2
C65L39,39,65,308523.532,7990129.192,0,0,2,2
C66L39,39,66,309023.532,7990129.192,0,0,2,2
C67L39,39,67,309523.532,7990129.192,0,0,2,2
C68L39,39,68,310023.532,7990129.192,0,0,2,2
C69L39,39,69,310523.532,7990129.192,0,0,2,2
C70L39,39,70,311023.532,7990129.192,1,0,2,1
C71L39,39,71,311523.532,7990129.192,1,0,2,1
C72L39,39,72,312023.532,7990129.192,0,0,1,1
C73L39,39,73,312523.532,7990129.192,0,0,1,1
C74L39,39,74,313023.532,7990129.192,0,1,5,1
C75L39,39,75,313523.532,7990129.192,0,0,1,1
C76L39,39,76,314023.532,7990129.192,0,0,1,1
C77L39,39,77,314523.532,7990129.192,0,0,1,1
C78L39,39,78,315023.532,7990129.192,0,0,1,1
C79L39,39,79,315523.532,7990129.192,0,0,1,1
C80L39,39,80,316023.532,7990129.192,0,0,1,0
C10L40,40,10,281023.532,7990629.192,0,1,1,0
C11L40,40,11,281523.532,7990629.192,1,1,1,0
C12L40,40,12,282023.532,7990629.192,1,0,1,1
C13L40,40,13,282523.532,7990629.192,0,0,1,1
C14L40,40,14,283023.532,7990629.192,0,0,2,1
C15L40,40,15,283523.532,7990629.192,0,0,2,1
C16L40,40,16,284023.532,7990629.192,0,0,1,1
C17L40,40,17,284523.532,7990629.192,0,0,1,1
C18L40,40,18,285023.532,7990629.192,0,0,1,1
C19L40,40,19,285523.532,7990629.192,0,0,2,1
C20L40,40,20,286023.532,7990629.192,0,0,2,1
C21L40,40,21,286523.532,7990629.192,0,0,2,1
C22L40,40,22,287023.532,7990629.192,1,0,1,1
C23L40,40,23,287523.532,7990629.192,0,0,1,1
C24L40,40,24,288023.532,7990629.192,0,0,4,1
C25L40,40,25,288523.532,7990629.192,0,1,1,1
C26L40,40,26,289023.532,7990629.192,0,1,5,1
C27L40,40,27,289523.532,7990629.192,0,1,1,1
C28L40,40,28,290023.532,7990629.192,0,1,5,1
C29L40,40,29,290523.532,7990629.192,0,1,5,1
C30L40,40,30,291023.532,7990629.192,0,0,5,5
C31L40,40,31,291523.532,7990629.192,0,0,5,3
C32L40,40,32,292023.532,7990629.192,0,0,5,3
C33L40,40,33,292523.532,7990629.192,0,0,3,3
C34L40,40,34,293023.532,7990629.192,0,0,3,3
C35L40,40,35,293523.532,7990629.192,0,0,3,3
C36L40,40,36,294023.532,7990629.192,0,0,3,3
C37L40,40,37,294523.532,7990629.192,0,0,3,3
C38L40,40,38,295023.532,7990629.192,0,0,3,3
C39L40,40,39,295523.532,7990629.192,0,0,3,3
C40L40,40,40,296023.532,7990629.192,0,0,3,3
C41L40,40,41,296523.532,7990629.192,0,0,3,3
C42L40,40,42,297023.532,7990629.192,0,0,3,3
C43L40,40,43,297523.532,7990629.192,0,0,5,3
C44L40,40,44,298023.532,7990629.192,0,0,5,3
C45L40,40,45,298523.532,7990629.192,0,0,5,3
C46L40,40,46,299023.532,7990629.192,0,0,3,3
C47L40,40,47,299523.532,7990629.192,0,0,3,3
C48L40,40,48,300023.532,7990629.192,0,1,5,3
C49L40,40,49,300523.532,7990629.192,1,1,5,3
C50L40,40,50,301023.532,7990629.192,1,0,5,3
C51L40,40,51,301523.532,7990629.192,0,0,3,3
C52L40,40,52,302023.532,7990629.192,0,0,3,3
C53L40,40,53,302523.532,7990629.192,0,0,3,3
C54L40,40,54,303023.532,7990629.192,0,0,3,3
C55L40,40,55,303523.532,7990629.192,0,0,3,3
C56L40,40,56,304023.532,7990629.192,0,0,3,2
C57L40,40,57,304523.532,7990629.192,0,0,3,2
C58L40,40,58,305023.532,7990629.192,0,0,2,2
C59L40,40,59,305523.532,7990629.192,0,0,2,2
C60L40,40,60,306023.532,7990629.192,0,0,2,2
C61L40,40,61,306523.532,7990629.192,0,0,2,2
C62L40,40,62,307023.532,7990629.192,0,0,2,2
C63L40,40,63,307523.532,7990629.192,1,0,3,2
C64L40,40,64,308023.532,7990629.192,1,0,3,2
C65L40,40,65,308523.532,7990629.192,0,0,2,2
C66L40,40,66,309023.532,7990629.192,0,0,2,2
C67L40,40,67,309523.532,7990629.192,0,0,2,2
C68L40,40,68,310023.532,7990629.192,0,0,2,2
C69L40,40,69,310523.532,7990629.192,0,0,2,2
C70L40,40,70,311023.532,7990629.192,1,0,2,1
C71L40,40,71,311523.532,7990629.192,0,0,1,1
C72L40,40,72,312023.532,7990629.192,0,0,1,1
C73L40,40,73,312523.532,7990629.192,0,1,1,1
C74L40,40,74,313023.532,7990629.192,0,1,5,1
C75L40,40,75,313523.532,7990629.192,0,0,1,1
C76L40,40,76,314023.532,7990629.192,0,0,1,1
C77L40,40,77,314523.532,7990629.192,0,0,1,1
C78L40,40,78,315023.532,7990629.192,0,0,1,1
C79L40,40,79,315523.532,7990629.192,0,0,1,1
C80L40,40,80,316023.532,7990629.192,0,0,1,0
C10L41,41,10,281023.532,7991129.192,0,1,1,0
C11L41,41,11,281523.532,7991129.192,1,0,1,1
C12L41,41,12,282023.532,7991129.192,0,0,1,1
C13L41,41,13,282523.532,7991129.192,0,0,1,1
C14L41,41,14,283023.532,7991129.192,0,0,2,1
C15L41,41,15,283523.532,7991129.192,0,0,1,1
C16L41,41,16,284023.532,7991129.192,0,0,1,1
C17L41,41,17,284523.532,7991129.192,0,0,1,1
C18L41,41,18,285023.532,7991129.192,0,0,1,1
C19L41,41,19,285523.532,7991129.192,0,0,2,1
C20L41,41,20,286023.532,7991129.192,0,0,2,1
C21L41,41,21,286523.532,7991129.192,0,0,1,1
C22L41,41,22,287023.532,7991129.192,1,0,1,1
C23L41,41,23,287523.532,7991129.192,1,0,1,1
C24L41,41,24,288023.532,7991129.192,0,0,4,1
C25L41,41,25,288523.532,7991129.192,0,0,1,1
C26L41,41,26,289023.532,7991129.192,0,0,1,1
C27L41,41,27,289523.532,7991129.192,0,0,5,1
C28L41,41,28,290023.532,7991129.192,0,1,5,1
C29L41,41,29,290523.532,7991129.192,0,1,5,5
C30L41,41,30,291023.532,7991129.192,0,0,5,5
C31L41,41,31,291523.532,7991129.192,0,0,5,5
C32L41,41,32,292023.532,7991129.192,0,0,5,5
C33L41,41,33,292523.532,7991129.192,0,0,5,3
C34L41,41,34,293023.532,7991129.192,0,0,5,3
C35L41,41,35,293523.532,7991129.192,0,0,5,3
C36L41,41,36,294023.532,7991129.192,0,0,3,3
C37L41,41,37,294523.532,7991129.192,0,0,3,3
C38L41,41,38,295023.532,7991129.192,0,0,3,3
C39L41,41,39,295523.532,7991129.192,0,0,3,3
C40L41,41,40,296023.532,7991129.192,0,0,3,3
C41L41,41,41,296523.532,7991129.192,0,0,3,3
C42L41,41,42,297023.532,7991129.192,0,0,3,3
C43L41,41,43,297523.532,7991129.192,0,0,3,3
C44L41,41,44,298023.532,7991129.192,0,0,3,3
C45L41,41,45,298523.532,7991129.192,0,0,3,3
C46L41,41,46,299023.532,7991129.192,0,0,3,3
C47L41,41,47,299523.532,7991129.192,0,1,5,3
C48L41,41,48,300023.532,7991129.192,1,1,5,3
C49L41,41,49,300523.532,7991129.192,1,0,5,3
C50L41,41,50,301023.532,7991129.192,0,0,3,1
C51L41,41,51,301523.532,7991129.192,0,0,3,1
C52L41,41,52,302023.532,7991129.192,0,0,3,1
C53L41,41,53,302523.532,7991129.192,0,0,3,3
C54L41,41,54,303023.532,7991129.192,0,0,3,3
C55L41,41,55,303523.532,7991129.192,0,0,3,3
C56L41,41,56,304023.532,7991129.192,0,0,3,2
C57L41,41,57,304523.532,7991129.192,0,0,2,2
C58L41,41,58,305023.532,7991129.192,0,0,2,2
C59L41,41,59,305523.532,7991129.192,0,0,2,2
C60L41,41,60,306023.532,7991129.192,0,0,2,2
C61L41,41,61,306523.532,7991129.192,0,0,2,2
C62L41,41,62,307023.532,7991129.192,0,0,2,2
C63L41,41,63,307523.532,7991129.192,0,0,3,2
C64L41,41,64,308023.532,7991129.192,1,0,5,1
C65L41,41,65,308523.532,7991129.192,1,0,5,2
C66L41,41,66,309023.532,7991129.192,1,0,5,2
C67L41,41,67,309523.532,7991129.192,0,0,2,2
C68L41,41,68,310023.532,7991129.192,0,0,2,2
C69L41,41,69,310523.532,7991129.192,0,0,2,2
C70L41,41,70,311023.532,7991129.192,1,0,2,1
C71L41,41,71,311523.532,7991129.192,1,0,1,1
C72L41,41,72,312023.532,7991129.192,0,0,1,1
C73L41,41,73,312523.532,7991129.192,0,0,1,1
C74L41,41,74,313023.532,7991129.192,0,1,5,1
C75L41,41,75,313523.532,7991129.192,0,1,5,1
C76L41,41,76,314023.532,7991129.192,0,0,1,1
C77L41,41,77,314523.532,7991129.192,0,0,1,1
C78L41,41,78,315023.532,7991129.192,0,0,1,1
C79L41,41,79,315523.532,7991129.192,0,0,1,1
C80L41,41,80,316023.532,7991129.192,0,0,1,0
C10L42,42,10,281023.532,7991629.192,0,1,1,0
C11L42,42,11,281523.532,7991629.192,1,0,1,1
C12L42,42,12,282023.532,7991629.192,0,0,1,1
C13L42,42,13,282523.532,7991629.192,0,0,1,1
C14L42,42,14,283023.532,7991629.192,0,0,1,1
C15L42,42,15,283523.532,7991629.192,0,0,1,1
C16L42,42,16,284023.532,7991629.192,0,0,1,1
C17L42,42,17,284523.532,7991629.192,0,0,1,1
C18L42,42,18,285023.532,7991629.192,0,0,1,1
C19L42,42,19,285523.532,7991629.192,0,0,1,1
C20L42,42,20,286023.532,7991629.192,0,0,1,1
C21L42,42,21,286523.532,7991629.192,0,0,1,1
C22L42,42,22,287023.532,7991629.192,0,0,1,1
C23L42,42,23,287523.532,7991629.192,1,0,1,1
C24L42,42,24,288023.532,7991629.192,1,0,1,1
C25L42,42,25,288523.532,7991629.192,0,0,1,1
C26L42,42,26,289023.532,7991629.192,0,0,1,1
C27L42,42,27,289523.532,7991629.192,0,0,5,1
C28L42,42,28,290023.532,7991629.192,0,1,5,4
C29L42,42,29,290523.532,7991629.192,0,0,5,4
C30L42,42,30,291023.532,7991629.192,0,0,5,4
C31L42,42,31,291523.532,7991629.192,0,0,5,4
C32L42,42,32,292023.532,7991629.192,0,0,5,3
C33L42,42,33,292523.532,7991629.192,0,0,5,3
C34L42,42,34,293023.532,7991629.192,0,0,5,3
C35L42,42,35,293523.532,7991629.192,0,0,5,3
C36L42,42,36,294023.532,7991629.192,0,0,5,3
C37L42,42,37,294523.532,7991629.192,0,0,5,3
C38L42,42,38,295023.532,7991629.192,0,0,5,3
C39L42,42,39,295523.532,7991629.192,0,0,5,3
C40L42,42,40,296023.532,7991629.192,0,0,5,3
C41L42,42,41,296523.532,7991629.192,0,0,5,3
C42L42,42,42,297023.532,7991629.192,0,0,5,3
C43L42,42,43,297523.532,7991629.192,0,0,3,3
C44L42,42,44,298023.532,7991629.192,0,0,3,3
C45L42,42,45,298523.532,7991629.192,0,0,3,3
C46L42,42,46,299023.532,7991629.192,0,1,5,3
C47L42,42,47,299523.532,7991629.192,0,1,5,3
C48L42,42,48,300023.532,7991629.192,1,0,5,2
C49L42,42,49,300523.532,7991629.192,0,0,3,2
C50L42,42,50,301023.532,7991629.192,0,0,3,1
C51L42,42,51,301523.532,7991629.192,0,0,3,1
C52L42,42,52,302023.532,7991629.192,0,0,3,1
C53L42,42,53,302523.532,7991629.192,0,0,3,3
C54L42,42,54,303023.532,7991629.192,0,0,3,3
C55L42,42,55,303523.532,7991629.192,0,0,3,3
C56L42,42,56,304023.532,7991629.192,0,0,3,1
C57L42,42,57,304523.532,7991629.192,0,0,2,2
C58L42,42,58,305023.532,7991629.192,0,0,2,2
C59L42,42,59,305523.532,7991629.192,0,0,2,2
C60L42,42,60,306023.532,7991629.192,0,0,2,2
C61L42,42,61,306523.532,7991629.192,0,0,2,2
C62L42,42,62,307023.532,7991629.192,0,0,2,2
C63L42,42,63,307523.532,7991629.192,1,0,5,1
C64L42,42,64,308023.532,7991629.192,1,0,5,1
C65L42,42,65,308523.532,7991629.192,0,0,5,3
C66L42,42,66,309023.532,7991629.192,1,0,5,2
C67L42,42,67,309523.532,7991629.192,1,0,5,2
C68L42,42,68,310023.532,7991629.192,0,0,2,2
C69L42,42,69,310523.532,7991629.192,0,0,2,2
C70L42,42,70,311023.532,7991629.192,0,0,2,2
C71L42,42,71,311523.532,7991629.192,1,0,2,1
C72L42,42,72,312023.532,7991629.192,0,0,1,1
C73L42,42,73,312523.532,7991629.192,0,0,1,1
C74L42,42,74,313023.532,7991629.192,0,0,1,1
C75L42,42,75,313523.532,7991629.192,0,1,5,1
C76L42,42,76,314023.532,7991629.192,0,0,5,1
C77L42,42,77,314523.532,7991629.192,0,0,1,1
C78L42,42,78,315023.532,7991629.192,0,0,1,1
C79L42,42,79,315523.532,7991629.192,0,0,1,1
C80L42,42,80,316023.532,7991629.192,0,0,1,0
C09L43,43,9,280523.532,7992129.192,0,1,1,0
C10L43,43,10,281023.532,7992129.192,1,1,1,0
C11L43,43,11,281523.532,7992129.192,1,0,1,1
C12L43,43,12,282023.532,7992129.192,0,0,1,1
C13L43,43,13,282523.532,7992129.192,0,0,1,1
C14L43,43,14,283023.532,7992129.192,0,0,1,1
C15L43,43,15,283523.532,7992129.192,0,0,1,1
C16L43,43,16,284023.532,7992129.192,0,0,1,1
C17L43,43,17,284523.532,7992129.192,0,0,1,1
C18L43,43,18,285023.532,7992129.192,0,0,1,1
C19L43,43,19,285523.532,7992129.192,0,0,1,1
C20L43,43,20,286023.532,7992129.192,0,0,1,1
C21L43,43,21,286523.532,7992129.192,0,0,1,1
C22L43,43,22,287023.532,7992129.192,0,0,1,1
C23L43,43,23,287523.532,7992129.192,0,0,1,1
C24L43,43,24,288023.532,7992129.192,1,0,1,1
C25L43,43,25,288523.532,7992129.192,0,0,1,1
C26L43,43,26,289023.532,7992129.192,0,0,1,1
C27L43,43,27,289523.532,7992129.192,0,1,5,1
C28L43,43,28,290023.532,7992129.192,0,1,5,4
C29L43,43,29,290523.532,7992129.192,0,0,5,4
C30L43,43,30,291023.532,7992129.192,0,0,4,4
C31L43,43,31,291523.532,7992129.192,0,0,4,4
C32L43,43,32,292023.532,7992129.192,0,0,4,4
C33L43,43,33,292523.532,7992129.192,0,0,4,3
C34L43,43,34,293023.532,7992129.192,0,0,3,3
C35L43,43,35,293523.532,7992129.192,0,0,3,3
C36L43,43,36,294023.532,7992129.192,0,0,3,3
C37L43,43,37,294523.532,7992129.192,0,0,5,3
C38L43,43,38,295023.532,7992129.192,0,0,5,5
C39L43,43,39,295523.532,7992129.192,0,0,5,5
C40L43,43,40,296023.532,7992129.192,0,0,5,5
C41L43,43,41,296523.532,7992129.192,0,0,5,5
C42L43,43,42,297023.532,7992129.192,0,0,5,3
C43L43,43,43,297523.532,7992129.192,0,0,5,3
C44L43,43,44,298023.532,7992129.192,0,0,5,3
C45L43,43,45,298523.532,7992129.192,0,1,5,3
C46L43,43,46,299023.532,7992129.192,0,1,5,3
C47L43,43,47,299523.532,7992129.192,1,0,5,2
C48L43,43,48,300023.532,7992129.192,1,0,2,2
C49L43,43,49,300523.532,7992129.192,0,0,2,2
C50L43,43,50,301023.532,7992129.192,0,0,2,2
C51L43,43,51,301523.532,7992129.192,0,0,2,2
C52L43,43,52,302023.532,7992129.192,0,0,3,2
C53L43,43,53,302523.532,7992129.192,0,0,3,2
C54L43,43,54,303023.532,7992129.192,0,0,3,2
C55L43,43,55,303523.532,7992129.192,0,0,3,2
C56L43,43,56,304023.532,7992129.192,0,0,2,1
C57L43,43,57,304523.532,7992129.192,0,0,2,1
C58L43,43,58,305023.532,7992129.192,0,0,2,2
C59L43,43,59,305523.532,7992129.192,0,0,2,2
C60L43,43,60,306023.532,7992129.192,0,0,2,2
C61L43,43,61,306523.532,7992129.192,0,0,2,2
C62L43,43,62,307023.532,7992129.192,0,0,2,2
C63L43,43,63,307523.532,7992129.192,1,0,5,1
C64L43,43,64,308023.532,7992129.192,0,0,5,1
C65L43,43,65,308523.532,7992129.192,0,1,5,5
C66L43,43,66,309023.532,7992129.192,0,0,5,3
C67L43,43,67,309523.532,7992129.192,1,0,5,2
C68L43,43,68,310023.532,7992129.192,1,0,5,2
C69L43,43,69,310523.532,7992129.192,1,0,2,2
C70L43,43,70,311023.532,7992129.192,0,0,2,2
C71L43,43,71,311523.532,7992129.192,1,0,2,1
C72L43,43,72,312023.532,7992129.192,0,0,1,1
C73L43,43,73,312523.532,7992129.192,0,0,1,1
C74L43,43,74,313023.532,7992129.192,0,0,1,1
C75L43,43,75,313523.532,7992129.192,0,1,5,1
C76L43,43,76,314023.532,7992129.192,0,1,5,1
C77L43,43,77,314523.532,7992129.192,0,0,1,1
C78L43,43,78,315023.532,7992129.192,0,0,1,1
C79L43,43,79,315523.532,7992129.192,0,0,1,1
C80L43,43,80,316023.532,7992129.192,0,0,5,0
C08L44,44,8,280023.532,7992629.192,0,1,1,0
C09L44,44,9,280523.532,7992629.192,0,1,1,0
C10L44,44,10,281023.532,7992629.192,1,0,1,1
C11L44,44,11,281523.532,7992629.192,0,0,1,1
C12L44,44,12,282023.532,7992629.192,0,0,1,1
C13L44,44,13,282523.532,7992629.192,0,0,1,1
C14L44,44,14,283023.532,7992629.192,0,0,1,1
C15L44,44,15,283523.532,7992629.192,0,0,1,1
C16L44,44,16,284023.532,7992629.192,0,0,1,1
C17L44,44,17,284523.532,7992629.192,0,0,1,1
C18L44,44,18,285023.532,7992629.192,0,0,1,1
C19L44,44,19,285523.532,7992629.192,0,0,1,1
C20L44,44,20,286023.532,7992629.192,0,0,1,1
C21L44,44,21,286523.532,7992629.192,0,0,1,1
C22L44,44,22,287023.532,7992629.192,0,0,1,1
C23L44,44,23,287523.532,7992629.192,1,0,1,1
C24L44,44,24,288023.532,7992629.192,1,0,1,1
C25L44,44,25,288523.532,7992629.192,0,0,1,1
C26L44,44,26,289023.532,7992629.192,0,1,5,1
C27L44,44,27,289523.532,7992629.192,0,1,5,1
C28L44,44,28,290023.532,7992629.192,0,1,5,4
C29L44,44,29,290523.532,7992629.192,0,1,5,4
C30L44,44,30,291023.532,7992629.192,0,0,4,4
C31L44,44,31,291523.532,7992629.192,0,0,4,4
C32L44,44,32,292023.532,7992629.192,0,0,4,3
C33L44,44,33,292523.532,7992629.192,0,0,4,3
C34L44,44,34,293023.532,7992629.192,0,0,3,3
C35L44,44,35,293523.532,7992629.192,0,0,3,3
C36L44,44,36,294023.532,7992629.192,0,0,3,3
C37L44,44,37,294523.532,7992629.192,0,0,5,2
C38L44,44,38,295023.532,7992629.192,0,0,5,2
C39L44,44,39,295523.532,7992629.192,0,0,5,2
C40L44,44,40,296023.532,7992629.192,0,0,5,5
C41L44,44,41,296523.532,7992629.192,0,0,5,5
C42L44,44,42,297023.532,7992629.192,0,0,5,5
C43L44,44,43,297523.532,7992629.192,0,0,5,5
C44L44,44,44,298023.532,7992629.192,0,1,5,3
C45L44,44,45,298523.532,7992629.192,0,1,5,3
C46L44,44,46,299023.532,7992629.192,1,0,5,2
C47L44,44,47,299523.532,7992629.192,1,0,5,2
C48L44,44,48,300023.532,7992629.192,0,0,2,2
C49L44,44,49,300523.532,7992629.192,0,0,2,2
C50L44,44,50,301023.532,7992629.192,0,0,2,2
C51L44,44,51,301523.532,7992629.192,0,0,2,2
C52L44,44,52,302023.532,7992629.192,0,0,2,2
C53L44,44,53,302523.532,7992629.192,0,0,2,2
C54L44,44,54,303023.532,7992629.192,0,0,3,2
C55L44,44,55,303523.532,7992629.192,0,0,3,1
C56L44,44,56,304023.532,7992629.192,0,0,2,1
C57L44,44,57,304523.532,7992629.192,0,0,2,1
C58L44,44,58,305023.532,7992629.192,0,0,2,1
C59L44,44,59,305523.532,7992629.192,0,0,2,2
C60L44,44,60,306023.532,7992629.192,0,0,2,2
C61L44,44,61,306523.532,7992629.192,0,0,2,2
C62L44,44,62,307023.532,7992629.192,1,0,2,1
C63L44,44,63,307523.532,7992629.192,1,0,2,1
C64L44,44,64,308023.532,7992629.192,0,0,5,1
C65L44,44,65,308523.532,7992629.192,0,1,5,5
C66L44,44,66,309023.532,7992629.192,0,0,5,5
C67L44,44,67,309523.532,7992629.192,0,0,5,5
C68L44,44,68,310023.532,7992629.192,0,0,5,2
C69L44,44,69,310523.532,7992629.192,1,0,2,2
C70L44,44,70,311023.532,7992629.192,1,0,2,2
C71L44,44,71,311523.532,7992629.192,1,0,2,1
C72L44,44,72,312023.532,7992629.192,0,0,1,1
C73L44,44,73,312523.532,7992629.192,0,0,1,1
C74L44,44,74,313023.532,7992629.192,0,0,1,1
C75L44,44,75,313523.532,7992629.192,0,0,1,1
C76L44,44,76,314023.532,7992629.192,0,1,5,1
C77L44,44,77,314523.532,7992629.192,0,1,5,1
C78L44,44,78,315023.532,7992629.192,0,1,5,1
C79L44,44,79,315523.532,7992629.192,0,0,5,1
C80L44,44,80,316023.532,7992629.192,0,0,5,0
C07L45,45,7,279523.532,7993129.192,0,1,2,0
C08L45,45,8,280023.532,7993129.192,0,1,1,0
C09L45,45,9,280523.532,7993129.192,1,0,1,1
C10L45,45,10,281023.532,7993129.192,1,0,1,1
C11L45,45,11,281523.532,7993129.192,0,0,1,1
C12L45,45,12,282023.532,7993129.192,0,0,1,1
C13L45,45,13,282523.532,7993129.192,0,0,1,1
C14L45,45,14,283023.532,7993129.192,0,0,1,1
C15L45,45,15,283523.532,7993129.192,0,0,1,1
C16L45,45,16,284023.532,7993129.192,0,0,1,1
C17L45,45,17,284523.532,7993129.192,0,0,1,1
C18L45,45,18,285023.532,7993129.192,0,0,1,1
C19L45,45,19,285523.532,7993129.192,0,0,1,1
C20L45,45,20,286023.532,7993129.192,0,0,1,1
C21L45,45,21,286523.532,7993129.192,0,0,1,1
C22L45,45,22,287023.532,7993129.192,0,0,1,1
C23L45,45,23,287523.532,7993129.192,1,0,1,1
C24L45,45,24,288023.532,7993129.192,0,1,5,1
C25L45,45,25,288523.532,7993129.192,0,1,5,1
C26L45,45,26,289023.532,7993129.192,0,1,5,4
C27L45,45,27,289523.532,7993129.192,0,0,5,5
C28L45,45,28,290023.532,7993129.192,0,0,5,5
C29L45,45,29,290523.532,7993129.192,0,1,5,4
C30L45,45,30,291023.532,7993129.192,0,1,5,4
C31L45,45,31,291523.532,7993129.192,0,0,5,3
C32L45,45,32,292023.532,7993129.192,0,0,5,3
C33L45,45,33,292523.532,7993129.192,0,0,3,3
C34L45,45,34,293023.532,7993129.192,0,0,3,3
C35L45,45,35,293523.532,7993129.192,0,0,3,3
C36L45,45,36,294023.532,7993129.192,0,0,3,2
C37L45,45,37,294523.532,7993129.192,0,0,3,2
C38L45,45,38,295023.532,7993129.192,0,0,2,2
C39L45,45,39,295523.532,7993129.192,0,0,5,2
C40L45,45,40,296023.532,7993129.192,0,0,5,2
C41L45,45,41,296523.532,7993129.192,0,0,5,5
C42L45,45,42,297023.532,7993129.192,0,0,5,5
C43L45,45,43,297523.532,7993129.192,0,0,5,5
C44L45,45,44,298023.532,7993129.192,0,1,5,2
C45L45,45,45,298523.532,7993129.192,1,0,5,2
C46L45,45,46,299023.532,7993129.192,1,0,2,2
C47L45,45,47,299523.532,7993129.192,0,0,2,2
C48L45,45,48,300023.532,7993129.192,0,0,2,2
C49L45,45,49,300523.532,7993129.192,0,0,2,2
C50L45,45,50,301023.532,7993129.192,0,0,2,2
C51L45,45,51,301523.532,7993129.192,0,0,2,2
C52L45,45,52,302023.532,7993129.192,0,0,2,2
C53L45,45,53,302523.532,7993129.192,0,0,2,2
C54L45,45,54,303023.532,7993129.192,0,0,2,1
C55L45,45,55,303523.532,7993129.192,0,0,2,1
C56L45,45,56,304023.532,7993129.192,0,0,1,1
C57L45,45,57,304523.532,7993129.192,0,0,1,1
C58L45,45,58,305023.532,7993129.192,0,0,2,1
C59L45,45,59,305523.532,7993129.192,0,0,2,1
C60L45,45,60,306023.532,7993129.192,0,0,2,1
C61L45,45,61,306523.532,7993129.192,0,0,2,1
C62L45,45,62,307023.532,7993129.192,1,0,2,1
C63L45,45,63,307523.532,7993129.192,0,0,5,1
C64L45,45,64,308023.532,7993129.192,0,0,5,5
C65L45,45,65,308523.532,7993129.192,0,1,5,5
C66L45,45,66,309023.532,7993129.192,0,0,5,5
C67L45,45,67,309523.532,7993129.192,0,0,5,5
C68L45,45,68,310023.532,7993129.192,0,0,5,2
C69L45,45,69,310523.532,7993129.192,0,0,2,1
C70L45,45,70,311023.532,7993129.192,1,0,2,1
C71L45,45,71,311523.532,7993129.192,0,0,1,1
C72L45,45,72,312023.532,7993129.192,0,0,1,1
C73L45,45,73,312523.532,7993129.192,0,0,1,1
C74L45,45,74,313023.532,7993129.192,0,0,1,1
C75L45,45,75,313523.532,7993129.192,0,0,5,1
C76L45,45,76,314023.532,7993129.192,0,0,5,1
C77L45,45,77,314523.532,7993129.192,0,0,5,1
C78L45,45,78,315023.532,7993129.192,0,1,5,1
C79L45,45,79,315523.532,7993129.192,0,0,5,1
C80L45,45,80,316023.532,7993129.192,0,0,5,0
C06L46,46,6,279023.532,7993629.192,0,1,2,0
C07L46,46,7,279523.532,7993629.192,0,1,2,0
C08L46,46,8,280023.532,7993629.192,1,0,5,1
C09L46,46,9,280523.532,7993629.192,1,0,1,1
C10L46,46,10,281023.532,7993629.192,0,0,1,1
C11L46,46,11,281523.532,7993629.192,0,0,1,1
C12L46,46,12,282023.532,7993629.192,0,0,1,1
C13L46,46,13,282523.532,7993629.192,0,0,1,1
C14L46,46,14,283023.532,7993629.192,0,0,1,1
C15L46,46,15,283523.532,7993629.192,0,0,1,1
C16L46,46,16,284023.532,7993629.192,0,0,1,1
C17L46,46,17,284523.532,7993629.192,0,0,1,1
C18L46,46,18,285023.532,7993629.192,0,0,1,1
C19L46,46,19,285523.532,7993629.192,0,0,1,1
C20L46,46,20,286023.532,7993629.192,0,0,1,1
C21L46,46,21,286523.532,7993629.192,0,0,1,1
C22L46,46,22,287023.532,7993629.192,1,0,1,1
C23L46,46,23,287523.532,7993629.192,1,1,5,1
C24L46,46,24,288023.532,7993629.192,0,1,5,1
C25L46,46,25,288523.532,7993629.192,0,0,5,1
C26L46,46,26,289023.532,7993629.192,0,0,5,5
C27L46,46,27,289523.532,7993629.192,0,0,5,5
C28L46,46,28,290023.532,7993629.192,0,0,5,5
C29L46,46,29,290523.532,7993629.192,0,0,5,5
C30L46,46,30,291023.532,7993629.192,0,1,5,5
C31L46,46,31,291523.532,7993629.192,0,1,5,5
C32L46,46,32,292023.532,7993629.192,0,0,5,2
C33L46,46,33,292523.532,7993629.192,0,0,5,2
C34L46,46,34,293023.532,7993629.192,0,0,3,2
C35L46,46,35,293523.532,7993629.192,0,0,3,2
C36L46,46,36,294023.532,7993629.192,0,0,3,2
C37L46,46,37,294523.532,7993629.192,0,0,2,2
C38L46,46,38,295023.532,7993629.192,0,0,2,2
C39L46,46,39,295523.532,7993629.192,0,0,2,2
C40L46,46,40,296023.532,7993629.192,0,0,5,2
C41L46,46,41,296523.532,7993629.192,0,0,5,2
C42L46,46,42,297023.532,7993629.192,0,0,5,5
C43L46,46,43,297523.532,7993629.192,0,1,5,5
C44L46,46,44,298023.532,7993629.192,1,1,5,2
C45L46,46,45,298523.532,7993629.192,1,0,2,2
C46L46,46,46,299023.532,7993629.192,0,0,2,2
C47L46,46,47,299523.532,7993629.192,0,0,2,2
C48L46,46,48,300023.532,7993629.192,0,0,2,2
C49L46,46,49,300523.532,7993629.192,0,0,2,2
C50L46,46,50,301023.532,7993629.192,0,0,2,2
C51L46,46,51,301523.532,7993629.192,0,0,2,2
C52L46,46,52,302023.532,7993629.192,0,0,2,2
C53L46,46,53,302523.532,7993629.192,0,0,2,1
C54L46,46,54,303023.532,7993629.192,0,0,2,1
C55L46,46,55,303523.532,7993629.192,0,0,1,1
C56L46,46,56,304023.532,7993629.192,0,0,1,1
C57L46,46,57,304523.532,7993629.192,0,0,1,1
C58L46,46,58,305023.532,7993629.192,0,0,1,1
C59L46,46,59,305523.532,7993629.192,0,0,1,1
C60L46,46,60,306023.532,7993629.192,0,0,1,1
C61L46,46,61,306523.532,7993629.192,0,0,1,1
C62L46,46,62,307023.532,7993629.192,1,0,5,1
C63L46,46,63,307523.532,7993629.192,0,0,5,1
C64L46,46,64,308023.532,7993629.192,0,0,5,5
C65L46,46,65,308523.532,7993629.192,0,1,5,5
C66L46,46,66,309023.532,7993629.192,0,1,5,5
C67L46,46,67,309523.532,7993629.192,0,0,5,5
C68L46,46,68,310023.532,7993629.192,0,0,5,2
C69L46,46,69,310523.532,7993629.192,0,0,2,1
C70L46,46,70,311023.532,7993629.192,0,0,1,1
C71L46,46,71,311523.532,7993629.192,0,0,1,1
C72L46,46,72,312023.532,7993629.192,0,0,1,1
C73L46,46,73,312523.532,7993629.192,0,0,1,1
C74L46,46,74,313023.532,7993629.192,0,0,5,1
C75L46,46,75,313523.532,7993629.192,0,0,5,1
C76L46,46,76,314023.532,7993629.192,0,0,5,1
C77L46,46,77,314523.532,7993629.192,0,0,5,5
C78L46,46,78,315023.532,7993629.192,0,1,5,5
C79L46,46,79,315523.532,7993629.192,0,0,5,5
C80L46,46,80,316023.532,7993629.192,0,0,5,0
C04L47,47,4,278023.532,7994129.192,0,1,2,0
C05L47,47,5,278523.532,7994129.192,0,1,2,0
C06L47,47,6,279023.532,7994129.192,1,1,5,0
C07L47,47,7,279523.532,7994129.192,1,0,5,1
C08L47,47,8,280023.532,7994129.192,1,0,5,1
C09L47,47,9,280523.532,7994129.192,0,0,1,1
C10L47,47,10,281023.532,7994129.192,0,0,1,1
C11L47,47,11,281523.532,7994129.192,0,0,1,1
C12L47,47,12,282023.532,7994129.192,0,0,1,1
C13L47,47,13,282523.532,7994129.192,0,0,1,1
C14L47,47,14,283023.532,7994129.192,0,0,1,1
C15L47,47,15,283523.532,7994129.192,0,0,1,1
C16L47,47,16,284023.532,7994129.192,0,0,1,1
C17L47,47,17,284523.532,7994129.192,0,0,1,1
C18L47,47,18,285023.532,7994129.192,0,0,1,1
C19L47,47,19,285523.532,7994129.192,0,0,1,1
C20L47,47,20,286023.532,7994129.192,0,0,1,1
C21L47,47,21,286523.532,7994129.192,0,0,1,1
C22L47,47,22,287023.532,7994129.192,1,0,1,1
C23L47,47,23,287523.532,7994129.192,1,0,5,1
C24L47,47,24,288023.532,7994129.192,1,0,5,1
C25L47,47,25,288523.532,7994129.192,0,0,5,5
C26L47,47,26,289023.532,7994129.192,0,0,5,5
C27L47,47,27,289523.532,7994129.192,0,0,5,5
C28L47,47,28,290023.532,7994129.192,0,0,5,5
C29L47,47,29,290523.532,7994129.192,0,0,5,5
C30L47,47,30,291023.532,7994129.192,0,0,5,5
C31L47,47,31,291523.532,7994129.192,0,1,5,5
C32L47,47,32,292023.532,7994129.192,0,0,5,2
C33L47,47,33,292523.532,7994129.192,0,0,5,2
C34L47,47,34,293023.532,7994129.192,0,0,2,2
C35L47,47,35,293523.532,7994129.192,0,0,2,2
C36L47,47,36,294023.532,7994129.192,0,0,2,2
C37L47,47,37,294523.532,7994129.192,0,0,2,1
C38L47,47,38,295023.532,7994129.192,0,0,2,1
C39L47,47,39,295523.532,7994129.192,0,0,2,1
C40L47,47,40,296023.532,7994129.192,0,0,2,2
C41L47,47,41,296523.532,7994129.192,0,0,5,2
C42L47,47,42,297023.532,7994129.192,0,0,5,2
C43L47,47,43,297523.532,7994129.192,1,0,5,2
C44L47,47,44,298023.532,7994129.192,1,0,5,2
C45L47,47,45,298523.532,7994129.192,0,0,2,2
C46L47,47,46,299023.532,7994129.192,0,0,2,2
C47L47,47,47,299523.532,7994129.192,0,0,2,2
C48L47,47,48,300023.532,7994129.192,0,0,2,2
C49L47,47,49,300523.532,7994129.192,0,0,2,2
C50L47,47,50,301023.532,7994129.192,0,0,2,2
C51L47,47,51,301523.532,7994129.192,0,0,2,2
C52L47,47,52,302023.532,7994129.192,0,0,2,2
C53L47,47,53,302523.532,7994129.192,0,0,2,1
C54L47,47,54,303023.532,7994129.192,0,0,1,1
C55L47,47,55,303523.532,7994129.192,0,0,1,1
C56L47,47,56,304023.532,7994129.192,0,0,1,1
C57L47,47,57,304523.532,7994129.192,0,0,1,1
C58L47,47,58,305023.532,7994129.192,0,0,1,1
C59L47,47,59,305523.532,7994129.192,0,0,1,1
C60L47,47,60,306023.532,7994129.192,0,0,1,1
C61L47,47,61,306523.532,7994129.192,1,0,1,1
C62L47,47,62,307023.532,7994129.192,1,0,5,1
C63L47,47,63,307523.532,7994129.192,0,0,5,1
C64L47,47,64,308023.532,7994129.192,0,1,5,1
C65L47,47,65,308523.532,7994129.192,0,1,5,5
C66L47,47,66,309023.532,7994129.192,0,1,5,5
C67L47,47,67,309523.532,7994129.192,0,0,5,5
C68L47,47,68,310023.532,7994129.192,0,0,5,2
C69L47,47,69,310523.532,7994129.192,0,0,5,1
C70L47,47,70,311023.532,7994129.192,0,0,1,1
C71L47,47,71,311523.532,7994129.192,0,0,5,1
C72L47,47,72,312023.532,7994129.192,0,0,5,1
C73L47,47,73,312523.532,7994129.192,0,0,5,1
C74L47,47,74,313023.532,7994129.192,0,0,5,1
C75L47,47,75,313523.532,7994129.192,0,0,5,5
C76L47,47,76,314023.532,7994129.192,0,0,5,5
C77L47,47,77,314523.532,7994129.192,0,0,5,5
C78L47,47,78,315023.532,7994129.192,0,1,5,5
C79L47,47,79,315523.532,7994129.192,0,1,5,5
C80L47,47,80,316023.532,7994129.192,0,1,5,0
C03L48,48,3,277523.532,7994629.192,0,1,2,0
C04L48,48,4,278023.532,7994629.192,0,1,2,0
C05L48,48,5,278523.532,7994629.192,1,0,5,1
C06L48,48,6,279023.532,7994629.192,1,0,5,1
C07L48,48,7,279523.532,7994629.192,0,0,1,1
C08L48,48,8,280023.532,7994629.192,0,0,1,1
C09L48,48,9,280523.532,7994629.192,0,0,1,1
C10L48,48,10,281023.532,7994629.192,0,0,1,1
C11L48,48,11,281523.532,7994629.192,0,0,1,1
C12L48,48,12,282023.532,7994629.192,0,0,1,1
C13L48,48,13,282523.532,7994629.192,0,0,1,1
C14L48,48,14,283023.532,7994629.192,0,0,1,1
C15L48,48,15,283523.532,7994629.192,0,0,1,1
C16L48,48,16,284023.532,7994629.192,0,0,1,1
C17L48,48,17,284523.532,7994629.192,0,0,1,1
C18L48,48,18,285023.532,7994629.192,0,0,1,1
C19L48,48,19,285523.532,7994629.192,0,0,1,1
C20L48,48,20,286023.532,7994629.192,0,0,1,1
C21L48,48,21,286523.532,7994629.192,0,0,1,1
C22L48,48,22,287023.532,7994629.192,0,0,1,1
C23L48,48,23,287523.532,7994629.192,0,0,1,1
C24L48,48,24,288023.532,7994629.192,1,0,5,1
C25L48,48,25,288523.532,7994629.192,1,0,5,5
C26L48,48,26,289023.532,7994629.192,0,0,5,5
C27L48,48,27,289523.532,7994629.192,0,0,5,5
C28L48,48,28,290023.532,7994629.192,0,0,5,5
C29L48,48,29,290523.532,7994629.192,0,0,5,5
C30L48,48,30,291023.532,7994629.192,0,0,5,5
C31L48,48,31,291523.532,7994629.192,0,0,5,5
C32L48,48,32,292023.532,7994629.192,0,0,5,5
C33L48,48,33,292523.532,7994629.192,0,0,5,2
C34L48,48,34,293023.532,7994629.192,0,0,2,2
C35L48,48,35,293523.532,7994629.192,0,0,2,2
C36L48,48,36,294023.532,7994629.192,0,0,2,1
C37L48,48,37,294523.532,7994629.192,0,0,2,1
C38L48,48,38,295023.532,7994629.192,0,0,1,1
C39L48,48,39,295523.532,7994629.192,0,0,2,1
C40L48,48,40,296023.532,7994629.192,0,0,2,2
C41L48,48,41,296523.532,7994629.192,0,0,2,2
C42L48,48,42,297023.532,7994629.192,0,0,5,2
C43L48,48,43,297523.532,7994629.192,1,0,5,2
C44L48,48,44,298023.532,7994629.192,0,0,2,2
C45L48,48,45,298523.532,7994629.192,0,0,2,2
C46L48,48,46,299023.532,7994629.192,0,0,2,2
C47L48,48,47,299523.532,7994629.192,0,0,2,2
C48L48,48,48,300023.532,7994629.192,0,0,2,2
C49L48,48,49,300523.532,7994629.192,0,0,2,2
C50L48,48,50,301023.532,7994629.192,0,0,2,2
C51L48,48,51,301523.532,7994629.192,0,0,2,1
C52L48,48,52,302023.532,7994629.192,0,0,2,1
C53L48,48,53,302523.532,7994629.192,0,0,2,1
C54L48,48,54,303023.532,7994629.192,0,0,1,1
C55L48,48,55,303523.532,7994629.192,0,0,1,1
C56L48,48,56,304023.532,7994629.192,0,0,1,1
C57L48,48,57,304523.532,7994629.192,0,0,1,1
C58L48,48,58,305023.532,7994629.192,0,0,1,1
C59L48,48,59,305523.532,7994629.192,0,0,1,1
C60L48,48,60,306023.532,7994629.192,0,0,1,1
C61L48,48,61,306523.532,7994629.192,1,0,1,1
C62L48,48,62,307023.532,7994629.192,0,0,1,1
C63L48,48,63,307523.532,7994629.192,0,0,5,1
C64L48,48,64,308023.532,7994629.192,0,0,5,5
C65L48,48,65,308523.532,7994629.192,0,0,5,5
C66L48,48,66,309023.532,7994629.192,0,1,5,1
C67L48,48,67,309523.532,7994629.192,0,0,5,1
C68L48,48,68,310023.532,7994629.192,0,0,5,1
C69L48,48,69,310523.532,7994629.192,0,0,5,1
C70L48,48,70,311023.532,7994629.192,0,0,5,1
C71L48,48,71,311523.532,7994629.192,0,0,5,1
C72L48,48,72,312023.532,7994629.192,0,0,5,5
C73L48,48,73,312523.532,7994629.192,0,0,5,5
C74L48,48,74,313023.532,7994629.192,0,0,5,5
C75L48,48,75,313523.532,7994629.192,0,0,5,5
C76L48,48,76,314023.532,7994629.192,0,0,5,5
C77L48,48,77,314523.532,7994629.192,0,0,5,5
C78L48,48,78,315023.532,7994629.192,0,0,5,5
C79L48,48,79,315523.532,7994629.192,0,1,5,0
C80L48,48,80,316023.532,7994629.192,0,1,5,0
C01L49,49,1,276523.532,7995129.192,0,1,0,0
C02L49,49,2,277023.532,7995129.192,0,1,2,0
C03L49,49,3,277523.532,7995129.192,1,1,5,0
C04L49,49,4,278023.532,7995129.192,1,0,5,1
C05L49,49,5,278523.532,7995129.192,1,0,5,1
C06L49,49,6,279023.532,7995129.192,0,0,2,1
C07L49,49,7,279523.532,7995129.192,0,0,2,1
C08L49,49,8,280023.532,7995129.192,0,0,2,1
C09L49,49,9,280523.532,7995129.192,0,0,1,1
C10L49,49,10,281023.532,7995129.192,0,0,1,1
C11L49,49,11,281523.532,7995129.192,0,0,1,1
C12L49,49,12,282023.532,7995129.192,0,0,1,1
C13L49,49,13,282523.532,7995129.192,0,0,1,1
C14L49,49,14,283023.532,7995129.192,0,0,1,1
C15L49,49,15,283523.532,7995129.192,0,0,1,1
C16L49,49,16,284023.532,7995129.192,1,0,1,1
C17L49,49,17,284523.532,7995129.192,0,0,1,1
C18L49,49,18,285023.532,7995129.192,0,0,1,1
C19L49,49,19,285523.532,7995129.192,0,0,1,1
C20L49,49,20,286023.532,7995129.192,0,0,1,1
C21L49,49,21,286523.532,7995129.192,0,0,1,1
C22L49,49,22,287023.532,7995129.192,0,0,1,1
C23L49,49,23,287523.532,7995129.192,0,0,1,1
C24L49,49,24,288023.532,7995129.192,0,0,5,1
C25L49,49,25,288523.532,7995129.192,1,0,5,5
C26L49,49,26,289023.532,7995129.192,0,0,5,5
C27L49,49,27,289523.532,7995129.192,0,0,5,5
C28L49,49,28,290023.532,7995129.192,0,0,5,5
C29L49,49,29,290523.532,7995129.192,0,0,5,5
C30L49,49,30,291023.532,7995129.192,0,0,5,5
C31L49,49,31,291523.532,7995129.192,0,0,5,5
C32L49,49,32,292023.532,7995129.192,0,0,5,5
C33L49,49,33,292523.532,7995129.192,0,0,5,2
C34L49,49,34,293023.532,7995129.192,0,0,5,2
C35L49,49,35,293523.532,7995129.192,0,0,2,2
C36L49,49,36,294023.532,7995129.192,0,0,2,1
C37L49,49,37,294523.532,7995129.192,0,0,1,1
C38L49,49,38,295023.532,7995129.192,0,0,1,1
C39L49,49,39,295523.532,7995129.192,0,0,2,1
C40L49,49,40,296023.532,7995129.192,0,0,2,2
C41L49,49,41,296523.532,7995129.192,0,0,2,2
C42L49,49,42,297023.532,7995129.192,0,0,2,2
C43L49,49,43,297523.532,7995129.192,1,0,2,2
C44L49,49,44,298023.532,7995129.192,0,0,2,2
C45L49,49,45,298523.532,7995129.192,0,0,2,2
C46L49,49,46,299023.532,7995129.192,0,0,2,2
C47L49,49,47,299523.532,7995129.192,0,0,2,2
C48L49,49,48,300023.532,7995129.192,0,0,2,1
C49L49,49,49,300523.532,7995129.192,0,0,2,1
C50L49,49,50,301023.532,7995129.192,0,0,2,1
C51L49,49,51,301523.532,7995129.192,0,0,2,1
C52L49,49,52,302023.532,7995129.192,0,0,1,1
C53L49,49,53,302523.532,7995129.192,0,0,1,1
C54L49,49,54,303023.532,7995129.192,0,0,1,1
C55L49,49,55,303523.532,7995129.192,0,0,1,1
C56L49,49,56,304023.532,7995129.192,0,0,1,1
C57L49,49,57,304523.532,7995129.192,0,0,1,1
C58L49,49,58,305023.532,7995129.192,0,0,1,1
C59L49,49,59,305523.532,7995129.192,0,0,1,1
C60L49,49,60,306023.532,7995129.192,0,0,1,1
C61L49,49,61,306523.532,7995129.192,1,0,1,1
C62L49,49,62,307023.532,7995129.192,0,0,5,1
C63L49,49,63,307523.532,7995129.192,0,0,5,1
C64L49,49,64,308023.532,7995129.192,0,0,5,5
C65L49,49,65,308523.532,7995129.192,0,0,5,1
C66L49,49,66,309023.532,7995129.192,0,1,5,1
C67L49,49,67,309523.532,7995129.192,0,0,5,1
C68L49,49,68,310023.532,7995129.192,0,0,5,1
C69L49,49,69,310523.532,7995129.192,0,0,5,1
C70L49,49,70,311023.532,7995129.192,0,0,5,5
C71L49,49,71,311523.532,7995129.192,0,0,5,5
C72L49,49,72,312023.532,7995129.192,0,0,5,5
C73L49,49,73,312523.532,7995129.192,0,0,5,5
C74L49,49,74,313023.532,7995129.192,0,0,5,5
C75L49,49,75,313523.532,7995129.192,0,0,5,5
C76L49,49,76,314023.532,7995129.192,0,0,5,1
C77L49,49,77,314523.532,7995129.192,0,1,5,0
C78L49,49,78,315023.532,7995129.192,0,1,5,0
C79L49,49,79,315523.532,7995129.192,0,1,5,0
C01L50,50,1,276523.532,7995629.192,0,1,2,0
C02L50,50,2,277023.532,7995629.192,1,0,5,1
C03L50,50,3,277523.532,7995629.192,1,0,5,1
C04L50,50,4,278023.532,7995629.192,0,0,2,1
C05L50,50,5,278523.532,7995629.192,0,0,2,2
C06L50,50,6,279023.532,7995629.192,0,0,2,2
C07L50,50,7,279523.532,7995629.192,0,0,2,2
C08L50,50,8,280023.532,7995629.192,0,0,2,1
C09L50,50,9,280523.532,7995629.192,0,0,1,1
C10L50,50,10,281023.532,7995629.192,0,0,1,1
C11L50,50,11,281523.532,7995629.192,0,0,1,1
C12L50,50,12,282023.532,7995629.192,0,0,1,1
C13L50,50,13,282523.532,7995629.192,0,0,1,1
C14L50,50,14,283023.532,7995629.192,0,0,1,1
C15L50,50,15,283523.532,7995629.192,1,0,2,1
C16L50,50,16,284023.532,7995629.192,1,0,2,1
C17L50,50,17,284523.532,7995629.192,1,0,2,1
C18L50,50,18,285023.532,7995629.192,0,0,1,1
C19L50,50,19,285523.532,7995629.192,0,0,1,1
C20L50,50,20,286023.532,7995629.192,0,0,1,1
C21L50,50,21,286523.532,7995629.192,0,0,1,1
C22L50,50,22,287023.532,7995629.192,0,0,1,1
C23L50,50,23,287523.532,7995629.192,0,0,5,1
C24L50,50,24,288023.532,7995629.192,0,0,5,1
C25L50,50,25,288523.532,7995629.192,1,0,5,3
C26L50,50,26,289023.532,7995629.192,1,0,5,5
C27L50,50,27,289523.532,7995629.192,0,0,5,5
C28L50,50,28,290023.532,7995629.192,0,0,5,5
C29L50,50,29,290523.532,7995629.192,0,0,5,5
C30L50,50,30,291023.532,7995629.192,0,0,5,5
C31L50,50,31,291523.532,7995629.192,0,0,5,5
C32L50,50,32,292023.532,7995629.192,0,0,5,5
C33L50,50,33,292523.532,7995629.192,0,0,5,5
C34L50,50,34,293023.532,7995629.192,0,0,5,2
C35L50,50,35,293523.532,7995629.192,0,0,2,1
C36L50,50,36,294023.532,7995629.192,0,0,2,1
C37L50,50,37,294523.532,7995629.192,0,0,1,1
C38L50,50,38,295023.532,7995629.192,0,0,1,1
C39L50,50,39,295523.532,7995629.192,0,0,2,1
C40L50,50,40,296023.532,7995629.192,0,0,2,2
C41L50,50,41,296523.532,7995629.192,0,0,2,2
C42L50,50,42,297023.532,7995629.192,1,0,2,2
C43L50,50,43,297523.532,7995629.192,1,0,3,1
C44L50,50,44,298023.532,7995629.192,0,0,2,1
C45L50,50,45,298523.532,7995629.192,0,0,2,1
C46L50,50,46,299023.532,7995629.192,0,0,2,1
C47L50,50,47,299523.532,7995629.192,0,0,2,1
C48L50,50,48,300023.532,7995629.192,0,0,2,1
C49L50,50,49,300523.532,7995629.192,0,0,1,1
C50L50,50,50,301023.532,7995629.192,0,0,1,1
C51L50,50,51,301523.532,7995629.192,0,0,1,1
C52L50,50,52,302023.532,7995629.192,0,0,1,1
C53L50,50,53,302523.532,7995629.192,0,0,1,1
C54L50,50,54,303023.532,7995629.192,0,0,1,1
C55L50,50,55,303523.532,7995629.192,0,0,1,1
C56L50,50,56,304023.532,7995629.192,0,0,1,1
C57L50,50,57,304523.532,7995629.192,0,0,1,1
C58L50,50,58,305023.532,7995629.192,0,0,1,1
C59L50,50,59,305523.532,7995629.192,0,0,1,1
C60L50,50,60,306023.532,7995629.192,0,0,1,1
C61L50,50,61,306523.532,7995629.192,1,0,1,1
C62L50,50,62,307023.532,7995629.192,0,0,5,1
C63L50,50,63,307523.532,7995629.192,0,1,5,1
C64L50,50,64,308023.532,7995629.192,0,0,5,1
C65L50,50,65,308523.532,7995629.192,0,0,5,1
C66L50,50,66,309023.532,7995629.192,0,1,5,1
C67L50,50,67,309523.532,7995629.192,0,1,5,1
C68L50,50,68,310023.532,7995629.192,0,0,5,1
C69L50,50,69,310523.532,7995629.192,0,0,5,1
C70L50,50,70,311023.532,7995629.192,0,0,5,5
C71L50,50,71,311523.532,7995629.192,0,0,5,5
C72L50,50,72,312023.532,7995629.192,0,0,5,5
C73L50,50,73,312523.532,7995629.192,0,0,5,5
C74L50,50,74,313023.532,7995629.192,0,0,5,5
C75L50,50,75,313523.532,7995629.192,0,0,5,1
C76L50,50,76,314023.532,7995629.192,0,0,5,1
C77L50,50,77,314523.532,7995629.192,0,1,5,0
C78L50,50,78,315023.532,7995629.192,0,1,5,0
C00L51,51,0,276023.532,7996129.192,0,1,2,0
C01L51,51,1,276523.532,7996129.192,1,0,5,1
C02L51,51,2,277023.532,7996129.192,1,0,5,1
C03L51,51,3,277523.532,7996129.192,0,0,1,1
C04L51,51,4,278023.532,7996129.192,0,0,1,1
C05L51,51,5,278523.532,7996129.192,0,0,2,1
C06L51,51,6,279023.532,7996129.192,0,0,2,2
C07L51,51,7,279523.532,7996129.192,0,0,2,2
C08L51,51,8,280023.532,7996129.192,0,0,2,1
C09L51,51,9,280523.532,7996129.192,0,0,1,1
C10L51,51,10,281023.532,7996129.192,0,0,1,1
C11L51,51,11,281523.532,7996129.192,0,0,1,1
C12L51,51,12,282023.532,7996129.192,0,0,1,1
C13L51,51,13,282523.532,7996129.192,1,0,5,1
C14L51,51,14,283023.532,7996129.192,1,0,5,1
C15L51,51,15,283523.532,7996129.192,1,0,2,1
C16L51,51,16,284023.532,7996129.192,0,0,2,2
C17L51,51,17,284523.532,7996129.192,1,0,2,1
C18L51,51,18,285023.532,7996129.192,1,0,2,1
C19L51,51,19,285523.532,7996129.192,1,0,2,1
C20L51,51,20,286023.532,7996129.192,0,0,1,1
C21L51,51,21,286523.532,7996129.192,0,0,1,1
C22L51,51,22,287023.532,7996129.192,0,0,1,1
C23L51,51,23,287523.532,7996129.192,0,0,5,1
C24L51,51,24,288023.532,7996129.192,0,0,5,5
C25L51,51,25,288523.532,7996129.192,0,0,5,3
C26L51,51,26,289023.532,7996129.192,1,0,5,5
C27L51,51,27,289523.532,7996129.192,1,0,5,5
C28L51,51,28,290023.532,7996129.192,0,0,5,5
C29L51,51,29,290523.532,7996129.192,0,0,5,5
C30L51,51,30,291023.532,7996129.192,0,0,5,5
C31L51,51,31,291523.532,7996129.192,0,0,5,5
C32L51,51,32,292023.532,7996129.192,0,0,5,5
C33L51,51,33,292523.532,7996129.192,0,0,5,5
C34L51,51,34,293023.532,7996129.192,0,0,5,1
C35L51,51,35,293523.532,7996129.192,0,0,5,1
C36L51,51,36,294023.532,7996129.192,0,0,2,1
C37L51,51,37,294523.532,7996129.192,0,0,1,1
C38L51,51,38,295023.532,7996129.192,0,0,1,1
C39L51,51,39,295523.532,7996129.192,0,0,2,1
C40L51,51,40,296023.532,7996129.192,0,0,2,1
C41L51,51,41,296523.532,7996129.192,0,0,2,2
C42L51,51,42,297023.532,7996129.192,1,0,5,2
C43L51,51,43,297523.532,7996129.192,0,0,3,1
C44L51,51,44,298023.532,7996129.192,0,0,1,1
C45L51,51,45,298523.532,7996129.192,0,0,1,1
C46L51,51,46,299023.532,7996129.192,0,0,1,1
C47L51,51,47,299523.532,7996129.192,0,0,1,1
C48L51,51,48,300023.532,7996129.192,0,0,1,1
C49L51,51,49,300523.532,7996129.192,0,0,1,1
C50L51,51,50,301023.532,7996129.192,0,0,1,1
C51L51,51,51,301523.532,7996129.192,0,0,1,1
C52L51,51,52,302023.532,7996129.192,0,0,1,1
C53L51,51,53,302523.532,7996129.192,0,0,1,1
C54L51,51,54,303023.532,7996129.192,0,0,1,1
C55L51,51,55,303523.532,7996129.192,0,0,1,1
C56L51,51,56,304023.532,7996129.192,0,0,1,1
C57L51,51,57,304523.532,7996129.192,0,0,1,1
C58L51,51,58,305023.532,7996129.192,0,0,1,1
C59L51,51,59,305523.532,7996129.192,0,0,1,1
C60L51,51,60,306023.532,7996129.192,0,0,1,1
C61L51,51,61,306523.532,7996129.192,1,0,1,1
C62L51,51,62,307023.532,7996129.192,0,0,5,1
C63L51,51,63,307523.532,7996129.192,0,1,5,1
C64L51,51,64,308023.532,7996129.192,0,1,5,1
C65L51,51,65,308523.532,7996129.192,0,1,5,1
C66L51,51,66,309023.532,7996129.192,0,1,5,1
C67L51,51,67,309523.532,7996129.192,0,1,5,1
C68L51,51,68,310023.532,7996129.192,0,1,5,1
C69L51,51,69,310523.532,7996129.192,0,0,5,1
C70L51,51,70,311023.532,7996129.192,0,0,5,5
C71L51,51,71,311523.532,7996129.192,0,0,5,1
C72L51,51,72,312023.532,7996129.192,0,0,5,1
C73L51,51,73,312523.532,7996129.192,0,0,5,5
C74L51,51,74,313023.532,7996129.192,0,0,5,1
C75L51,51,75,313523.532,7996129.192,0,0,1,1
C76L51,51,76,314023.532,7996129.192,0,1,5,0
C77L51,51,77,314523.532,7996129.192,0,1,5,0
C00L52,52,0,276023.532,7996629.192,0,1,2,0
C01L52,52,1,276523.532,7996629.192,1,0,5,1
C02L52,52,2,277023.532,7996629.192,0,0,1,1
C03L52,52,3,277523.532,7996629.192,0,0,2,1
C04L52,52,4,278023.532,7996629.192,0,0,2,1
C05L52,52,5,278523.532,7996629.192,0,0,2,1
C06L52,52,6,279023.532,7996629.192,0,0,2,2
C07L52,52,7,279523.532,7996629.192,0,0,2,1
C08L52,52,8,280023.532,7996629.192,0,0,2,1
C09L52,52,9,280523.532,7996629.192,0,0,1,1
C10L52,52,10,281023.532,7996629.192,1,0,1,1
C11L52,52,11,281523.532,7996629.192,1,0,3,1
C12L52,52,12,282023.532,7996629.192,1,0,5,1
C13L52,52,13,282523.532,7996629.192,1,0,5,1
C14L52,52,14,283023.532,7996629.192,0,0,3,2
C15L52,52,15,283523.532,7996629.192,0,0,2,2
C16L52,52,16,284023.532,7996629.192,0,0,2,2
C17L52,52,17,284523.532,7996629.192,0,0,2,2
C18L52,52,18,285023.532,7996629.192,0,0,2,2
C19L52,52,19,285523.532,7996629.192,1,0,5,1
C20L52,52,20,286023.532,7996629.192,1,0,5,1
C21L52,52,21,286523.532,7996629.192,1,0,1,1
C22L52,52,22,287023.532,7996629.192,0,0,5,1
C23L52,52,23,287523.532,7996629.192,0,0,5,5
C24L52,52,24,288023.532,7996629.192,0,0,5,5
C25L52,52,25,288523.532,7996629.192,0,0,5,5
C26L52,52,26,289023.532,7996629.192,0,0,5,5
C27L52,52,27,289523.532,7996629.192,1,0,5,5
C28L52,52,28,290023.532,7996629.192,1,0,5,5
C29L52,52,29,290523.532,7996629.192,0,0,5,5
C30L52,52,30,291023.532,7996629.192,0,0,5,5
C31L52,52,31,291523.532,7996629.192,0,0,5,1
C32L52,52,32,292023.532,7996629.192,0,0,5,1
C33L52,52,33,292523.532,7996629.192,0,0,5,1
C34L52,52,34,293023.532,7996629.192,0,0,1,1
C35L52,52,35,293523.532,7996629.192,0,0,1,1
C36L52,52,36,294023.532,7996629.192,0,0,1,1
C37L52,52,37,294523.532,7996629.192,0,0,1,1
C38L52,52,38,295023.532,7996629.192,0,0,1,1
C39L52,52,39,295523.532,7996629.192,0,0,2,1
C40L52,52,40,296023.532,7996629.192,0,0,2,2
C41L52,52,41,296523.532,7996629.192,0,0,2,2
C42L52,52,42,297023.532,7996629.192,1,0,3,1
C43L52,52,43,297523.532,7996629.192,0,0,3,1
C44L52,52,44,298023.532,7996629.192,0,0,1,1
C45L52,52,45,298523.532,7996629.192,0,0,1,1
C46L52,52,46,299023.532,7996629.192,0,0,1,1
C47L52,52,47,299523.532,7996629.192,0,0,1,1
C48L52,52,48,300023.532,7996629.192,0,0,1,1
C49L52,52,49,300523.532,7996629.192,0,0,1,1
C50L52,52,50,301023.532,7996629.192,0,0,1,1
C51L52,52,51,301523.532,7996629.192,0,0,1,1
C52L52,52,52,302023.532,7996629.192,0,0,1,1
C53L52,52,53,302523.532,7996629.192,0,0,1,1
C54L52,52,54,303023.532,7996629.192,0,0,1,1
C55L52,52,55,303523.532,7996629.192,0,0,1,1
C56L52,52,56,304023.532,7996629.192,0,0,1,1
C57L52,52,57,304523.532,7996629.192,0,0,1,1
C58L52,52,58,305023.532,7996629.192,0,0,1,1
C59L52,52,59,305523.532,7996629.192,0,0,1,1
C60L52,52,60,306023.532,7996629.192,0,0,1,1
C61L52,52,61,306523.532,7996629.192,1,0,1,1
C62L52,52,62,307023.532,7996629.192,0,0,1,1
C63L52,52,63,307523.532,7996629.192,0,0,1,1
C64L52,52,64,308023.532,7996629.192,0,0,5,1
C65L52,52,65,308523.532,7996629.192,0,0,1,1
C66L52,52,66,309023.532,7996629.192,0,0,1,1
C67L52,52,67,309523.532,7996629.192,0,0,1,1
C68L52,52,68,310023.532,7996629.192,0,1,5,1
C69L52,52,69,310523.532,7996629.192,0,1,5,1
C70L52,52,70,311023.532,7996629.192,0,0,5,1
C71L52,52,71,311523.532,7996629.192,0,0,5,1
C72L52,52,72,312023.532,7996629.192,0,0,5,1
C73L52,52,73,312523.532,7996629.192,0,0,5,1
C74L52,52,74,313023.532,7996629.192,0,0,5,1
C75L52,52,75,313523.532,7996629.192,0,1,1,0
C76L52,52,76,314023.532,7996629.192,0,1,1,0
C00L53,53,0,276023.532,7997129.192,0,1,2,2
C01L53,53,1,276523.532,7997129.192,1,0,5,1
C02L53,53,2,277023.532,7997129.192,0,0,1,1
C03L53,53,3,277523.532,7997129.192,0,0,2,1
C04L53,53,4,278023.532,7997129.192,0,0,2,2
C05L53,53,5,278523.532,7997129.192,0,0,2,2
C06L53,53,6,279023.532,7997129.192,0,0,2,2
C07L53,53,7,279523.532,7997129.192,0,0,2,1
C08L53,53,8,280023.532,7997129.192,1,0,5,1
C09L53,53,9,280523.532,7997129.192,1,0,5,1
C10L53,53,10,281023.532,7997129.192,1,0,5,1
C11L53,53,11,281523.532,7997129.192,0,0,5,3
C12L53,53,12,282023.532,7997129.192,0,0,3,3
C13L53,53,13,282523.532,7997129.192,0,0,3,3
C14L53,53,14,283023.532,7997129.192,0,0,3,2
C15L53,53,15,283523.532,7997129.192,0,0,2,2
C16L53,53,16,284023.532,7997129.192,0,0,2,2
C17L53,53,17,284523.532,7997129.192,0,0,2,2
C18L53,53,18,285023.532,7997129.192,0,0,2,2
C19L53,53,19,285523.532,7997129.192,0,0,2,2
C20L53,53,20,286023.532,7997129.192,0,0,5,2
C21L53,53,21,286523.532,7997129.192,1,0,5,1
C22L53,53,22,287023.532,7997129.192,1,0,5,1
C23L53,53,23,287523.532,7997129.192,1,0,5,2
C24L53,53,24,288023.532,7997129.192,0,0,5,5
C25L53,53,25,288523.532,7997129.192,0,0,5,5
C26L53,53,26,289023.532,7997129.192,0,0,5,5
C27L53,53,27,289523.532,7997129.192,0,0,5,5
C28L53,53,28,290023.532,7997129.192,1,0,5,5
C29L53,53,29,290523.532,7997129.192,1,0,5,1
C30L53,53,30,291023.532,7997129.192,0,0,5,1
C31L53,53,31,291523.532,7997129.192,0,0,5,1
C32L53,53,32,292023.532,7997129.192,0,0,1,1
C33L53,53,33,292523.532,7997129.192,0,0,1,1
C34L53,53,34,293023.532,7997129.192,0,0,1,1
C35L53,53,35,293523.532,7997129.192,0,0,1,1
C36L53,53,36,294023.532,7997129.192,0,0,1,1
C37L53,53,37,294523.532,7997129.192,0,0,1,1
C38L53,53,38,295023.532,7997129.192,0,0,1,1
C39L53,53,39,295523.532,7997129.192,0,0,2,1
C40L53,53,40,296023.532,7997129.192,0,0,5,1
C41L53,53,41,296523.532,7997129.192,1,0,5,1
C42L53,53,42,297023.532,7997129.192,1,0,5,1
C43L53,53,43,297523.532,7997129.192,0,0,1,1
C44L53,53,44,298023.532,7997129.192,0,0,1,1
C45L53,53,45,298523.532,7997129.192,0,0,1,1
C46L53,53,46,299023.532,7997129.192,0,0,1,1
C47L53,53,47,299523.532,7997129.192,0,0,1,1
C48L53,53,48,300023.532,7997129.192,0,0,1,1
C49L53,53,49,300523.532,7997129.192,0,0,1,1
C50L53,53,50,301023.532,7997129.192,0,0,1,1
C51L53,53,51,301523.532,7997129.192,0,0,1,1
C52L53,53,52,302023.532,7997129.192,0,0,1,1
C53L53,53,53,302523.532,7997129.192,0,0,1,1
C54L53,53,54,303023.532,7997129.192,0,0,1,1
C55L53,53,55,303523.532,7997129.192,0,0,1,1
C56L53,53,56,304023.532,7997129.192,0,0,1,1
C57L53,53,57,304523.532,7997129.192,0,0,1,1
C58L53,53,58,305023.532,7997129.192,0,0,1,1
C59L53,53,59,305523.532,7997129.192,0,0,1,1
C60L53,53,60,306023.532,7997129.192,0,0,1,1
C61L53,53,61,306523.532,7997129.192,1,0,1,1
C62L53,53,62,307023.532,7997129.192,0,0,1,1
C63L53,53,63,307523.532,7997129.192,0,0,1,1
C64L53,53,64,308023.532,7997129.192,0,0,1,1
C65L53,53,65,308523.532,7997129.192,0,0,1,1
C66L53,53,66,309023.532,7997129.192,0,0,1,1
C67L53,53,67,309523.532,7997129.192,0,0,1,1
C68L53,53,68,310023.532,7997129.192,0,0,1,1
C69L53,53,69,310523.532,7997129.192,0,1,1,1
C70L53,53,70,311023.532,7997129.192,0,1,1,1
C71L53,53,71,311523.532,7997129.192,0,0,1,1
C72L53,53,72,312023.532,7997129.192,0,0,5,1
C73L53,53,73,312523.532,7997129.192,0,0,5,1
C74L53,53,74,313023.532,7997129.192,0,1,1,0
C75L53,53,75,313523.532,7997129.192,0,1,1,0
C76L53,53,76,314023.532,7997129.192,0,0,0,0
C00L54,54,0,276023.532,7997629.192,0,1,2,0
C01L54,54,1,276523.532,7997629.192,1,0,5,1
C02L54,54,2,277023.532,7997629.192,0,0,2,1
C03L54,54,3,277523.532,7997629.192,0,0,2,2
C04L54,54,4,278023.532,7997629.192,0,0,2,2
C05L54,54,5,278523.532,7997629.192,0,0,2,2
C06L54,54,6,279023.532,7997629.192,0,0,2,1
C07L54,54,7,279523.532,7997629.192,1,0,5,1
C08L54,54,8,280023.532,7997629.192,1,0,5,1
C09L54,54,9,280523.532,7997629.192,0,0,5,5
C10L54,54,10,281023.532,7997629.192,0,0,5,5
C11L54,54,11,281523.532,7997629.192,0,0,5,3
C12L54,54,12,282023.532,7997629.192,0,0,5,3
C13L54,54,13,282523.532,7997629.192,0,0,5,2
C14L54,54,14,283023.532,7997629.192,0,0,5,2
C15L54,54,15,283523.532,7997629.192,0,0,2,2
C16L54,54,16,284023.532,7997629.192,0,0,2,2
C17L54,54,17,284523.532,7997629.192,0,0,2,2
C18L54,54,18,285023.532,7997629.192,0,0,2,2
C19L54,54,19,285523.532,7997629.192,0,0,2,2
C20L54,54,20,286023.532,7997629.192,0,0,5,2
C21L54,54,21,286523.532,7997629.192,0,0,5,2
C22L54,54,22,287023.532,7997629.192,0,0,5,2
C23L54,54,23,287523.532,7997629.192,1,0,5,2
C24L54,54,24,288023.532,7997629.192,1,0,5,2
C25L54,54,25,288523.532,7997629.192,1,0,5,5
C26L54,54,26,289023.532,7997629.192,0,0,5,5
C27L54,54,27,289523.532,7997629.192,0,0,5,5
C28L54,54,28,290023.532,7997629.192,0,0,5,1
C29L54,54,29,290523.532,7997629.192,1,0,5,1
C30L54,54,30,291023.532,7997629.192,0,0,1,1
C31L54,54,31,291523.532,7997629.192,0,0,1,1
C32L54,54,32,292023.532,7997629.192,0,0,1,1
C33L54,54,33,292523.532,7997629.192,0,0,1,1
C34L54,54,34,293023.532,7997629.192,0,0,1,1
C35L54,54,35,293523.532,7997629.192,0,0,1,1
C36L54,54,36,294023.532,7997629.192,0,0,1,1
C37L54,54,37,294523.532,7997629.192,0,0,1,1
C38L54,54,38,295023.532,7997629.192,0,0,1,1
C39L54,54,39,295523.532,7997629.192,1,0,1,1
C40L54,54,40,296023.532,7997629.192,1,0,5,1
C41L54,54,41,296523.532,7997629.192,1,0,5,1
C42L54,54,42,297023.532,7997629.192,0,0,1,1
C43L54,54,43,297523.532,7997629.192,0,0,1,1
C44L54,54,44,298023.532,7997629.192,0,0,1,1
C45L54,54,45,298523.532,7997629.192,0,0,1,1
C46L54,54,46,299023.532,7997629.192,0,0,1,1
C47L54,54,47,299523.532,7997629.192,0,0,1,1
C48L54,54,48,300023.532,7997629.192,0,0,1,1
C49L54,54,49,300523.532,7997629.192,0,0,1,1
C50L54,54,50,301023.532,7997629.192,0,0,1,1
C51L54,54,51,301523.532,7997629.192,0,0,1,1
C52L54,54,52,302023.532,7997629.192,0,0,1,1
C53L54,54,53,302523.532,7997629.192,0,0,1,1
C54L54,54,54,303023.532,7997629.192,0,0,1,1
C55L54,54,55,303523.532,7997629.192,0,0,1,1
C56L54,54,56,304023.532,7997629.192,0,0,1,1
C57L54,54,57,304523.532,7997629.192,0,0,1,1
C58L54,54,58,305023.532,7997629.192,0,0,1,1
C59L54,54,59,305523.532,7997629.192,0,0,1,1
C60L54,54,60,306023.532,7997629.192,1,0,1,1
C61L54,54,61,306523.532,7997629.192,1,0,1,1
C62L54,54,62,307023.532,7997629.192,0,0,1,1
C63L54,54,63,307523.532,7997629.192,0,0,1,1
C64L54,54,64,308023.532,7997629.192,0,0,1,1
C65L54,54,65,308523.532,7997629.192,0,0,1,1
C66L54,54,66,309023.532,7997629.192,0,0,1,1
C67L54,54,67,309523.532,7997629.192,0,0,1,1
C68L54,54,68,310023.532,7997629.192,0,0,1,1
C69L54,54,69,310523.532,7997629.192,0,0,5,1
C70L54,54,70,311023.532,7997629.192,0,1,5,1
C71L54,54,71,311523.532,7997629.192,0,1,5,1
C72L54,54,72,312023.532,7997629.192,0,1,5,1
C73L54,54,73,312523.532,7997629.192,0,0,1,1
C74L54,54,74,313023.532,7997629.192,0,1,1,0
C00L55,55,0,276023.532,7998129.192,0,1,2,0
C01L55,55,1,276523.532,7998129.192,1,0,5,1
C02L55,55,2,277023.532,7998129.192,0,0,1,1
C03L55,55,3,277523.532,7998129.192,0,0,2,1
C04L55,55,4,278023.532,7998129.192,1,0,5,1
C05L55,55,5,278523.532,7998129.192,1,0,5,1
C06L55,55,6,279023.532,7998129.192,1,0,5,1
C07L55,55,7,279523.532,7998129.192,1,0,5,1
C08L55,55,8,280023.532,7998129.192,0,0,5,3
C09L55,55,9,280523.532,7998129.192,0,0,5,5
C10L55,55,10,281023.532,7998129.192,0,0,5,5
C11L55,55,11,281523.532,7998129.192,0,0,5,5
C12L55,55,12,282023.532,7998129.192,0,0,5,3
C13L55,55,13,282523.532,7998129.192,0,0,5,2
C14L55,55,14,283023.532,7998129.192,0,0,2,2
C15L55,55,15,283523.532,7998129.192,0,0,2,2
C16L55,55,16,284023.532,7998129.192,0,0,2,2
C17L55,55,17,284523.532,7998129.192,0,0,2,2
C18L55,55,18,285023.532,7998129.192,0,0,2,2
C19L55,55,19,285523.532,7998129.192,0,0,2,2
C20L55,55,20,286023.532,7998129.192,0,0,5,2
C21L55,55,21,286523.532,7998129.192,0,0,5,5
C22L55,55,22,287023.532,7998129.192,0,0,5,5
C23L55,55,23,287523.532,7998129.192,0,0,5,5
C24L55,55,24,288023.532,7998129.192,0,0,5,5
C25L55,55,25,288523.532,7998129.192,1,0,5,5
C26L55,55,26,289023.532,7998129.192,1,0,5,5
C27L55,55,27,289523.532,7998129.192,0,0,5,1
C28L55,55,28,290023.532,7998129.192,0,0,1,1
C29L55,55,29,290523.532,7998129.192,1,0,1,1
C30L55,55,30,291023.532,7998129.192,1,0,1,1
C31L55,55,31,291523.532,7998129.192,0,0,1,1
C32L55,55,32,292023.532,7998129.192,0,0,1,1
C33L55,55,33,292523.532,7998129.192,0,0,1,1
C34L55,55,34,293023.532,7998129.192,0,0,1,1
C35L55,55,35,293523.532,7998129.192,1,0,1,1
C36L55,55,36,294023.532,7998129.192,1,0,1,1
C37L55,55,37,294523.532,7998129.192,1,0,1,1
C38L55,55,38,295023.532,7998129.192,1,0,1,1
C39L55,55,39,295523.532,7998129.192,1,0,1,1
C40L55,55,40,296023.532,7998129.192,0,0,1,1
C41L55,55,41,296523.532,7998129.192,1,0,5,1
C42L55,55,42,297023.532,7998129.192,0,0,1,1
C43L55,55,43,297523.532,7998129.192,0,0,1,1
C44L55,55,44,298023.532,7998129.192,0,0,1,1
C45L55,55,45,298523.532,7998129.192,0,0,1,1
C46L55,55,46,299023.532,7998129.192,0,0,1,1
C47L55,55,47,299523.532,7998129.192,0,0,1,1
C48L55,55,48,300023.532,7998129.192,0,0,1,1
C49L55,55,49,300523.532,7998129.192,0,0,1,1
C50L55,55,50,301023.532,7998129.192,0,0,1,1
C51L55,55,51,301523.532,7998129.192,0,0,1,1
C52L55,55,52,302023.532,7998129.192,0,0,1,1
C53L55,55,53,302523.532,7998129.192,0,0,1,1
C54L55,55,54,303023.532,7998129.192,0,0,1,1
C55L55,55,55,303523.532,7998129.192,0,0,1,1
C56L55,55,56,304023.532,7998129.192,0,0,1,1
C57L55,55,57,304523.532,7998129.192,0,0,1,1
C58L55,55,58,305023.532,7998129.192,0,0,1,1
C59L55,55,59,305523.532,7998129.192,1,0,1,1
C60L55,55,60,306023.532,7998129.192,1,0,1,1
C61L55,55,61,306523.532,7998129.192,0,0,1,1
C62L55,55,62,307023.532,7998129.192,0,0,1,1
C63L55,55,63,307523.532,7998129.192,0,0,1,1
C64L55,55,64,308023.532,7998129.192,0,0,1,1
C65L55,55,65,308523.532,7998129.192,0,0,1,1
C66L55,55,66,309023.532,7998129.192,0,0,1,1
C67L55,55,67,309523.532,7998129.192,0,0,1,1
C68L55,55,68,310023.532,7998129.192,0,0,1,1
C69L55,55,69,310523.532,7998129.192,0,0,1,1
C70L55,55,70,311023.532,7998129.192,0,0,5,1
C71L55,55,71,311523.532,7998129.192,0,0,5,1
C72L55,55,72,312023.532,7998129.192,0,1,1,1
C73L55,55,73,312523.532,7998129.192,0,1,1,0
C74L55,55,74,313023.532,7998129.192,0,1,1,0
C00L56,56,0,276023.532,7998629.192,0,1,2,0
C01L56,56,1,276523.532,7998629.192,1,0,5,1
C02L56,56,2,277023.532,7998629.192,0,0,1,1
C03L56,56,3,277523.532,7998629.192,1,0,5,1
C04L56,56,4,278023.532,7998629.192,1,0,5,1
C05L56,56,5,278523.532,7998629.192,0,0,5,5
C06L56,56,6,279023.532,7998629.192,0,0,5,5
C07L56,56,7,279523.532,7998629.192,0,0,5,5
C08L56,56,8,280023.532,7998629.192,0,0,5,5
C09L56,56,9,280523.532,7998629.192,0,0,5,1
C10L56,56,10,281023.532,7998629.192,0,0,5,1
C11L56,56,11,281523.532,7998629.192,0,0,5,1
C12L56,56,12,282023.532,7998629.192,0,0,5,5
C13L56,56,13,282523.532,7998629.192,0,0,5,2
C14L56,56,14,283023.532,7998629.192,0,0,2,2
C15L56,56,15,283523.532,7998629.192,0,0,2,2
C16L56,56,16,284023.532,7998629.192,0,0,2,2
C17L56,56,17,284523.532,7998629.192,0,0,2,2
C18L56,56,18,285023.532,7998629.192,0,0,2,2
C19L56,56,19,285523.532,7998629.192,0,0,2,2
C20L56,56,20,286023.532,7998629.192,0,0,5,2
C21L56,56,21,286523.532,7998629.192,0,0,5,5
C22L56,56,22,287023.532,7998629.192,0,0,5,5
C23L56,56,23,287523.532,7998629.192,0,0,5,5
C24L56,56,24,288023.532,7998629.192,0,0,5,5
C25L56,56,25,288523.532,7998629.192,0,0,5,5
C26L56,56,26,289023.532,7998629.192,1,0,5,5
C27L56,56,27,289523.532,7998629.192,0,0,5,1
C28L56,56,28,290023.532,7998629.192,0,0,1,1
C29L56,56,29,290523.532,7998629.192,0,0,1,1
C30L56,56,30,291023.532,7998629.192,1,0,1,1
C31L56,56,31,291523.532,7998629.192,1,0,1,1
C32L56,56,32,292023.532,7998629.192,0,0,1,1
C33L56,56,33,292523.532,7998629.192,1,0,1,1
C34L56,56,34,293023.532,7998629.192,1,0,1,1
C35L56,56,35,293523.532,7998629.192,1,0,1,1
C36L56,56,36,294023.532,7998629.192,0,0,1,1
C37L56,56,37,294523.532,7998629.192,0,0,1,1
C38L56,56,38,295023.532,7998629.192,0,0,1,1
C39L56,56,39,295523.532,7998629.192,0,0,1,1
C40L56,56,40,296023.532,7998629.192,1,0,1,1
C41L56,56,41,296523.532,7998629.192,1,0,1,1
C42L56,56,42,297023.532,7998629.192,0,0,1,1
C43L56,56,43,297523.532,7998629.192,0,0,1,1
C44L56,56,44,298023.532,7998629.192,0,0,1,1
C45L56,56,45,298523.532,7998629.192,0,0,1,1
C46L56,56,46,299023.532,7998629.192,0,0,1,1
C47L56,56,47,299523.532,7998629.192,0,0,1,1
C48L56,56,48,300023.532,7998629.192,0,0,1,1
C49L56,56,49,300523.532,7998629.192,0,0,1,1
C50L56,56,50,301023.532,7998629.192,0,0,1,1
C51L56,56,51,301523.532,7998629.192,0,0,1,1
C52L56,56,52,302023.532,7998629.192,0,0,1,1
C53L56,56,53,302523.532,7998629.192,0,0,1,1
C54L56,56,54,303023.532,7998629.192,0,0,1,1
C55L56,56,55,303523.532,7998629.192,0,0,1,1
C56L56,56,56,304023.532,7998629.192,0,0,1,1
C57L56,56,57,304523.532,7998629.192,0,0,1,1
C58L56,56,58,305023.532,7998629.192,0,0,1,1
C59L56,56,59,305523.532,7998629.192,1,0,1,1
C60L56,56,60,306023.532,7998629.192,0,0,1,1
C61L56,56,61,306523.532,7998629.192,0,1,1,1
C62L56,56,62,307023.532,7998629.192,0,0,1,1
C63L56,56,63,307523.532,7998629.192,0,0,1,1
C64L56,56,64,308023.532,7998629.192,0,0,1,1
C65L56,56,65,308523.532,7998629.192,0,0,1,1
C66L56,56,66,309023.532,7998629.192,0,0,1,1
C67L56,56,67,309523.532,7998629.192,0,0,1,1
C68L56,56,68,310023.532,7998629.192,0,0,1,1
C69L56,56,69,310523.532,7998629.192,0,0,1,1
C70L56,56,70,311023.532,7998629.192,0,0,5,1
C71L56,56,71,311523.532,7998629.192,0,0,5,1
C72L56,56,72,312023.532,7998629.192,0,1,1,0
C73L56,56,73,312523.532,7998629.192,0,1,1,0
C00L57,57,0,276023.532,7999129.192,0,0,0,0
C01L57,57,1,276523.532,7999129.192,1,0,5,0
C02L57,57,2,277023.532,7999129.192,1,0,5,0
C03L57,57,3,277523.532,7999129.192,1,0,5,0
C04L57,57,4,278023.532,7999129.192,0,0,5,5
C05L57,57,5,278523.532,7999129.192,0,0,5,5
C06L57,57,6,279023.532,7999129.192,0,0,5,5
C07L57,57,7,279523.532,7999129.192,0,0,5,5
C08L57,57,8,280023.532,7999129.192,0,0,5,5
C09L57,57,9,280523.532,7999129.192,0,0,5,5
C10L57,57,10,281023.532,7999129.192,0,0,5,1
C11L57,57,11,281523.532,7999129.192,0,0,5,1
C12L57,57,12,282023.532,7999129.192,0,0,5,5
C13L57,57,13,282523.532,7999129.192,0,0,5,2
C14L57,57,14,283023.532,7999129.192,0,0,2,2
C15L57,57,15,283523.532,7999129.192,0,0,2,2
C16L57,57,16,284023.532,7999129.192,0,0,2,2
C17L57,57,17,284523.532,7999129.192,0,0,2,2
C18L57,57,18,285023.532,7999129.192,0,0,2,2
C19L57,57,19,285523.532,7999129.192,0,0,2,2
C20L57,57,20,286023.532,7999129.192,0,0,5,2
C21L57,57,21,286523.532,7999129.192,0,0,5,2
C22L57,57,22,287023.532,7999129.192,0,0,5,5
C23L57,57,23,287523.532,7999129.192,0,0,5,5
C24L57,57,24,288023.532,7999129.192,0,0,5,5
C25L57,57,25,288523.532,7999129.192,0,0,5,5
C26L57,57,26,289023.532,7999129.192,1,0,5,5
C27L57,57,27,289523.532,7999129.192,1,0,5,1
C28L57,57,28,290023.532,7999129.192,1,0,5,1
C29L57,57,29,290523.532,7999129.192,1,0,5,1
C30L57,57,30,291023.532,7999129.192,1,0,2,1
C31L57,57,31,291523.532,7999129.192,1,0,2,1
C32L57,57,32,292023.532,7999129.192,1,0,2,1
C33L57,57,33,292523.532,7999129.192,1,0,1,1
C34L57,57,34,293023.532,7999129.192,0,0,1,1
C35L57,57,35,293523.532,7999129.192,0,0,1,1
C36L57,57,36,294023.532,7999129.192,0,0,1,1
C37L57,57,37,294523.532,7999129.192,0,0,1,1
C38L57,57,38,295023.532,7999129.192,0,0,1,1
C39L57,57,39,295523.532,7999129.192,0,0,1,1
C40L57,57,40,296023.532,7999129.192,1,0,1,1
C41L57,57,41,296523.532,7999129.192,0,0,1,1
C42L57,57,42,297023.532,7999129.192,0,0,1,1
C43L57,57,43,297523.532,7999129.192,0,0,1,1
C44L57,57,44,298023.532,7999129.192,0,0,1,1
C45L57,57,45,298523.532,7999129.192,0,0,1,1
C46L57,57,46,299023.532,7999129.192,0,0,1,1
C47L57,57,47,299523.532,7999129.192,0,0,1,1
C48L57,57,48,300023.532,7999129.192,0,0,1,1
C49L57,57,49,300523.532,7999129.192,0,0,1,1
C50L57,57,50,301023.532,7999129.192,0,0,1,1
C51L57,57,51,301523.532,7999129.192,0,0,1,1
C52L57,57,52,302023.532,7999129.192,0,0,1,1
C53L57,57,53,302523.532,7999129.192,1,0,1,1
C54L57,57,54,303023.532,7999129.192,1,0,1,1
C55L57,57,55,303523.532,7999129.192,1,0,1,1
C56L57,57,56,304023.532,7999129.192,0,0,1,1
C57L57,57,57,304523.532,7999129.192,1,0,1,1
C58L57,57,58,305023.532,7999129.192,1,0,1,1
C59L57,57,59,305523.532,7999129.192,1,0,1,1
C60L57,57,60,306023.532,7999129.192,0,0,1,1
C61L57,57,61,306523.532,7999129.192,0,1,1,1
C62L57,57,62,307023.532,7999129.192,0,1,5,1
C63L57,57,63,307523.532,7999129.192,0,0,1,1
C64L57,57,64,308023.532,7999129.192,0,0,1,1
C65L57,57,65,308523.532,7999129.192,0,0,1,1
C66L57,57,66,309023.532,7999129.192,0,0,1,1
C67L57,57,67,309523.532,7999129.192,0,0,1,1
C68L57,57,68,310023.532,7999129.192,0,0,1,1
C69L57,57,69,310523.532,7999129.192,0,0,1,1
C70L57,57,70,311023.532,7999129.192,0,0,5,1
C71L57,57,71,311523.532,7999129.192,0,0,5,1
C72L57,57,72,312023.532,7999129.192,0,1,1,0
C03L58,58,3,277523.532,7999629.192,1,0,5,0
C04L58,58,4,278023.532,7999629.192,1,0,5,0
C05L58,58,5,278523.532,7999629.192,1,0,5,5
C06L58,58,6,279023.532,7999629.192,0,0,5,5
C07L58,58,7,279523.532,7999629.192,0,0,5,5
C08L58,58,8,280023.532,7999629.192,0,0,5,5
C09L58,58,9,280523.532,7999629.192,0,0,5,5
C10L58,58,10,281023.532,7999629.192,0,0,5,5
C11L58,58,11,281523.532,7999629.192,0,0,5,5
C12L58,58,12,282023.532,7999629.192,0,0,5,2
C13L58,58,13,282523.532,7999629.192,0,0,5,2
C14L58,58,14,283023.532,7999629.192,0,0,5,2
C15L58,58,15,283523.532,7999629.192,0,0,2,2
C16L58,58,16,284023.532,7999629.192,0,0,2,2
C17L58,58,17,284523.532,7999629.192,0,0,2,2
C18L58,58,18,285023.532,7999629.192,0,0,2,2
C19L58,58,19,285523.532,7999629.192,0,0,2,2
C20L58,58,20,286023.532,7999629.192,0,0,2,2
C21L58,58,21,286523.532,7999629.192,0,0,2,2
C22L58,58,22,287023.532,7999629.192,0,0,5,2
C23L58,58,23,287523.532,7999629.192,0,0,5,5
C24L58,58,24,288023.532,7999629.192,0,0,5,5
C25L58,58,25,288523.532,7999629.192,0,0,5,5
C26L58,58,26,289023.532,7999629.192,0,0,5,5
C27L58,58,27,289523.532,7999629.192,0,0,5,5
C28L58,58,28,290023.532,7999629.192,0,0,5,5
C29L58,58,29,290523.532,7999629.192,0,0,5,2
C30L58,58,30,291023.532,7999629.192,0,0,5,2
C31L58,58,31,291523.532,7999629.192,0,0,2,2
C32L58,58,32,292023.532,7999629.192,1,0,2,1
C33L58,58,33,292523.532,7999629.192,1,0,2,1
C34L58,58,34,293023.532,7999629.192,0,0,1,1
C35L58,58,35,293523.532,7999629.192,0,0,1,1
C36L58,58,36,294023.532,7999629.192,0,0,1,1
C37L58,58,37,294523.532,7999629.192,0,0,1,1
C38L58,58,38,295023.532,7999629.192,0,0,1,1
C39L58,58,39,295523.532,7999629.192,0,0,1,1
C40L58,58,40,296023.532,7999629.192,1,0,1,1
C41L58,58,41,296523.532,7999629.192,0,0,1,1
C42L58,58,42,297023.532,7999629.192,0,0,1,1
C43L58,58,43,297523.532,7999629.192,0,0,1,1
C44L58,58,44,298023.532,7999629.192,0,0,1,1
C45L58,58,45,298523.532,7999629.192,0,0,1,1
C46L58,58,46,299023.532,7999629.192,0,0,1,1
C47L58,58,47,299523.532,7999629.192,0,0,1,1
C48L58,58,48,300023.532,7999629.192,0,0,1,1
C49L58,58,49,300523.532,7999629.192,0,0,1,1
C50L58,58,50,301023.532,7999629.192,0,0,1,1
C51L58,58,51,301523.532,7999629.192,0,0,1,1
C52L58,58,52,302023.532,7999629.192,1,0,1,1
C53L58,58,53,302523.532,7999629.192,1,1,1,1
C54L58,58,54,303023.532,7999629.192,0,1,1,1
C55L58,58,55,303523.532,7999629.192,1,1,1,1
C56L58,58,56,304023.532,7999629.192,1,0,1,1
C57L58,58,57,304523.532,7999629.192,1,0,1,1
C58L58,58,58,305023.532,7999629.192,0,0,1,1
C59L58,58,59,305523.532,7999629.192,0,0,1,1
C60L58,58,60,306023.532,7999629.192,0,0,1,1
C61L58,58,61,306523.532,7999629.192,0,0,1,1
C62L58,58,62,307023.532,7999629.192,0,1,5,1
C63L58,58,63,307523.532,7999629.192,0,1,1,1
C64L58,58,64,308023.532,7999629.192,0,0,1,1
C65L58,58,65,308523.532,7999629.192,0,0,1,1
C66L58,58,66,309023.532,7999629.192,0,0,1,1
C67L58,58,67,309523.532,7999629.192,0,1,1,1
C68L58,58,68,310023.532,7999629.192,0,1,1,1
C69L58,58,69,310523.532,7999629.192,0,1,1,1
C70L58,58,70,311023.532,7999629.192,0,1,1,1
C71L58,58,71,311523.532,7999629.192,0,1,1,0
C72L58,58,72,312023.532,7999629.192,0,1,1,0
C05L59,59,5,278523.532,8000129.192,1,0,5,0
C06L59,59,6,279023.532,8000129.192,1,0,5,0
C07L59,59,7,279523.532,8000129.192,0,0,5,5
C08L59,59,8,280023.532,8000129.192,0,0,5,5
C09L59,59,9,280523.532,8000129.192,0,0,5,5
C10L59,59,10,281023.532,8000129.192,0,0,5,5
C11L59,59,11,281523.532,8000129.192,0,0,5,5
C12L59,59,12,282023.532,8000129.192,0,0,5,2
C13L59,59,13,282523.532,8000129.192,0,0,2,2
C14L59,59,14,283023.532,8000129.192,0,0,2,2
C15L59,59,15,283523.532,8000129.192,0,0,2,2
C16L59,59,16,284023.532,8000129.192,0,0,2,2
C17L59,59,17,284523.532,8000129.192,0,0,2,2
C18L59,59,18,285023.532,8000129.192,0,0,2,2
C19L59,59,19,285523.532,8000129.192,0,0,2,2
C20L59,59,20,286023.532,8000129.192,0,0,2,2
C21L59,59,21,286523.532,8000129.192,0,0,2,2
C22L59,59,22,287023.532,8000129.192,0,0,5,2
C23L59,59,23,287523.532,8000129.192,0,0,5,2
C24L59,59,24,288023.532,8000129.192,0,0,5,5
C25L59,59,25,288523.532,8000129.192,0,0,5,5
C26L59,59,26,289023.532,8000129.192,0,0,5,5
C27L59,59,27,289523.532,8000129.192,0,0,5,5
C28L59,59,28,290023.532,8000129.192,0,0,5,5
C29L59,59,29,290523.532,8000129.192,0,0,5,5
C30L59,59,30,291023.532,8000129.192,0,0,5,2
C31L59,59,31,291523.532,8000129.192,0,0,2,2
C32L59,59,32,292023.532,8000129.192,0,0,2,2
C33L59,59,33,292523.532,8000129.192,1,0,2,1
C34L59,59,34,293023.532,8000129.192,1,0,2,1
C35L59,59,35,293523.532,8000129.192,0,0,1,1
C36L59,59,36,294023.532,8000129.192,0,0,1,1
C37L59,59,37,294523.532,8000129.192,0,0,1,1
C38L59,59,38,295023.532,8000129.192,0,0,1,1
C39L59,59,39,295523.532,8000129.192,0,0,5,1
C40L59,59,40,296023.532,8000129.192,1,0,5,1
C41L59,59,41,296523.532,8000129.192,0,0,1,1
C42L59,59,42,297023.532,8000129.192,0,0,1,1
C43L59,59,43,297523.532,8000129.192,0,0,1,1
C44L59,59,44,298023.532,8000129.192,0,0,1,1
C45L59,59,45,298523.532,8000129.192,0,0,1,1
C46L59,59,46,299023.532,8000129.192,0,0,1,1
C47L59,59,47,299523.532,8000129.192,0,0,1,1
C48L59,59,48,300023.532,8000129.192,0,0,1,1
C49L59,59,49,300523.532,8000129.192,0,0,1,1
C50L59,59,50,301023.532,8000129.192,0,0,1,1
C51L59,59,51,301523.532,8000129.192,0,0,1,1
C52L59,59,52,302023.532,8000129.192,1,0,1,1
C53L59,59,53,302523.532,8000129.192,0,0,1,1
C54L59,59,54,303023.532,8000129.192,0,1,1,1
C55L59,59,55,303523.532,8000129.192,0,1,1,1
C56L59,59,56,304023.532,8000129.192,0,0,1,1
C57L59,59,57,304523.532,8000129.192,0,0,1,1
C58L59,59,58,305023.532,8000129.192,0,0,1,1
C59L59,59,59,305523.532,8000129.192,0,0,1,1
C60L59,59,60,306023.532,8000129.192,0,0,1,1
C61L59,59,61,306523.532,8000129.192,0,1,1,1
C62L59,59,62,307023.532,8000129.192,0,0,1,1
C63L59,59,63,307523.532,8000129.192,0,1,5,1
C64L59,59,64,308023.532,8000129.192,0,0,1,1
C65L59,59,65,308523.532,8000129.192,0,0,1,1
C66L59,59,66,309023.532,8000129.192,0,0,1,1
C67L59,59,67,309523.532,8000129.192,0,0,1,1
C68L59,59,68,310023.532,8000129.192,0,0,1,1
C69L59,59,69,310523.532,8000129.192,0,1,1,1
C70L59,59,70,311023.532,8000129.192,0,1,1,1
C71L59,59,71,311523.532,8000129.192,0,1,1,0
C72L59,59,72,312023.532,8000129.192,0,1,1,0
C06L60,60,6,279023.532,8000629.192,1,0,5,0
C07L60,60,7,279523.532,8000629.192,1,0,5,0
C08L60,60,8,280023.532,8000629.192,0,0,5,5
C09L60,60,9,280523.532,8000629.192,0,0,5,5
C10L60,60,10,281023.532,8000629.192,0,0,5,5
C11L60,60,11,281523.532,8000629.192,0,0,5,5
C12L60,60,12,282023.532,8000629.192,0,0,5,2
C13L60,60,13,282523.532,8000629.192,0,0,2,2
C14L60,60,14,283023.532,8000629.192,0,0,2,2
C15L60,60,15,283523.532,8000629.192,0,0,2,2
C16L60,60,16,284023.532,8000629.192,0,0,2,2
C17L60,60,17,284523.532,8000629.192,0,0,2,2
C18L60,60,18,285023.532,8000629.192,0,0,2,2
C19L60,60,19,285523.532,8000629.192,0,0,2,2
C20L60,60,20,286023.532,8000629.192,0,0,2,2
C21L60,60,21,286523.532,8000629.192,0,0,2,2
C22L60,60,22,287023.532,8000629.192,0,0,2,2
C23L60,60,23,287523.532,8000629.192,0,0,5,2
C24L60,60,24,288023.532,8000629.192,0,0,5,5
C25L60,60,25,288523.532,8000629.192,0,0,5,5
C26L60,60,26,289023.532,8000629.192,0,0,5,5
C27L60,60,27,289523.532,8000629.192,0,0,5,5
C28L60,60,28,290023.532,8000629.192,0,0,5,5
C29L60,60,29,290523.532,8000629.192,0,0,5,5
C30L60,60,30,291023.532,8000629.192,0,0,5,2
C31L60,60,31,291523.532,8000629.192,0,0,5,2
C32L60,60,32,292023.532,8000629.192,0,0,5,2
C33L60,60,33,292523.532,8000629.192,0,0,5,2
C34L60,60,34,293023.532,8000629.192,1,0,5,1
C35L60,60,35,293523.532,8000629.192,1,0,5,1
C36L60,60,36,294023.532,8000629.192,0,0,1,1
C37L60,60,37,294523.532,8000629.192,0,0,1,1
C38L60,60,38,295023.532,8000629.192,0,0,5,1
C39L60,60,39,295523.532,8000629.192,1,0,5,1
C40L60,60,40,296023.532,8000629.192,1,0,5,1
C41L60,60,41,296523.532,8000629.192,0,0,1,1
C42L60,60,42,297023.532,8000629.192,0,0,1,1
C43L60,60,43,297523.532,8000629.192,0,0,1,1
C44L60,60,44,298023.532,8000629.192,0,0,1,1
C45L60,60,45,298523.532,8000629.192,0,0,1,1
C46L60,60,46,299023.532,8000629.192,0,0,1,1
C47L60,60,47,299523.532,8000629.192,0,0,1,1
C48L60,60,48,300023.532,8000629.192,0,0,1,1
C49L60,60,49,300523.532,8000629.192,0,0,1,1
C50L60,60,50,301023.532,8000629.192,0,0,1,1
C51L60,60,51,301523.532,8000629.192,0,0,1,1
C52L60,60,52,302023.532,8000629.192,1,0,1,1
C53L60,60,53,302523.532,8000629.192,0,0,1,1
C54L60,60,54,303023.532,8000629.192,0,1,1,1
C55L60,60,55,303523.532,8000629.192,0,1,1,1
C56L60,60,56,304023.532,8000629.192,0,0,1,1
C57L60,60,57,304523.532,8000629.192,0,0,1,1
C58L60,60,58,305023.532,8000629.192,0,0,1,1
C59L60,60,59,305523.532,8000629.192,0,0,1,1
C60L60,60,60,306023.532,8000629.192,0,1,1,1
C61L60,60,61,306523.532,8000629.192,0,1,1,1
C62L60,60,62,307023.532,8000629.192,0,1,1,1
C63L60,60,63,307523.532,8000629.192,0,1,5,1
C64L60,60,64,308023.532,8000629.192,0,1,1,1
C65L60,60,65,308523.532,8000629.192,0,0,1,1
C66L60,60,66,309023.532,8000629.192,0,0,1,1
C67L60,60,67,309523.532,8000629.192,0,0,1,1
C68L60,60,68,310023.532,8000629.192,0,0,1,1
C69L60,60,69,310523.532,8000629.192,0,0,1,1
C70L60,60,70,311023.532,8000629.192,0,0,1,1
C71L60,60,71,311523.532,8000629.192,0,1,1,0
C07L61,61,7,279523.532,8001129.192,1,0,5,0
C08L61,61,8,280023.532,8001129.192,1,0,5,0
C09L61,61,9,280523.532,8001129.192,0,0,5,5
C10L61,61,10,281023.532,8001129.192,0,0,5,5
C11L61,61,11,281523.532,8001129.192,0,0,5,5
C12L61,61,12,282023.532,8001129.192,0,0,5,2
C13L61,61,13,282523.532,8001129.192,0,0,2,2
C14L61,61,14,283023.532,8001129.192,0,0,2,2
C15L61,61,15,283523.532,8001129.192,0,0,5,2
C16L61,61,16,284023.532,8001129.192,0,0,5,2
C17L61,61,17,284523.532,8001129.192,0,0,2,2
C18L61,61,18,285023.532,8001129.192,0,0,2,2
C19L61,61,19,285523.532,8001129.192,0,0,2,2
C20L61,61,20,286023.532,8001129.192,0,0,2,2
C21L61,61,21,286523.532,8001129.192,0,0,2,2
C22L61,61,22,287023.532,8001129.192,0,0,5,2
C23L61,61,23,287523.532,8001129.192,0,0,5,2
C24L61,61,24,288023.532,8001129.192,0,0,5,5
C25L61,61,25,288523.532,8001129.192,0,0,5,5
C26L61,61,26,289023.532,8001129.192,0,0,5,5
C27L61,61,27,289523.532,8001129.192,0,0,5,5
C28L61,61,28,290023.532,8001129.192,0,0,5,5
C29L61,61,29,290523.532,8001129.192,0,0,5,5
C30L61,61,30,291023.532,8001129.192,0,0,5,5
C31L61,61,31,291523.532,8001129.192,0,0,5,5
C32L61,61,32,292023.532,8001129.192,0,0,5,5
C33L61,61,33,292523.532,8001129.192,0,0,5,5
C34L61,61,34,293023.532,8001129.192,0,0,5,5
C35L61,61,35,293523.532,8001129.192,1,0,5,1
C36L61,61,36,294023.532,8001129.192,1,0,5,1
C37L61,61,37,294523.532,8001129.192,0,0,5,1
C38L61,61,38,295023.532,8001129.192,1,0,5,1
C39L61,61,39,295523.532,8001129.192,1,0,5,1
C40L61,61,40,296023.532,8001129.192,0,0,1,1
C41L61,61,41,296523.532,8001129.192,0,0,1,1
C42L61,61,42,297023.532,8001129.192,0,0,1,1
C43L61,61,43,297523.532,8001129.192,0,0,1,1
C44L61,61,44,298023.532,8001129.192,0,0,1,1
C45L61,61,45,298523.532,8001129.192,0,0,1,1
C46L61,61,46,299023.532,8001129.192,0,0,1,1
C47L61,61,47,299523.532,8001129.192,0,0,1,1
C48L61,61,48,300023.532,8001129.192,0,0,1,1
C49L61,61,49,300523.532,8001129.192,0,0,1,1
C50L61,61,50,301023.532,8001129.192,0,0,1,1
C51L61,61,51,301523.532,8001129.192,1,0,1,1
C52L61,61,52,302023.532,8001129.192,1,0,1,1
C53L61,61,53,302523.532,8001129.192,0,0,1,1
C54L61,61,54,303023.532,8001129.192,0,0,1,1
C55L61,61,55,303523.532,8001129.192,0,1,5,1
C56L61,61,56,304023.532,8001129.192,0,0,1,1
C57L61,61,57,304523.532,8001129.192,0,0,1,1
C58L61,61,58,305023.532,8001129.192,0,0,1,1
C59L61,61,59,305523.532,8001129.192,0,0,1,1
C60L61,61,60,306023.532,8001129.192,0,0,1,1
C61L61,61,61,306523.532,8001129.192,0,0,1,1
C62L61,61,62,307023.532,8001129.192,0,0,1,1
C63L61,61,63,307523.532,8001129.192,0,0,1,1
C64L61,61,64,308023.532,8001129.192,0,1,5,1
C65L61,61,65,308523.532,8001129.192,0,1,5,1
C66L61,61,66,309023.532,8001129.192,0,0,1,1
C67L61,61,67,309523.532,8001129.192,0,0,1,1
C68L61,61,68,310023.532,8001129.192,0,0,1,1
C69L61,61,69,310523.532,8001129.192,0,0,1,1
C70L61,61,70,311023.532,8001129.192,0,1,1,0
C71L61,61,71,311523.532,8001129.192,0,1,1,0
C08L62,62,8,280023.532,8001629.192,1,0,5,0
C09L62,62,9,280523.532,8001629.192,1,0,5,0
C10L62,62,10,281023.532,8001629.192,0,0,5,5
C11L62,62,11,281523.532,8001629.192,0,0,5,5
C12L62,62,12,282023.532,8001629.192,0,0,5,2
C13L62,62,13,282523.532,8001629.192,0,0,2,2
C14L62,62,14,283023.532,8001629.192,0,0,2,2
C15L62,62,15,283523.532,8001629.192,0,0,5,2
C16L62,62,16,284023.532,8001629.192,0,0,5,2
C17L62,62,17,284523.532,8001629.192,0,0,5,2
C18L62,62,18,285023.532,8001629.192,0,0,5,2
C19L62,62,19,285523.532,8001629.192,0,0,5,2
C20L62,62,20,286023.532,8001629.192,0,0,5,2
C21L62,62,21,286523.532,8001629.192,0,0,5,2
C22L62,62,22,287023.532,8001629.192,0,0,5,2
C23L62,62,23,287523.532,8001629.192,0,0,5,1
C24L62,62,24,288023.532,8001629.192,0,0,5,1
C25L62,62,25,288523.532,8001629.192,0,0,5,3
C26L62,62,26,289023.532,8001629.192,0,0,5,3
C27L62,62,27,289523.532,8001629.192,0,0,5,3
C28L62,62,28,290023.532,8001629.192,0,0,5,3
C29L62,62,29,290523.532,8001629.192,0,0,5,5
C30L62,62,30,291023.532,8001629.192,0,0,5,5
C31L62,62,31,291523.532,8001629.192,0,0,5,5
C32L62,62,32,292023.532,8001629.192,0,0,5,5
C33L62,62,33,292523.532,8001629.192,0,0,5,5
C34L62,62,34,293023.532,8001629.192,0,0,5,5
C35L62,62,35,293523.532,8001629.192,0,0,5,5
C36L62,62,36,294023.532,8001629.192,1,0,5,5
C37L62,62,37,294523.532,8001629.192,1,0,5,1
C38L62,62,38,295023.532,8001629.192,1,0,5,1
C39L62,62,39,295523.532,8001629.192,1,0,1,1
C40L62,62,40,296023.532,8001629.192,1,0,1,1
C41L62,62,41,296523.532,8001629.192,0,0,1,1
C42L62,62,42,297023.532,8001629.192,0,0,1,1
C43L62,62,43,297523.532,8001629.192,0,0,1,1
C44L62,62,44,298023.532,8001629.192,0,0,1,1
C45L62,62,45,298523.532,8001629.192,0,0,1,1
C46L62,62,46,299023.532,8001629.192,0,0,1,1
C47L62,62,47,299523.532,8001629.192,0,0,1,1
C48L62,62,48,300023.532,8001629.192,0,0,1,1
C49L62,62,49,300523.532,8001629.192,0,0,1,1
C50L62,62,50,301023.532,8001629.192,0,0,1,1
C51L62,62,51,301523.532,8001629.192,1,0,1,1
C52L62,62,52,302023.532,8001629.192,0,0,1,1
C53L62,62,53,302523.532,8001629.192,0,0,1,1
C54L62,62,54,303023.532,8001629.192,0,1,1,1
C55L62,62,55,303523.532,8001629.192,0,1,5,1
C56L62,62,56,304023.532,8001629.192,0,1,5,1
C57L62,62,57,304523.532,8001629.192,0,0,1,1
C58L62,62,58,305023.532,8001629.192,0,0,1,1
C59L62,62,59,305523.532,8001629.192,0,0,1,1
C60L62,62,60,306023.532,8001629.192,0,0,1,1
C61L62,62,61,306523.532,8001629.192,0,0,1,1
C62L62,62,62,307023.532,8001629.192,0,0,1,1
C63L62,62,63,307523.532,8001629.192,0,1,1,1
C64L62,62,64,308023.532,8001629.192,0,1,1,1
C65L62,62,65,308523.532,8001629.192,0,1,5,1
C66L62,62,66,309023.532,8001629.192,0,0,1,1
C67L62,62,67,309523.532,8001629.192,0,0,1,1
C68L62,62,68,310023.532,8001629.192,0,0,1,1
C69L62,62,69,310523.532,8001629.192,0,1,1,0
C70L62,62,70,311023.532,8001629.192,0,1,1,0
C09L63,63,9,280523.532,8002129.192,1,0,5,0
C10L63,63,10,281023.532,8002129.192,1,0,5,0
C11L63,63,11,281523.532,8002129.192,1,0,5,0
C12L63,63,12,282023.532,8002129.192,0,0,5,2
C13L63,63,13,282523.532,8002129.192,0,0,5,2
C14L63,63,14,283023.532,8002129.192,0,0,2,2
C15L63,63,15,283523.532,8002129.192,0,0,5,2
C16L63,63,16,284023.532,8002129.192,0,0,5,2
C17L63,63,17,284523.532,8002129.192,0,0,5,5
C18L63,63,18,285023.532,8002129.192,0,0,5,5
C19L63,63,19,285523.532,8002129.192,0,0,5,5
C20L63,63,20,286023.532,8002129.192,0,0,5,5
C21L63,63,21,286523.532,8002129.192,0,0,5,5
C22L63,63,22,287023.532,8002129.192,0,0,5,5
C23L63,63,23,287523.532,8002129.192,0,0,5,5
C24L63,63,24,288023.532,8002129.192,0,0,5,5
C25L63,63,25,288523.532,8002129.192,0,0,5,3
C26L63,63,26,289023.532,8002129.192,0,0,3,3
C27L63,63,27,289523.532,8002129.192,0,0,3,3
C28L63,63,28,290023.532,8002129.192,0,0,3,3
C29L63,63,29,290523.532,8002129.192,0,0,5,3
C30L63,63,30,291023.532,8002129.192,0,0,5,3
C31L63,63,31,291523.532,8002129.192,0,0,5,3
C32L63,63,32,292023.532,8002129.192,0,0,5,3
C33L63,63,33,292523.532,8002129.192,0,0,5,5
C34L63,63,34,293023.532,8002129.192,0,0,5,5
C35L63,63,35,293523.532,8002129.192,0,0,5,5
C36L63,63,36,294023.532,8002129.192,0,0,5,5
C37L63,63,37,294523.532,8002129.192,1,0,5,1
C38L63,63,38,295023.532,8002129.192,0,0,1,1
C39L63,63,39,295523.532,8002129.192,0,0,1,1
C40L63,63,40,296023.532,8002129.192,1,0,1,1
C41L63,63,41,296523.532,8002129.192,1,0,1,1
C42L63,63,42,297023.532,8002129.192,0,0,1,1
C43L63,63,43,297523.532,8002129.192,0,0,1,1
C44L63,63,44,298023.532,8002129.192,0,0,1,1
C45L63,63,45,298523.532,8002129.192,0,0,1,1
C46L63,63,46,299023.532,8002129.192,0,0,1,1
C47L63,63,47,299523.532,8002129.192,0,0,1,1
C48L63,63,48,300023.532,8002129.192,0,0,1,1
C49L63,63,49,300523.532,8002129.192,0,0,1,1
C50L63,63,50,301023.532,8002129.192,0,0,1,1
C51L63,63,51,301523.532,8002129.192,1,0,1,1
C52L63,63,52,302023.532,8002129.192,0,0,1,1
C53L63,63,53,302523.532,8002129.192,0,0,1,1
C54L63,63,54,303023.532,8002129.192,0,0,1,1
C55L63,63,55,303523.532,8002129.192,0,0,1,1
C56L63,63,56,304023.532,8002129.192,0,1,5,1
C57L63,63,57,304523.532,8002129.192,0,0,1,1
C58L63,63,58,305023.532,8002129.192,0,0,1,1
C59L63,63,59,305523.532,8002129.192,0,0,1,1
C60L63,63,60,306023.532,8002129.192,0,0,1,1
C61L63,63,61,306523.532,8002129.192,0,0,1,1
C62L63,63,62,307023.532,8002129.192,0,0,1,1
C63L63,63,63,307523.532,8002129.192,0,0,1,1
C64L63,63,64,308023.532,8002129.192,0,0,1,1
C65L63,63,65,308523.532,8002129.192,0,1,5,1
C66L63,63,66,309023.532,8002129.192,0,1,5,1
C67L63,63,67,309523.532,8002129.192,0,0,1,1
C68L63,63,68,310023.532,8002129.192,0,0,1,1
C69L63,63,69,310523.532,8002129.192,0,1,1,0
C70L63,63,70,311023.532,8002129.192,0,0,1,0
C11L64,64,11,281523.532,8002629.192,1,0,5,0
C12L64,64,12,282023.532,8002629.192,1,0,5,0
C13L64,64,13,282523.532,8002629.192,0,0,5,2
C14L64,64,14,283023.532,8002629.192,0,0,5,2
C15L64,64,15,283523.532,8002629.192,0,0,5,5
C16L64,64,16,284023.532,8002629.192,0,0,5,5
C17L64,64,17,284523.532,8002629.192,0,0,5,5
C18L64,64,18,285023.532,8002629.192,0,0,5,5
C19L64,64,19,285523.532,8002629.192,0,0,5,5
C20L64,64,20,286023.532,8002629.192,0,0,5,5
C21L64,64,21,286523.532,8002629.192,0,0,5,5
C22L64,64,22,287023.532,8002629.192,0,0,5,3
C23L64,64,23,287523.532,8002629.192,0,0,5,3
C24L64,64,24,288023.532,8002629.192,0,0,5,3
C25L64,64,25,288523.532,8002629.192,0,0,5,3
C26L64,64,26,289023.532,8002629.192,0,0,3,3
C27L64,64,27,289523.532,8002629.192,0,0,3,3
C28L64,64,28,290023.532,8002629.192,0,0,3,3
C29L64,64,29,290523.532,8002629.192,0,0,3,3
C30L64,64,30,291023.532,8002629.192,0,0,3,3
C31L64,64,31,291523.532,8002629.192,0,0,3,3
C32L64,64,32,292023.532,8002629.192,0,0,5,3
C33L64,64,33,292523.532,8002629.192,0,0,5,3
C34L64,64,34,293023.532,8002629.192,0,0,5,3
C35L64,64,35,293523.532,8002629.192,0,0,5,5
C36L64,64,36,294023.532,8002629.192,1,0,5,1
C37L64,64,37,294523.532,8002629.192,1,0,5,1
C38L64,64,38,295023.532,8002629.192,0,0,1,1
C39L64,64,39,295523.532,8002629.192,0,0,5,1
C40L64,64,40,296023.532,8002629.192,0,0,1,1
C41L64,64,41,296523.532,8002629.192,1,0,1,1
C42L64,64,42,297023.532,8002629.192,1,0,1,1
C43L64,64,43,297523.532,8002629.192,1,0,1,1
C44L64,64,44,298023.532,8002629.192,1,0,1,1
C45L64,64,45,298523.532,8002629.192,1,0,1,1
C46L64,64,46,299023.532,8002629.192,0,0,1,1
C47L64,64,47,299523.532,8002629.192,0,0,1,1
C48L64,64,48,300023.532,8002629.192,0,0,1,1
C49L64,64,49,300523.532,8002629.192,0,0,1,1
C50L64,64,50,301023.532,8002629.192,0,0,1,1
C51L64,64,51,301523.532,8002629.192,1,0,1,1
C52L64,64,52,302023.532,8002629.192,0,0,1,1
C53L64,64,53,302523.532,8002629.192,0,0,1,1
C54L64,64,54,303023.532,8002629.192,0,0,1,1
C55L64,64,55,303523.532,8002629.192,0,0,5,1
C56L64,64,56,304023.532,8002629.192,0,1,5,1
C57L64,64,57,304523.532,8002629.192,0,0,5,1
C58L64,64,58,305023.532,8002629.192,0,0,1,1
C59L64,64,59,305523.532,8002629.192,0,0,1,1
C60L64,64,60,306023.532,8002629.192,0,0,1,1
C61L64,64,61,306523.532,8002629.192,0,0,1,1
C62L64,64,62,307023.532,8002629.192,0,0,1,1
C63L64,64,63,307523.532,8002629.192,0,1,5,1
C64L64,64,64,308023.532,8002629.192,0,1,5,1
C65L64,64,65,308523.532,8002629.192,0,1,5,1
C66L64,64,66,309023.532,8002629.192,0,1,5,1
C67L64,64,67,309523.532,8002629.192,0,1,5,0
C68L64,64,68,310023.532,8002629.192,0,1,1,1
C69L64,64,69,310523.532,8002629.192,0,1,1,0
C12L65,65,12,282023.532,8003129.192,1,0,5,0
C13L65,65,13,282523.532,8003129.192,1,0,5,0
C14L65,65,14,283023.532,8003129.192,1,0,5,0
C15L65,65,15,283523.532,8003129.192,0,0,5,5
C16L65,65,16,284023.532,8003129.192,0,0,5,5
C17L65,65,17,284523.532,8003129.192,0,0,5,5
C18L65,65,18,285023.532,8003129.192,0,0,5,5
C19L65,65,19,285523.532,8003129.192,0,0,5,5
C20L65,65,20,286023.532,8003129.192,0,0,5,5
C21L65,65,21,286523.532,8003129.192,0,0,5,5
C22L65,65,22,287023.532,8003129.192,0,0,5,3
C23L65,65,23,287523.532,8003129.192,0,0,5,3
C24L65,65,24,288023.532,8003129.192,0,0,5,3
C25L65,65,25,288523.532,8003129.192,0,0,3,2
C26L65,65,26,289023.532,8003129.192,0,0,3,2
C27L65,65,27,289523.532,8003129.192,0,0,3,3
C28L65,65,28,290023.532,8003129.192,0,0,3,3
C29L65,65,29,290523.532,8003129.192,0,0,3,3
C30L65,65,30,291023.532,8003129.192,0,0,3,3
C31L65,65,31,291523.532,8003129.192,0,0,3,3
C32L65,65,32,292023.532,8003129.192,0,0,3,3
C33L65,65,33,292523.532,8003129.192,0,0,3,3
C34L65,65,34,293023.532,8003129.192,0,0,5,3
C35L65,65,35,293523.532,8003129.192,0,0,5,3
C36L65,65,36,294023.532,8003129.192,1,0,5,1
C37L65,65,37,294523.532,8003129.192,0,0,1,1
C38L65,65,38,295023.532,8003129.192,0,0,1,1
C39L65,65,39,295523.532,8003129.192,0,0,5,1
C40L65,65,40,296023.532,8003129.192,0,0,1,1
C41L65,65,41,296523.532,8003129.192,0,0,1,1
C42L65,65,42,297023.532,8003129.192,0,0,1,1
C43L65,65,43,297523.532,8003129.192,0,0,1,1
C44L65,65,44,298023.532,8003129.192,0,0,1,1
C45L65,65,45,298523.532,8003129.192,1,0,1,1
C46L65,65,46,299023.532,8003129.192,1,0,1,1
C47L65,65,47,299523.532,8003129.192,1,0,1,1
C48L65,65,48,300023.532,8003129.192,0,0,1,1
C49L65,65,49,300523.532,8003129.192,0,0,1,1
C50L65,65,50,301023.532,8003129.192,1,0,1,1
C51L65,65,51,301523.532,8003129.192,1,0,1,1
C52L65,65,52,302023.532,8003129.192,0,0,1,1
C53L65,65,53,302523.532,8003129.192,0,0,1,1
C54L65,65,54,303023.532,8003129.192,0,0,1,1
C55L65,65,55,303523.532,8003129.192,0,1,5,1
C56L65,65,56,304023.532,8003129.192,0,1,5,1
C57L65,65,57,304523.532,8003129.192,0,1,5,1
C58L65,65,58,305023.532,8003129.192,0,0,1,1
C59L65,65,59,305523.532,8003129.192,0,0,1,1
C60L65,65,60,306023.532,8003129.192,0,0,1,1
C61L65,65,61,306523.532,8003129.192,0,0,1,1
C62L65,65,62,307023.532,8003129.192,0,0,1,1
C63L65,65,63,307523.532,8003129.192,0,1,5,1
C64L65,65,64,308023.532,8003129.192,0,1,5,1
C65L65,65,65,308523.532,8003129.192,0,0,5,1
C66L65,65,66,309023.532,8003129.192,0,1,1,1
C67L65,65,67,309523.532,8003129.192,0,1,1,0
C68L65,65,68,310023.532,8003129.192,0,1,1,0
C14L66,66,14,283023.532,8003629.192,1,0,5,0
C15L66,66,15,283523.532,8003629.192,1,0,5,0
C16L66,66,16,284023.532,8003629.192,0,0,5,5
C17L66,66,17,284523.532,8003629.192,0,0,5,5
C18L66,66,18,285023.532,8003629.192,0,0,5,5
C19L66,66,19,285523.532,8003629.192,0,0,5,5
C20L66,66,20,286023.532,8003629.192,0,0,5,5
C21L66,66,21,286523.532,8003629.192,0,0,5,5
C22L66,66,22,287023.532,8003629.192,0,0,5,3
C23L66,66,23,287523.532,8003629.192,0,0,3,3
C24L66,66,24,288023.532,8003629.192,0,0,3,3
C25L66,66,25,288523.532,8003629.192,0,0,3,2
C26L66,66,26,289023.532,8003629.192,0,0,3,2
C27L66,66,27,289523.532,8003629.192,0,0,3,3
C28L66,66,28,290023.532,8003629.192,0,0,3,3
C29L66,66,29,290523.532,8003629.192,0,0,3,3
C30L66,66,30,291023.532,8003629.192,0,0,3,3
C31L66,66,31,291523.532,8003629.192,0,0,3,3
C32L66,66,32,292023.532,8003629.192,0,0,3,3
C33L66,66,33,292523.532,8003629.192,0,0,3,3
C34L66,66,34,293023.532,8003629.192,0,0,3,3
C35L66,66,35,293523.532,8003629.192,1,0,5,1
C36L66,66,36,294023.532,8003629.192,1,0,5,1
C37L66,66,37,294523.532,8003629.192,0,0,1,1
C38L66,66,38,295023.532,8003629.192,0,0,1,1
C39L66,66,39,295523.532,8003629.192,0,0,5,1
C40L66,66,40,296023.532,8003629.192,0,0,5,1
C41L66,66,41,296523.532,8003629.192,0,0,1,1
C42L66,66,42,297023.532,8003629.192,0,0,1,1
C43L66,66,43,297523.532,8003629.192,0,0,1,1
C44L66,66,44,298023.532,8003629.192,0,0,1,1
C45L66,66,45,298523.532,8003629.192,0,0,1,1
C46L66,66,46,299023.532,8003629.192,0,0,1,1
C47L66,66,47,299523.532,8003629.192,1,0,1,1
C48L66,66,48,300023.532,8003629.192,1,0,1,1
C49L66,66,49,300523.532,8003629.192,1,0,1,1
C50L66,66,50,301023.532,8003629.192,1,0,1,1
C51L66,66,51,301523.532,8003629.192,0,0,1,1
C52L66,66,52,302023.532,8003629.192,0,0,1,1
C53L66,66,53,302523.532,8003629.192,0,0,1,1
C54L66,66,54,303023.532,8003629.192,0,0,1,1
C55L66,66,55,303523.532,8003629.192,0,0,1,1
C56L66,66,56,304023.532,8003629.192,0,1,5,1
C57L66,66,57,304523.532,8003629.192,0,1,5,1
C58L66,66,58,305023.532,8003629.192,0,0,1,1
C59L66,66,59,305523.532,8003629.192,0,0,1,1
C60L66,66,60,306023.532,8003629.192,0,0,1,1
C61L66,66,61,306523.532,8003629.192,0,0,1,1
C62L66,66,62,307023.532,8003629.192,0,0,1,1
C63L66,66,63,307523.532,8003629.192,0,0,1,1
C64L66,66,64,308023.532,8003629.192,0,1,5,1
C65L66,66,65,308523.532,8003629.192,0,1,5,0
C66L66,66,66,309023.532,8003629.192,0,1,5,0
C67L66,66,67,309523.532,8003629.192,0,1,1,0
C15L67,67,15,283523.532,8004129.192,1,0,5,0
C16L67,67,16,284023.532,8004129.192,1,0,5,0
C17L67,67,17,284523.532,8004129.192,1,0,5,5
C18L67,67,18,285023.532,8004129.192,0,0,5,5
C19L67,67,19,285523.532,8004129.192,0,0,5,5
C20L67,67,20,286023.532,8004129.192,0,0,5,5
C21L67,67,21,286523.532,8004129.192,0,0,5,5
C22L67,67,22,287023.532,8004129.192,0,0,5,3
C23L67,67,23,287523.532,8004129.192,0,0,5,3
C24L67,67,24,288023.532,8004129.192,0,0,5,3
C25L67,67,25,288523.532,8004129.192,0,0,5,3
C26L67,67,26,289023.532,8004129.192,0,0,5,3
C27L67,67,27,289523.532,8004129.192,0,0,3,3
C28L67,67,28,290023.532,8004129.192,0,0,3,3
C29L67,67,29,290523.532,8004129.192,0,0,3,3
C30L67,67,30,291023.532,8004129.192,0,0,3,3
C31L67,67,31,291523.532,8004129.192,0,0,3,3
C32L67,67,32,292023.532,8004129.192,0,0,3,3
C33L67,67,33,292523.532,8004129.192,0,0,3,3
C34L67,67,34,293023.532,8004129.192,1,0,5,3
C35L67,67,35,293523.532,8004129.192,1,0,5,1
C36L67,67,36,294023.532,8004129.192,0,0,1,1
C37L67,67,37,294523.532,8004129.192,0,0,1,1
C38L67,67,38,295023.532,8004129.192,0,0,1,1
C39L67,67,39,295523.532,8004129.192,0,1,5,1
C40L67,67,40,296023.532,8004129.192,0,0,5,1
C41L67,67,41,296523.532,8004129.192,0,0,1,1
C42L67,67,42,297023.532,8004129.192,0,0,1,1
C43L67,67,43,297523.532,8004129.192,0,0,1,1
C44L67,67,44,298023.532,8004129.192,0,0,1,1
C45L67,67,45,298523.532,8004129.192,0,0,1,1
C46L67,67,46,299023.532,8004129.192,0,0,1,1
C47L67,67,47,299523.532,8004129.192,0,0,1,1
C48L67,67,48,300023.532,8004129.192,0,0,1,1
C49L67,67,49,300523.532,8004129.192,0,0,1,1
C50L67,67,50,301023.532,8004129.192,0,0,1,1
C51L67,67,51,301523.532,8004129.192,0,0,1,1
C52L67,67,52,302023.532,8004129.192,0,0,1,1
C53L67,67,53,302523.532,8004129.192,0,0,1,1
C54L67,67,54,303023.532,8004129.192,0,0,1,1
C55L67,67,55,303523.532,8004129.192,0,1,5,1
C56L67,67,56,304023.532,8004129.192,0,1,5,1
C57L67,67,57,304523.532,8004129.192,0,1,5,1
C58L67,67,58,305023.532,8004129.192,0,1,5,1
C59L67,67,59,305523.532,8004129.192,0,0,5,1
C60L67,67,60,306023.532,8004129.192,0,0,1,1
C61L67,67,61,306523.532,8004129.192,0,0,1,1
C62L67,67,62,307023.532,8004129.192,0,0,5,1
C63L67,67,63,307523.532,8004129.192,0,1,5,1
C64L67,67,64,308023.532,8004129.192,0,1,5,0
C65L67,67,65,308523.532,8004129.192,0,0,0,0
C17L68,68,17,284523.532,8004629.192,1,0,5,0
C18L68,68,18,285023.532,8004629.192,1,0,5,0
C19L68,68,19,285523.532,8004629.192,0,0,5,5
C20L68,68,20,286023.532,8004629.192,0,0,5,5
C21L68,68,21,286523.532,8004629.192,0,0,5,5
C22L68,68,22,287023.532,8004629.192,0,0,5,5
C23L68,68,23,287523.532,8004629.192,0,0,5,5
C24L68,68,24,288023.532,8004629.192,0,0,5,4
C25L68,68,25,288523.532,8004629.192,0,0,5,4
C26L68,68,26,289023.532,8004629.192,0,0,5,3
C27L68,68,27,289523.532,8004629.192,0,0,3,3
C28L68,68,28,290023.532,8004629.192,0,0,3,3
C29L68,68,29,290523.532,8004629.192,0,0,3,3
C30L68,68,30,291023.532,8004629.192,0,0,3,3
C31L68,68,31,291523.532,8004629.192,0,0,3,3
C32L68,68,32,292023.532,8004629.192,0,0,5,3
C33L68,68,33,292523.532,8004629.192,0,0,5,3
C34L68,68,34,293023.532,8004629.192,1,0,5,1
C35L68,68,35,293523.532,8004629.192,0,0,5,1
C36L68,68,36,294023.532,8004629.192,0,0,1,1
C37L68,68,37,294523.532,8004629.192,0,0,1,1
C38L68,68,38,295023.532,8004629.192,0,0,5,1
C39L68,68,39,295523.532,8004629.192,0,1,5,1
C40L68,68,40,296023.532,8004629.192,0,1,5,1
C41L68,68,41,296523.532,8004629.192,0,0,5,1
C42L68,68,42,297023.532,8004629.192,0,0,1,1
C43L68,68,43,297523.532,8004629.192,0,0,5,1
C44L68,68,44,298023.532,8004629.192,0,0,1,1
C45L68,68,45,298523.532,8004629.192,0,0,1,1
C46L68,68,46,299023.532,8004629.192,0,0,1,1
C47L68,68,47,299523.532,8004629.192,0,0,1,1
C48L68,68,48,300023.532,8004629.192,0,0,1,1
C49L68,68,49,300523.532,8004629.192,0,0,1,1
C50L68,68,50,301023.532,8004629.192,0,0,1,1
C51L68,68,51,301523.532,8004629.192,0,0,1,1
C52L68,68,52,302023.532,8004629.192,0,0,1,1
C53L68,68,53,302523.532,8004629.192,0,0,1,1
C54L68,68,54,303023.532,8004629.192,0,0,1,1
C55L68,68,55,303523.532,8004629.192,0,0,1,1
C56L68,68,56,304023.532,8004629.192,0,0,1,1
C57L68,68,57,304523.532,8004629.192,0,0,1,1
C58L68,68,58,305023.532,8004629.192,0,1,5,1
C59L68,68,59,305523.532,8004629.192,0,1,5,1
C60L68,68,60,306023.532,8004629.192,0,0,1,1
C61L68,68,61,306523.532,8004629.192,0,0,1,1
C62L68,68,62,307023.532,8004629.192,0,1,5,1
C63L68,68,63,307523.532,8004629.192,0,1,5,0
C64L68,68,64,308023.532,8004629.192,0,1,5,0
C18L69,69,18,285023.532,8005129.192,1,0,5,0
C19L69,69,19,285523.532,8005129.192,1,0,5,0
C20L69,69,20,286023.532,8005129.192,0,0,5,5
C21L69,69,21,286523.532,8005129.192,0,0,5,5
C22L69,69,22,287023.532,8005129.192,0,0,5,5
C23L69,69,23,287523.532,8005129.192,0,0,5,5
C24L69,69,24,288023.532,8005129.192,0,0,5,4
C25L69,69,25,288523.532,8005129.192,0,0,5,4
C26L69,69,26,289023.532,8005129.192,0,0,5,3
C27L69,69,27,289523.532,8005129.192,0,0,5,3
C28L69,69,28,290023.532,8005129.192,0,0,3,3
C29L69,69,29,290523.532,8005129.192,0,0,3,3
C30L69,69,30,291023.532,8005129.192,0,0,5,3
C31L69,69,31,291523.532,8005129.192,0,0,5,3
C32L69,69,32,292023.532,8005129.192,0,0,5,3
C33L69,69,33,292523.532,8005129.192,1,0,5,1
C34L69,69,34,293023.532,8005129.192,1,0,5,1
C35L69,69,35,293523.532,8005129.192,0,0,1,1
C36L69,69,36,294023.532,8005129.192,0,0,1,1
C37L69,69,37,294523.532,8005129.192,0,0,1,1
C38L69,69,38,295023.532,8005129.192,0,0,1,1
C39L69,69,39,295523.532,8005129.192,0,1,5,1
C40L69,69,40,296023.532,8005129.192,0,1,5,1
C41L69,69,41,296523.532,8005129.192,0,1,5,1
C42L69,69,42,297023.532,8005129.192,0,1,5,1
C43L69,69,43,297523.532,8005129.192,0,1,5,1
C44L69,69,44,298023.532,8005129.192,0,0,1,1
C45L69,69,45,298523.532,8005129.192,0,0,1,1
C46L69,69,46,299023.532,8005129.192,0,0,1,1
C47L69,69,47,299523.532,8005129.192,0,0,1,1
C48L69,69,48,300023.532,8005129.192,0,0,1,1
C49L69,69,49,300523.532,8005129.192,0,0,1,1
C50L69,69,50,301023.532,8005129.192,0,0,1,1
C51L69,69,51,301523.532,8005129.192,0,0,1,1
C52L69,69,52,302023.532,8005129.192,0,0,1,1
C53L69,69,53,302523.532,8005129.192,0,0,1,1
C54L69,69,54,303023.532,8005129.192,0,0,1,1
C55L69,69,55,303523.532,8005129.192,0,0,1,1
C56L69,69,56,304023.532,8005129.192,0,0,1,1
C57L69,69,57,304523.532,8005129.192,0,0,1,1
C58L69,69,58,305023.532,8005129.192,0,0,1,1
C59L69,69,59,305523.532,8005129.192,0,1,5,1
C60L69,69,60,306023.532,8005129.192,0,1,5,1
C61L69,69,61,306523.532,8005129.192,0,0,1,1
C62L69,69,62,307023.532,8005129.192,0,0,1,1
C63L69,69,63,307523.532,8005129.192,0,0,5,1
C64L69,69,64,308023.532,8005129.192,0,1,5,0
C19L70,70,19,285523.532,8005629.192,1,0,5,0
C20L70,70,20,286023.532,8005629.192,1,0,5,0
C21L70,70,21,286523.532,8005629.192,0,0,5,5
C22L70,70,22,287023.532,8005629.192,0,0,5,5
C23L70,70,23,287523.532,8005629.192,0,0,5,5
C24L70,70,24,288023.532,8005629.192,0,0,5,4
C25L70,70,25,288523.532,8005629.192,0,0,5,4
C26L70,70,26,289023.532,8005629.192,0,0,5,5
C27L70,70,27,289523.532,8005629.192,0,0,5,3
C28L70,70,28,290023.532,8005629.192,0,0,5,3
C29L70,70,29,290523.532,8005629.192,0,0,5,3
C30L70,70,30,291023.532,8005629.192,0,0,5,3
C31L70,70,31,291523.532,8005629.192,0,0,5,5
C32L70,70,32,292023.532,8005629.192,0,0,5,5
C33L70,70,33,292523.532,8005629.192,1,0,5,1
C34L70,70,34,293023.532,8005629.192,0,0,1,1
C35L70,70,35,293523.532,8005629.192,0,0,1,1
C36L70,70,36,294023.532,8005629.192,0,0,1,1
C37L70,70,37,294523.532,8005629.192,0,0,1,1
C38L70,70,38,295023.532,8005629.192,0,0,1,1
C39L70,70,39,295523.532,8005629.192,0,0,1,1
C40L70,70,40,296023.532,8005629.192,0,0,1,1
C41L70,70,41,296523.532,8005629.192,0,0,1,1
C42L70,70,42,297023.532,8005629.192,0,1,5,1
C43L70,70,43,297523.532,8005629.192,0,1,5,1
C44L70,70,44,298023.532,8005629.192,0,0,5,1
C45L70,70,45,298523.532,8005629.192,0,0,1,1
C46L70,70,46,299023.532,8005629.192,0,0,1,1
C47L70,70,47,299523.532,8005629.192,0,0,1,1
C48L70,70,48,300023.532,8005629.192,0,0,1,1
C49L70,70,49,300523.532,8005629.192,0,0,1,1
C50L70,70,50,301023.532,8005629.192,0,0,1,1
C51L70,70,51,301523.532,8005629.192,0,0,1,1
C52L70,70,52,302023.532,8005629.192,0,0,1,1
C53L70,70,53,302523.532,8005629.192,0,0,1,1
C54L70,70,54,303023.532,8005629.192,0,0,1,1
C55L70,70,55,303523.532,8005629.192,0,0,1,1
C56L70,70,56,304023.532,8005629.192,0,0,1,1
C57L70,70,57,304523.532,8005629.192,0,0,1,1
C58L70,70,58,305023.532,8005629.192,0,0,5,1
C59L70,70,59,305523.532,8005629.192,0,0,1,1
C60L70,70,60,306023.532,8005629.192,0,1,5,1
C61L70,70,61,306523.532,8005629.192,0,1,5,1
C62L70,70,62,307023.532,8005629.192,0,0,1,1
C63L70,70,63,307523.532,8005629.192,0,1,5,1
C64L70,70,64,308023.532,8005629.192,0,1,5,0
C65L70,70,65,308523.532,8005629.192,0,1,1,0
C20L71,71,20,286023.532,8006129.192,1,0,5,0
C21L71,71,21,286523.532,8006129.192,1,0,5,0
C22L71,71,22,287023.532,8006129.192,0,0,5,5
C23L71,71,23,287523.532,8006129.192,0,0,5,5
C24L71,71,24,288023.532,8006129.192,0,0,5,5
C25L71,71,25,288523.532,8006129.192,0,0,5,5
C26L71,71,26,289023.532,8006129.192,0,0,5,5
C27L71,71,27,289523.532,8006129.192,0,0,5,5
C28L71,71,28,290023.532,8006129.192,0,0,5,5
C29L71,71,29,290523.532,8006129.192,0,0,5,5
C30L71,71,30,291023.532,8006129.192,0,0,5,5
C31L71,71,31,291523.532,8006129.192,0,0,5,5
C32L71,71,32,292023.532,8006129.192,1,0,5,1
C33L71,71,33,292523.532,8006129.192,1,0,5,1
C34L71,71,34,293023.532,8006129.192,0,0,1,1
C35L71,71,35,293523.532,8006129.192,0,0,1,1
C36L71,71,36,294023.532,8006129.192,0,0,1,1
C37L71,71,37,294523.532,8006129.192,0,0,1,1
C38L71,71,38,295023.532,8006129.192,0,0,1,1
C39L71,71,39,295523.532,8006129.192,0,0,1,1
C40L71,71,40,296023.532,8006129.192,0,0,1,1
C41L71,71,41,296523.532,8006129.192,0,0,1,1
C42L71,71,42,297023.532,8006129.192,0,1,5,1
C43L71,71,43,297523.532,8006129.192,0,0,5,1
C44L71,71,44,298023.532,8006129.192,0,0,5,1
C45L71,71,45,298523.532,8006129.192,0,0,1,1
C46L71,71,46,299023.532,8006129.192,0,0,1,1
C47L71,71,47,299523.532,8006129.192,0,0,1,1
C48L71,71,48,300023.532,8006129.192,0,0,1,1
C49L71,71,49,300523.532,8006129.192,0,0,1,1
C50L71,71,50,301023.532,8006129.192,0,0,1,1
C51L71,71,51,301523.532,8006129.192,0,0,1,1
C52L71,71,52,302023.532,8006129.192,0,0,1,1
C53L71,71,53,302523.532,8006129.192,0,0,1,1
C54L71,71,54,303023.532,8006129.192,0,0,1,1
C55L71,71,55,303523.532,8006129.192,0,0,1,1
C56L71,71,56,304023.532,8006129.192,0,0,1,1
C57L71,71,57,304523.532,8006129.192,0,0,5,1
C58L71,71,58,305023.532,8006129.192,0,0,1,1
C59L71,71,59,305523.532,8006129.192,0,0,1,1
C60L71,71,60,306023.532,8006129.192,0,0,1,1
C61L71,71,61,306523.532,8006129.192,0,1,5,1
C62L71,71,62,307023.532,8006129.192,0,1,5,1
C63L71,71,63,307523.532,8006129.192,0,1,5,1
C64L71,71,64,308023.532,8006129.192,0,0,1,1
C65L71,71,65,308523.532,8006129.192,0,1,1,0
C21L72,72,21,286523.532,8006629.192,1,0,5,0
C22L72,72,22,287023.532,8006629.192,0,0,5,5
C23L72,72,23,287523.532,8006629.192,0,0,5,5
C24L72,72,24,288023.532,8006629.192,0,0,5,5
C25L72,72,25,288523.532,8006629.192,0,0,5,5
C26L72,72,26,289023.532,8006629.192,0,0,5,5
C27L72,72,27,289523.532,8006629.192,0,0,5,5
C28L72,72,28,290023.532,8006629.192,0,0,5,5
C29L72,72,29,290523.532,8006629.192,0,0,5,5
C30L72,72,30,291023.532,8006629.192,0,0,5,5
C31L72,72,31,291523.532,8006629.192,1,0,5,1
C32L72,72,32,292023.532,8006629.192,1,0,5,1
C33L72,72,33,292523.532,8006629.192,0,0,1,1
C34L72,72,34,293023.532,8006629.192,0,0,1,1
C35L72,72,35,293523.532,8006629.192,0,0,1,1
C36L72,72,36,294023.532,8006629.192,0,0,1,1
C37L72,72,37,294523.532,8006629.192,0,0,1,1
C38L72,72,38,295023.532,8006629.192,0,0,1,1
C39L72,72,39,295523.532,8006629.192,0,0,1,1
C40L72,72,40,296023.532,8006629.192,0,0,1,1
C41L72,72,41,296523.532,8006629.192,0,0,1,1
C42L72,72,42,297023.532,8006629.192,0,1,5,1
C43L72,72,43,297523.532,8006629.192,0,1,5,1
C44L72,72,44,298023.532,8006629.192,0,0,1,1
C45L72,72,45,298523.532,8006629.192,0,0,1,1
C46L72,72,46,299023.532,8006629.192,0,0,1,1
C47L72,72,47,299523.532,8006629.192,0,0,1,1
C48L72,72,48,300023.532,8006629.192,0,0,1,1
C49L72,72,49,300523.532,8006629.192,0,0,1,1
C50L72,72,50,301023.532,8006629.192,0,0,1,1
C51L72,72,51,301523.532,8006629.192,0,0,1,1
C52L72,72,52,302023.532,8006629.192,0,0,1,1
C53L72,72,53,302523.532,8006629.192,0,0,1,1
C54L72,72,54,303023.532,8006629.192,0,0,1,1
C55L72,72,55,303523.532,8006629.192,0,0,1,1
C56L72,72,56,304023.532,8006629.192,0,0,1,1
C57L72,72,57,304523.532,8006629.192,0,0,1,1
C58L72,72,58,305023.532,8006629.192,0,0,1,1
C59L72,72,59,305523.532,8006629.192,0,0,5,1
C60L72,72,60,306023.532,8006629.192,0,1,5,1
C61L72,72,61,306523.532,8006629.192,0,1,5,1
C62L72,72,62,307023.532,8006629.192,0,1,5,1
C63L72,72,63,307523.532,8006629.192,0,0,5,1
C64L72,72,64,308023.532,8006629.192,0,0,1,1
C65L72,72,65,308523.532,8006629.192,0,1,1,0
C21L73,73,21,286523.532,8007129.192,1,0,5,0
C22L73,73,22,287023.532,8007129.192,0,0,5,5
C23L73,73,23,287523.532,8007129.192,0,0,5,5
C24L73,73,24,288023.532,8007129.192,0,0,5,5
C25L73,73,25,288523.532,8007129.192,0,0,5,5
C26L73,73,26,289023.532,8007129.192,0,0,5,5
C27L73,73,27,289523.532,8007129.192,0,0,5,5
C28L73,73,28,290023.532,8007129.192,0,0,5,5
C29L73,73,29,290523.532,8007129.192,0,0,5,3
C30L73,73,30,291023.532,8007129.192,1,0,5,1
C31L73,73,31,291523.532,8007129.192,1,0,5,1
C32L73,73,32,292023.532,8007129.192,0,0,1,1
C33L73,73,33,292523.532,8007129.192,0,0,1,1
C34L73,73,34,293023.532,8007129.192,0,0,1,1
C35L73,73,35,293523.532,8007129.192,0,0,1,1
C36L73,73,36,294023.532,8007129.192,0,0,1,1
C37L73,73,37,294523.532,8007129.192,0,0,1,1
C38L73,73,38,295023.532,8007129.192,0,0,1,1
C39L73,73,39,295523.532,8007129.192,0,0,1,1
C40L73,73,40,296023.532,8007129.192,0,0,1,1
C41L73,73,41,296523.532,8007129.192,0,1,5,1
C42L73,73,42,297023.532,8007129.192,0,1,5,1
C43L73,73,43,297523.532,8007129.192,0,1,5,1
C44L73,73,44,298023.532,8007129.192,0,1,5,1
C45L73,73,45,298523.532,8007129.192,0,0,5,1
C46L73,73,46,299023.532,8007129.192,0,0,1,1
C47L73,73,47,299523.532,8007129.192,0,0,1,1
C48L73,73,48,300023.532,8007129.192,0,0,1,1
C49L73,73,49,300523.532,8007129.192,0,0,1,1
C50L73,73,50,301023.532,8007129.192,0,0,1,1
C51L73,73,51,301523.532,8007129.192,0,0,1,1
C52L73,73,52,302023.532,8007129.192,0,0,1,1
C53L73,73,53,302523.532,8007129.192,0,0,1,1
C54L73,73,54,303023.532,8007129.192,0,0,1,1
C55L73,73,55,303523.532,8007129.192,0,0,1,1
C56L73,73,56,304023.532,8007129.192,0,0,1,1
C57L73,73,57,304523.532,8007129.192,0,0,5,1
C58L73,73,58,305023.532,8007129.192,0,1,5,1
C59L73,73,59,305523.532,8007129.192,0,1,5,1
C60L73,73,60,306023.532,8007129.192,0,1,5,5
C61L73,73,61,306523.532,8007129.192,0,0,5,1
C62L73,73,62,307023.532,8007129.192,0,0,5,1
C63L73,73,63,307523.532,8007129.192,0,0,5,1
C64L73,73,64,308023.532,8007129.192,0,1,1,0
C65L73,73,65,308523.532,8007129.192,0,1,1,0
C21L74,74,21,286523.532,8007629.192,1,0,0,0
C22L74,74,22,287023.532,8007629.192,1,0,5,0
C23L74,74,23,287523.532,8007629.192,0,0,5,5
C24L74,74,24,288023.532,8007629.192,0,0,5,5
C25L74,74,25,288523.532,8007629.192,0,0,5,5
C26L74,74,26,289023.532,8007629.192,0,0,5,5
C27L74,74,27,289523.532,8007629.192,0,0,5,5
C28L74,74,28,290023.532,8007629.192,0,0,5,5
C29L74,74,29,290523.532,8007629.192,1,0,5,5
C30L74,74,30,291023.532,8007629.192,1,0,5,1
C31L74,74,31,291523.532,8007629.192,1,0,5,1
C32L74,74,32,292023.532,8007629.192,0,0,1,1
C33L74,74,33,292523.532,8007629.192,0,0,1,1
C34L74,74,34,293023.532,8007629.192,0,0,5,1
C35L74,74,35,293523.532,8007629.192,0,1,5,1
C36L74,74,36,294023.532,8007629.192,0,1,5,1
C37L74,74,37,294523.532,8007629.192,0,1,5,1
C38L74,74,38,295023.532,8007629.192,0,1,5,1
C39L74,74,39,295523.532,8007629.192,0,1,5,1
C40L74,74,40,296023.532,8007629.192,0,1,5,1
C41L74,74,41,296523.532,8007629.192,0,1,5,1
C42L74,74,42,297023.532,8007629.192,0,1,5,1
C43L74,74,43,297523.532,8007629.192,0,0,5,1
C44L74,74,44,298023.532,8007629.192,0,1,5,1
C45L74,74,45,298523.532,8007629.192,0,1,5,1
C46L74,74,46,299023.532,8007629.192,0,1,5,1
C47L74,74,47,299523.532,8007629.192,0,1,5,1
C48L74,74,48,300023.532,8007629.192,0,0,1,1
C49L74,74,49,300523.532,8007629.192,0,0,1,1
C50L74,74,50,301023.532,8007629.192,0,1,5,1
C51L74,74,51,301523.532,8007629.192,0,0,5,1
C52L74,74,52,302023.532,8007629.192,0,0,1,1
C53L74,74,53,302523.532,8007629.192,0,0,1,1
C54L74,74,54,303023.532,8007629.192,0,0,1,1
C55L74,74,55,303523.532,8007629.192,0,0,1,1
C56L74,74,56,304023.532,8007629.192,0,0,5,1
C57L74,74,57,304523.532,8007629.192,0,1,5,1
C58L74,74,58,305023.532,8007629.192,0,1,5,1
C59L74,74,59,305523.532,8007629.192,0,1,5,5
C60L74,74,60,306023.532,8007629.192,0,0,5,1
C61L74,74,61,306523.532,8007629.192,0,0,5,1
C62L74,74,62,307023.532,8007629.192,0,0,5,1
C63L74,74,63,307523.532,8007629.192,0,0,5,1
C64L74,74,64,308023.532,8007629.192,0,1,5,0
C22L75,75,22,287023.532,8008129.192,1,0,5,0
C23L75,75,23,287523.532,8008129.192,0,0,5,5
C24L75,75,24,288023.532,8008129.192,0,0,5,5
C25L75,75,25,288523.532,8008129.192,0,0,5,5
C26L75,75,26,289023.532,8008129.192,0,0,5,5
C27L75,75,27,289523.532,8008129.192,0,0,5,5
C28L75,75,28,290023.532,8008129.192,0,0,5,5
C29L75,75,29,290523.532,8008129.192,1,0,5,5
C30L75,75,30,291023.532,8008129.192,0,0,5,5
C31L75,75,31,291523.532,8008129.192,1,0,5,1
C32L75,75,32,292023.532,8008129.192,1,0,5,1
C33L75,75,33,292523.532,8008129.192,0,0,1,1
C34L75,75,34,293023.532,8008129.192,0,0,5,1
C35L75,75,35,293523.532,8008129.192,0,0,5,1
C36L75,75,36,294023.532,8008129.192,0,0,1,1
C37L75,75,37,294523.532,8008129.192,0,0,1,1
C38L75,75,38,295023.532,8008129.192,0,0,1,1
C39L75,75,39,295523.532,8008129.192,0,0,5,1
C40L75,75,40,296023.532,8008129.192,0,0,1,1
C41L75,75,41,296523.532,8008129.192,0,0,1,1
C42L75,75,42,297023.532,8008129.192,0,0,1,1
C43L75,75,43,297523.532,8008129.192,0,0,1,1
C44L75,75,44,298023.532,8008129.192,0,0,1,1
C45L75,75,45,298523.532,8008129.192,0,0,1,1
C46L75,75,46,299023.532,8008129.192,0,0,1,1
C47L75,75,47,299523.532,8008129.192,0,1,5,1
C48L75,75,48,300023.532,8008129.192,0,0,5,1
C49L75,75,49,300523.532,8008129.192,0,0,1,1
C50L75,75,50,301023.532,8008129.192,0,1,5,1
C51L75,75,51,301523.532,8008129.192,0,0,5,1
C52L75,75,52,302023.532,8008129.192,0,0,1,1
C53L75,75,53,302523.532,8008129.192,0,0,1,1
C54L75,75,54,303023.532,8008129.192,0,0,5,1
C55L75,75,55,303523.532,8008129.192,0,0,5,1
C56L75,75,56,304023.532,8008129.192,0,1,5,1
C57L75,75,57,304523.532,8008129.192,0,1,5,1
C58L75,75,58,305023.532,8008129.192,0,0,5,1
C59L75,75,59,305523.532,8008129.192,0,1,5,1
C60L75,75,60,306023.532,8008129.192,0,0,5,1
C61L75,75,61,306523.532,8008129.192,0,0,5,1
C62L75,75,62,307023.532,8008129.192,0,0,5,1
C63L75,75,63,307523.532,8008129.192,0,0,5,1
C64L75,75,64,308023.532,8008129.192,0,1,1,0
C22L76,76,22,287023.532,8008629.192,1,0,5,0
C23L76,76,23,287523.532,8008629.192,1,0,5,0
C24L76,76,24,288023.532,8008629.192,0,0,5,5
C25L76,76,25,288523.532,8008629.192,0,0,5,5
C26L76,76,26,289023.532,8008629.192,0,0,5,5
C27L76,76,27,289523.532,8008629.192,0,0,5,5
C28L76,76,28,290023.532,8008629.192,1,0,5,5
C29L76,76,29,290523.532,8008629.192,1,0,5,5
C30L76,76,30,291023.532,8008629.192,0,0,5,5
C31L76,76,31,291523.532,8008629.192,0,0,5,4
C32L76,76,32,292023.532,8008629.192,1,0,5,1
C33L76,76,33,292523.532,8008629.192,1,0,5,1
C34L76,76,34,293023.532,8008629.192,1,0,5,1
C35L76,76,35,293523.532,8008629.192,0,0,1,1
C36L76,76,36,294023.532,8008629.192,0,0,1,1
C37L76,76,37,294523.532,8008629.192,0,0,1,1
C38L76,76,38,295023.532,8008629.192,1,0,5,1
C39L76,76,39,295523.532,8008629.192,1,0,5,1
C40L76,76,40,296023.532,8008629.192,1,0,1,1
C41L76,76,41,296523.532,8008629.192,0,0,1,1
C42L76,76,42,297023.532,8008629.192,0,0,1,1
C43L76,76,43,297523.532,8008629.192,0,0,1,1
C44L76,76,44,298023.532,8008629.192,0,0,1,1
C45L76,76,45,298523.532,8008629.192,0,1,5,1
C46L76,76,46,299023.532,8008629.192,0,1,5,1
C47L76,76,47,299523.532,8008629.192,0,1,5,1
C48L76,76,48,300023.532,8008629.192,0,1,5,1
C49L76,76,49,300523.532,8008629.192,0,1,5,1
C50L76,76,50,301023.532,8008629.192,0,1,5,1
C51L76,76,51,301523.532,8008629.192,0,1,5,1
C52L76,76,52,302023.532,8008629.192,0,1,5,1
C53L76,76,53,302523.532,8008629.192,0,1,5,1
C54L76,76,54,303023.532,8008629.192,0,1,5,1
C55L76,76,55,303523.532,8008629.192,0,1,5,1
C56L76,76,56,304023.532,8008629.192,0,1,5,1
C57L76,76,57,304523.532,8008629.192,0,1,5,1
C58L76,76,58,305023.532,8008629.192,0,0,5,1
C59L76,76,59,305523.532,8008629.192,0,0,5,1
C60L76,76,60,306023.532,8008629.192,0,0,1,1
C61L76,76,61,306523.532,8008629.192,0,0,5,1
C62L76,76,62,307023.532,8008629.192,0,0,1,1
C63L76,76,63,307523.532,8008629.192,0,0,1,1
C64L76,76,64,308023.532,8008629.192,0,1,1,0
C65L76,76,65,308523.532,8008629.192,0,1,1,0
C23L77,77,23,287523.532,8009129.192,1,0,5,0
C24L77,77,24,288023.532,8009129.192,0,0,5,5
C25L77,77,25,288523.532,8009129.192,0,0,5,5
C26L77,77,26,289023.532,8009129.192,0,0,5,5
C27L77,77,27,289523.532,8009129.192,1,0,5,5
C28L77,77,28,290023.532,8009129.192,1,0,5,5
C29L77,77,29,290523.532,8009129.192,0,0,5,5
C30L77,77,30,291023.532,8009129.192,0,0,5,5
C31L77,77,31,291523.532,8009129.192,0,0,5,4
C32L77,77,32,292023.532,8009129.192,0,0,5,4
C33L77,77,33,292523.532,8009129.192,0,0,5,5
C34L77,77,34,293023.532,8009129.192,1,0,5,1
C35L77,77,35,293523.532,8009129.192,1,0,5,1
C36L77,77,36,294023.532,8009129.192,1,0,5,1
C37L77,77,37,294523.532,8009129.192,1,0,5,1
C38L77,77,38,295023.532,8009129.192,1,0,5,1
C39L77,77,39,295523.532,8009129.192,1,0,5,5
C40L77,77,40,296023.532,8009129.192,1,0,5,1
C41L77,77,41,296523.532,8009129.192,1,0,5,1
C42L77,77,42,297023.532,8009129.192,0,0,1,1
C43L77,77,43,297523.532,8009129.192,0,0,1,1
C44L77,77,44,298023.532,8009129.192,0,0,1,1
C45L77,77,45,298523.532,8009129.192,0,1,1,1
C46L77,77,46,299023.532,8009129.192,0,0,1,1
C47L77,77,47,299523.532,8009129.192,0,0,1,1
C48L77,77,48,300023.532,8009129.192,0,0,5,1
C49L77,77,49,300523.532,8009129.192,0,1,5,1
C50L77,77,50,301023.532,8009129.192,0,1,1,1
C51L77,77,51,301523.532,8009129.192,0,0,1,1
C52L77,77,52,302023.532,8009129.192,0,1,5,1
C53L77,77,53,302523.532,8009129.192,0,1,5,1
C54L77,77,54,303023.532,8009129.192,0,0,5,1
C55L77,77,55,303523.532,8009129.192,0,0,5,1
C56L77,77,56,304023.532,8009129.192,0,1,5,1
C57L77,77,57,304523.532,8009129.192,0,1,5,1
C58L77,77,58,305023.532,8009129.192,0,0,5,1
C59L77,77,59,305523.532,8009129.192,0,0,5,1
C60L77,77,60,306023.532,8009129.192,0,0,1,1
C61L77,77,61,306523.532,8009129.192,0,0,1,1
C62L77,77,62,307023.532,8009129.192,0,1,1,1
C63L77,77,63,307523.532,8009129.192,0,1,1,1
C64L77,77,64,308023.532,8009129.192,0,1,1,0
C23L78,78,23,287523.532,8009629.192,1,0,5,0
C24L78,78,24,288023.532,8009629.192,0,0,5,5
C25L78,78,25,288523.532,8009629.192,0,0,5,5
C26L78,78,26,289023.532,8009629.192,1,0,5,5
C27L78,78,27,289523.532,8009629.192,1,0,5,5
C28L78,78,28,290023.532,8009629.192,0,0,5,5
C29L78,78,29,290523.532,8009629.192,0,0,5,5
C30L78,78,30,291023.532,8009629.192,0,0,5,5
C31L78,78,31,291523.532,8009629.192,0,0,5,5
C32L78,78,32,292023.532,8009629.192,0,0,5,5
C33L78,78,33,292523.532,8009629.192,0,0,5,5
C34L78,78,34,293023.532,8009629.192,0,0,5,5
C35L78,78,35,293523.532,8009629.192,0,0,5,5
C36L78,78,36,294023.532,8009629.192,0,0,5,5
C37L78,78,37,294523.532,8009629.192,0,0,5,5
C38L78,78,38,295023.532,8009629.192,0,0,5,5
C39L78,78,39,295523.532,8009629.192,0,0,5,5
C40L78,78,40,296023.532,8009629.192,0,0,5,5
C41L78,78,41,296523.532,8009629.192,1,0,5,5
C42L78,78,42,297023.532,8009629.192,1,0,5,1
C43L78,78,43,297523.532,8009629.192,0,0,1,1
C44L78,78,44,298023.532,8009629.192,0,0,1,1
C45L78,78,45,298523.532,8009629.192,0,0,1,1
C46L78,78,46,299023.532,8009629.192,0,0,1,1
C47L78,78,47,299523.532,8009629.192,0,0,5,1
C48L78,78,48,300023.532,8009629.192,0,1,5,1
C49L78,78,49,300523.532,8009629.192,0,1,5,1
C50L78,78,50,301023.532,8009629.192,0,0,5,1
C51L78,78,51,301523.532,8009629.192,0,0,1,1
C52L78,78,52,302023.532,8009629.192,0,0,1,1
C53L78,78,53,302523.532,8009629.192,0,0,5,1
C54L78,78,54,303023.532,8009629.192,0,0,1,1
C55L78,78,55,303523.532,8009629.192,0,0,1,1
C56L78,78,56,304023.532,8009629.192,0,0,1,1
C57L78,78,57,304523.532,8009629.192,0,0,1,1
C58L78,78,58,305023.532,8009629.192,0,0,5,1
C59L78,78,59,305523.532,8009629.192,0,0,5,1
C60L78,78,60,306023.532,8009629.192,0,0,1,1
C61L78,78,61,306523.532,8009629.192,0,1,1,1
C62L78,78,62,307023.532,8009629.192,0,1,1,1
C63L78,78,63,307523.532,8009629.192,0,0,1,1
C64L78,78,64,308023.532,8009629.192,0,1,1,0
C23L79,79,23,287523.532,8010129.192,1,0,0,0
C24L79,79,24,288023.532,8010129.192,1,0,5,0
C25L79,79,25,288523.532,8010129.192,1,0,5,5
C26L79,79,26,289023.532,8010129.192,1,0,5,5
C27L79,79,27,289523.532,8010129.192,0,0,5,5
C28L79,79,28,290023.532,8010129.192,0,0,5,5
C29L79,79,29,290523.532,8010129.192,0,0,5,5
C30L79,79,30,291023.532,8010129.192,0,0,5,5
C31L79,79,31,291523.532,8010129.192,0,0,5,5
C32L79,79,32,292023.532,8010129.192,0,0,5,5
C33L79,79,33,292523.532,8010129.192,0,0,5,5
C34L79,79,34,293023.532,8010129.192,0,0,5,5
C35L79,79,35,293523.532,8010129.192,0,0,5,5
C36L79,79,36,294023.532,8010129.192,0,0,5,5
C37L79,79,37,294523.532,8010129.192,0,0,5,5
C38L79,79,38,295023.532,8010129.192,0,0,5,5
C39L79,79,39,295523.532,8010129.192,0,0,5,5
C40L79,79,40,296023.532,8010129.192,0,0,5,4
C41L79,79,41,296523.532,8010129.192,0,0,5,4
C42L79,79,42,297023.532,8010129.192,1,0,5,1
C43L79,79,43,297523.532,8010129.192,1,0,5,1
C44L79,79,44,298023.532,8010129.192,0,0,1,1
C45L79,79,45,298523.532,8010129.192,0,0,1,1
C46L79,79,46,299023.532,8010129.192,0,0,1,1
C47L79,79,47,299523.532,8010129.192,0,0,5,1
C48L79,79,48,300023.532,8010129.192,0,1,5,1
C49L79,79,49,300523.532,8010129.192,0,1,5,1
C50L79,79,50,301023.532,8010129.192,0,0,5,1
C51L79,79,51,301523.532,8010129.192,0,0,1,1
C52L79,79,52,302023.532,8010129.192,0,0,1,1
C53L79,79,53,302523.532,8010129.192,0,0,1,1
C54L79,79,54,303023.532,8010129.192,0,0,1,1
C55L79,79,55,303523.532,8010129.192,0,0,1,1
C56L79,79,56,304023.532,8010129.192,0,0,1,1
C57L79,79,57,304523.532,8010129.192,0,0,1,1
C58L79,79,58,305023.532,8010129.192,0,0,5,1
C59L79,79,59,305523.532,8010129.192,0,0,1,1
C60L79,79,60,306023.532,8010129.192,0,0,5,1
C61L79,79,61,306523.532,8010129.192,0,1,1,1
C62L79,79,62,307023.532,8010129.192,0,0,1,1
C63L79,79,63,307523.532,8010129.192,0,1,1,0
C64L79,79,64,308023.532,8010129.192,0,1,1,0
C24L80,80,24,288023.532,8010629.192,1,0,5,0
C25L80,80,25,288523.532,8010629.192,1,0,5,5
C26L80,80,26,289023.532,8010629.192,0,0,5,5
C27L80,80,27,289523.532,8010629.192,0,0,5,5
C28L80,80,28,290023.532,8010629.192,0,0,5,5
C29L80,80,29,290523.532,8010629.192,0,0,5,5
C30L80,80,30,291023.532,8010629.192,0,0,5,5
C31L80,80,31,291523.532,8010629.192,0,0,5,5
C32L80,80,32,292023.532,8010629.192,0,0,5,5
C33L80,80,33,292523.532,8010629.192,0,0,5,5
C34L80,80,34,293023.532,8010629.192,0,0,5,5
C35L80,80,35,293523.532,8010629.192,0,0,5,5
C36L80,80,36,294023.532,8010629.192,0,0,5,5
C37L80,80,37,294523.532,8010629.192,0,0,5,5
C38L80,80,38,295023.532,8010629.192,0,0,5,4
C39L80,80,39,295523.532,8010629.192,0,0,5,4
C40L80,80,40,296023.532,8010629.192,0,0,5,4
C41L80,80,41,296523.532,8010629.192,0,0,4,4
C42L80,80,42,297023.532,8010629.192,1,0,4,1
C43L80,80,43,297523.532,8010629.192,1,0,4,1
C44L80,80,44,298023.532,8010629.192,0,0,1,1
C45L80,80,45,298523.532,8010629.192,0,0,1,1
C46L80,80,46,299023.532,8010629.192,0,0,1,1
C47L80,80,47,299523.532,8010629.192,0,1,5,1
C48L80,80,48,300023.532,8010629.192,0,1,5,1
C49L80,80,49,300523.532,8010629.192,0,1,1,1
C50L80,80,50,301023.532,8010629.192,0,1,5,1
C51L80,80,51,301523.532,8010629.192,0,1,1,1
C52L80,80,52,302023.532,8010629.192,0,0,1,1
C53L80,80,53,302523.532,8010629.192,0,0,1,1
C54L80,80,54,303023.532,8010629.192,0,0,1,1
C55L80,80,55,303523.532,8010629.192,0,0,1,1
C56L80,80,56,304023.532,8010629.192,0,0,1,1
C57L80,80,57,304523.532,8010629.192,0,0,1,1
C58L80,80,58,305023.532,8010629.192,0,0,1,1
C59L80,80,59,305523.532,8010629.192,0,0,5,1
C60L80,80,60,306023.532,8010629.192,0,1,5,1
C61L80,80,61,306523.532,8010629.192,0,1,5,1
C62L80,80,62,307023.532,8010629.192,0,1,1,0
C63L80,80,63,307523.532,8010629.192,0,1,1,0
C24L81,81,24,288023.532,8011129.192,1,0,5,0
C25L81,81,25,288523.532,8011129.192,0,0,5,5
C26L81,81,26,289023.532,8011129.192,0,0,5,5
C27L81,81,27,289523.532,8011129.192,0,0,5,5
C28L81,81,28,290023.532,8011129.192,0,0,5,5
C29L81,81,29,290523.532,8011129.192,0,0,5,5
C30L81,81,30,291023.532,8011129.192,0,0,5,5
C31L81,81,31,291523.532,8011129.192,0,0,5,5
C32L81,81,32,292023.532,8011129.192,0,0,5,5
C33L81,81,33,292523.532,8011129.192,0,0,5,5
C34L81,81,34,293023.532,8011129.192,0,0,5,5
C35L81,81,35,293523.532,8011129.192,0,0,5,5
C36L81,81,36,294023.532,8011129.192,0,0,5,4
C37L81,81,37,294523.532,8011129.192,0,0,5,4
C38L81,81,38,295023.532,8011129.192,0,0,5,4
C39L81,81,39,295523.532,8011129.192,0,0,4,4
C40L81,81,40,296023.532,8011129.192,0,0,4,4
C41L81,81,41,296523.532,8011129.192,1,0,4,1
C42L81,81,42,297023.532,8011129.192,1,0,4,1
C43L81,81,43,297523.532,8011129.192,0,1,5,1
C44L81,81,44,298023.532,8011129.192,0,1,5,1
C45L81,81,45,298523.532,8011129.192,0,1,5,1
C46L81,81,46,299023.532,8011129.192,0,1,5,1
C47L81,81,47,299523.532,8011129.192,0,1,5,1
C48L81,81,48,300023.532,8011129.192,0,1,5,1
C49L81,81,49,300523.532,8011129.192,0,0,1,1
C50L81,81,50,301023.532,8011129.192,0,1,1,1
C51L81,81,51,301523.532,8011129.192,0,1,1,1
C52L81,81,52,302023.532,8011129.192,0,1,1,1
C53L81,81,53,302523.532,8011129.192,0,0,1,1
C54L81,81,54,303023.532,8011129.192,0,0,1,1
C55L81,81,55,303523.532,8011129.192,0,0,1,1
C56L81,81,56,304023.532,8011129.192,0,0,1,1
C57L81,81,57,304523.532,8011129.192,0,0,1,1
C58L81,81,58,305023.532,8011129.192,0,0,5,1
C59L81,81,59,305523.532,8011129.192,0,0,5,1
C60L81,81,60,306023.532,8011129.192,0,1,5,5
C61L81,81,61,306523.532,8011129.192,0,1,5,0
C62L81,81,62,307023.532,8011129.192,0,1,1,0
C24L82,82,24,288023.532,8011629.192,1,0,5,0
C25L82,82,25,288523.532,8011629.192,0,0,5,5
C26L82,82,26,289023.532,8011629.192,0,0,5,5
C27L82,82,27,289523.532,8011629.192,0,0,5,5
C28L82,82,28,290023.532,8011629.192,0,0,5,5
C29L82,82,29,290523.532,8011629.192,0,0,5,5
C30L82,82,30,291023.532,8011629.192,0,0,5,5
C31L82,82,31,291523.532,8011629.192,0,0,5,5
C32L82,82,32,292023.532,8011629.192,0,0,5,5
C33L82,82,33,292523.532,8011629.192,0,0,5,5
C34L82,82,34,293023.532,8011629.192,0,0,5,5
C35L82,82,35,293523.532,8011629.192,0,0,5,4
C36L82,82,36,294023.532,8011629.192,0,0,5,4
C37L82,82,37,294523.532,8011629.192,0,0,4,4
C38L82,82,38,295023.532,8011629.192,0,0,4,4
C39L82,82,39,295523.532,8011629.192,0,0,4,4
C40L82,82,40,296023.532,8011629.192,0,0,4,4
C41L82,82,41,296523.532,8011629.192,1,0,4,1
C42L82,82,42,297023.532,8011629.192,0,0,1,1
C43L82,82,43,297523.532,8011629.192,0,1,5,1
C44L82,82,44,298023.532,8011629.192,0,1,5,1
C45L82,82,45,298523.532,8011629.192,0,0,5,1
C46L82,82,46,299023.532,8011629.192,0,1,5,1
C47L82,82,47,299523.532,8011629.192,0,0,1,1
C48L82,82,48,300023.532,8011629.192,0,1,5,1
C49L82,82,49,300523.532,8011629.192,0,0,1,1
C50L82,82,50,301023.532,8011629.192,0,0,1,1
C51L82,82,51,301523.532,8011629.192,0,0,1,1
C52L82,82,52,302023.532,8011629.192,0,0,1,1
C53L82,82,53,302523.532,8011629.192,0,0,1,1
C54L82,82,54,303023.532,8011629.192,0,0,1,1
C55L82,82,55,303523.532,8011629.192,0,0,1,1
C56L82,82,56,304023.532,8011629.192,0,0,1,1
C57L82,82,57,304523.532,8011629.192,0,0,5,1
C58L82,82,58,305023.532,8011629.192,0,0,5,1
C59L82,82,59,305523.532,8011629.192,0,1,5,5
C60L82,82,60,306023.532,8011629.192,0,1,5,0
C61L82,82,61,306523.532,8011629.192,0,0,0,0
C24L83,83,24,288023.532,8012129.192,1,0,5,0
C25L83,83,25,288523.532,8012129.192,0,0,5,5
C26L83,83,26,289023.532,8012129.192,0,0,5,5
C27L83,83,27,289523.532,8012129.192,0,0,5,5
C28L83,83,28,290023.532,8012129.192,0,0,5,5
C29L83,83,29,290523.532,8012129.192,0,0,5,5
C30L83,83,30,291023.532,8012129.192,0,0,5,5
C31L83,83,31,291523.532,8012129.192,0,0,5,5
C32L83,83,32,292023.532,8012129.192,0,0,5,5
C33L83,83,33,292523.532,8012129.192,0,0,5,5
C34L83,83,34,293023.532,8012129.192,0,0,5,5
C35L83,83,35,293523.532,8012129.192,0,0,5,4
C36L83,83,36,294023.532,8012129.192,0,0,4,4
C37L83,83,37,294523.532,8012129.192,0,0,4,4
C38L83,83,38,295023.532,8012129.192,0,0,4,4
C39L83,83,39,295523.532,8012129.192,0,0,4,4
C40L83,83,40,296023.532,8012129.192,0,0,4,4
C41L83,83,41,296523.532,8012129.192,1,0,5,1
C42L83,83,42,297023.532,8012129.192,1,0,4,1
C43L83,83,43,297523.532,8012129.192,0,1,5,1
C44L83,83,44,298023.532,8012129.192,0,0,1,1
C45L83,83,45,298523.532,8012129.192,0,0,1,1
C46L83,83,46,299023.532,8012129.192,0,1,5,1
C47L83,83,47,299523.532,8012129.192,0,1,5,1
C48L83,83,48,300023.532,8012129.192,0,0,1,1
C49L83,83,49,300523.532,8012129.192,0,0,1,1
C50L83,83,50,301023.532,8012129.192,0,0,1,1
C51L83,83,51,301523.532,8012129.192,0,0,1,1
C52L83,83,52,302023.532,8012129.192,0,0,1,1
C53L83,83,53,302523.532,8012129.192,0,0,1,1
C54L83,83,54,303023.532,8012129.192,0,0,5,1
C55L83,83,55,303523.532,8012129.192,0,0,5,1
C56L83,83,56,304023.532,8012129.192,0,0,1,1
C57L83,83,57,304523.532,8012129.192,0,0,5,1
C58L83,83,58,305023.532,8012129.192,0,0,5,1
C59L83,83,59,305523.532,8012129.192,0,1,5,5
C60L83,83,60,306023.532,8012129.192,0,1,5,0
C24L84,84,24,288023.532,8012629.192,1,0,5,0
C25L84,84,25,288523.532,8012629.192,0,0,5,5
C26L84,84,26,289023.532,8012629.192,0,0,5,5
C27L84,84,27,289523.532,8012629.192,0,0,5,5
C28L84,84,28,290023.532,8012629.192,0,0,5,5
C29L84,84,29,290523.532,8012629.192,0,0,5,5
C30L84,84,30,291023.532,8012629.192,0,0,5,5
C31L84,84,31,291523.532,8012629.192,0,0,5,4
C32L84,84,32,292023.532,8012629.192,0,0,5,4
C33L84,84,33,292523.532,8012629.192,0,0,5,5
C34L84,84,34,293023.532,8012629.192,0,0,5,5
C35L84,84,35,293523.532,8012629.192,0,0,5,5
C36L84,84,36,294023.532,8012629.192,0,0,5,4
C37L84,84,37,294523.532,8012629.192,0,0,5,4
C38L84,84,38,295023.532,8012629.192,0,0,5,4
C39L84,84,39,295523.532,8012629.192,0,0,5,4
C40L84,84,40,296023.532,8012629.192,0,0,5,4
C41L84,84,41,296523.532,8012629.192,0,0,5,4
C42L84,84,42,297023.532,8012629.192,1,0,5,1
C43L84,84,43,297523.532,8012629.192,0,0,1,1
C44L84,84,44,298023.532,8012629.192,1,0,5,1
C45L84,84,45,298523.532,8012629.192,1,0,5,1
C46L84,84,46,299023.532,8012629.192,0,0,1,1
C47L84,84,47,299523.532,8012629.192,0,0,1,1
C48L84,84,48,300023.532,8012629.192,1,0,4,1
C49L84,84,49,300523.532,8012629.192,0,0,1,1
C50L84,84,50,301023.532,8012629.192,0,0,1,1
C51L84,84,51,301523.532,8012629.192,0,0,1,1
C52L84,84,52,302023.532,8012629.192,0,0,1,1
C53L84,84,53,302523.532,8012629.192,0,0,1,1
C54L84,84,54,303023.532,8012629.192,0,0,5,1
C55L84,84,55,303523.532,8012629.192,0,0,5,1
C56L84,84,56,304023.532,8012629.192,0,0,1,1
C57L84,84,57,304523.532,8012629.192,0,0,1,1
C58L84,84,58,305023.532,8012629.192,0,0,5,1
C59L84,84,59,305523.532,8012629.192,0,0,5,1
C60L84,84,60,306023.532,8012629.192,0,1,5,0
C24L85,85,24,288023.532,8013129.192,1,0,5,0
C25L85,85,25,288523.532,8013129.192,1,0,5,5
C26L85,85,26,289023.532,8013129.192,1,0,5,5
C27L85,85,27,289523.532,8013129.192,0,0,5,5
C28L85,85,28,290023.532,8013129.192,0,0,5,5
C29L85,85,29,290523.532,8013129.192,0,0,5,5
C30L85,85,30,291023.532,8013129.192,0,0,5,5
C31L85,85,31,291523.532,8013129.192,0,0,5,4
C32L85,85,32,292023.532,8013129.192,0,0,5,5
C33L85,85,33,292523.532,8013129.192,0,0,5,5
C34L85,85,34,293023.532,8013129.192,0,0,5,5
C35L85,85,35,293523.532,8013129.192,0,0,5,5
C36L85,85,36,294023.532,8013129.192,0,0,5,5
C37L85,85,37,294523.532,8013129.192,0,0,5,5
C38L85,85,38,295023.532,8013129.192,0,0,5,5
C39L85,85,39,295523.532,8013129.192,0,0,5,5
C40L85,85,40,296023.532,8013129.192,0,0,5,5
C41L85,85,41,296523.532,8013129.192,0,0,5,5
C42L85,85,42,297023.532,8013129.192,1,0,5,1
C43L85,85,43,297523.532,8013129.192,1,0,5,1
C44L85,85,44,298023.532,8013129.192,1,0,5,1
C45L85,85,45,298523.532,8013129.192,1,0,5,1
C46L85,85,46,299023.532,8013129.192,1,0,5,1
C47L85,85,47,299523.532,8013129.192,1,0,4,1
C48L85,85,48,300023.532,8013129.192,1,0,4,1
C49L85,85,49,300523.532,8013129.192,1,0,4,1
C50L85,85,50,301023.532,8013129.192,0,0,1,1
C51L85,85,51,301523.532,8013129.192,0,0,1,1
C52L85,85,52,302023.532,8013129.192,0,0,1,1
C53L85,85,53,302523.532,8013129.192,0,0,5,1
C54L85,85,54,303023.532,8013129.192,0,1,5,1
C55L85,85,55,303523.532,8013129.192,0,1,5,1
C56L85,85,56,304023.532,8013129.192,0,1,5,1
C57L85,85,57,304523.532,8013129.192,0,0,5,1
C58L85,85,58,305023.532,8013129.192,0,1,5,1
C59L85,85,59,305523.532,8013129.192,0,1,5,1
C60L85,85,60,306023.532,8013129.192,0,1,5,0
C24L86,86,24,288023.532,8013629.192,1,0,5,0
C25L86,86,25,288523.532,8013629.192,1,0,5,5
C26L86,86,26,289023.532,8013629.192,1,0,5,5
C27L86,86,27,289523.532,8013629.192,1,0,5,5
C28L86,86,28,290023.532,8013629.192,0,0,5,5
C29L86,86,29,290523.532,8013629.192,0,0,5,5
C30L86,86,30,291023.532,8013629.192,0,0,5,5
C31L86,86,31,291523.532,8013629.192,0,0,5,5
C32L86,86,32,292023.532,8013629.192,0,0,5,5
C33L86,86,33,292523.532,8013629.192,0,0,5,5
C34L86,86,34,293023.532,8013629.192,0,0,5,5
C35L86,86,35,293523.532,8013629.192,0,0,5,5
C36L86,86,36,294023.532,8013629.192,0,0,5,5
C37L86,86,37,294523.532,8013629.192,0,0,5,5
C38L86,86,38,295023.532,8013629.192,0,0,5,5
C39L86,86,39,295523.532,8013629.192,0,0,5,5
C40L86,86,40,296023.532,8013629.192,0,0,5,5
C41L86,86,41,296523.532,8013629.192,0,0,5,5
C42L86,86,42,297023.532,8013629.192,0,0,5,4
C43L86,86,43,297523.532,8013629.192,0,0,5,4
C44L86,86,44,298023.532,8013629.192,0,0,5,4
C45L86,86,45,298523.532,8013629.192,0,0,4,4
C46L86,86,46,299023.532,8013629.192,0,0,4,4
C47L86,86,47,299523.532,8013629.192,0,0,4,4
C48L86,86,48,300023.532,8013629.192,0,0,4,4
C49L86,86,49,300523.532,8013629.192,1,0,5,1
C50L86,86,50,301023.532,8013629.192,1,0,5,1
C51L86,86,51,301523.532,8013629.192,0,0,1,1
C52L86,86,52,302023.532,8013629.192,0,0,1,1
C53L86,86,53,302523.532,8013629.192,0,0,1,1
C54L86,86,54,303023.532,8013629.192,0,0,5,1
C55L86,86,55,303523.532,8013629.192,0,1,5,1
C56L86,86,56,304023.532,8013629.192,0,1,5,1
C57L86,86,57,304523.532,8013629.192,0,1,5,1
C58L86,86,58,305023.532,8013629.192,0,1,5,1
C59L86,86,59,305523.532,8013629.192,0,1,5,1
C60L86,86,60,306023.532,8013629.192,0,1,5,0
C24L87,87,24,288023.532,8014129.192,1,0,5,0
C25L87,87,25,288523.532,8014129.192,1,0,5,5
C26L87,87,26,289023.532,8014129.192,0,0,5,5
C27L87,87,27,289523.532,8014129.192,1,0,5,5
C28L87,87,28,290023.532,8014129.192,1,0,5,2
C29L87,87,29,290523.532,8014129.192,1,0,5,2
C30L87,87,30,291023.532,8014129.192,1,0,5,5
C31L87,87,31,291523.532,8014129.192,0,0,5,5
C32L87,87,32,292023.532,8014129.192,0,0,5,5
C33L87,87,33,292523.532,8014129.192,0,0,5,5
C34L87,87,34,293023.532,8014129.192,0,0,5,5
C35L87,87,35,293523.532,8014129.192,0,0,5,5
C36L87,87,36,294023.532,8014129.192,0,0,5,5
C37L87,87,37,294523.532,8014129.192,0,0,5,5
C38L87,87,38,295023.532,8014129.192,0,0,5,5
C39L87,87,39,295523.532,8014129.192,0,0,5,5
C40L87,87,40,296023.532,8014129.192,0,0,5,4
C41L87,87,41,296523.532,8014129.192,0,0,5,4
C42L87,87,42,297023.532,8014129.192,0,0,5,4
C43L87,87,43,297523.532,8014129.192,0,0,4,4
C44L87,87,44,298023.532,8014129.192,0,0,4,4
C45L87,87,45,298523.532,8014129.192,0,0,4,4
C46L87,87,46,299023.532,8014129.192,0,0,4,4
C47L87,87,47,299523.532,8014129.192,0,0,4,4
C48L87,87,48,300023.532,8014129.192,0,0,5,4
C49L87,87,49,300523.532,8014129.192,1,0,5,1
C50L87,87,50,301023.532,8014129.192,1,0,5,1
C51L87,87,51,301523.532,8014129.192,0,0,1,1
C52L87,87,52,302023.532,8014129.192,0,0,1,1
C53L87,87,53,302523.532,8014129.192,0,0,1,1
C54L87,87,54,303023.532,8014129.192,0,1,5,1
C55L87,87,55,303523.532,8014129.192,0,1,5,1
C56L87,87,56,304023.532,8014129.192,0,1,5,1
C57L87,87,57,304523.532,8014129.192,0,1,5,1
C58L87,87,58,305023.532,8014129.192,0,0,1,1
C59L87,87,59,305523.532,8014129.192,0,0,1,1
C60L87,87,60,306023.532,8014129.192,0,1,5,0
C24L88,88,24,288023.532,8014629.192,1,0,5,0
C25L88,88,25,288523.532,8014629.192,1,0,5,5
C26L88,88,26,289023.532,8014629.192,1,0,5,5
C27L88,88,27,289523.532,8014629.192,1,0,5,5
C28L88,88,28,290023.532,8014629.192,1,0,5,2
C29L88,88,29,290523.532,8014629.192,0,1,5,2
C30L88,88,30,291023.532,8014629.192,1,0,5,2
C31L88,88,31,291523.532,8014629.192,1,0,5,5
C32L88,88,32,292023.532,8014629.192,0,0,5,5
C33L88,88,33,292523.532,8014629.192,0,0,5,5
C34L88,88,34,293023.532,8014629.192,0,0,5,5
C35L88,88,35,293523.532,8014629.192,0,0,5,5
C36L88,88,36,294023.532,8014629.192,0,0,5,5
C37L88,88,37,294523.532,8014629.192,0,0,5,5
C38L88,88,38,295023.532,8014629.192,0,0,5,5
C39L88,88,39,295523.532,8014629.192,0,0,5,4
C40L88,88,40,296023.532,8014629.192,0,0,5,4
C41L88,88,41,296523.532,8014629.192,0,0,4,4
C42L88,88,42,297023.532,8014629.192,0,0,4,4
C43L88,88,43,297523.532,8014629.192,0,0,4,4
C44L88,88,44,298023.532,8014629.192,0,0,4,4
C45L88,88,45,298523.532,8014629.192,0,0,4,4
C46L88,88,46,299023.532,8014629.192,0,0,4,4
C47L88,88,47,299523.532,8014629.192,0,0,4,4
C48L88,88,48,300023.532,8014629.192,1,0,5,1
C49L88,88,49,300523.532,8014629.192,1,0,5,1
C50L88,88,50,301023.532,8014629.192,0,0,1,1
C51L88,88,51,301523.532,8014629.192,0,0,1,1
C52L88,88,52,302023.532,8014629.192,0,0,1,1
C53L88,88,53,302523.532,8014629.192,0,1,5,1
C54L88,88,54,303023.532,8014629.192,0,1,5,1
C55L88,88,55,303523.532,8014629.192,0,0,5,1
C56L88,88,56,304023.532,8014629.192,0,0,5,1
C57L88,88,57,304523.532,8014629.192,0,0,1,1
C58L88,88,58,305023.532,8014629.192,0,0,1,1
C59L88,88,59,305523.532,8014629.192,0,1,5,1
C60L88,88,60,306023.532,8014629.192,0,1,5,1
C61L88,88,61,306523.532,8014629.192,0,1,5,0
C23L89,89,23,287523.532,8015129.192,1,0,5,0
C24L89,89,24,288023.532,8015129.192,1,0,5,5
C25L89,89,25,288523.532,8015129.192,0,0,5,5
C26L89,89,26,289023.532,8015129.192,0,0,5,5
C27L89,89,27,289523.532,8015129.192,0,0,5,5
C28L89,89,28,290023.532,8015129.192,1,0,5,5
C29L89,89,29,290523.532,8015129.192,1,1,5,2
C30L89,89,30,291023.532,8015129.192,0,1,5,5
C31L89,89,31,291523.532,8015129.192,1,0,5,5
C32L89,89,32,292023.532,8015129.192,0,0,5,5
C33L89,89,33,292523.532,8015129.192,0,0,5,5
C34L89,89,34,293023.532,8015129.192,0,0,5,5
C35L89,89,35,293523.532,8015129.192,0,0,5,5
C36L89,89,36,294023.532,8015129.192,0,0,5,5
C37L89,89,37,294523.532,8015129.192,0,0,5,4
C38L89,89,38,295023.532,8015129.192,0,0,5,4
C39L89,89,39,295523.532,8015129.192,0,0,4,4
C40L89,89,40,296023.532,8015129.192,0,0,4,4
C41L89,89,41,296523.532,8015129.192,0,0,4,4
C42L89,89,42,297023.532,8015129.192,0,0,4,4
C43L89,89,43,297523.532,8015129.192,0,0,4,4
C44L89,89,44,298023.532,8015129.192,0,0,4,4
C45L89,89,45,298523.532,8015129.192,0,0,4,4
C46L89,89,46,299023.532,8015129.192,0,0,4,4
C47L89,89,47,299523.532,8015129.192,0,0,5,4
C48L89,89,48,300023.532,8015129.192,1,0,5,1
C49L89,89,49,300523.532,8015129.192,0,0,1,1
C50L89,89,50,301023.532,8015129.192,0,0,1,1
C51L89,89,51,301523.532,8015129.192,0,0,1,1
C52L89,89,52,302023.532,8015129.192,0,0,1,1
C53L89,89,53,302523.532,8015129.192,0,0,1,1
C54L89,89,54,303023.532,8015129.192,0,0,5,1
C55L89,89,55,303523.532,8015129.192,0,0,5,1
C56L89,89,56,304023.532,8015129.192,0,0,5,1
C57L89,89,57,304523.532,8015129.192,0,0,1,1
C58L89,89,58,305023.532,8015129.192,0,0,1,1
C59L89,89,59,305523.532,8015129.192,0,1,5,1
C60L89,89,60,306023.532,8015129.192,0,1,5,0
C23L90,90,23,287523.532,8015629.192,1,0,5,0
C24L90,90,24,288023.532,8015629.192,0,0,5,5
C25L90,90,25,288523.532,8015629.192,0,0,5,5
C26L90,90,26,289023.532,8015629.192,0,0,5,5
C27L90,90,27,289523.532,8015629.192,0,0,5,5
C28L90,90,28,290023.532,8015629.192,0,0,5,5
C29L90,90,29,290523.532,8015629.192,1,0,5,5
C30L90,90,30,291023.532,8015629.192,1,1,5,5
C31L90,90,31,291523.532,8015629.192,1,0,5,5
C32L90,90,32,292023.532,8015629.192,1,0,5,5
C33L90,90,33,292523.532,8015629.192,0,0,5,5
C34L90,90,34,293023.532,8015629.192,0,0,5,5
C35L90,90,35,293523.532,8015629.192,0,0,5,4
C36L90,90,36,294023.532,8015629.192,0,0,5,4
C37L90,90,37,294523.532,8015629.192,0,0,5,4
C38L90,90,38,295023.532,8015629.192,0,0,4,4
C39L90,90,39,295523.532,8015629.192,0,0,4,4
C40L90,90,40,296023.532,8015629.192,0,0,4,4
C41L90,90,41,296523.532,8015629.192,0,0,4,4
C42L90,90,42,297023.532,8015629.192,0,0,4,4
C43L90,90,43,297523.532,8015629.192,0,0,4,4
C44L90,90,44,298023.532,8015629.192,0,0,4,4
C45L90,90,45,298523.532,8015629.192,0,0,4,4
C46L90,90,46,299023.532,8015629.192,0,0,4,4
C47L90,90,47,299523.532,8015629.192,1,0,5,1
C48L90,90,48,300023.532,8015629.192,1,0,5,1
C49L90,90,49,300523.532,8015629.192,0,0,1,1
C50L90,90,50,301023.532,8015629.192,0,0,1,1
C51L90,90,51,301523.532,8015629.192,0,0,1,1
C52L90,90,52,302023.532,8015629.192,0,0,1,1
C53L90,90,53,302523.532,8015629.192,0,0,5,1
C54L90,90,54,303023.532,8015629.192,0,0,5,1
C55L90,90,55,303523.532,8015629.192,0,0,5,1
C56L90,90,56,304023.532,8015629.192,0,0,5,1
C57L90,90,57,304523.532,8015629.192,0,0,1,1
C58L90,90,58,305023.532,8015629.192,0,0,1,1
C59L90,90,59,305523.532,8015629.192,0,1,5,1
C60L90,90,60,306023.532,8015629.192,0,1,5,0
C23L91,91,23,287523.532,8016129.192,1,0,5,0
C24L91,91,24,288023.532,8016129.192,0,0,5,5
C25L91,91,25,288523.532,8016129.192,0,0,5,5
C26L91,91,26,289023.532,8016129.192,0,0,5,5
C27L91,91,27,289523.532,8016129.192,0,0,5,5
C28L91,91,28,290023.532,8016129.192,0,0,5,5
C29L91,91,29,290523.532,8016129.192,0,0,5,5
C30L91,91,30,291023.532,8016129.192,1,1,5,5
C31L91,91,31,291523.532,8016129.192,1,1,5,5
C32L91,91,32,292023.532,8016129.192,1,0,5,5
C33L91,91,33,292523.532,8016129.192,0,0,5,5
C34L91,91,34,293023.532,8016129.192,0,0,5,4
C35L91,91,35,293523.532,8016129.192,0,0,5,4
C36L91,91,36,294023.532,8016129.192,0,0,4,4
C37L91,91,37,294523.532,8016129.192,0,0,4,4
C38L91,91,38,295023.532,8016129.192,0,0,4,4
C39L91,91,39,295523.532,8016129.192,0,0,4,2
C40L91,91,40,296023.532,8016129.192,0,0,4,4
C41L91,91,41,296523.532,8016129.192,0,0,4,4
C42L91,91,42,297023.532,8016129.192,0,0,4,4
C43L91,91,43,297523.532,8016129.192,0,0,4,4
C44L91,91,44,298023.532,8016129.192,0,0,4,4
C45L91,91,45,298523.532,8016129.192,0,0,4,4
C46L91,91,46,299023.532,8016129.192,1,0,4,1
C47L91,91,47,299523.532,8016129.192,1,0,4,1
C48L91,91,48,300023.532,8016129.192,0,0,1,1
C49L91,91,49,300523.532,8016129.192,0,0,1,1
C50L91,91,50,301023.532,8016129.192,0,0,1,1
C51L91,91,51,301523.532,8016129.192,0,0,1,1
C52L91,91,52,302023.532,8016129.192,0,1,5,1
C53L91,91,53,302523.532,8016129.192,0,1,5,1
C54L91,91,54,303023.532,8016129.192,0,1,5,1
C55L91,91,55,303523.532,8016129.192,0,1,5,1
C56L91,91,56,304023.532,8016129.192,0,1,5,1
C57L91,91,57,304523.532,8016129.192,0,1,5,1
C58L91,91,58,305023.532,8016129.192,0,0,5,1
C59L91,91,59,305523.532,8016129.192,0,0,5,5
C60L91,91,60,306023.532,8016129.192,0,1,5,0
C23L92,92,23,287523.532,8016629.192,1,0,5,0
C24L92,92,24,288023.532,8016629.192,0,0,5,5
C25L92,92,25,288523.532,8016629.192,0,0,5,5
C26L92,92,26,289023.532,8016629.192,0,0,5,5
C27L92,92,27,289523.532,8016629.192,0,0,5,5
C28L92,92,28,290023.532,8016629.192,0,0,5,5
C29L92,92,29,290523.532,8016629.192,0,0,5,5
C30L92,92,30,291023.532,8016629.192,0,0,5,5
C31L92,92,31,291523.532,8016629.192,1,1,5,1
C32L92,92,32,292023.532,8016629.192,1,1,5,1
C33L92,92,33,292523.532,8016629.192,1,0,5,1
C34L92,92,34,293023.532,8016629.192,0,0,5,4
C35L92,92,35,293523.532,8016629.192,0,0,4,4
C36L92,92,36,294023.532,8016629.192,0,0,4,4
C37L92,92,37,294523.532,8016629.192,0,0,4,4
C38L92,92,38,295023.532,8016629.192,0,0,4,4
C39L92,92,39,295523.532,8016629.192,0,0,4,4
C40L92,92,40,296023.532,8016629.192,0,0,4,4
C41L92,92,41,296523.532,8016629.192,0,0,4,4
C42L92,92,42,297023.532,8016629.192,0,0,4,3
C43L92,92,43,297523.532,8016629.192,0,0,4,3
C44L92,92,44,298023.532,8016629.192,1,0,4,1
C45L92,92,45,298523.532,8016629.192,1,0,4,1
C46L92,92,46,299023.532,8016629.192,1,0,4,1
C47L92,92,47,299523.532,8016629.192,0,0,1,1
C48L92,92,48,300023.532,8016629.192,0,1,5,1
C49L92,92,49,300523.532,8016629.192,0,0,5,1
C50L92,92,50,301023.532,8016629.192,0,0,1,1
C51L92,92,51,301523.532,8016629.192,0,0,1,1
C52L92,92,52,302023.532,8016629.192,0,0,5,1
C53L92,92,53,302523.532,8016629.192,0,0,5,1
C54L92,92,54,303023.532,8016629.192,0,0,5,1
C55L92,92,55,303523.532,8016629.192,0,0,5,1
C56L92,92,56,304023.532,8016629.192,0,0,5,1
C57L92,92,57,304523.532,8016629.192,0,1,5,1
C58L92,92,58,305023.532,8016629.192,0,1,5,1
C59L92,92,59,305523.532,8016629.192,0,1,5,0
C60L92,92,60,306023.532,8016629.192,0,1,5,0
C23L93,93,23,287523.532,8017129.192,1,0,5,0
C24L93,93,24,288023.532,8017129.192,0,0,5,5
C25L93,93,25,288523.532,8017129.192,0,0,5,5
C26L93,93,26,289023.532,8017129.192,0,0,5,5
C27L93,93,27,289523.532,8017129.192,0,0,5,5
C28L93,93,28,290023.532,8017129.192,0,0,5,5
C29L93,93,29,290523.532,8017129.192,0,0,5,5
C30L93,93,30,291023.532,8017129.192,0,0,5,5
C31L93,93,31,291523.532,8017129.192,1,0,5,1
C32L93,93,32,292023.532,8017129.192,0,1,5,1
C33L93,93,33,292523.532,8017129.192,1,1,5,1
C34L93,93,34,293023.532,8017129.192,1,1,5,1
C35L93,93,35,293523.532,8017129.192,1,0,5,1
C36L93,93,36,294023.532,8017129.192,0,0,4,4
C37L93,93,37,294523.532,8017129.192,0,0,4,4
C38L93,93,38,295023.532,8017129.192,0,0,4,4
C39L93,93,39,295523.532,8017129.192,0,0,4,4
C40L93,93,40,296023.532,8017129.192,0,0,4,4
C41L93,93,41,296523.532,8017129.192,0,0,4,4
C42L93,93,42,297023.532,8017129.192,0,0,4,4
C43L93,93,43,297523.532,8017129.192,0,0,4,4
C44L93,93,44,298023.532,8017129.192,1,0,4,1
C45L93,93,45,298523.532,8017129.192,0,0,1,1
C46L93,93,46,299023.532,8017129.192,0,0,1,1
C47L93,93,47,299523.532,8017129.192,0,0,5,1
C48L93,93,48,300023.532,8017129.192,0,1,5,1
C49L93,93,49,300523.532,8017129.192,0,1,5,1
C50L93,93,50,301023.532,8017129.192,0,0,1,1
C51L93,93,51,301523.532,8017129.192,0,0,1,1
C52L93,93,52,302023.532,8017129.192,0,0,1,1
C53L93,93,53,302523.532,8017129.192,0,0,5,1
C54L93,93,54,303023.532,8017129.192,0,0,5,5
C55L93,93,55,303523.532,8017129.192,0,0,5,1
C56L93,93,56,304023.532,8017129.192,0,0,5,1
C57L93,93,57,304523.532,8017129.192,0,0,5,1
C58L93,93,58,305023.532,8017129.192,0,1,5,1
C59L93,93,59,305523.532,8017129.192,0,1,5,0
C23L94,94,23,287523.532,8017629.192,1,0,5,0
C24L94,94,24,288023.532,8017629.192,0,0,5,5
C25L94,94,25,288523.532,8017629.192,0,0,5,5
C26L94,94,26,289023.532,8017629.192,0,0,5,5
C27L94,94,27,289523.532,8017629.192,0,0,5,5
C28L94,94,28,290023.532,8017629.192,0,0,5,5
C29L94,94,29,290523.532,8017629.192,0,0,5,5
C30L94,94,30,291023.532,8017629.192,0,0,5,5
C31L94,94,31,291523.532,8017629.192,1,0,5,1
C32L94,94,32,292023.532,8017629.192,0,1,5,1
C33L94,94,33,292523.532,8017629.192,0,1,5,1
C34L94,94,34,293023.532,8017629.192,0,0,1,1
C35L94,94,35,293523.532,8017629.192,1,0,4,1
C36L94,94,36,294023.532,8017629.192,0,0,4,4
C37L94,94,37,294523.532,8017629.192,0,0,4,4
C38L94,94,38,295023.532,8017629.192,0,0,4,4
C39L94,94,39,295523.532,8017629.192,0,0,4,4
C40L94,94,40,296023.532,8017629.192,0,0,4,4
C41L94,94,41,296523.532,8017629.192,0,0,4,4
C42L94,94,42,297023.532,8017629.192,0,0,4,4
C43L94,94,43,297523.532,8017629.192,0,0,4,4
C44L94,94,44,298023.532,8017629.192,1,0,4,1
C45L94,94,45,298523.532,8017629.192,0,1,4,1
C46L94,94,46,299023.532,8017629.192,0,1,5,1
C47L94,94,47,299523.532,8017629.192,0,1,5,1
C48L94,94,48,300023.532,8017629.192,0,1,5,1
C49L94,94,49,300523.532,8017629.192,0,1,5,1
C50L94,94,50,301023.532,8017629.192,0,0,5,1
C51L94,94,51,301523.532,8017629.192,0,0,5,1
C52L94,94,52,302023.532,8017629.192,0,0,5,1
C53L94,94,53,302523.532,8017629.192,0,0,5,1
C54L94,94,54,303023.532,8017629.192,0,0,5,1
C55L94,94,55,303523.532,8017629.192,0,0,5,1
C56L94,94,56,304023.532,8017629.192,0,0,5,1
C57L94,94,57,304523.532,8017629.192,0,0,5,1
C58L94,94,58,305023.532,8017629.192,0,0,5,1
C59L94,94,59,305523.532,8017629.192,0,1,5,0
C22L95,95,22,287023.532,8018129.192,1,0,5,0
C23L95,95,23,287523.532,8018129.192,1,0,5,0
C24L95,95,24,288023.532,8018129.192,0,0,5,5
C25L95,95,25,288523.532,8018129.192,0,0,5,5
C26L95,95,26,289023.532,8018129.192,1,0,5,5
C27L95,95,27,289523.532,8018129.192,1,0,5,5
C28L95,95,28,290023.532,8018129.192,1,0,5,5
C29L95,95,29,290523.532,8018129.192,0,0,5,5
C30L95,95,30,291023.532,8018129.192,1,0,5,1
C31L95,95,31,291523.532,8018129.192,1,0,5,1
C32L95,95,32,292023.532,8018129.192,0,1,5,1
C33L95,95,33,292523.532,8018129.192,0,0,5,1
C34L95,95,34,293023.532,8018129.192,0,0,1,1
C35L95,95,35,293523.532,8018129.192,1,0,4,1
C36L95,95,36,294023.532,8018129.192,0,0,4,4
C37L95,95,37,294523.532,8018129.192,0,0,4,4
C38L95,95,38,295023.532,8018129.192,0,0,4,4
C39L95,95,39,295523.532,8018129.192,0,0,4,4
C40L95,95,40,296023.532,8018129.192,0,0,4,4
C41L95,95,41,296523.532,8018129.192,0,0,4,4
C42L95,95,42,297023.532,8018129.192,0,0,4,4
C43L95,95,43,297523.532,8018129.192,0,0,4,4
C44L95,95,44,298023.532,8018129.192,1,0,4,1
C45L95,95,45,298523.532,8018129.192,1,0,5,1
C46L95,95,46,299023.532,8018129.192,0,0,5,1
C47L95,95,47,299523.532,8018129.192,0,0,5,1
C48L95,95,48,300023.532,8018129.192,0,1,5,1
C49L95,95,49,300523.532,8018129.192,0,1,5,1
C50L95,95,50,301023.532,8018129.192,0,1,5,1
C51L95,95,51,301523.532,8018129.192,0,0,5,1
C52L95,95,52,302023.532,8018129.192,0,0,5,1
C53L95,95,53,302523.532,8018129.192,0,0,5,1
C54L95,95,54,303023.532,8018129.192,0,0,5,1
C55L95,95,55,303523.532,8018129.192,0,1,1,1
C56L95,95,56,304023.532,8018129.192,0,1,1,1
C57L95,95,57,304523.532,8018129.192,0,1,1,1
C58L95,95,58,305023.532,8018129.192,0,1,5,0
C59L95,95,59,305523.532,8018129.192,0,1,5,0
C22L96,96,22,287023.532,8018629.192,1,0,5,0
C23L96,96,23,287523.532,8018629.192,1,0,5,5
C24L96,96,24,288023.532,8018629.192,1,0,5,5
C25L96,96,25,288523.532,8018629.192,1,0,5,5
C26L96,96,26,289023.532,8018629.192,1,0,5,5
C27L96,96,27,289523.532,8018629.192,0,0,5,5
C28L96,96,28,290023.532,8018629.192,1,0,5,5
C29L96,96,29,290523.532,8018629.192,1,0,5,1
C30L96,96,30,291023.532,8018629.192,1,0,5,1
C31L96,96,31,291523.532,8018629.192,0,0,5,1
C32L96,96,32,292023.532,8018629.192,0,1,5,1
C33L96,96,33,292523.532,8018629.192,0,0,1,1
C34L96,96,34,293023.532,8018629.192,0,0,1,1
C35L96,96,35,293523.532,8018629.192,1,0,5,1
C36L96,96,36,294023.532,8018629.192,0,0,4,4
C37L96,96,37,294523.532,8018629.192,0,0,4,4
C38L96,96,38,295023.532,8018629.192,0,0,4,4
C39L96,96,39,295523.532,8018629.192,0,0,4,4
C40L96,96,40,296023.532,8018629.192,0,0,4,4
C41L96,96,41,296523.532,8018629.192,0,0,4,4
C42L96,96,42,297023.532,8018629.192,0,0,4,4
C43L96,96,43,297523.532,8018629.192,0,0,4,4
C44L96,96,44,298023.532,8018629.192,0,0,5,4
C45L96,96,45,298523.532,8018629.192,1,0,5,1
C46L96,96,46,299023.532,8018629.192,1,0,5,1
C47L96,96,47,299523.532,8018629.192,0,0,1,1
C48L96,96,48,300023.532,8018629.192,0,0,5,1
C49L96,96,49,300523.532,8018629.192,0,0,1,1
C50L96,96,50,301023.532,8018629.192,0,1,5,1
C51L96,96,51,301523.532,8018629.192,0,1,5,1
C52L96,96,52,302023.532,8018629.192,0,0,5,5
C53L96,96,53,302523.532,8018629.192,0,0,5,5
C54L96,96,54,303023.532,8018629.192,0,0,5,1
C55L96,96,55,303523.532,8018629.192,0,1,5,1
C56L96,96,56,304023.532,8018629.192,0,0,5,1
C57L96,96,57,304523.532,8018629.192,0,1,1,0
C58L96,96,58,305023.532,8018629.192,0,1,1,0
C22L97,97,22,287023.532,8019129.192,1,0,5,0
C23L97,97,23,287523.532,8019129.192,0,0,5,5
C24L97,97,24,288023.532,8019129.192,0,0,5,5
C25L97,97,25,288523.532,8019129.192,0,0,5,5
C26L97,97,26,289023.532,8019129.192,0,0,5,5
C27L97,97,27,289523.532,8019129.192,0,0,5,5
C28L97,97,28,290023.532,8019129.192,0,0,5,1
C29L97,97,29,290523.532,8019129.192,0,0,5,1
C30L97,97,30,291023.532,8019129.192,0,0,5,1
C31L97,97,31,291523.532,8019129.192,0,0,5,1
C32L97,97,32,292023.532,8019129.192,0,1,5,1
C33L97,97,33,292523.532,8019129.192,0,0,1,1
C34L97,97,34,293023.532,8019129.192,0,0,1,1
C35L97,97,35,293523.532,8019129.192,1,0,5,1
C36L97,97,36,294023.532,8019129.192,1,0,5,1
C37L97,97,37,294523.532,8019129.192,0,0,4,4
C38L97,97,38,295023.532,8019129.192,0,0,4,4
C39L97,97,39,295523.532,8019129.192,0,0,4,4
C40L97,97,40,296023.532,8019129.192,1,0,4,4
C41L97,97,41,296523.532,8019129.192,1,0,4,4
C42L97,97,42,297023.532,8019129.192,1,0,4,4
C43L97,97,43,297523.532,8019129.192,1,0,5,4
C44L97,97,44,298023.532,8019129.192,1,0,5,4
C45L97,97,45,298523.532,8019129.192,1,0,5,5
C46L97,97,46,299023.532,8019129.192,1,0,5,1
C47L97,97,47,299523.532,8019129.192,0,0,1,1
C48L97,97,48,300023.532,8019129.192,0,0,1,1
C49L97,97,49,300523.532,8019129.192,0,1,5,1
C50L97,97,50,301023.532,8019129.192,0,1,5,1
C51L97,97,51,301523.532,8019129.192,0,1,5,1
C52L97,97,52,302023.532,8019129.192,0,1,5,1
C53L97,97,53,302523.532,8019129.192,0,1,5,1
C54L97,97,54,303023.532,8019129.192,0,1,5,1
C55L97,97,55,303523.532,8019129.192,0,1,5,1
C56L97,97,56,304023.532,8019129.192,0,1,5,1
C57L97,97,57,304523.532,8019129.192,0,1,5,0
C22L98,98,22,287023.532,8019629.192,1,0,5,0
C23L98,98,23,287523.532,8019629.192,1,0,5,0
C24L98,98,24,288023.532,8019629.192,0,1,5,0
C25L98,98,25,288523.532,8019629.192,0,1,5,0
C26L98,98,26,289023.532,8019629.192,0,1,5,0
C27L98,98,27,289523.532,8019629.192,0,1,5,0
C28L98,98,28,290023.532,8019629.192,0,1,5,0
C29L98,98,29,290523.532,8019629.192,0,1,5,0
C30L98,98,30,291023.532,8019629.192,0,0,5,1
C31L98,98,31,291523.532,8019629.192,0,1,5,1
C32L98,98,32,292023.532,8019629.192,0,1,5,1
C33L98,98,33,292523.532,8019629.192,0,0,1,1
C34L98,98,34,293023.532,8019629.192,0,0,1,1
C35L98,98,35,293523.532,8019629.192,0,0,1,1
C36L98,98,36,294023.532,8019629.192,1,0,5,1
C37L98,98,37,294523.532,8019629.192,1,0,5,1
C38L98,98,38,295023.532,8019629.192,0,0,4,4
C39L98,98,39,295523.532,8019629.192,1,0,4,1
C40L98,98,40,296023.532,8019629.192,1,0,4,1
C41L98,98,41,296523.532,8019629.192,0,0,4,4
C42L98,98,42,297023.532,8019629.192,0,0,4,1
C43L98,98,43,297523.532,8019629.192,0,0,5,1
C44L98,98,44,298023.532,8019629.192,1,0,5,1
C45L98,98,45,298523.532,8019629.192,1,0,5,1
C46L98,98,46,299023.532,8019629.192,0,0,1,1
C47L98,98,47,299523.532,8019629.192,0,0,1,1
C48L98,98,48,300023.532,8019629.192,0,0,1,1
C49L98,98,49,300523.532,8019629.192,0,0,5,1
C50L98,98,50,301023.532,8019629.192,0,0,5,1
C51L98,98,51,301523.532,8019629.192,0,0,5,1
C52L98,98,52,302023.532,8019629.192,0,0,5,1
C53L98,98,53,302523.532,8019629.192,0,0,5,1
C54L98,98,54,303023.532,8019629.192,0,1,5,1
C55L98,98,55,303523.532,8019629.192,0,1,5,1
C56L98,98,56,304023.532,8019629.192,0,1,5,1
C57L98,98,57,304523.532,8019629.192,0,1,5,0
C29L99,99,29,290523.532,8020129.192,0,1,5,0
C30L99,99,30,291023.532,8020129.192,0,1,5,0
C31L99,99,31,291523.532,8020129.192,0,1,5,1
C32L99,99,32,292023.532,8020129.192,0,0,5,1
C33L99,99,33,292523.532,8020129.192,0,0,5,1
C34L99,99,34,293023.532,8020129.192,0,0,1,1
C35L99,99,35,293523.532,8020129.192,0,0,1,1
C36L99,99,36,294023.532,8020129.192,0,0,1,1
C37L99,99,37,294523.532,8020129.192,1,0,5,1
C38L99,99,38,295023.532,8020129.192,1,0,5,1
C39L99,99,39,295523.532,8020129.192,1,0,4,1
C40L99,99,40,296023.532,8020129.192,0,0,4,1
C41L99,99,41,296523.532,8020129.192,0,0,4,1
C42L99,99,42,297023.532,8020129.192,0,0,4,1
C43L99,99,43,297523.532,8020129.192,0,1,5,1
C44L99,99,44,298023.532,8020129.192,0,0,1,1
C45L99,99,45,298523.532,8020129.192,0,1,5,1
C46L99,99,46,299023.532,8020129.192,0,0,5,1
C47L99,99,47,299523.532,8020129.192,0,0,1,1
C48L99,99,48,300023.532,8020129.192,0,0,1,1
C49L99,99,49,300523.532,8020129.192,0,0,1,1
C50L99,99,50,301023.532,8020129.192,0,0,5,1
C51L99,99,51,301523.532,8020129.192,0,0,5,1
C52L99,99,52,302023.532,8020129.192,0,0,5,1
C53L99,99,53,302523.532,8020129.192,0,0,5,1
C54L99,99,54,303023.532,8020129.192,0,1,5,0
C55L99,99,55,303523.532,8020129.192,0,1,5,0
C56L99,99,56,304023.532,8020129.192,0,1,5,0
C57L99,99,57,304523.532,8020129.192,0,1,5,0
C30L100,100,30,291023.532,8020629.192,0,1,5,0
C31L100,100,31,291523.532,8020629.192,0,1,5,0
C32L100,100,32,292023.532,8020629.192,0,0,5,1
C33L100,100,33,292523.532,8020629.192,0,0,1,1
C34L100,100,34,293023.532,8020629.192,0,0,1,1
C35L100,100,35,293523.532,8020629.192,0,0,1,1
C36L100,100,36,294023.532,8020629.192,0,0,1,1
C37L100,100,37,294523.532,8020629.192,0,0,1,1
C38L100,100,38,295023.532,8020629.192,0,0,1,1
C39L100,100,39,295523.532,8020629.192,0,0,1,1
C40L100,100,40,296023.532,8020629.192,0,0,4,1
C41L100,100,41,296523.532,8020629.192,0,0,1,1
C42L100,100,42,297023.532,8020629.192,0,1,5,1
C43L100,100,43,297523.532,8020629.192,0,1,5,1
C44L100,100,44,298023.532,8020629.192,0,0,1,1
C45L100,100,45,298523.532,8020629.192,0,1,5,1
C46L100,100,46,299023.532,8020629.192,0,0,5,1
C47L100,100,47,299523.532,8020629.192,0,0,1,1
C48L100,100,48,300023.532,8020629.192,0,0,1,1
C49L100,100,49,300523.532,8020629.192,0,0,5,1
C50L100,100,50,301023.532,8020629.192,0,1,5,1
C51L100,100,51,301523.532,8020629.192,0,0,1,1
C52L100,100,52,302023.532,8020629.192,0,1,5,1
C53L100,100,53,302523.532,8020629.192,0,1,5,1
C54L100,100,54,303023.532,8020629.192,0,1,5,0
C31L101,101,31,291523.532,8021129.192,0,1,5,0
C32L101,101,32,292023.532,8021129.192,0,0,5,1
C33L101,101,33,292523.532,8021129.192,0,0,5,1
C34L101,101,34,293023.532,8021129.192,0,0,1,1
C35L101,101,35,293523.532,8021129.192,0,0,1,1
C36L101,101,36,294023.532,8021129.192,0,0,5,1
C37L101,101,37,294523.532,8021129.192,0,0,5,1
C38L101,101,38,295023.532,8021129.192,0,0,1,1
C39L101,101,39,295523.532,8021129.192,0,0,1,1
C40L101,101,40,296023.532,8021129.192,0,1,5,1
C41L101,101,41,296523.532,8021129.192,0,0,1,1
C42L101,101,42,297023.532,8021129.192,0,1,5,1
C43L101,101,43,297523.532,8021129.192,0,1,5,1
C44L101,101,44,298023.532,8021129.192,0,0,1,1
C45L101,101,45,298523.532,8021129.192,0,1,5,1
C46L101,101,46,299023.532,8021129.192,0,0,5,1
C47L101,101,47,299523.532,8021129.192,0,0,1,1
C48L101,101,48,300023.532,8021129.192,0,0,1,1
C49L101,101,49,300523.532,8021129.192,0,0,1,1
C50L101,101,50,301023.532,8021129.192,0,1,5,1
C51L101,101,51,301523.532,8021129.192,0,0,5,1
C52L101,101,52,302023.532,8021129.192,0,0,5,1
C53L101,101,53,302523.532,8021129.192,0,1,5,0
C54L101,101,54,303023.532,8021129.192,0,1,5,0
C31L102,102,31,291523.532,8021629.192,0,1,5,0
C32L102,102,32,292023.532,8021629.192,0,1,5,1
C33L102,102,33,292523.532,8021629.192,0,0,5,1
C34L102,102,34,293023.532,8021629.192,0,0,5,1
C35L102,102,35,293523.532,8021629.192,0,0,1,1
C36L102,102,36,294023.532,8021629.192,0,0,5,1
C37L102,102,37,294523.532,8021629.192,0,0,5,1
C38L102,102,38,295023.532,8021629.192,0,1,1,1
C39L102,102,39,295523.532,8021629.192,0,1,5,1
C40L102,102,40,296023.532,8021629.192,0,1,5,1
C41L102,102,41,296523.532,8021629.192,0,1,5,1
C42L102,102,42,297023.532,8021629.192,0,1,5,1
C43L102,102,43,297523.532,8021629.192,0,1,5,1
C44L102,102,44,298023.532,8021629.192,0,0,5,1
C45L102,102,45,298523.532,8021629.192,0,1,5,1
C46L102,102,46,299023.532,8021629.192,0,0,5,1
C47L102,102,47,299523.532,8021629.192,0,1,5,1
C48L102,102,48,300023.532,8021629.192,0,1,5,1
C49L102,102,49,300523.532,8021629.192,0,1,5,1
C50L102,102,50,301023.532,8021629.192,0,1,5,1
C51L102,102,51,301523.532,8021629.192,0,1,5,1
C52L102,102,52,302023.532,8021629.192,0,1,5,0
C53L102,102,53,302523.532,8021629.192,0,1,5,0
C32L103,103,32,292023.532,8022129.192,0,1,5,0
C33L103,103,33,292523.532,8022129.192,0,1,5,0
C34L103,103,34,293023.532,8022129.192,0,0,5,1
C35L103,103,35,293523.532,8022129.192,0,0,1,1
C36L103,103,36,294023.532,8022129.192,0,0,1,1
C37L103,103,37,294523.532,8022129.192,0,0,1,1
C38L103,103,38,295023.532,8022129.192,0,1,1,1
C39L103,103,39,295523.532,8022129.192,0,1,5,1
C40L103,103,40,296023.532,8022129.192,0,0,1,1
C41L103,103,41,296523.532,8022129.192,0,1,5,1
C42L103,103,42,297023.532,8022129.192,0,0,5,1
C43L103,103,43,297523.532,8022129.192,0,1,5,1
C44L103,103,44,298023.532,8022129.192,0,1,5,1
C45L103,103,45,298523.532,8022129.192,0,1,5,1
C46L103,103,46,299023.532,8022129.192,0,0,1,1
C47L103,103,47,299523.532,8022129.192,0,0,1,1
C48L103,103,48,300023.532,8022129.192,0,1,5,1
C49L103,103,49,300523.532,8022129.192,0,1,5,1
C50L103,103,50,301023.532,8022129.192,0,0,5,1
C51L103,103,51,301523.532,8022129.192,0,1,5,0
C52L103,103,52,302023.532,8022129.192,0,1,5,0
C33L104,104,33,292523.532,8022629.192,0,1,5,0
C34L104,104,34,293023.532,8022629.192,0,1,5,0
C35L104,104,35,293523.532,8022629.192,0,0,1,1
C36L104,104,36,294023.532,8022629.192,0,0,1,1
C37L104,104,37,294523.532,8022629.192,0,0,1,1
C38L104,104,38,295023.532,8022629.192,0,1,5,1
C39L104,104,39,295523.532,8022629.192,0,1,5,1
C40L104,104,40,296023.532,8022629.192,0,0,5,1
C41L104,104,41,296523.532,8022629.192,0,1,5,1
C42L104,104,42,297023.532,8022629.192,0,0,5,1
C43L104,104,43,297523.532,8022629.192,0,0,5,1
C44L104,104,44,298023.532,8022629.192,0,1,5,1
C45L104,104,45,298523.532,8022629.192,0,1,5,1
C46L104,104,46,299023.532,8022629.192,0,0,1,1
C47L104,104,47,299523.532,8022629.192,0,0,1,1
C48L104,104,48,300023.532,8022629.192,0,1,5,1
C49L104,104,49,300523.532,8022629.192,0,1,5,0
C50L104,104,50,301023.532,8022629.192,0,1,5,0
C51L104,104,51,301523.532,8022629.192,0,1,5,0
C34L105,105,34,293023.532,8023129.192,0,1,5,0
C35L105,105,35,293523.532,8023129.192,0,1,5,0
C36L105,105,36,294023.532,8023129.192,0,1,5,0
C37L105,105,37,294523.532,8023129.192,0,1,5,1
C38L105,105,38,295023.532,8023129.192,0,1,5,1
C39L105,105,39,295523.532,8023129.192,0,0,5,1
C40L105,105,40,296023.532,8023129.192,0,0,5,1
C41L105,105,41,296523.532,8023129.192,0,1,5,5
C42L105,105,42,297023.532,8023129.192,0,1,5,5
C43L105,105,43,297523.532,8023129.192,0,1,5,0
C44L105,105,44,298023.532,8023129.192,0,1,5,0
C45L105,105,45,298523.532,8023129.192,0,1,5,0
C46L105,105,46,299023.532,8023129.192,0,1,5,0
C47L105,105,47,299523.532,8023129.192,0,1,5,0
C48L105,105,48,300023.532,8023129.192,0,1,5,0
C49L105,105,49,300523.532,8023129.192,0,0,5,0
C36L106,106,36,294023.532,8023629.192,0,1,5,0
C37L106,106,37,294523.532,8023629.192,0,1,5,0
C38L106,106,38,295023.532,8023629.192,0,1,5,0
C39L106,106,39,295523.532,8023629.192,0,1,5,0
C40L106,106,40,296023.532,8023629.192,0,1,5,0
C41L106,106,41,296523.532,8023629.192,0,1,5,0
C42L106,106,42,297023.532,8023629.192,0,1,5,0
C43L106,106,43,297523.532,8023629.192,0,0,0,0
C44L106,106,44,298023.532,8023629.192,0,1,5,0
C45L106,106,45,298523.532,8023629.192,0,1,5,0
C38L107,107,38,295023.532,8024129.192,0,0,5,0
C39L107,107,39,295523.532,8024129.192,0,0,0,0
