object_id0,row,col,cx,cy,f,d,outros,f2011,d2011,f2014,d2014,rios_todos,uc_pi,fertilidad,rodovias,assentamen,ti,uc_us,ap,dist_riobr,reg_prot,d_difReal,d_out
C03L00,0,3,-1857500,-817500,0,0,1,0,0,0,0,30211.11,0,0,148216.9,0,0,0,0,738350.8,1,0,0
C03L01,1,3,-1857500,-822500,0,0,1,0,0,0,0,28129.25,0,0,144237.1,0,0,0,0,736300.3,1,0,0
C04L01,1,4,-1852500,-822500,0.620096,0,0.379904,0.620096,0,0.620096,0,23495.04,0,0,141210.3,0,0,0,0,731736.6,1,0,0
C05L01,1,5,-1847500,-822500,0.977597,0.00162338,0.02077962,0.977597,0.00162338,0.977597,0.00162338,19046.76,0,0,138185.2,0,0,0,0,727178.6,1,0,0.00162338
C04L02,2,4,-1852500,-827500,0.0391604,0,0.9608396,0.0391604,0,0.0391604,0,21895.8,0,0,137230.6,0,0,0,0,729701.7,1,0,0
C05L02,2,5,-1847500,-827500,0.904656,0,0.095344,0.904656,0,0.904656,0,17068.18,0,0,134203.8,0,0,0,0,725131,1,0,0
C06L02,2,6,-1842500,-827500,1,0,0,1,0,1,0,12332.27,0,0,131187.2,0,0,0,0,720566,1,0,0
C07L02,2,7,-1837500,-827500,1,0,0,1,0,1,0,7927.603,0,0,128273.2,0,0,0,0,716006.8,1,0,0
C08L02,2,8,-1832500,-827500,1,0,0,1,0,1,0,4458.99,0,0,125490.9,0,0,0,0,711453.5,1,0,0
C05L03,3,5,-1847500,-832500,0.223852,0,0.776148,0.223852,0,0.223852,0,15392.51,0,0,130224,0,0,0,0,723112.1,1,0,0
C06L03,3,6,-1842500,-832500,0.968985,0,0.031015,0.968985,0,0.968985,0,10717.3,0,0,127197.2,0,0,0,0,718534.3,1,0,0
C07L03,3,7,-1837500,-832500,1,0,0,1,0,1,0,6302.269,0,0,124197.4,0,0,0,0,713962.1,1,0,0
C08L03,3,8,-1832500,-832500,1,0,0,1,0,1,0,1356.386,0,0,121321.7,0,0,0,0,709395.7,1,0,0
C09L03,3,9,-1827500,-832500,1,0,0,1,0,1,0,2334.191,0,0,118587,0,0,0,0,704835.1,1,0,9.238767141e-05
C10L03,3,10,-1822500,-832500,1,0,0,1,0,1,0,6227.226,0,0,116003.6,0.2293547,0,0,0,700280.6,1,0,0.006148358915
C05L04,4,5,-1847500,-837500,0,0,1,0,0,0,0,13671.9,0,0,126244.3,0,0,0,0,721122.3,1,0,0
C06L04,4,6,-1842500,-837500,0.836364,0,0.163636,0.836364,0,0.836364,0,8811.3,0,0,123217.5,0,0.004584725,0,0.004584725,716531.7,1,0,0
C07L04,4,7,-1837500,-837500,1,0,0,1,0,1,0,4252.912,0,0,120190.7,0,0.1994574,0,0.1994574,711946.6,1,0,0
C08L04,4,8,-1832500,-837500,1,0,0,1,0,1,0,354.3007,0,0,117217.4,0,0.2405622,0,0.2405622,707367.2,1,0,0
C09L04,4,9,-1827500,-837500,1,0,0,1,0,1,0,4867.297,0,0,114384.7,0,0.1720004,0,0.1720004,702793.5,1,0,0.0001800619024
C10L04,4,10,-1822500,-837500,1,0,0,1,0,1,0,9319.17,0,0,111704.1,0.3308582,0,0,0,698225.7,1,0,0.008135671106
C11L04,4,11,-1817500,-837500,0.99513,0.00487013,-1.3e-07,0.99513,0.00487013,0.99513,0.00487013,11266.75,0,0,109186.8,1,0,0,0,693663.8,1,0,0.02659022464
C12L04,4,12,-1812500,-837500,1,0,0,1,0,1,0,9943.883,0,0,106844.2,0.9824089,0,0,0,689108,1,0,0.02531703939
C13L04,4,13,-1807500,-837500,1,0,0,1,0,1,0,8455.197,0,0,104688.3,0.7246628,0,0,0,684558.4,1,0,0.02065911585
C05L05,5,5,-1847500,-842500,0.000956633,0,0.999043367,0.000956633,0,0.000956633,0,13132.94,0,0,122264.5,0,0,0,0,719161.7,1,0,0
C06L05,5,6,-1842500,-842500,0.682018,0,0.317982,0.682018,0,0.682018,0,8133.592,0,0,119237.7,0,0.004762715,0,0.004762715,714558.5,1,0,0.0008140762595
C07L05,5,7,-1837500,-842500,1,0,0,1,0,1,0,3136.34,0.02854151,0,116210.9,0,0.4146467,0,0.44318821,709960.7,1,0,0.001641183064
C08L05,5,8,-1832500,-842500,1,0,0,1,0,1,0,1819.887,0.04428088,0,113185.3,0,0.9521309,0,0.99641178,705368.4,2,0,0.001850798027
C09L05,5,9,-1827500,-842500,1,0,0,1,0,1,0,6295.655,0,0,110249,0,0.9782927,0,0.9782927,700781.6,2,0,0.001026255371
C10L05,5,10,-1822500,-842500,1,0,0,1,0,1,0,8194.869,0,0,107465.3,0.2387718,0.47961,0,0.47961,696200.6,1,0,0.006869595128
C11L05,5,11,-1817500,-842500,1,0,0,1,0,1,0,6577.389,0,0,104846.2,0.581061,0.3553956,0,0.3553956,691625.3,1,0,0.0155192935
C12L05,5,12,-1812500,-842500,0.995301,0.00469925,-2.5e-07,0.995301,0.00469925,0.995301,0.00469925,4957.522,0,0,102404.5,0.8984536,0.07448203,0,0.07448203,687056,1,0,0.0279730596
C13L05,5,13,-1807500,-842500,1,0,0,1,0,1,0,3483.877,0,0,100153,1,0,0,0,682492.7,1,0,0.03078530745
C14L05,5,14,-1802500,-842500,1,0,0,1,0,1,0,5008.512,0,0,98104.81,1,0,0,0,677935.6,1,0,0.03732170525
C15L05,5,15,-1797500,-842500,0.99812,0.0018797,3e-07,0.99812,0.0018797,0.99812,0.0018797,7261.716,0,0,96273.03,0.9818496,0,0,0,673384.8,1,0,0.06063364538
C00L06,6,0,-1872500,-847500,0.137987,0,0.862013,0.137987,0,0.137987,0,38480.41,0,0,128223,0,0,0,0,740383.6,1,0,0
C01L06,6,1,-1867500,-847500,0.186284,0,0.813716,0.186284,0,0.186284,0,33532.42,0,0,126059,0,0,0,0,735743.3,1,0,0
C02L06,6,2,-1862500,-847500,0,0,1,0,0,0,0,28592.36,0,0,124058.9,0,0,0,0,731107.8,1,0,0
C03L06,6,3,-1857500,-847500,0.654545,0,0.345455,0.654545,0,0.654545,0,23652.31,0,0,122230.7,0,0,0,0,726477.1,1,0,0
C04L06,6,4,-1852500,-847500,0.8022326,0,0.1977674,0.70303,0.0992026,0.70303,0.0992026,18725.59,0,0,120582.2,0,0,0,0,721851.3,1,0.099,0
C05L06,6,5,-1847500,-847500,0.819156026,0,0.180843974,0.818182,0.000974026,0.818182,0.000974026,13851.35,0,0,118284.7,0,0,0,0,717230.6,1,0.001,2.795311861e-05
C06L06,6,6,-1842500,-847500,1,0,0,1,0,1,0,9109.229,0,0,115257.9,0,0,0,0,712614.9,1,0,0.002177692342
C07L06,6,7,-1837500,-847500,0.967532,0.0324675,5e-07,0.967532,0.0324675,0.967532,0.0324675,4125.381,0.009778772,0,112231.2,0,0,0,0.009778772,708004.5,1,0,0.0324675
C08L06,6,8,-1832500,-847500,0.988198,0.0118022,-2e-07,0.988198,0.0118022,0.988198,0.0118022,828.2953,0.8022605,0,109204.4,0,0.1001381,0,0.9023986,703399.4,1,0,0.01297951094
C09L06,6,9,-1827500,-847500,0.999675,0.000324675,3.25e-07,0.999675,0.000324675,0.999675,0.000324675,5771.933,0.6846259,0,106187.7,0,0.3074671,0,0.992093,698799.7,1,0,0.009603409636
C10L06,6,10,-1822500,-847500,1,0,0,1,0,1,0,3202.305,0.1476978,0,103294.6,0,0.8467125,0,0.9944103,694205.6,2,0,0.01576330924
C11L06,6,11,-1817500,-847500,1,0,0,1,0,1,0,1833.786,0,0,100567,0,1,0,1,689617.1,2,0,0.01731579876
C12L06,6,12,-1812500,-847500,1,0,0,1,0,1,0,122.148,0,0,98018.65,0.09852695,0.8559023,0,0.8559023,685034.4,2,0,0.01867552318
C13L06,6,13,-1807500,-847500,0.93939429,0.060605998,-2.88e-07,0.93429062,0.065709668,0.928549,0.071451288,1153.923,0,0,95663.97,0.4728104,0.3996988,0,0.3996988,680457.6,1,0.011,0.06165002715
C14L06,6,14,-1802500,-847500,0.958766,0.041233781,2.19e-07,0.958766,0.041233781,0.958766,0.041233781,604.951,0,0,93517.57,0.9677676,0.01122927,0,0.01122927,675886.7,1,0,0.07159081311
C15L06,6,15,-1797500,-847500,0.93237652,0.06762363,-1.5e-07,0.92886775,0.0711324,0.92504,0.07496015,2800.358,0,0,91594.09,1,0,0,0,671322,1,0.007,0.1103657609
C16L06,6,16,-1792500,-847500,0.72662294,0.2733762,8.6e-07,0.71915541,0.28084373,0.703571,0.29642814,6073.723,0,0,89867.71,1,0,0,0,666763.5,1,0.023,0.2733762
C17L06,6,17,-1787500,-847500,0.75693807,0.24306235,-4.2e-07,0.75279134,0.24720908,0.726635,0.27336542,7969.179,0,0,88163.49,0.3305033,0,0,0,662211.4,1,0.03,0.24306235
C00L07,7,0,-1872500,-852500,0.0497449,0,0.9502551,0.0497449,0,0.0497449,0,39327.74,0,0,123774.8,0,0,0,0,738541.9,1,0,0
C01L07,7,1,-1867500,-852500,0.847118,0,0.152882,0.847118,0,0.847118,0,34392.64,0,0,121531.6,0,0,0,0,733889.9,1,0,0
C02L07,7,2,-1862500,-852500,0.798788,0,0.201212,0.798788,0,0.798788,0,29443.07,0,0,119455.7,0,0,0,0,729242.6,1,0,0.0002316638139
C03L07,7,3,-1857500,-852500,0.994987,0,0.005013,0.994987,0,0.994987,0,24513.98,0,0,117555.9,0,0,0,0,724600,1,0,0.000479900987
C04L07,7,4,-1852500,-852500,1,0,0,1,0,1,0,19620.8,0,0,115841,0,0,0,0,719962.1,1,0,0.0003993706762
C05L07,7,5,-1847500,-852500,1,0,0,1,0,1,0,14776.78,0,0,114305,0,0,0,0,715329.2,1,0,0.0002904429487
C06L07,7,6,-1842500,-852500,1,0,0,1,0,1,0,9937.772,0,0,111278.2,0,0,0,0,710701.2,1,0,0.01162263794
C07L07,7,7,-1837500,-852500,0.997449,0.00255102,-2e-08,0.997449,0.00255102,0.997449,0.00255102,5098.768,0,0,108251.4,0,0,0,0,706078.3,1,0,0.03539175356
C08L07,7,8,-1832500,-852500,0.964286,0.03571429,-2.9e-07,0.964286,0.03571429,0.964286,0.03571429,238.7314,0.7336374,0,105224.6,0,0,0,0.7336374,701460.5,1,0,0.06054587198
C09L07,7,9,-1827500,-852500,0.997768,0.002232145,-1.45e-07,0.997768,0.002232145,0.997768,0.002232145,2019.893,1,0,102197.8,0,0.1468688,0,1.1468688,696848.1,1,0,0.05030198757
C10L07,7,10,-1822500,-852500,0.89285708,0.10714285,7e-08,0.88909768,0.11090225,0.885025,0.11497493,1249.499,0.6700593,0,99200.58,0,0.8128964,0,1.4829557,692241,2,0.008,0.1098922608
C11L07,7,11,-1817500,-852500,0.82079104,0.17920897,-1e-08,0.8185589,0.18144111,0.815689,0.18431101,1824.967,0.005626237,0,96357.13,0,1,0,1.005626237,687639.4,2,0.005,0.17920897
C12L07,7,12,-1812500,-852500,0.985902,0.01409774,2.6e-07,0.985902,0.01409774,0.985902,0.01409774,3694.828,0,0,93694.38,0,1,0,1,683043.4,2,0,0.0634200103
C13L07,7,13,-1807500,-852500,0.995301,0.00469925,-2.5e-07,0.995301,0.00469925,0.995301,0.00469925,5651.043,0,0,91228.16,0,1,0,1,678453.1,2,0,0.04981661311
C14L07,7,14,-1802500,-852500,0.85363545,0.14636484,-2.9e-07,0.844388,0.15561229,0.844388,0.15561229,3918.495,0.001145369,0,88974.82,0.1853773,0.7712058,0,0.772351169,673868.7,2,0.009,0.14636484
C15L07,7,15,-1797500,-852500,0.8079576,0.19204254,-1.4e-07,0.79166688,0.20833326,0.776316,0.22368414,994.0633,0.1408798,0,86950.9,0.5386478,0.2564962,0,0.397376,669290.2,1,0.032,0.19204254
C16L07,7,16,-1792500,-852500,0.78603343,0.21396674,-1.7e-07,0.779337,0.22066317,0.779337,0.22066317,1511.343,0,0,85167.11,1,0,0,0,664717.8,1,0.007,0.21396674
C17L07,7,17,-1787500,-852500,0.72869625,0.271303206,5.44e-07,0.723997,0.276002456,0.690789,0.309210456,4122.623,0,0,83462.89,0.656274,0,0,0,660151.6,1,0.038,0.271303206
C18L07,7,18,-1782500,-852500,0.8976406,0.102359656,-2.56e-07,0.8947707,0.105229556,0.886161,0.113839256,6235.578,0,0,81758.68,0,0,0,0,655591.7,1,0.011,0.1036127677
C19L07,7,19,-1777500,-852500,0.89630282,0.10369668,5e-07,0.88408482,0.11591468,0.878759,0.1212405,8571.257,0,0,79423.97,0,0,0,0,651038.2,1,0.018,0.10369668
C20L07,7,20,-1772500,-852500,0.82684935,0.17315019,4.6e-07,0.8176019,0.18239764,0.814732,0.18526754,7956.282,0,0,77061.15,0,0,0,0,646491.4,1,0.012,0.17315019
C01L08,8,1,-1867500,-857500,0.401914,0,0.598086,0.401914,0,0.401914,0,35185.08,0,0,117042.7,0,0,0,0,732066,1,0,0
C02L08,8,2,-1862500,-857500,1,0,0,1,0,1,0,30193.87,0,0,114885.7,0,0,0,0,727407,1,0,0.0001993277749
C03L08,8,3,-1857500,-857500,0.979904,0.0200957,3e-07,0.979904,0.0200957,0.979904,0.0200957,25206.15,0,0,112909.1,0,0,0,0,722752.6,1,0,0.0200957
C04L08,8,4,-1852500,-857500,0.997448,0.00255183,1.7e-07,0.997448,0.00255183,0.997448,0.00255183,20224.48,0,0,111122.4,0,0,0,0,718102.8,1,0,0.00255183
C05L08,8,5,-1847500,-857500,1,0,0,1,0,1,0,15254.82,0,0,109535,0,0,0,0,713457.8,1,0,0.0008163314509
C06L08,8,6,-1842500,-857500,1,0,0,1,0,1,0,10313.68,0,0,107298.4,0,0,0,0,708817.6,1,0,0.01431106509
C07L08,8,7,-1837500,-857500,0.8051944,0.194805341,2.59e-07,0.8051944,0.194805341,0.802597,0.197402741,5390.545,0.3451779,0,104271.6,0,0,0,0.3451779,704182.3,1,0.003,0.194805341
C08L08,8,8,-1832500,-857500,0.583413,0.41658661,3.9e-07,0.583413,0.41658661,0.583413,0.41658661,467.4138,1,0,101244.8,0,0,0,1,699552.1,1,0,0.41658661
C09L08,8,9,-1827500,-857500,0.85876613,0.14123371,1.6e-07,0.85584405,0.14415579,0.853896,0.14610384,2218.041,1,0,98218.03,0,0.08664607,0,1.08664607,694926.9,1,0.005,0.1434057925
C10L08,8,10,-1822500,-857500,0.709409728,0.290589959,3.13e-07,0.706219938,0.293779749,0.705263,0.294736687,4791.619,1,0,95191.24,0,0.9008105,0,1.9008105,690307,2,0.004,0.290589959
C11L08,8,11,-1817500,-857500,0.63019481,0.36980486,3.3e-07,0.625,0.37499967,0.625,0.37499967,6523.116,0.8192239,0,92226.23,0,1,0,1.8192239,685692.5,2,0.005,0.36980486
C12L08,8,12,-1812500,-857500,0.71387533,0.286124419,2.51e-07,0.70685779,0.293141959,0.703668,0.296331749,8147.118,0.4691893,0,89440.58,0,0.6362558,0,1.1054451,681083.3,2,0.01,0.286124419
C13L08,8,13,-1807500,-857500,0.78149881,0.21850105,1.4e-07,0.778628,0.22137186,0.778628,0.22137186,8288.689,0.4624783,0,86853.66,0,0.5316185,0,0.9940968,676479.7,2,0.003,0.21850105
C14L08,8,14,-1802500,-857500,0.82922088,0.17077946,-3.4e-07,0.82564945,0.17435089,0.821104,0.17889634,4627.716,0.6326326,0,84483.72,0,0.3623672,0,0.9949998,671881.8,1,0.008,0.17077946
C15L08,8,15,-1797500,-857500,0.870175048,0.12982438,5.72e-07,0.856458938,0.14354049,0.855502,0.144497428,2748.278,0.4669906,0,82349.5,0.5051218,9.260583e-06,0,0.4669998606,667289.7,1,0.015,0.1342610155
C16L08,8,16,-1792500,-857500,0.984740026,0.015259751,2.23e-07,0.983766,0.016233777,0.983766,0.016233777,1650.096,0,0,80469.75,1,0,0,0,662703.5,1,0.001,0.0822577176
C17L08,8,17,-1787500,-857500,0.998405,0.0015949,1e-07,0.998405,0.0015949,0.998405,0.0015949,640.5787,0,0,78762.29,0.8780245,0,0,0,658123.3,1,0,0.05804169403
C18L08,8,18,-1782500,-857500,1,0,0,1,0,1,0,1666.676,0,0,77058.08,0,0,0,0,653549.2,1,0,0.02864067626
C19L08,8,19,-1777500,-857500,0.960127768,0.03987238,-1.48e-07,0.960127768,0.03987238,0.956619,0.043381148,3774.846,0,0,75126.37,0,0.1156223,0,0.1156223,648981.5,1,0.004,0.04868079452
C20L08,8,20,-1772500,-857500,0.91039,0.08961036,-3.6e-07,0.91039,0.08961036,0.91039,0.08961036,3119.281,0,0,72623.86,0,0.7212349,0,0.7212349,644420.1,2,0,0.08961036
C21L08,8,21,-1767500,-857500,1,0,0,1,0,1,0,3561.176,0,0,70388.05,0,0.1511544,0,0.1511544,639865.4,1,0,0.04583931577
C22L08,8,22,-1762500,-857500,0.83636341,0.14417846,0.01945813,0.81467281,0.16586906,0.811802,0.16873987,1965.402,0,0,68445.09,0,0,0,0,635317.3,1,0.025,0.14417846
C01L09,9,1,-1867500,-862500,0.323308,0,0.676692,0.323308,0,0.323308,0,34594.25,0,0,112596.8,0,0,0,0,730271.7,1,0,0
C02L09,9,2,-1862500,-862500,1,0,0,1,0,1,0,29652.8,0,0,110353,0,0,0,0,725601.2,1,0,0.0002041529188
C03L09,9,3,-1857500,-862500,1,0,0,1,0,1,0,24734.9,0,0,108293.6,0,0,0,0,720935.1,1,0,0.0003817894661
C04L09,9,4,-1852500,-862500,1,0,0,1,0,1,0,19858.04,0,0,106429.5,0,0,0,0,716273.6,1,0,0.0004445699738
C05L09,9,5,-1847500,-862500,1,0,0,1,0,1,0,15062.14,0,0,104771.1,0,0,0,0,711616.6,1,0,0.0006488231012
C06L09,9,6,-1842500,-862500,0.990288,0.00971178,2.2e-07,0.990288,0.00971178,0.990288,0.00971178,10459.18,0.006569918,0,103318.7,0,0,0,0.006569918,706964.3,1,0,0.01858296184
C07L09,9,7,-1837500,-862500,0.924426,0.075573975,2.5e-08,0.924426,0.075573975,0.924426,0.075573975,5892.858,0.9150036,0,100291.9,0,0,0,0.9150036,702316.8,1,0,0.07700949484
C08L09,9,8,-1832500,-862500,0.94924778,0.05075184,3.8e-07,0.9432954,0.05670422,0.939536,0.06046362,958.674,1,0,97265.07,0,0,0,1,697674.2,1,0.01,0.08404526621
C09L09,9,9,-1827500,-862500,0.71396734,0.2860328,-1.4e-07,0.69068925,0.30931089,0.675702,0.32429814,3826.289,1,0,94238.27,0,0,0,1,693036.5,1,0.038,0.2860328
C10L09,9,10,-1822500,-862500,0.950815,0.04918545,-4.5e-07,0.950815,0.04918545,0.950815,0.04918545,6955.811,1,0,91211.48,0,0.2545464,0,1.2545464,688403.9,1,0,0.09546061123
C11L09,9,11,-1817500,-862500,0.87882629,0.12117353,1.8e-07,0.8616069,0.13839292,0.858737,0.14126282,4999.087,1,0,88185.37,0,0.5125049,0,1.5125049,683776.5,2,0.02,0.1282373123
C12L09,9,12,-1812500,-862500,0.98182968,0.01817042,-1e-07,0.977757,0.0222431,0.977757,0.0222431,3150.638,1,0,85267.81,0,0,0,1,679154.4,1,0.004,0.0670068636
C13L09,9,13,-1807500,-862500,0.99436055,0.005639096,3.54e-07,0.991541,0.008458646,0.991541,0.008458646,3904.79,1,0,82550.23,0,0,0,1,674537.6,1,0.003,0.03988517106
C14L09,9,14,-1802500,-862500,0.984694,0.015306133,-1.33e-07,0.984694,0.015306133,0.984694,0.015306133,1285.838,1,0,80052.99,0,0,0,1,669926.4,1,0,0.04311832445
C15L09,9,15,-1797500,-862500,0.880639,0.11936088,1.2e-07,0.880639,0.11936088,0.880639,0.11936088,1923.17,0.9603497,0,77797.31,8.033668e-06,0,0,0.9603497,665320.8,1,0,0.11936088
C16L09,9,16,-1792500,-862500,0.883291,0.11670922,-2.2e-07,0.883291,0.11670922,0.883291,0.11670922,2962.793,0.02171922,0,75804.77,0.3185023,0,0,0.02171922,660720.9,1,0,0.11670922
C17L09,9,17,-1787500,-862500,1,0,0,1,0,1,0,4330.321,0,0,74061.69,0.7665095,0,0,0,656126.8,1,0,0.03007450801
C18L09,9,18,-1782500,-862500,0.984375,0.015625,0,0.984375,0.015625,0.984375,0.015625,1907.763,0,0,72357.48,0.2724563,0.04075319,0,0.04075319,651538.8,1,0,0.02262648385
C19L09,9,19,-1777500,-862500,0.992794,0.00720551,4.9e-07,0.992794,0.00720551,0.992794,0.00720551,1094.215,0,0,70653.26,0,0.7688135,0,0.7688135,646956.8,2,0,0.01778208684
C20L09,9,20,-1772500,-862500,0.992028,0.00797194,6e-08,0.992028,0.00797194,0.992028,0.00797194,1476.414,0,0,68264.4,0,1,0,1,642381.1,2,0,0.04671664434
C21L09,9,21,-1767500,-862500,0.74373453,0.25626578,-3.1e-07,0.738722,0.26127831,0.738722,0.26127831,899.5805,0,0,65880.81,0,0.8688927,0,0.8688927,637811.8,2,0.005,0.25626578
C22L09,9,22,-1762500,-862500,0.99874713,0.00125313,-2.6e-07,0.997494,0.00250626,0.997494,0.00250626,514.4854,0,0,63800.74,0,0.06501045,0,0.06501045,633248.9,1,0.001,0.0801034073
C23L09,9,23,-1757500,-862500,0.812181,0.18781849,5.1e-07,0.812181,0.18781849,0.812181,0.18781849,4399.618,0,0,62054.71,0,0,0,0,628692.7,1,0,0.1981401451
C24L09,9,24,-1752500,-862500,0.28383462,0.62343371,0.09273167,0.27443612,0.63283221,0.27099,0.63627833,4941.359,0,0,60671.57,0,0,0,0,624143.3,1,0.013,0.62343371
C25L09,9,25,-1747500,-862500,0.4132653,0.58673463,7e-08,0.39795918,0.60204075,0.390625,0.60937493,4924.116,0,0,59676.57,0,0,0,0,619600.9,1,0.023,0.58673463
C00L10,10,0,-1872500,-867500,0.130519,0,0.869481,0.130519,0,0.130519,0,39247.52,0,0,110713,0,0,0,0,733193.4,1,0,0
C01L10,10,1,-1867500,-867500,0.704306,0,0.295694,0.704306,0,0.704306,0,34247.55,0,0,108199.4,0,0,0,0,728507.3,1,0,0
C02L10,10,2,-1862500,-867500,1,0,0,1,0,1,0,29247.58,0,0,105862.4,0,0,0,0,723825.5,1,0,0
C03L10,10,3,-1857500,-867500,1,0,0,1,0,1,0,24247.63,0,0,103713.9,0,0,0,0,719147.9,1,0,0
C04L10,10,4,-1852500,-867500,1,0,0,1,0,1,0,19247.69,0,0,101765.9,0,0,0,0,714474.6,1,0,0
C05L10,10,5,-1847500,-867500,1,0,0,1,0,1,0,14247.81,0,0,100030.2,0,0,0,0,709805.9,1,0,0.0002390449642
C06L10,10,6,-1842500,-867500,1,0,0,1,0,1,0,9248.054,0,0,98517.88,0,0,0,0,705141.6,1,0,0.003957847508
C07L10,10,7,-1837500,-867500,1,0,0,1,0,1,0,4248.87,0.3731904,0,96312.11,0,0,0,0.3731904,700482,1,0,0.007722191558
C08L10,10,8,-1832500,-867500,1,0,0,1,0,1,0,655.389,1,0,93285.31,0,0.06448471,0,1.06448471,695827.2,1,0,0.02206367855
C09L10,10,9,-1827500,-867500,0.978571,0.0214286,4e-07,0.978571,0.0214286,0.978571,0.0214286,3596.508,1,0,90258.51,0,0.2640182,0,1.2640182,691177.1,1,0,0.03584627109
C10L10,10,10,-1822500,-867500,0.998405,0.0015949,1e-07,0.998405,0.0015949,0.998405,0.0015949,2416.825,1,0,87231.72,0,0.3420028,0,1.3420028,686532,1,0,0.03656314019
C11L10,10,11,-1817500,-867500,0.848052071,0.15194799,-6.1e-08,0.838961161,0.1610389,0.833117,0.166883061,691.6163,1,0,84204.92,0,0.1518004,0,1.1518004,681891.8,1,0.015,0.15194799
C12L10,10,12,-1812500,-867500,1,0,0,1,0,1,0,1838.032,1,0,81188.55,0,0,0,1,677256.9,1,0,0.01857070329
C13L10,10,13,-1807500,-867500,1,0,0,1,0,1,0,214.2613,1,0,78329.57,0,0,0,1,672627.1,1,0,0.005985699806
C14L10,10,14,-1802500,-867500,1,0,0,1,0,1,0,664.0876,1,0,75693.21,0,0,0,1,668002.7,1,0,0.01829016797
C15L10,10,15,-1797500,-867500,0.955662,0.044338149,-1.49e-07,0.955662,0.044338149,0.955662,0.044338149,4823.78,0.8363898,0,73303.5,0,0,0,0.8363898,663383.7,1,0,0.04773188117
C16L10,10,16,-1792500,-867500,0.9993504,0.000649351,2.49e-07,0.996753,0.003246751,0.996753,0.003246751,7508.002,2.022458e-06,0,71185.28,0.2747782,0,0,2.022458e-06,658770.3,1,0.003,0.02956480537
C17L10,10,17,-1787500,-867500,1,0,0,1,0,1,0,8961.71,0,0,69361.09,1,0,0,0,654162.5,1,0,0.03175294848
C18L10,10,18,-1782500,-867500,0.973052,0.02694805,-5e-08,0.973052,0.02694805,0.973052,0.02694805,6633.675,0,0,67656.87,0.4974331,0.5346711,0,0.5346711,649560.6,2,0,0.03101638545
C19L10,10,19,-1777500,-867500,1,0,0,1,0,1,0,6092.801,0,0,65952.66,0,1,0,1,644964.6,2,0,0.01606971855
C20L10,10,20,-1772500,-867500,0.97077908,0.0292208,1.2e-07,0.97077908,0.0292208,0.967857,0.03214288,6473.864,0,0,63998.69,0,0.981157,0,0.981157,640374.6,2,0.003,0.07999553705
C21L10,10,21,-1767500,-867500,0.61180195,0.38819747,5.8e-07,0.52567757,0.47432185,0.518979,0.48102042,5864.312,0,0,61449.86,0,0.5360109,0,0.5360109,635790.9,2,0.093,0.38819747
C22L10,10,22,-1762500,-867500,0.67846903,0.32153134,-3.7e-07,0.57671463,0.42328574,0.570973,0.42902737,5269.073,0,0,59214.34,0,0.2089166,0,0.2089166,631213.4,1,0.107,0.3224414026
C23L10,10,23,-1757500,-867500,0.922727,0.0772727,3e-07,0.922727,0.0772727,0.922727,0.0772727,7567.074,0,0,57328.79,0,0.08625704,0,0.08625704,626642.4,1,0,0.18717293
C24L10,10,24,-1752500,-867500,0.961722,0.03827752,4.8e-07,0.961722,0.03827752,0.961722,0.03827752,9941.304,0,0,55828.7,0,0,0,0,622078,1,0,0.1710224772
C25L10,10,25,-1747500,-867500,0.553571,0.4464283,7e-07,0.553571,0.4464283,0.553571,0.4464283,9826.587,0,0,54745.74,0,0,0,0,617520.4,1,0,0.4464283
C26L10,10,26,-1742500,-867500,0.0714514,0.92854858,2e-08,0.0714514,0.92854858,0.0714514,0.92854858,10819.76,0,0,54104.98,0,0,0,0,612969.7,1,0,0.92854858
C27L10,10,27,-1737500,-867500,0.0198052,0.98019445,3.5e-07,0.0198052,0.98019445,0.0198052,0.98019445,12785.1,0,0,53922.19,0,0,0,0,608426,1,0,0.98019445
C00L11,11,0,-1872500,-872500,0.373406,0,0.626594,0.373406,0,0.373406,0,39579.04,0,0,106472.7,0,0,0,0,731470.3,1,0,0
C01L11,11,1,-1867500,-872500,0.955201,0,0.044799,0.955201,0,0.955201,0,34626.96,0,0,103856.5,0,0,0,0,726773.1,1,0,0
C02L11,11,2,-1862500,-872500,0.92602,0,0.07398,0.92602,0,0.92602,0,29690.96,0,0,101419.4,0,0,0,0,722080,1,0,0
C03L11,11,3,-1857500,-872500,1,0,0,1,0,1,0,24780.63,0,0,99174.74,0,0,0,0,717391,1,0,0
C04L11,11,4,-1852500,-872500,1,0,0,1,0,1,0,19914.97,0,0,97135.8,0,0,0,0,712706.2,1,0,0
C05L11,11,5,-1847500,-872500,1,0,0,1,0,1,0,15137.12,0,0,95315.78,0,0,0,0,708025.8,1,0,0
C06L11,11,6,-1842500,-872500,1,0,0,1,0,1,0,10566.87,0,0,93727.43,0,0,0,0,703349.8,1,0,2.051167141e-05
C07L11,11,7,-1837500,-872500,1,0,0,1,0,1,0,6647.182,0,0,92332.35,0,0,0,0,698678.2,1,0,0.000462312769
C08L11,11,8,-1832500,-872500,1,0,0,1,0,1,0,3733.307,0.7722023,0,89305.55,0,0.1800315,0,0.9522338,694011.2,1,0,0.001956362084
C09L11,11,9,-1827500,-872500,0.99426,0.0057398,2e-07,0.99426,0.0057398,0.99426,0.0057398,486.5126,1,0,86278.75,0,0.9726787,0,1.9726787,689348.9,2,0,0.007658295679
C10L11,11,10,-1822500,-872500,0.962406,0.037594,0,0.962406,0.037594,0.962406,0.037594,2302.62,1,0,83251.95,0,0.996033,0,1.996033,684691.4,2,0,0.037594
C11L11,11,11,-1817500,-872500,0.957908,0.042091833,1.67e-07,0.957908,0.042091833,0.957908,0.042091833,3907.901,1,0,80225.16,0,0.1967852,0,1.1967852,680038.7,1,0,0.042091833
C12L11,11,12,-1812500,-872500,1,0,0,1,0,1,0,6154.692,1,0,77198.36,0,0,0,1,675391,1,0,0.009900984911
C13L11,11,13,-1807500,-872500,1,0,0,1,0,1,0,4843.944,1,0,74205.82,0,0,0,1,670748.4,1,0,0.003242574898
C14L11,11,14,-1802500,-872500,0.99744914,0.00255102,-1.6e-07,0.995217,0.00478316,0.995217,0.00478316,4948.157,1,0,71417.39,0,0,0,1,666110.9,1,0.002,0.01911598408
C15L11,11,15,-1797500,-872500,0.84711793,0.15288266,-5.9e-07,0.84147883,0.15852176,0.838346,0.16165459,7734.677,0.6074449,0,68879.5,0,0,0,0.6074449,661478.7,1,0.009,0.15288266
C16L11,11,16,-1792500,-872500,0.987883,0.0121173,-3e-07,0.987883,0.0121173,0.987883,0.0121173,11526.34,0,0,66620.76,2.915433e-07,0,0,0,656851.9,1,0,0.02508636811
C17L11,11,17,-1787500,-872500,1,0,0,1,0,1,0,13064.39,0,0,64670.44,0.1333423,0,0,0,652230.6,1,0,0.008583663078
C18L11,11,18,-1782500,-872500,1,0,0,1,0,1,0,11590.61,0,0,62956.27,0.01359095,0.8255332,0,0.8255332,647615,2,0,0.007048617755
C19L11,11,19,-1777500,-872500,0.97431036,0.02568924,4e-07,0.97431036,0.02568924,0.966165,0.0338346,11092.66,0,0,61252.06,0,0.9183666,0,0.9183666,643005.1,2,0.008,0.03818078042
C20L11,11,20,-1772500,-872500,0.85012743,0.149872553,1.7e-08,0.83163252,0.168367463,0.814732,0.185267983,11473.54,0,0,59547.84,0,0.1603855,0,0.1603855,638401,1,0.035,0.1660796148
C21L11,11,21,-1767500,-872500,0.56516257,0.434837,4.3e-07,0.545739,0.45426057,0.545739,0.45426057,10861.45,0,0,57112.94,0,0,0,0,633803,1,0.019,0.434837
C22L11,11,22,-1762500,-872500,0.30670459,0.69329544,-3e-08,0.27161683,0.7283832,0.268484,0.73151603,10259.71,0,0,54700.47,0.09187711,0,0,0,629211.1,1,0.038,0.69329544
C23L11,11,23,-1757500,-872500,0.266582,0.733418473,-4.73e-07,0.266582,0.733418473,0.266582,0.733418473,8880.837,0,0,52653.53,0.3041563,0,0,0,624625.4,1,0,0.733418473
C24L11,11,24,-1752500,-872500,0.848684,0.151316,0,0.848684,0.151316,0.848684,0.151316,8305.86,0,0,51016.15,0,0,0,0,620046.2,1,0,0.2528734693
C25L11,11,25,-1747500,-872500,0.954401,0.045599505,-5.05e-07,0.954401,0.045599505,0.954401,0.045599505,7565.323,0,0,49828.71,0,0,0,0,615473.5,1,0,0.191896684
C26L11,11,26,-1742500,-872500,0.609023,0.390977582,-5.82e-07,0.609023,0.390977582,0.609023,0.390977582,7955.865,0,0,49123.85,0,0,0,0,610907.5,1,0,0.4165104366
C27L11,11,27,-1737500,-872500,0.245855,0.754145,0,0.245855,0.754145,0.245855,0.754145,10545.82,0,0,48922.45,0,0,0,0,606348.4,1,0,0.754145
C28L11,11,28,-1732500,-872500,0,1,0,0,1,0,1,8389.938,0,0,49230.67,0,0,0,0,601796.2,1,0,1
C29L11,11,29,-1727500,-872500,0,0.99999967,3.3e-07,0,0.99999967,0,0.99999967,3828.525,0,0,50039.1,0,0,0,0,597251.2,1,0,0.99999967
C30L11,11,30,-1722500,-872500,0.60651583,0.393484,1.7e-07,0.603383,0.39661683,0.603383,0.39661683,1023.261,0,0,51324.11,0,0,0,0,592713.6,1,0.003,0.4248423858
C00L12,12,0,-1872500,-877500,0,0,1,0,0,0,0,40529.4,0,0,102301,0,0,0,0,729777.3,1,0,0
C01L12,12,1,-1867500,-877500,0.341165,0,0.658835,0.341165,0,0.341165,0,35709.37,0,0,99575.2,0,0,0,0,725069.2,1,0,0
C02L12,12,2,-1862500,-877500,0.939732,0,0.060268,0.939732,0,0.939732,0,30946.49,0,0,97030.69,0,0,0,0,720364.9,1,0,0
C03L12,12,3,-1857500,-877500,1,0,0,1,0,1,0,26271.88,0,0,94682.04,0,0,0,0,715664.7,1,0,0
C04L12,12,4,-1852500,-877500,1,0,0,1,0,1,0,21742.54,0,0,92544.16,0,0,0,0,710968.6,1,0,0
C05L12,12,5,-1847500,-877500,1,0,0,1,0,1,0,17471.82,0,0,90631.98,0,0,0,0,706276.7,1,0,0
C06L12,12,6,-1842500,-877500,1,0,0,1,0,1,0,12674.61,0,0,88960.04,0,0,0,0,701589,1,0,0
C07L12,12,7,-1837500,-877500,1,0,0,1,0,1,0,7800.065,0,0,87542.12,0,0,0,0,696905.6,1,0,0
C08L12,12,8,-1832500,-877500,1,0,0,1,0,1,0,3322.089,0.0331872,0,85325.79,0,0,0,0.0331872,692226.7,1,0,6.692623272e-05
C09L12,12,9,-1827500,-877500,1,0,0,1,0,1,0,3257.427,0.9422198,0,82298.99,0,0.4262858,0,1.3685056,687552.3,1,0,0.001878363368
C10L12,12,10,-1822500,-877500,1,0,0,1,0,1,0,6413.967,1,0,79272.19,0,0.67855,0,1.67855,682882.5,2,0,0.003962062138
C11L12,12,11,-1817500,-877500,1,0,0,1,0,1,0,8638.324,1,0,76245.4,0,0,0,1,678217.4,1,0,0.003973326983
C12L12,12,12,-1812500,-877500,1,0,0,1,0,1,0,10462.16,1,0,73218.6,0,0,0,1,673557.1,1,0,0.002658379436
C13L12,12,13,-1807500,-877500,1,0,0,1,0,1,0,9834.336,1,0,70191.8,0,0,0,1,668901.8,1,0,0.003679042563
C14L12,12,14,-1802500,-877500,0.970663,0.029336693,3.07e-07,0.970663,0.029336693,0.970663,0.029336693,9847.311,1,0,67241.55,0,0,0,1,664251.4,1,0,0.03798612371
C15L12,12,15,-1797500,-877500,0.87531288,0.124686766,3.54e-07,0.8674808,0.132518846,0.859962,0.140037646,11564.09,0.2387165,0,64539.65,0.04914377,0,0,0.2387165,659606.1,1,0.015,0.124686766
C16L12,12,16,-1792500,-877500,0.989158,0.01084184,1.6e-07,0.989158,0.01084184,0.989158,0.01084184,14805.27,0,0,62123.32,0,0,0,0,654966.1,1,0,0.02724492884
C17L12,12,17,-1787500,-877500,0.998434,0.00156642,-4.2e-07,0.998434,0.00156642,0.998434,0.00156642,17636.45,0,0,60027.06,0,0,0,0,650331.4,1,0,0.00445150266
C18L12,12,18,-1782500,-877500,0.982781,0.0172194,-4e-07,0.982781,0.0172194,0.982781,0.0172194,16559,0,0,58255.67,0,0.7798386,0,0.7798386,645702.2,2,0,0.0172194
C19L12,12,19,-1777500,-877500,0.97368395,0.02631578,2.7e-07,0.93922275,0.06077698,0.912907,0.08709273,16092.61,0,0,56551.46,0,0.1995796,0,0.1995796,641078.5,1,0.061,0.03981374765
C20L12,12,20,-1772500,-877500,0.81473203,0.18526792,5e-08,0.79081624,0.20918371,0.757653,0.24234695,16473.41,0,0,54847.24,0,0,0,0,636460.6,1,0.057,0.1898211379
C21L12,12,21,-1767500,-877500,0.457080693,0.54291999,-6.83e-07,0.44705563,0.552945053,0.436404,0.563596683,13855.04,0,0,52893.21,0,0,0,0,631848.4,1,0.021,0.54291999
C22L12,12,22,-1762500,-877500,0.35776978,0.64223095,-7.3e-07,0.3395994,0.66040133,0.33584,0.66416073,9059.805,0,0,50278.67,0.04846573,0,0,0,627242.2,1,0.022,0.64223095
C23L12,12,23,-1757500,-877500,0.200574,0.79942651,-5.1e-07,0.200574,0.79942651,0.200574,0.79942651,4711.488,0,0,48043.71,0,0,0,0,622642,1,0,0.79942651
C24L12,12,24,-1752500,-877500,0.29229283,0.70770671,4.6e-07,0.29229283,0.70770671,0.28916,0.71083954,3509.439,0,0,46243.39,0,0,0,0,618048.1,1,0.003,0.70770671
C25L12,12,25,-1747500,-877500,0.57940078,0.42059942,-2e-07,0.57940078,0.42059942,0.576212,0.4237882,2659.753,0,0,44929.99,0.01213405,0,0,0,613460.5,1,0.003,0.423327997
C26L12,12,26,-1742500,-877500,0.82738083,0.17261886,3.1e-07,0.824248,0.17575169,0.824248,0.17575169,3633.436,0,0,44146.99,0,0,0,0,608879.4,1,0.003,0.2916563633
C27L12,12,27,-1737500,-877500,0.95727,0.042729566,4.34e-07,0.95727,0.042729566,0.95727,0.042729566,5550.794,0,0,43922.77,0,0,0,0,604305,1,0,0.2597194732
C28L12,12,28,-1732500,-877500,0.64724351,0.35275681,-3.2e-07,0.64724351,0.35275681,0.640038,0.35996232,4000.885,0,0,44265.82,0,0,0,0,599737.3,1,0.007,0.4796612586
C29L12,12,29,-1727500,-877500,0.11352002,0.88647925,7.3e-07,0.110969,0.88903027,0.110969,0.88903027,1421.771,0,0,45163.21,0,0,0,0,595176.6,1,0.003,0.88647925
C30L12,12,30,-1722500,-877500,0.84774481,0.15225513,6e-08,0.84774481,0.15225513,0.842419,0.15758094,2716.34,0,0,46577.54,0,0,0,0,590623,1,0.005,0.2694047026
C31L12,12,31,-1717500,-877500,0.9962411,0.0037594,-5e-07,0.990602,0.0093985,0.990602,0.0093985,7198.302,0,0,48172.09,0,0,0,0,586076.7,1,0.006,0.07910539419
C32L12,12,32,-1712500,-877500,0.93686218,0.06313775,7e-08,0.93431116,0.06568877,0.929528,0.07047193,9890.76,0,0,49766.64,0.3558836,0,0,0,581537.9,1,0.007,0.1190449387
C33L12,12,33,-1707500,-877500,0.77224275,0.22775742,-1.7e-07,0.76315753,0.23684264,0.758145,0.24185517,9653.029,0,0,51361.19,0.3633017,0,0,0,577006.6,1,0.014,0.2355530173
C34L12,12,34,-1702500,-877500,0.99234669,0.00765307,2.4e-07,0.983737,0.01626276,0.983737,0.01626276,10559.78,0,0,52955.74,0.1582955,0,0,0,572483.2,1,0.009,0.1197335368
C35L12,12,35,-1697500,-877500,0.97274415,0.02725564,2.1e-07,0.9586464,0.04135339,0.954887,0.04511279,13214.41,0,0,54685.47,0.007591936,0,0,0,567967.7,1,0.018,0.1131651758
C02L13,13,2,-1862500,-882500,0.193182,0,0.806818,0.193182,0,0.193182,0,32921.38,0,0,92703.9,0,0,0,0,718680.6,1,0,0
C03L13,13,3,-1857500,-882500,0.988517,0,0.011483,0.988517,0,0.988517,0,28410.54,0,0,90242.71,0,0,0,0,713969.3,1,0,0
C04L13,13,4,-1852500,-882500,1,0,0,1,0,1,0,23608.34,0,0,87997.05,0,0,0,0,709262,1,0,0
C05L13,13,5,-1847500,-882500,1,0,0,1,0,1,0,18908.97,0,0,85983.8,0,0,0,0,704558.7,1,0,0
C06L13,13,6,-1842500,-882500,1,0,0,1,0,1,0,14413.34,0,0,84219.64,0,0,0,0,699859.5,1,0,0
C07L13,13,7,-1837500,-882500,1,0,0,1,0,1,0,10389.4,0,0,82720.5,0,0,0,0,695164.4,1,0,0
C08L13,13,8,-1832500,-882500,1,0,0,1,0,1,0,7624.629,0,0,81346.03,0,0,0,0,690473.7,1,0,0
C09L13,13,9,-1827500,-882500,1,0,0,1,0,1,0,7637.422,0.6705169,0,78319.23,0,0.0009490098,0,0.6714659098,685787.4,1,0,8.984112663e-06
C10L13,13,10,-1822500,-882500,1,0,0,1,0,1,0,10224.25,1,0,75292.43,0,0.02651816,0,1.02651816,681105.5,1,0,8.560594993e-05
C11L13,13,11,-1817500,-882500,1,0,0,1,0,1,0,13135.73,1,0,72265.64,0,0,0,1,676428.1,1,0,0.0002426566064
C12L13,13,12,-1812500,-882500,1,0,0,1,0,1,0,14946.78,1,0,69238.84,0,0,0,1,671755.4,1,0,0.001332788975
C13L13,13,13,-1807500,-882500,1,0,0,1,0,1,0,14831.2,1,0,66212.04,0,0,0,1,667087.5,1,0,0.01620668529
C14L13,13,14,-1802500,-882500,0.99285673,0.00714286,4.1e-07,0.99285673,0.00714286,0.990584,0.00941559,14762.17,1,0,63185.5,3.662818e-07,0,0,1,662424.4,1,0.002,0.03408337278
C15L13,13,15,-1797500,-882500,0.873684,0.126315869,1.31e-07,0.873684,0.126315869,0.873684,0.126315869,16030.33,0.2159896,0,60302.14,0.6300563,0,0,0.2159896,657766.2,1,0,0.126315869
C16L13,13,16,-1792500,-882500,1,0,0,1,0,1,0,17833.13,0,0,57708.65,0.05881992,0,0,0,653113.2,1,0,0.0179030298
C17L13,13,17,-1787500,-882500,1,0,0,1,0,1,0,16121.34,0,0,55445.73,0,0.008930359,0,0.008930359,648465.2,1,0,0.003670361284
C18L13,13,18,-1782500,-882500,1,0,0,1,0,1,0,14287.81,0,0,53555.07,0,0.2082884,0,0.2082884,643822.6,1,0,0.004837002354
C19L13,13,19,-1777500,-882500,0.97958541,0.02041463,-4e-08,0.9767146,0.02328544,0.955981,0.04401904,13194,0,0,51850.86,0,0,0,0,639185.3,1,0.024,0.0306537693
C20L13,13,20,-1772500,-882500,0.93668818,0.06331168,1.4e-07,0.92435053,0.07564933,0.916883,0.08311686,11952.72,0,0,50146.64,0.1019152,0,0,0,634553.6,1,0.02,0.1181942711
C21L13,13,21,-1767500,-882500,0.56076542,0.43923433,2.5e-07,0.54704931,0.45295044,0.536523,0.46347675,11028.38,0,0,48442.43,0.8005724,0,0,0,629927.4,1,0.024,0.43923433
C22L13,13,22,-1762500,-882500,0.53429007,0.46570991,2e-08,0.52535866,0.47464132,0.520255,0.47974498,8683.832,0,0,45975.52,0.6994891,0,0,0,625307.1,1,0.014,0.4696123833
C23L13,13,23,-1757500,-882500,0.5766238,0.42337686,-6.6e-07,0.56363678,0.43636388,0.559416,0.44058466,3940.429,0,0,43520.13,0.6356173,0,0,0,620692.6,1,0.017,0.463894693
C24L13,13,24,-1752500,-882500,0.41052664,0.5894731,2.6e-07,0.405104,0.59489574,0.405104,0.59489574,176.5277,0,0,41524.15,0.2428399,0,0,0,616084.1,1,0.005,0.5894731
C25L13,13,25,-1747500,-882500,0.2805197,0.71948054,-2.4e-07,0.268182,0.73181824,0.268182,0.73181824,1967.467,0,0,40056.3,0.1048768,0,0,0,611481.8,1,0.012,0.71948054
C26L13,13,26,-1742500,-882500,0.194577,0.80542269,3.1e-07,0.194577,0.80542269,0.194577,0.80542269,567.5536,0,0,39176.02,0,0,0,0,606885.8,1,0,0.80542269
C27L13,13,27,-1737500,-882500,0.3577921,0.64220789,1e-08,0.353896,0.64610399,0.353896,0.64610399,550.8774,0,0,38923.17,0,0,0,0,602296.2,1,0.004,0.64220789
C28L13,13,28,-1732500,-882500,0.36873971,0.63125958,7.1e-07,0.364274,0.63572529,0.364274,0.63572529,463.3359,0,0,39309.87,0,0,0,0,597713.2,1,0.004,0.63125958
C29L13,13,29,-1727500,-882500,0.273701675,0.72629833,-5e-09,0.273377,0.726623005,0.273377,0.726623005,2701.82,0,0,40317.73,0,0,0,0,593136.9,1,0,0.72629833
C30L13,13,30,-1722500,-882500,0.81116453,0.1888362,-7.3e-07,0.80574188,0.19425885,0.803828,0.19617273,5598.975,0,0,41838.61,0,0,0,0,588567.5,1,0.007,0.2778240109
C31L13,13,31,-1717500,-882500,0.988198,0.01180223,-2.3e-07,0.988198,0.01180223,0.988198,0.01180223,9625.952,0,0,43433.16,0,0,0,0,584005.2,1,0,0.09221428917
C32L13,13,32,-1712500,-882500,0.77435077,0.22564899,2.4e-07,0.75324683,0.24675293,0.747078,0.25292176,13895.48,0,0,45027.72,0.5136403,0,0,0,579450.1,1,0.027,0.2409846367
C33L13,13,33,-1707500,-882500,0.54609256,0.45390775,-3.1e-07,0.508772,0.49122831,0.508772,0.49122831,14650.95,0,0,46622.27,1,0,0,0,574902.4,1,0.037,0.45390775
C34L13,13,34,-1702500,-882500,0.56396129,0.43603881,-1e-07,0.52370158,0.47629852,0.503247,0.4967531,15260.48,0,0,48221.88,1,0,0,0,570362.3,1,0.061,0.43603881
C35L13,13,35,-1697500,-882500,0.67910639,0.32089305,5.6e-07,0.63700119,0.36299825,0.609569,0.39043044,15212.12,0,0,50107.25,0.9456973,0,0,0,565829.9,1,0.07,0.3405664952
C36L13,13,36,-1692500,-882500,0.76818131,0.23181804,6.5e-07,0.756493,0.24350635,0.730519,0.26948035,10570.85,0,0,50675.59,0.748283,0,0,0,561305.5,1,0.038,0.2805548277
C37L13,13,37,-1687500,-882500,0.7891551,0.210845469,-5.69e-07,0.78213756,0.217863009,0.775439,0.224561569,6486.673,0,0,50724.86,0.5432768,0,0,0,556789.2,1,0.014,0.2493564028
C38L13,13,38,-1682500,-882500,0.92922034,0.07077931,3.5e-07,0.90909051,0.09090914,0.902597,0.09740265,3004.478,0,0,50774.14,0.2452833,0.2951959,0,0.2951959,552281.3,1,0.027,0.1253098087
C39L13,13,39,-1677500,-882500,1,0,0,1,0,1,0,1995.351,0,0,50823.41,0,1,0,1,547781.8,2,0,0.03695771188
C40L13,13,40,-1672500,-882500,1,0,0,1,0,1,0,6995.181,0,0,50872.68,0,0.7256587,0,0.7256587,543291.2,2,0,0.009868092242
C41L13,13,41,-1667500,-882500,1,0,0,1,0,1,0,11995.01,0,0,50986.55,0,0.189914,0,0.189914,538809.5,1,0,0.005737958933
C02L14,14,2,-1862500,-887500,0,0,1,0,0,0,0,34699.6,0,0,88448.13,0,0,0,0,717027.2,1,0,0
C03L14,14,3,-1857500,-887500,0.161967,0,0.838033,0.161967,0,0.161967,0,30070.87,0,0,85865.04,0,0,0,0,712305,1,0,0
C04L14,14,4,-1852500,-887500,0.956767,0,0.043233,0.956767,0,0.956767,0,25582.27,0,0,83501.73,0,0,0,0,707586.5,1,0,0
C05L14,14,5,-1847500,-887500,1,0,0,1,0,1,0,21322.47,0,0,81377.34,0,0,0,0,702872,1,0,0
C06L14,14,6,-1842500,-887500,1,0,0,1,0,1,0,17459.76,0.008055658,0,79511.04,0,0,0,0.008055658,698161.5,1,0,0
C07L14,14,7,-1837500,-887500,1,0,0,1,0,1,0,14319.16,0.04572154,0,77921.37,0,0,0,0.04572154,693455,1,0,0
C08L14,14,8,-1832500,-887500,1,0,0,1,0,1,0,12459.28,0.1499695,0,76625.54,0,0,0,0.1499695,688752.6,1,0,0
C09L14,14,9,-1827500,-887500,1,0,0,1,0,1,0,12467.11,0.8128057,0,74339.47,0,0,0,0.8128057,684054.4,1,0,0
C10L14,14,10,-1822500,-887500,1,0,0,1,0,1,0,14339.6,1,0,71312.67,0,0,0,1,679360.6,1,0,0
C11L14,14,11,-1817500,-887500,1,0,0,1,0,1,0,15293.56,1,0,68285.88,0,0,0,1,674671.2,1,0,0.0007835130092
C12L14,14,12,-1812500,-887500,1,0,0,1,0,1,0,14800.26,1,0,65259.08,0,0,0,1,669986.2,1,0,0.005697519231
C13L14,14,13,-1807500,-887500,0.994987,0.005012533,4.67e-07,0.994987,0.005012533,0.994987,0.005012533,14202.1,1,0,62232.28,0,0,0,1,665305.9,1,0,0.02749596296
C14L14,14,14,-1802500,-887500,0.73565031,0.26434986,-1.7e-07,0.728635,0.27136517,0.728635,0.27136517,13116.81,0.5069135,0,59205.48,0.1663972,0,0,0.5069135,660630.2,1,0.007,0.26434986
C15L14,14,15,-1797500,-887500,0.965539,0.03446113,-1.3e-07,0.965539,0.03446113,0.965539,0.03446113,12738.86,0,0,56190.12,1,0,0,0,655959.3,1,0,0.0699682253
C16L14,14,16,-1792500,-887500,1,0,0,1,0,1,0,12840.57,0,0,53397.29,0.8142647,0,0,0,651293.3,1,0,0.02986933218
C17L14,14,17,-1787500,-887500,1,0,0,1,0,1,0,11895.02,0,0,50943.21,0.4188494,0,0,0,646632.3,1,0,0.01295308415
C18L14,14,18,-1782500,-887500,1,0,0,1,0,1,0,9466.413,0,0,48878.95,0.3707712,0,0,0,641976.4,1,0,0.01217189652
C19L14,14,19,-1777500,-887500,1,0,0,1,0,1,0,8326.946,0,0,47150.25,0.351762,0,0,0,637325.7,1,0,0.01908637737
C20L14,14,20,-1772500,-887500,0.9751279,0.02487245,-3.5e-07,0.9751279,0.02487245,0.972258,0.02774235,7010.739,0,0,45446.04,0.2216648,0,0,0,632680.3,1,0.003,0.0747836319
C21L14,14,21,-1767500,-887500,0.6246868,0.37531295,2.5e-07,0.61403517,0.38596458,0.600564,0.39943575,6456.431,0,0,43741.83,1,0,0,0,628040.4,1,0.024,0.37531295
C22L14,14,22,-1762500,-887500,0.652569082,0.347430826,9.2e-08,0.637844816,0.362155092,0.632519,0.367480908,4485.745,0,0,41817.71,1,0,0,0,623406,1,0.02,0.3513045036
C23L14,14,23,-1757500,-887500,0.657525145,0.34247424,6.15e-07,0.645726675,0.35427271,0.639668,0.360331385,4033.139,0,0,39112.73,1,0,0,0,618777.4,1,0.018,0.3675715041
C24L14,14,24,-1752500,-887500,0.55513786,0.44486175,3.9e-07,0.537594,0.46240561,0.537594,0.46240561,4481.362,0,0,36878.97,0.8346225,0,0,0,614154.5,1,0.018,0.44486175
C25L14,14,25,-1747500,-887500,0.621811488,0.37818876,-2.48e-07,0.61160741,0.388392838,0.607462,0.392538248,5887.784,0,0,35218.05,0.8741928,0,0,0,609537.7,1,0.014,0.4385077067
C26L14,14,26,-1742500,-887500,0.30263123,0.69736931,-5.4e-07,0.295739,0.70426154,0.295739,0.70426154,4884.291,0,0,34213.51,0.2034333,0,0,0,604926.9,1,0.007,0.69736931
C27L14,14,27,-1737500,-887500,0.2723214,0.7276783,3e-07,0.25446429,0.74553541,0.25,0.7499997,4449.039,0,0,33923.69,0.04540444,0,0,0,600322.3,1,0.022,0.7276783
C28L14,14,28,-1732500,-887500,0.16008768,0.83991266,-3.4e-07,0.1447368,0.85526354,0.137218,0.86278234,4757.232,0,0,34366.7,0.07106185,0,0,0,595724.1,1,0.023,0.83991266
C29L14,14,29,-1727500,-887500,0.021683668,0.97831585,4.82e-07,0.02136479,0.978634728,0.0197704,0.980229118,7179.421,0,0,35515.11,0.2163592,0,0,0,591132.4,1,0.002,0.97831585
C30L14,14,30,-1722500,-887500,0.55701763,0.44298219,1.8e-07,0.546366,0.45363382,0.546366,0.45363382,9631.446,0,0,37099.69,0.005755928,0,0,0,586547.5,1,0.011,0.44298219
C31L14,14,31,-1717500,-887500,0.80513735,0.19486183,8.2e-07,0.794799,0.20520018,0.794799,0.20520018,12668.27,0,0,38694.24,0,0,0,0,581969.3,1,0.01,0.1986370165
C32L14,14,32,-1712500,-887500,0.68176002,0.318239633,3.47e-07,0.679209,0.320790653,0.679209,0.320790653,16544.52,0,0,40288.79,0.1126272,0,0,0,577398.2,1,0.003,0.318239633
C33L14,14,33,-1707500,-887500,0.27756913,0.722431093,-2.23e-07,0.26691753,0.733082693,0.261905,0.738095223,18619.57,0,0,41883.34,1,0,0,0,572834.2,1,0.016,0.722431093
C34L14,14,34,-1702500,-887500,0.33800978,0.66199013,9e-08,0.33131335,0.66868656,0.319196,0.68080391,15961.54,0,0,43538.31,1,0,0,0,568277.5,1,0.019,0.66199013
C35L14,14,35,-1697500,-887500,0.44360874,0.556391033,2.27e-07,0.43358368,0.566416093,0.429511,0.570488773,12362.31,0,0,45615.41,1,0,0,0,563728.4,1,0.014,0.556391033
C36L14,14,36,-1692500,-887500,0.54432368,0.45567624,8e-08,0.54145378,0.45854614,0.538265,0.46173492,8189.106,0,0,45675.84,1,0,0,0,559187,1,0.006,0.45567624
C37L14,14,37,-1687500,-887500,0.56390968,0.43609112,-8e-07,0.54699236,0.45300844,0.538847,0.4611538,4237.199,0,0,45725.11,1,0,0,0,554653.4,1,0.025,0.43609112
C38L14,14,38,-1682500,-887500,0.70089308,0.299106905,1.5e-08,0.68431143,0.315688555,0.677615,0.322384985,500.3542,0,0,45774.38,0.6932211,0.1766027,0,0.1766027,550127.9,1,0.023,0.299106905
C39L14,14,39,-1677500,-887500,0.92794473,0.072055213,5.7e-08,0.91697983,0.083020113,0.913847,0.086152943,3244.031,0,0,45823.65,0,1,0,1,545610.8,2,0.014,0.08153303382
C40L14,14,40,-1672500,-887500,0.99154168,0.00845865,-3.3e-07,0.987469,0.01253133,0.987469,0.01253133,7745.002,0,0,45872.92,0,1,0,1,541102.1,2,0.004,0.01801346879
C41L14,14,41,-1667500,-887500,1,0,0,1,0,1,0,12442.01,0,0,45996.59,0,1,0,1,536602.1,2,0,0.01998166528
C42L14,14,42,-1662500,-887500,1.00000008,0,-8e-08,0.99906023,0.00093985,0.992168,0.00783208,17309.59,0,0,46351.62,0,0.3074702,0.7212268,1.028697,532111.1,1,0.008,0.04877151409
C43L14,14,43,-1657500,-887500,0.9610968,0.031250008,0.007653192,0.95790802,0.034438788,0.955357,0.036989808,22236.01,0,0,46707.09,0,0,0.9514018,0.9514018,527629.2,1,0.006,0.09064313242
C44L14,14,44,-1652500,-887500,0.90726813,0.09273187,0,0.90726813,0.09273187,0.906015,0.093985,19155.98,0,0,47062.56,0,0,0.168249,0.168249,523156.7,1,0.001,0.1249736253
C45L14,14,45,-1647500,-887500,1,0,0,1,0,1,0,14159.11,0,0,47648.5,0,0,0,0,518693.8,1,0,0.05537165328
C03L15,15,3,-1857500,-892500,0,0,1,0,0,0,0,30511.73,0,0,81558.95,0,0,0,0,710671.9,1,0,0
C04L15,15,4,-1852500,-892500,0.04689,0,0.95311,0.04689,0,0.04689,0,28311.68,0,0,79067.04,0,0,0,0,705942.6,1,0,0
C05L15,15,5,-1847500,-892500,0.200649,0,0.799351,0.200649,0,0.200649,0,24530.52,0,0,76820.12,0,0,0,0,701217,1,0,0
C06L15,15,6,-1842500,-892500,0.68134,0,0.31866,0.68134,0,0.68134,0,21258.92,0.6358188,0,74840.26,0,0,0,0.6358188,696495.2,1,0,0
C07L15,15,7,-1837500,-892500,0.999351,0.000649351,-3.51e-07,0.999351,0.000649351,0.999351,0.000649351,18765.32,0.9952253,0,73149.15,0,0,0,0.9952253,691777.4,1,0,0.000649351
C08L15,15,8,-1832500,-892500,1,0,0,1,0,1,0,15669.74,0.9824304,0,71767.21,0,0,0,0.9824304,687063.5,1,0,0
C09L15,15,9,-1827500,-892500,1,0,0,1,0,1,0,12664.63,1,0,70359.71,0,0,0,1,682353.8,1,0,0
C10L15,15,10,-1822500,-892500,1,0,0,1,0,1,0,10651.62,1,0,67332.91,0,0,0,1,677648.2,1,0,5.951886178e-05
C11L15,15,11,-1817500,-892500,1,0,0,1,0,1,0,10394.81,1,0,64306.11,0,0,0,1,672946.8,1,0,0.001445920234
C12L15,15,12,-1812500,-892500,0.985008,0.014992,0,0.985008,0.014992,0.985008,0.014992,9803.389,1,0,61279.32,0,0,0,1,668249.8,1,0,0.02029414643
C13L15,15,13,-1807500,-892500,0.92057385,0.07942584,3.1e-07,0.92057385,0.07942584,0.918341,0.08165869,9356.356,0.9490182,0,58252.52,0,0,0,0.9490182,663557.1,1,0.002,0.07942584
C14L15,15,14,-1802500,-892500,0.877597,0.1224025,5e-07,0.877597,0.1224025,0.877597,0.1224025,8399.276,0.001978019,0,55225.72,0.04707065,0,0,0.001978019,658869.1,1,0,0.1224025
C15L15,15,15,-1797500,-892500,0.993301,0.006698565,4.35e-07,0.993301,0.006698565,0.993301,0.006698565,7761.724,0,0,52198.92,0.9280491,0,0,0,654185.6,1,0,0.05005702293
C16L15,15,16,-1792500,-892500,0.990909,0.00909091,9e-08,0.990909,0.00909091,0.990909,0.00909091,7848,0,0,49216.38,1,0,0,0,649506.8,1,0,0.0348327314
C17L15,15,17,-1787500,-892500,0.993939,0.00606061,3.9e-07,0.993939,0.00606061,0.993939,0.00606061,7645.575,0,0,46542.38,1,0,0,0,644832.9,1,0,0.0298047898
C18L15,15,18,-1782500,-892500,1,0,0,1,0,1,0,4986.59,0,0,44273.39,1,0,0,0,640163.9,1,0,0.02601024458
C19L15,15,19,-1777500,-892500,1,0,0,1,0,1,0,3444.666,0,0,42449.65,1,0,0,0,635500,1,0,0.03093718942
C20L15,15,20,-1772500,-892500,0.98896067,0.01103896,3.7e-07,0.98246716,0.01753247,0.976623,0.02337663,2188.201,0,0,40745.44,1,0,0,0,630841.2,1,0.012,0.06670876406
C21L15,15,21,-1767500,-892500,0.84114783,0.158851749,4.21e-07,0.81690546,0.183094119,0.792982,0.207017579,1718.762,0,0,39041.22,1,0,0,0,626187.6,1,0.048,0.1766680591
C22L15,15,22,-1762500,-892500,0.77543815,0.22456133,5.2e-07,0.76459286,0.23540662,0.747049,0.25295048,127.5901,0,0,37337.01,1,0,0,0,621539.4,1,0.028,0.2445405449
C23L15,15,23,-1757500,-892500,0.73896061,0.26103891,4.8e-07,0.72045413,0.27954539,0.715584,0.28441552,624.1359,0,0,34865.59,1,0,0,0,616896.8,1,0.023,0.2805650819
C24L15,15,24,-1752500,-892500,0.65167453,0.34832492,5.5e-07,0.629027,0.37097245,0.614354,0.38564545,1783.547,0,0,32339.79,1,0,0,0,612259.7,1,0.037,0.34832492
C25L15,15,25,-1747500,-892500,0.61428599,0.38571394,7e-08,0.56623411,0.43376582,0.562338,0.43766193,3912.676,0,0,30432.14,1,0,0,0,607628.4,1,0.052,0.38571394
C26L15,15,26,-1742500,-892500,0.77448141,0.22551834,2.5e-07,0.76491203,0.23508772,0.749282,0.25071775,7842.012,0,0,29263.76,0.9967973,0,0,0,603003.1,1,0.025,0.2996434138
C27L15,15,27,-1737500,-892500,0.58831191,0.41168783,2.6e-07,0.5561691,0.44383064,0.552273,0.44772674,9448.955,0,0,28924.4,0.828767,0,0,0,598383.7,1,0.036,0.4464103666
C28L15,15,28,-1732500,-892500,0.4794257,0.52057437,-7e-08,0.4437,0.55630007,0.4437,0.55630007,9588.179,0,0,29442.72,0.6693851,0,0,0,593770.5,1,0.036,0.5615956903
C29L15,15,29,-1727500,-892500,0.21655883,0.78344141,-2.4e-07,0.21039,0.78961024,0.21039,0.78961024,11575.25,0,0,30766.21,0.6533355,0,0,0,589163.6,1,0.006,0.78344141
C30L15,15,30,-1722500,-892500,0.6156299,0.38437025,-1.5e-07,0.6156299,0.38437025,0.614035,0.38596515,13882.13,0,0,32360.76,0.07378013,0,0,0,584563.2,1,0.002,0.38437025
C31L15,15,31,-1717500,-892500,0.940351,0.05964916,-1.6e-07,0.940351,0.05964916,0.940351,0.05964916,16599.61,0,0,33955.31,0,0,0,0,579969.4,1,0,0.1117276844
C32L15,15,32,-1712500,-892500,1,0,0,1,0,1,0,17709.53,0,0,35549.87,0.2349031,0,0,0,575382.3,1,0,0.09180043505
C33L15,15,33,-1707500,-892500,0.73939362,0.26060583,5.5e-07,0.69728842,0.30271103,0.688357,0.31164245,14413.77,0,0,37144.42,1,0,0,0,570802.2,1,0.051,0.3080642845
C34L15,15,34,-1702500,-892500,0.53798688,0.46201255,5.7e-07,0.52207778,0.47792165,0.517857,0.48214243,11726.58,0,0,38933.53,1,0,0,0,566229.2,1,0.02,0.4656374801
C35L15,15,35,-1697500,-892500,0.47177056,0.52822963,-1.9e-07,0.465072,0.53492819,0.465072,0.53492819,9181.741,0,0,40626.81,1,0,0,0,561663.5,1,0.007,0.52822963
C36L15,15,36,-1692500,-892500,0.769805531,0.23019481,-3.41e-07,0.762987351,0.23701299,0.762338,0.237662341,5955.225,0,0,40676.08,1,0,0,0,557105.2,1,0.007,0.2937073256
C37L15,15,37,-1687500,-892500,0.70972906,0.29027106,-1.2e-07,0.70622029,0.29377983,0.695375,0.30462512,1182.688,0,0,40725.35,1,0,0,0,552554.6,1,0.014,0.2914413234
C38L15,15,38,-1682500,-892500,0.69285745,0.30714339,-8.4e-07,0.6857146,0.31428624,0.674351,0.32564984,2059.793,0,0,40774.62,0.7087677,0.1187066,0,0.1187066,548011.8,1,0.019,0.30714339
C39L15,15,39,-1677500,-892500,0.95215265,0.0478469,4.5e-07,0.94673,0.05326955,0.94673,0.05326955,6717.016,0,0,40823.89,0,1,0,1,543477,2,0.005,0.06854919961
C40L15,15,40,-1672500,-892500,0.978947,0.021052629,3.71e-07,0.978947,0.021052629,0.978947,0.021052629,10240.84,0,0,40873.16,0,1,5.103489e-05,1.000051035,538950.5,2,0,0.02485218819
C41L15,15,41,-1667500,-892500,0.941558,0.058441596,4.04e-07,0.941558,0.058441596,0.941558,0.058441596,14419.37,0,0,41008.8,0,0.8947137,0.6917534,1.5864671,534432.4,2,0,0.058441596
C42L15,15,42,-1662500,-892500,0.779585399,0.220414959,-3.58e-07,0.770972959,0.229027399,0.770335,0.229665358,18923.53,0,0,41364.27,0,0.1301836,0.9820562,1.1122398,529923,1,0.009,0.220414959
C43L15,15,43,-1657500,-892500,0.50876673,0.491233826,-5.56e-07,0.50876673,0.491233826,0.506494,0.493506556,22849.86,0,0,41719.74,0,0,0.4915903,0.4915903,525422.4,1,0.002,0.491233826
C44L15,15,44,-1652500,-892500,0.77161082,0.22583696,0.00255222,0.73173838,0.2657094,0.691547,0.30590078,17935.06,0,0,42076.06,0,0,0,0,520931,1,0.08,0.22583696
C45L15,15,45,-1647500,-892500,0.844155485,0.15584415,3.65e-07,0.814934675,0.18506496,0.81461,0.185389635,13084.99,0,0,42700.11,0,0,0,0,516448.8,1,0.03,0.15584415
C46L15,15,46,-1642500,-892500,0.88038315,0.11961721,-3.6e-07,0.8765554,0.12344496,0.821053,0.17894736,8194.621,0,0,43416.68,0,0,0,0,511976.3,1,0.059,0.11961721
C47L15,15,47,-1637500,-892500,0.98181773,0.01818183,4.4e-07,0.98181773,0.01818183,0.979545,0.02045456,3352.505,0,0,44133.24,0,0,0,0,507513.7,1,0.002,0.05312183113
C48L15,15,48,-1632500,-892500,0.991707,0.00829346,-4.6e-07,0.991707,0.00829346,0.991707,0.00829346,984.3692,0,0,44880.48,0,0,0,0,503061.1,1,0,0.04406237309
C49L15,15,49,-1627500,-892500,1,0,0,1,0,1,0,5632.412,0,0,45964.11,0,0,0,0,498618.9,1,0,0.03427865512
C50L15,15,50,-1622500,-892500,1,0,0,1,0,1,0,10588.15,0,0,46636.11,0,0,0,0,494187.4,1,0,0.02835579116
C06L16,16,6,-1842500,-897500,0,0,1,0,0,0,0,20878.47,0.01635871,0,70214.83,0,0,0,0.01635871,694861,1,0,0
C07L16,16,7,-1837500,-897500,0.730867,0,0.269133,0.730867,0,0.730867,0,16909.84,0.9407647,0,68409.47,0,0,0,0.9407647,690132,1,0,0
C08L16,16,8,-1832500,-897500,1,0,0,1,0,1,0,12612.89,1,0,66929.74,0,0,0,1,685406.8,1,0,0
C09L16,16,9,-1827500,-897500,1,0,0,1,0,1,0,8598.9,1,0,65797.6,0,0,0,1,680685.6,1,0,0.0001509574197
C10L16,16,10,-1822500,-897500,0.99906,0.00093985,1.5e-07,0.99906,0.00093985,0.99906,0.00093985,5895.962,1,0,63353.15,0,0,0,1,675968.3,1,0,0.00123670257
C11L16,16,11,-1817500,-897500,1,0,0,1,0,1,0,5395.064,1,0,60326.35,0,0,0,1,671255.2,1,0,0.004771535111
C12L16,16,12,-1812500,-897500,1,0,0,1,0,1,0,4813.018,1,0,57299.56,0,0,0,1,666546.3,1,0,0.02169844982
C13L16,16,13,-1807500,-897500,0.86403555,0.13596496,-5.1e-07,0.86403555,0.13596496,0.861216,0.13878451,4678.959,0.5615516,0,54272.76,0,0,0,0.5615516,661841.6,1,0.003,0.13596496
C14L16,16,14,-1802500,-897500,0.980867,0.01913266,3.4e-07,0.980867,0.01913266,0.980867,0.01913266,4152.21,0,0,51245.96,0.4597401,0,0,0,657141.2,1,0,0.04848591012
C15L16,16,15,-1797500,-897500,0.991541,0.00845865,3.5e-07,0.991541,0.00845865,0.991541,0.00845865,2784.585,0,0,48219.16,1,0,0,0,652445.4,1,0,0.03948382658
C16L16,16,16,-1792500,-897500,0.991709,0.00829082,1.8e-07,0.991709,0.00829082,0.991709,0.00829082,2858.415,0,0,45192.36,1,0,0,0,647754.1,1,0,0.03346714028
C17L16,16,17,-1787500,-897500,1,0,0,1,0,1,0,2692.548,0,0,42274.98,0.9803222,0,0,0,643067.4,1,0,0.02691283656
C18L16,16,18,-1782500,-897500,1,0,0,1,0,1,0,1198.79,0,0,39763.24,0.607353,0,0,0,638385.5,1,0,0.02427259664
C19L16,16,19,-1777500,-897500,0.99530034,0.00469924,4.2e-07,0.99310736,0.00689222,0.984962,0.01503758,1437.614,0,0,37749.91,0.7417277,0,0,0,633708.4,1,0.01,0.03555541801
C20L16,16,20,-1772500,-897500,0.96779311,0.03220666,2.3e-07,0.93431091,0.06568886,0.900191,0.09980877,2607.687,0,0,36044.84,1,0,0,0,629036.4,1,0.068,0.07209542221
C21L16,16,21,-1767500,-897500,0.88690441,0.11309524,3.5e-07,0.85682921,0.14317044,0.835526,0.16447365,3079.328,0,0,34340.62,1,0,0,0,624369.4,1,0.051,0.1351874399
C22L16,16,22,-1762500,-897500,0.90319575,0.09680452,-2.7e-07,0.8621556,0.13784467,0.8349,0.16510027,4617.184,0,0,32636.41,1,0,0,0,619707.5,1,0.068,0.1585131279
C23L16,16,23,-1757500,-897500,0.810586828,0.18941323,-5.8e-08,0.78922202,0.210778038,0.786671,0.213329058,4775.588,0,0,30746.12,1,0,0,0,615051.1,1,0.024,0.2423751632
C24L16,16,24,-1752500,-897500,0.79824599,0.20175431,-3e-07,0.7738099,0.2261904,0.760652,0.2393483,2872.244,0,0,27958.29,1,0,0,0,610400,1,0.038,0.2502952078
C25L16,16,25,-1747500,-897500,0.888711368,0.11128841,2.22e-07,0.880420548,0.11957923,0.874043,0.125956778,813.2293,0,0,25727.78,1,0,0,0,605754.5,1,0.015,0.1853505557
C26L16,16,26,-1742500,-897500,0.95363416,0.04636596,-1.2e-07,0.94580208,0.05419804,0.93797,0.06203012,4336.81,0,0,24334.58,0.8562538,0,0,0,601114.7,1,0.016,0.1508546703
C27L16,16,27,-1737500,-897500,0.80963053,0.19037027,-8e-07,0.805804,0.1941968,0.805804,0.1941968,7387.659,0,0,23925.39,0.2074865,0,0,0,596480.7,1,0.004,0.2531024824
C28L16,16,28,-1732500,-897500,0.34711793,0.65288207,0,0.32957407,0.67042593,0.302945,0.697055,9243.403,0,0,24549.49,0.02254342,0,0,0,591852.7,1,0.044,0.65288207
C29L16,16,29,-1727500,-897500,0.414222,0.58577837,-3.7e-07,0.414222,0.58577837,0.414222,0.58577837,12257.59,0,0,26027.29,0.4082903,0,0,0,587230.7,1,0,0.58577837
C30L16,16,30,-1722500,-897500,0.828947,0.1710524,6e-07,0.828947,0.1710524,0.828947,0.1710524,14552.95,0,0,27621.84,0.06879113,0,0,0,582615,1,0,0.1924660464
C31L16,16,31,-1717500,-897500,1,0,0,1,0,1,0,16492.57,0,0,29216.39,0,0,0,0,578005.7,1,0,0.03779987257
C32L16,16,32,-1712500,-897500,1,0,0,1,0,1,0,14065.76,0,0,30810.94,0.1089849,0,0,0,573403,1,0,0.03526163346
C33L16,16,33,-1707500,-897500,0.87468676,0.12531331,-7e-08,0.8684211,0.13157897,0.862782,0.13721807,10642.67,0,0,32414.01,0.7208711,0,0,0,568806.9,1,0.012,0.1711033547
C34L16,16,34,-1702500,-897500,0.50988546,0.49011432,2.2e-07,0.48246198,0.5175378,0.469388,0.53061178,7491.625,0,0,34435.25,1,0,0,0,564217.8,1,0.04,0.49011432
C35L16,16,35,-1697500,-897500,0.62907274,0.37092748,-2.2e-07,0.61936096,0.38063926,0.614975,0.38502522,4833.59,0,0,35627.05,1,0,0,0,559635.6,1,0.014,0.37158869
C36L16,16,36,-1692500,-897500,0.85235971,0.147640245,4.5e-08,0.83514036,0.164859595,0.820472,0.179527955,3497.553,0,0,35676.32,0.9908849,0,0,0,555060.7,1,0.032,0.2089947356
C37L16,16,37,-1687500,-897500,0.91416036,0.08583957,7e-08,0.89755635,0.10244358,0.887218,0.11278193,102.8845,0,0,35725.59,0.7252695,0,0,0,550493.2,1,0.027,0.129072795
C38L16,16,38,-1682500,-897500,0.90306141,0.096938773,-1.83e-07,0.89477059,0.105229593,0.883291,0.116709183,4893.871,0,0,35774.86,0.2723915,0.2451396,0,0.2451396,545933.2,1,0.02,0.1027806622
C39L16,16,39,-1677500,-897500,1,0,0,1,0,1,0,8989.024,0,0,35824.13,0,1,0,1,541381.1,2,0,0.02750042836
C40L16,16,40,-1672500,-897500,1,0,0,1,0,1,0,13218.2,0,0,35873.41,0,0.9547269,0.09195793,1.04668483,536836.9,2,0,0.01006329183
C41L16,16,41,-1667500,-897500,1,0,0,1,0,1,0,17298.15,0,0,36021.45,0,0.2485987,1,1.2485987,532300.8,1,0,0.01767521755
C42L16,16,42,-1662500,-897500,0.9495617,0.0504386,-3e-07,0.9392234,0.0607769,0.935464,0.0645363,21266.63,0,0,36376.92,0,0,0.9885718,0.9885718,527773.2,1,0.014,0.07661078482
C43L16,16,43,-1657500,-897500,0.90529357,0.09470667,-2.4e-07,0.90019153,0.09980871,0.896365,0.10363524,22475.04,0,0,36732.39,0,0,0.03962573,0.03962573,523254.1,1,0.009,0.1149334008
C44L16,16,44,-1652500,-897500,1,0,0,1,0,1,0,17479.1,0,0,37093.08,0,0,0,0,518743.9,1,0,0.05583476031
C45L16,16,45,-1647500,-897500,0.99904343,0.000956633,-6.3e-08,0.99649241,0.003507653,0.992347,0.007653063,12483.17,0,0,37751.73,0,0,0,0,514242.7,1,0.007,0.03445524242
C46L16,16,46,-1642500,-897500,0.88377233,0.11622805,-3.8e-07,0.87750667,0.12249371,0.871241,0.12875938,7487.235,0,0,38468.29,0,0,0,0,509750.9,1,0.013,0.11622805
C47L16,16,47,-1637500,-897500,0.84151736,0.15848209,5.5e-07,0.82940001,0.17059944,0.795599,0.20440045,2491.3,0,0,39184.85,0.1232697,0,0,0,505268.5,1,0.046,0.15848209
C48L16,16,48,-1632500,-897500,0.86121534,0.1387845,1.6e-07,0.83959878,0.16040106,0.796679,0.20332084,2504.635,0,0,39972.08,0.6238101,0,0,0,500796,1,0.065,0.1387845
C49L16,16,49,-1627500,-897500,0.83583933,0.16416036,3.1e-07,0.7994985,0.20050119,0.759085,0.24091469,7244.271,0,0,41094.96,0.4102814,0,0,0,496333.6,1,0.077,0.16416036
C50L16,16,50,-1622500,-897500,0.89668386,0.10331624,-1e-07,0.883291,0.1167091,0.846939,0.1530611,8229.42,0,0,41650.16,0.1067746,0,0,0,491881.4,1,0.05,0.10331624
C51L16,16,51,-1617500,-897500,0.9924808,0.0075188,4e-07,0.9924808,0.0075188,0.984962,0.0150376,5412.903,0,0,42024.68,0,0,0,0,487440,1,0.008,0.02714890628
C52L16,16,52,-1612500,-897500,1,0,0,1,0,1,0,2325.77,0,0,42399.2,0,0,0,0,483009.4,1,0,0.02441611747
C53L16,16,53,-1607500,-897500,1,0,0,1,0,1,0,1868.698,0,0,42778.11,0,0,0,0,478590,1,0,0.02138403629
C54L16,16,54,-1602500,-897500,0.99489765,0.00510204,3.1e-07,0.99139,0.00860969,0.99139,0.00860969,6411.994,0,0,43501.44,0,0,0,0,474182.2,1,0.004,0.03030616326
C55L16,16,55,-1597500,-897500,0.93640336,0.06359646,1.8e-07,0.93358381,0.06641601,0.928258,0.07174182,11328.35,0,0,44417.34,0,0,0,0,469786.3,1,0.008,0.06452957207
C07L17,17,7,-1837500,-902500,0.709091,0,0.290909,0.709091,0,0.709091,0,14036.55,0.9516245,0,63709.61,0,0,0,0.9516245,688518.9,1,0,0
C08L17,17,8,-1832500,-902500,0.984051,0,0.015949,0.984051,0,0.984051,0,9851.744,1,0,62118.02,0,0,0,1,683782.6,1,0,0.0002482444688
C09L17,17,9,-1827500,-902500,0.990909,0,0.009091,0.990909,0,0.990909,0,6054.116,1,0,60896.49,0,0,0,1,679050.1,1,0,0.003499455433
C10L17,17,10,-1822500,-902500,1,0,0,1,0,1,0,1530.146,1,0,59373.39,0,0,0,1,674321.4,1,0,0.008609996912
C11L17,17,11,-1817500,-902500,1,0,0,1,0,1,0,395.3187,1,0,56346.59,0,0,0,1,669596.7,1,0,0.01384281063
C12L17,17,12,-1812500,-902500,0.93779892,0.06220102,6e-08,0.936523,0.06347694,0.936523,0.06347694,166.8777,1,0,53319.8,0,0,0,1,664876,1,0.001,0.06220102
C13L17,17,13,-1807500,-902500,0.85071723,0.14928227,5e-07,0.84306173,0.15693777,0.838915,0.1610845,20.52582,0.3025024,0,50293,0.08019721,0,0,0.3025024,660159.4,1,0.012,0.14928227
C14L17,17,14,-1802500,-902500,0.999026,0.000974026,-2.6e-08,0.999026,0.000974026,0.999026,0.000974026,809.7841,0,0,47266.2,0.9395114,0,0,0,655447,1,0,0.0405053909
C15L17,17,15,-1797500,-902500,0.986284,0.0137161,-1e-07,0.986284,0.0137161,0.986284,0.0137161,2192.553,0,0,44239.4,0.5956005,0,0,0,650738.9,1,0,0.02871080947
C16L17,17,16,-1792500,-902500,0.994805,0.00519481,1.9e-07,0.994805,0.00519481,0.994805,0.00519481,2120.547,0,0,41212.6,0.2570141,0,0,0,646035.2,1,0,0.0202007963
C17L17,17,17,-1787500,-902500,0.981499,0.01499205,0.00350895,0.981499,0.01499205,0.981499,0.01499205,2010.142,0,0,38185.81,0.130733,0,0,0,641336,1,0,0.02395617368
C18L17,17,18,-1782500,-902500,0.994805,0.00064935,0.00454565,0.994805,0.00064935,0.994805,0.00064935,2736.491,0,0,35384.98,0,0,0,0,636641.3,1,0,0.01950119276
C19L17,17,19,-1777500,-902500,0.85231283,0.12440198,0.02328519,0.85231283,0.12440198,0.849761,0.12695381,633.4555,0,0,33106.45,0.1067181,0,0,0,631951.4,1,0.003,0.12440198
C20L17,17,20,-1772500,-902500,0.90422109,0.08441553,0.01136338,0.888312,0.10032462,0.888312,0.10032462,3611.169,0,0,31344.24,0.4139273,0,0,0,627266.2,1,0.016,0.08474008153
C21L17,17,21,-1767500,-902500,0.900159979,0.09473685,0.005103171,0.900159979,0.09473685,0.899841,0.095055829,8063.979,0,0,29640.02,0.1080004,0,0,0,622586,1,0,0.09570193142
C22L17,17,22,-1762500,-902500,0.76937835,0.22583735,0.0047843,0.75949,0.2357257,0.75949,0.2357257,9354.854,0,0,27935.81,0.4022712,0,0,0,617910.7,1,0.01,0.22583735
C23L17,17,23,-1757500,-902500,0.62987015,0.37013031,-4.6e-07,0.624026,0.37597446,0.624026,0.37597446,9329.121,0,0,26231.59,0.9816745,0,0,0,613240.6,1,0.006,0.37013031
C24L17,17,24,-1752500,-902500,0.4516745,0.548326,-5e-07,0.4079744,0.5920261,0.398724,0.6012765,6169.515,0,0,23792.05,0.5244739,0,0,0,608575.7,1,0.053,0.548326
C25L17,17,25,-1747500,-902500,0.96168852,0.03831165,-1.7e-07,0.9448054,0.05519477,0.91526,0.08474017,1191.39,0,0,21159.45,0.6202513,0,0,0,603916.1,1,0.046,0.1283373566
C26L17,17,26,-1742500,-902500,0.88070159,0.119297778,6.32e-07,0.874322,0.125677368,0.874322,0.125677368,1145.677,0,0,19441.59,0.05446935,0,0,0,599262.1,1,0.006,0.1546625664
C27L17,17,27,-1737500,-902500,0.46428608,0.53571459,-6.7e-07,0.4548705,0.54513017,0.448377,0.55162367,2804.946,0,0,18926.92,0.1557797,0,0,0,594613.6,1,0.016,0.53571459
C28L17,17,28,-1732500,-902500,0.74385959,0.25613991,5e-07,0.73748,0.2625195,0.73748,0.2625195,5691.64,0,0,19709.93,0.07189632,0,0,0,589971,1,0.006,0.2570675403
C29L17,17,29,-1727500,-902500,0.991883,0.00811688,1.2e-07,0.991883,0.00811688,0.991883,0.00811688,7672.107,0,0,21288.36,0,0,0,0,585334.2,1,0,0.08940188454
C30L17,17,30,-1722500,-902500,1,0,0,1,0,1,0,10240.94,0,0,22882.91,0,0,0,0,580703.4,1,0,0.04284537814
C31L17,17,31,-1717500,-902500,0.998086,0.00191388,1.2e-07,0.998086,0.00191388,0.998086,0.00191388,11501.72,0,0,24477.47,0,0,0,0,576078.8,1,0,0.01617607177
C32L17,17,32,-1712500,-902500,0.977273,0.02272727,-2.7e-07,0.977273,0.02272727,0.977273,0.02272727,10928.41,0,0,26072.02,0.1901812,0,0,0,571460.6,1,0,0.03530729532
C33L17,17,33,-1707500,-902500,0.98979269,0.01020733,-2e-08,0.98979269,0.01020733,0.985008,0.01499202,6994.969,0,0,27765.15,0.9319793,0,0,0,566848.8,1,0.005,0.09202401511
C34L17,17,34,-1702500,-902500,0.63896051,0.36103882,6.7e-07,0.61396055,0.38603878,0.605519,0.39448033,3575.812,0,0,29976.03,1,0,0,0,562243.6,1,0.033,0.36103882
C35L17,17,35,-1697500,-902500,0.561722048,0.43827805,-9.8e-08,0.55087675,0.449123348,0.532057,0.467943098,598.6344,0,0,30627.29,1,0,0,0,557645.2,1,0.03,0.43827805
C36L17,17,36,-1692500,-902500,0.90259709,0.097402596,3.14e-07,0.88409063,0.115909056,0.872727,0.127272686,624.1408,0,0,30676.57,0.918763,0,0,0,553053.9,1,0.03,0.1522092122
C37L17,17,37,-1687500,-902500,0.99999971,0,2.9e-07,0.99999971,0,0.995534,0.00446571,2893.527,0,0,30725.84,0,0,0,0,548469.6,1,0.004,0.0392268562
C38L17,17,38,-1682500,-902500,0.95486971,0.04512986,4.3e-07,0.94805153,0.05194804,0.940584,0.05941557,6048.403,0,0,30775.11,0,0.1892161,0.1526533,0.3418694,543892.7,1,0.014,0.04512986
C39L17,17,39,-1677500,-902500,1,0,0,1,0,1,0,10490.73,0,0,30824.38,0,1,0,1,539323.3,2,0,0.01415062378
C40L17,17,40,-1672500,-902500,1,0,0,1,0,1,0,15281.61,0,0,30873.65,0,0.7601142,0.2273133,0.9874275,534761.6,2,0,0.006333740751
C41L17,17,41,-1667500,-902500,0.975324675,0.02467528,4.5e-08,0.975324675,0.02467528,0.975,0.024999955,20067.43,0,0,31034.1,0,0,1,1,530207.8,1,0,0.02629750164
C42L17,17,42,-1662500,-902500,0.91228101,0.08771932,-3.3e-07,0.90334959,0.09665074,0.89697,0.10303033,24363.44,0,0,31389.57,0,0,0.9066132,0.9066132,525662.2,1,0.015,0.08771932
C43L17,17,43,-1657500,-902500,0.88441515,0.11558449,3.6e-07,0.8811684,0.11883124,0.878571,0.12142864,21526,0,0,31745.05,0,0,0.002767387,0.002767387,521124.8,1,0.006,0.11558449
C44L17,17,44,-1652500,-902500,0.991707,0.00829346,-4.6e-07,0.991707,0.00829346,0.991707,0.00829346,16550.86,0,0,32115.39,0,0,0,0,516596,1,0,0.02107053732
C45L17,17,45,-1647500,-902500,1,0,0,1,0,1,0,11597.1,0,0,32803.34,0,0,0,0,512075.9,1,0,0.01092525902
C46L17,17,46,-1642500,-902500,1,0,0,1,0,1,0,6712.279,0,0,33519.9,0,0,0,0,507564.9,1,0,0.01721749251
C47L17,17,47,-1637500,-902500,0.989286,0.01071428,-2.8e-07,0.989286,0.01071428,0.989286,0.01071428,2012.15,0,0,34236.46,0.1889361,0,0,0,503063.1,1,0,0.03372806038
C48L17,17,48,-1632500,-902500,0.998405,0.0015949,1e-07,0.998405,0.0015949,0.998405,0.0015949,2724.616,0,0,35089.41,1,0,0,0,498570.8,1,0,0.04921212721
C49L17,17,49,-1627500,-902500,0.99106881,0.00893142,-2.3e-07,0.99106881,0.00893142,0.988198,0.01180223,7703.002,0,0,36225.81,0.4681058,0,0,0,494088.2,1,0.003,0.04143785639
C50L17,17,50,-1622500,-902500,0.970454106,0.029545462,4.32e-07,0.96948008,0.030519488,0.966558,0.033441568,4892.226,0,0,36664.2,0.3560291,0,0,0,489615.7,1,0.004,0.05189348745
C51L17,17,51,-1617500,-902500,0.88548624,0.11451355,2.1e-07,0.87272707,0.12727272,0.842743,0.15725679,1294.546,0,0,37038.72,0.3935478,0,0,0,485153.5,1,0.043,0.11451355
C52L17,17,52,-1612500,-902500,0.95194791,0.048051918,1.72e-07,0.93279206,0.067207768,0.906818,0.093181828,490.6906,0,0,37413.24,0,0,0,0,480701.8,1,0.045,0.05798116558
C53L17,17,53,-1607500,-902500,0.88548629,0.114513599,1.11e-07,0.86698549,0.133014399,0.8437,0.156299889,4118.516,0,0,37800.66,0,0,0,0,476261.1,1,0.042,0.114513599
C54L17,17,54,-1602500,-902500,0.9558446,0.044155805,-4.05e-07,0.94870175,0.051298655,0.945455,0.054545405,8784.644,0,0,38586.05,0,0,0,0,471831.5,1,0.01,0.09730245059
C55L17,17,55,-1597500,-902500,0.94226467,0.057735218,1.12e-07,0.94226467,0.057735218,0.937161,0.062838888,12993.58,0,0,39501.94,0,0,0,0,467413.4,1,0.005,0.1197367294
C56L17,17,56,-1592500,-902500,0.978247,0.0217532,-2e-07,0.978247,0.0217532,0.978247,0.0217532,17494.32,0,0,40420.84,0,0,0,0,463007.2,1,0,0.08901954056
C57L17,17,57,-1587500,-902500,0.99999967,0,3.3e-07,0.99999967,0,0.994896,0.00510367,14931.04,0,0,41680.9,0,0,0,0,458613.1,1,0.005,0.04014599025
C58L17,17,58,-1582500,-902500,1,0,0,1,0,1,0,10390.63,0,0,43152.3,0,0,0,0,454231.6,1,0,0.01039185082
C59L17,17,59,-1577500,-902500,1,0,0,1,0,1,0,6169.764,0,0,44623.69,0,0,0,0,449863,1,0,0.004173290552
C60L17,17,60,-1572500,-902500,1,0,0,1,0,1,0,2046.667,0,0,46095.08,0,0,0,0,445507.7,1,0,0.003529907981
C05L18,18,5,-1847500,-907500,0.226722,0,0.773278,0.226722,0,0.226722,0,13752.73,0.3615373,0,63549.23,0,0,0,0.3615373,696443.7,1,0,0
C06L18,18,6,-1842500,-907500,0.519737,0,0.480263,0.519737,0,0.519737,0,13736.31,0.5556627,0,61141.14,0,0,0,0.5556627,691689.3,1,0,0
C07L18,18,7,-1837500,-907500,0.974171,0,0.025829,0.974171,0,0.974171,0,10596.3,1,0,59059.06,0,0,0,1,686938.5,1,0,4.081190623e-05
C08L18,18,8,-1832500,-907500,0.996241,0,0.003759,0.996241,0,0.996241,0,7477.649,1,0,57338.53,0,0,0,1,682191.2,1,0,0.0009524214356
C09L18,18,9,-1827500,-907500,0.983418,0.00956633,0.00701567,0.983418,0.00956633,0.983418,0.00956633,2858.507,1,0,56012.86,0,0,0,1,677447.6,1,0,0.009692147179
C10L18,18,10,-1822500,-907500,0.936404,0.06359649,-4.9e-07,0.936404,0.06359649,0.936404,0.06359649,322.0999,1,0,55110.56,0,0,0,1,672707.6,1,0,0.06359649
C11L18,18,11,-1817500,-907500,0.901467,0.098533156,-1.56e-07,0.901467,0.098533156,0.901467,0.098533156,4474.569,1,0,52366.83,0,0,0,1,667971.5,1,0,0.098533156
C12L18,18,12,-1812500,-907500,0.95144092,0.04855886,2.2e-07,0.94956122,0.05043856,0.940476,0.05952378,5146.771,0.9824597,0,49340.04,0,0,0,0.9824597,663239.2,1,0.011,0.04855886
C13L18,18,13,-1807500,-907500,0.99999955,0,4.5e-07,0.99718,0.00281955,0.99718,0.00281955,4714.321,0.1062192,0,46313.24,0.5530367,0,0,0.1062192,658510.9,1,0.003,0.02732907708
C14L18,18,14,-1802500,-907500,0.994579,0.00542092,8e-08,0.994579,0.00542092,0.994579,0.00542092,5771.778,0,0,43286.44,0.6429254,0,0,0,653786.6,1,0,0.02892009741
C15L18,18,15,-1797500,-907500,0.977757,0.0222431,-1e-07,0.977757,0.0222431,0.977757,0.0222431,6660.535,0,0,40259.64,0.099568,0,0,0,649066.5,1,0,0.02260406598
C16L18,18,16,-1792500,-907500,0.978635,0.0213648,2e-07,0.978635,0.0213648,0.978635,0.0213648,7099.508,0,0,37232.84,0,0,0,0,644350.6,1,0,0.02334757853
C17L18,18,17,-1787500,-907500,0.89692995,0.10307018,-1.3e-07,0.86372195,0.13627818,0.857143,0.14285713,6721.906,0,0,34206.05,0,0,0,0,639639,1,0.04,0.10307018
C18L18,18,18,-1782500,-907500,0.93016631,0.06983421,-5.2e-07,0.923151,0.07684952,0.923151,0.07684952,6715.822,0,0,31194.2,0,0,0,0,634931.8,1,0.007,0.06983421
C19L18,18,19,-1777500,-907500,0.9561401,0.02944855,0.01441135,0.95363383,0.03195482,0.950501,0.03508765,2045.115,0,0,28583.54,0,0,0,0,630229.1,1,0.006,0.03518920323
C20L18,18,20,-1772500,-907500,0.871811465,0.06122446,0.066964075,0.860650755,0.07238517,0.860013,0.073022925,2711.798,0,0,26643.63,0,0,0,0,625531,1,0.012,0.06122446
C21L18,18,21,-1767500,-907500,0.83740596,0.02036336,0.14223068,0.83302,0.02474932,0.83302,0.02474932,7616.545,0,0,24939.42,0,0,0,0,620837.7,1,0.004,0.04691968612
C22L18,18,22,-1762500,-907500,0.94204212,0.02756891,0.03038897,0.94204212,0.02756891,0.938596,0.03101503,12595.86,0,0,23235.21,0.4327399,0,0,0,616149.2,1,0.003,0.09512904091
C23L18,18,23,-1757500,-907500,0.87627499,0.10044641,0.0232786,0.85841785,0.11830355,0.811224,0.1654974,12338.16,0,0,21530.99,0.5598285,0,0,0,611465.6,1,0.065,0.1749655222
C24L18,18,24,-1752500,-907500,0.75877166,0.23339605,0.00783229,0.74248096,0.24968675,0.738095,0.25407271,8098.567,0,0,19674.53,0,0,0,0,606787,1,0.021,0.2348162384
C25L18,18,25,-1747500,-907500,0.66804858,0.29942633,0.03252509,0.65019143,0.31728348,0.643495,0.32397991,5044.971,0,0,16838.23,0,0,0,0,602113.7,1,0.025,0.29942633
C26L18,18,26,-1742500,-907500,0.765038,0.22900978,0.00595222,0.765038,0.22900978,0.765038,0.22900978,3276.085,0,0,14621.19,0,0,0,0,597445.6,1,0,0.22900978
C27L18,18,27,-1737500,-907500,0.8517218,0.14094391,0.00733429,0.84821414,0.14445157,0.845982,0.14668371,1053.212,0,0,13929.54,0,0,0,0,592782.9,1,0.006,0.1496549025
C28L18,18,28,-1732500,-907500,0.98183,0,0.01817,0.98183,0,0.98183,0,1097.845,0,0,14954.89,0,0,0,0,588125.8,1,0,0.05808064664
C29L18,18,29,-1727500,-907500,0.99426,0,0.00574,0.99426,0,0.99426,0,3897.847,0,0,16549.44,0,0,0,0,583474.3,1,0,0.02483069013
C30L18,18,30,-1722500,-907500,0.984962,0.008145356,0.006892644,0.984962,0.008145356,0.984962,0.008145356,5491.018,0,0,18143.99,0,0,0,0,578828.7,1,0,0.01295728042
C31L18,18,31,-1717500,-907500,0.98590212,0.009711776,0.004386104,0.982456,0.013157896,0.982456,0.013157896,6524.876,0,0,19738.54,0.1432786,0,0,0,574189,1,0.003,0.01542179526
C32L18,18,32,-1712500,-907500,0.997449,0.00255102,-2e-08,0.997449,0.00255102,0.997449,0.00255102,8042.456,0,0,21333.09,0.242004,0,0,0,569555.4,1,0,0.02326282971
C33L18,18,33,-1707500,-907500,0.91447333,0.085526276,3.94e-07,0.90476155,0.095238056,0.901942,0.098057606,3867.94,0,0,23255.1,0.9883997,0,0,0,564928,1,0.013,0.1144393743
C34L18,18,34,-1702500,-907500,0.80452822,0.19547208,-3e-07,0.79559965,0.20440065,0.773916,0.2260843,33.84817,0,0,25516.81,1,0,0,0,560307.1,1,0.031,0.2198585797
C35L18,18,35,-1697500,-907500,0.729949643,0.27005068,-3.23e-07,0.707706533,0.29229379,0.702694,0.297306323,3491.046,0,0,25627.54,1,0,0,0,555692.7,1,0.027,0.270976068
C36L18,18,36,-1692500,-907500,0.84980906,0.15019131,-3.7e-07,0.8364162,0.16358417,0.810906,0.18909437,3971.764,0,0,25676.81,0.595516,0,0,0,551085.1,1,0.039,0.1691862321
C37L18,18,37,-1687500,-907500,0.9649127,0.03508772,-4.2e-07,0.9649127,0.03508772,0.963033,0.03696742,5972.35,0,0,25726.08,0,0,0.01979124,0.01979124,546484.3,1,0.002,0.0510478466
C38L18,18,38,-1682500,-907500,0.96301003,0.03698976,2.1e-07,0.9381376,0.06186219,0.921556,0.07844379,9881.533,0,0,25775.35,0,0.01011069,0.8706351,0.88074579,541890.6,1,0.041,0.03698976
C39L18,18,39,-1677500,-907500,0.987155,0.012844613,3.87e-07,0.987155,0.012844613,0.987155,0.012844613,13085.57,0,0,25824.62,0,0.3069881,0.6387011,0.9456892,537304.2,1,0,0.01451057004
C40L18,18,40,-1672500,-907500,0.947682,0.05231833,-3.3e-07,0.947682,0.05231833,0.947682,0.05231833,17166.96,0,0,25873.89,0,0.1116502,0.8859818,0.997632,532725.2,1,0,0.05231833
C41L18,18,41,-1667500,-907500,0.98979553,0.01020408,3.9e-07,0.98979553,0.01020408,0.985969,0.01403061,21637.39,0,0,26046.75,0,0,1,1,528153.9,1,0.004,0.01569730929
C42L18,18,42,-1662500,-907500,0.86027528,0.139724496,2.24e-07,0.84993698,0.150062796,0.847744,0.152255776,26299.22,0,0,26402.23,0,0,0.7244096,0.7244096,523590.4,1,0.013,0.139724496
C43L18,18,43,-1657500,-907500,0.9783166,0.02168367,-2.7e-07,0.97512782,0.02487245,0.966837,0.03316327,21669.68,0,0,26757.7,0,0,0.0525182,0.0525182,519034.9,1,0.011,0.03717440353
C44L18,18,44,-1652500,-907500,1,0,0,1,0,1,0,16737.3,0,0,27145.91,0,0,0,0,514487.7,1,0,0.01549503682
C45L18,18,45,-1647500,-907500,1,0,0,1,0,1,0,11860.9,0,0,27854.95,0,0,0,0,509949,1,0,0.004252560408
C46L18,18,46,-1642500,-907500,1,0,0,1,0,1,0,7022.407,0,0,28571.51,0,0,0,0,505418.9,1,0,0.003963326031
C47L18,18,47,-1637500,-907500,1,0,0,1,0,1,0,2183.918,0,0,29288.08,0.04130233,0,0,0,500897.8,1,0,0.005924166213
C48L18,18,48,-1632500,-907500,1,0,0,1,0,1,0,2654.571,0,0,30220.27,0.2236187,0,0,0,496385.9,1,0,0.01221044295
C49L18,18,49,-1627500,-907500,0.994674,0.00532581,1.9e-07,0.994674,0.00532581,0.994674,0.00532581,7497.423,0,0,31303.73,0.001794082,0,0,0,491883.5,1,0,0.01592747528
C50L18,18,50,-1622500,-907500,0.980867,0.0191327,3e-07,0.980867,0.0191327,0.980867,0.0191327,5422.331,0,0,31678.25,0,0,0,0,487390.7,1,0,0.03108531785
C51L18,18,51,-1617500,-907500,0.92355865,0.07644103,3.2e-07,0.92355865,0.07644103,0.9151,0.08489968,3089.932,0,0,32052.77,0,0,0,0,482907.9,1,0.008,0.07644103
C52L18,18,52,-1612500,-907500,0.93622452,0.063775593,-1.13e-07,0.9308036,0.069196513,0.919324,0.080676113,5462.214,0,0,32427.29,0,0,0,0,478435.4,1,0.017,0.06685019151
C53L18,18,53,-1607500,-907500,0.81046382,0.189536439,-2.59e-07,0.81046382,0.189536439,0.805138,0.194862259,7208.65,0,0,32830.07,0,0,0,0,473973.4,1,0.005,0.189536439
C54L18,18,54,-1602500,-907500,0.5953442,0.40465578,2e-08,0.58801002,0.41198996,0.585459,0.41454098,10813.47,0,0,33670.65,0,0,0,0,469522.2,1,0.01,0.40465578
C55L18,18,55,-1597500,-907500,0.42763183,0.57236842,-2.5e-07,0.424499,0.57550125,0.424499,0.57550125,15227.55,0,0,34586.55,0,0,0,0,465082.2,1,0.003,0.57236842
C56L18,18,56,-1592500,-907500,0.62436224,0.37563776,0,0.61415816,0.38584184,0.609375,0.390625,17047.59,0,0,35530.36,0,0,0,0,460653.7,1,0.015,0.37563776
C57L18,18,57,-1587500,-907500,0.93013825,0.069862139,-3.89e-07,0.92763198,0.072368409,0.925439,0.074561389,13255.45,0,0,36902.3,0,0,0,0,456237,1,0.005,0.0799456586
C58L18,18,58,-1582500,-907500,1,0,0,1,0,1,0,8895.115,0,0,38373.7,0,0,0,0,451832.4,1,0,0.02288090352
C59L18,18,59,-1577500,-907500,1,0,0,1,0,1,0,3970.841,0,0,39845.09,0,0,0,0,447440.4,1,0,0.01344129912
C60L18,18,60,-1572500,-907500,1,0,0,1,0,1,0,737.6885,0,0,41316.48,0,0,0,0,443061.2,1,0,0.007382686366
C61L18,18,61,-1567500,-907500,1,0,0,1,0,1,0,4422.377,0,0,42787.88,0,0,0,0,438695.3,1,0,0.007210434226
C62L18,18,62,-1562500,-907500,1,0,0,1,0,1,0,7422.826,0,0,44370.16,0,0,0,0,434343.1,1,0,0.00859078429
C63L18,18,63,-1557500,-907500,1,0,0,1,0,1,0,10535.98,0,0,46406.28,0,0,0,0,430005,1,0,0.007828665297
C64L18,18,64,-1552500,-907500,1,0,0,1,0,1,0,14318.31,0,0,47956.56,0,0,0,0,425681.4,1,0,0.008898459076
C65L18,18,65,-1547500,-907500,1,0,0,1,0,1,0,18157.49,0,0,48177.47,0,0,0,0,421372.8,1,0,0.01419405516
C05L19,19,5,-1847500,-912500,0.243182,0,0.756818,0.243182,0,0.243182,0,8753.687,0.4788697,0,59309.05,0,0,0,0.4788697,694917.2,1,0,0
C06L19,19,6,-1842500,-912500,0.996172,0,0.003828,0.996172,0,0.996172,0,9618.157,1,0,56721.22,0,0,0,1,690152.4,1,0,0
C07L19,19,7,-1837500,-912500,1,0,0,1,0,1,0,6666.409,1,0,54470.46,0,0,0,1,685390.9,1,0,0.001032006208
C08L19,19,8,-1832500,-912500,0.995215,0.00478469,3.1e-07,0.995215,0.00478469,0.995215,0.00478469,4083.483,1,0,52600.05,0,0,0,1,680632.8,1,0,0.00478469
C09L19,19,9,-1827500,-912500,0.990909,0.00909091,9e-08,0.990909,0.00909091,0.990909,0.00909091,541.4807,1,0,51151.72,0,0,0,1,675878.2,1,0,0.01003060161
C10L19,19,10,-1822500,-912500,1,0,0,1,0,1,0,3233.799,1,0,50162.06,0,0,0,1,671127.2,1,0,0.009587789693
C11L19,19,11,-1817500,-912500,1,0,0,1,0,1,0,7374.649,1,0,48387.07,0,0,0,1,666379.8,1,0,0.01148010286
C12L19,19,12,-1812500,-912500,1,0,0,1,0,1,0,10073.79,0.54723,0,45360.28,0.000102302,0,0,0.54723,661636.2,1,0,0.01272394275
C13L19,19,13,-1807500,-912500,1,0,0,1,0,1,0,9633.716,0,0,42333.48,0.06826865,0,0,0,656896.3,1,0,0.01084732302
C14L19,19,14,-1802500,-912500,0.986364,0.0136364,-4e-07,0.986364,0.0136364,0.986364,0.0136364,10733.77,0,0,39306.68,0,0,0,0,652160.4,1,0,0.01852032468
C15L19,19,15,-1797500,-912500,0.999362,0.000637959,4.1e-08,0.999362,0.000637959,0.999362,0.000637959,11212.65,0,0,36279.88,0,0,0,0,647428.4,1,0,0.01125927702
C16L19,19,16,-1792500,-912500,0.978246351,0.021753245,4.04e-07,0.977597,0.022402596,0.977597,0.022402596,12078.47,0,0,33253.08,0,0,0,0,642700.4,1,0.001,0.02639891783
C17L19,19,17,-1787500,-912500,0.97448183,0.022009518,0.003508652,0.97193,0.024561348,0.97193,0.024561348,9822.635,0,0,30226.28,0,0,0,0,637976.6,1,0.003,0.02605121007
C18L19,19,18,-1782500,-912500,0.9808438,0.012987016,0.006169184,0.975649,0.018181816,0.975649,0.018181816,5782.077,0,0,27199.49,0,0,0,0,633257.1,1,0.005,0.01903212056
C19L19,19,19,-1777500,-912500,0.977671,0,0.022329,0.977671,0,0.977671,0,968.2488,0,0,24248.72,0,0,0,0,628541.9,1,0,0.009365845769
C20L19,19,20,-1772500,-912500,0.883117,0,0.116883,0.883117,0,0.883117,0,4030.551,0,0,21953.16,0,0,0,0,623831.1,1,0,0.009798616397
C21L19,19,21,-1767500,-912500,0.789793,0.0602871,0.1499199,0.789793,0.0602871,0.789793,0.0602871,9029.35,0,0,20238.82,0,0,0,0,619124.9,1,0,0.0602871
C22L19,19,22,-1762500,-912500,0.72184994,0.22328582,0.05486424,0.71355648,0.23157928,0.705582,0.23955376,13752.36,0,0,18534.6,0,0,0,0,614423.3,1,0.016,0.22328582
C23L19,19,23,-1757500,-912500,0.64090867,0.3061683,0.05292303,0.60909049,0.33798648,0.53961,0.40746697,15157.64,0,0,16830.39,0,0.004574225,0,0.004574225,609726.4,1,0.101,0.3061683
C24L19,19,24,-1752500,-912500,0.72918674,0.24019139,0.03062187,0.7221692,0.24720893,0.709729,0.25964913,11956.94,0,0,15126.18,0,0.1167887,0,0.1167887,605034.4,1,0.019,0.24019139
C25L19,19,25,-1747500,-912500,0.90941608,0.07337656,0.01720736,0.906494,0.07629864,0.906494,0.07629864,9452.851,0,0,12720.46,0,0.1253134,0,0.1253134,600347.4,1,0.003,0.09751027385
C26L19,19,26,-1742500,-912500,0.87974477,0.05550242,0.06475281,0.876236,0.05901119,0.876236,0.05901119,7574.283,0,0,9979.117,0,0.03337272,0,0.03337272,595665.5,1,0.004,0.07448236542
C27L19,19,27,-1737500,-912500,0.90454574,0.081168796,0.014285464,0.90000029,0.085714246,0.889286,0.096428536,4682.877,0,0,8935.082,0,0,0,0,590988.8,1,0.015,0.08981038553
C28L19,19,28,-1732500,-912500,0.89728885,0.10079743,0.00191372,0.895056,0.10303028,0.895056,0.10303028,2977.899,0,0,10215.96,0.2270948,0,0,0,586317.4,1,0.002,0.10079743
C29L19,19,29,-1727500,-912500,0.978896,0.01525974,0.00584426,0.978896,0.01525974,0.978896,0.01525974,343.6097,0,0,11810.51,0.5296226,0,0,0,581651.5,1,0,0.04441193578
C30L19,19,30,-1722500,-912500,0.998723979,0.00127592,1.01e-07,0.998405,0.001594899,0.998405,0.001594899,851.4908,0,0,13405.07,0.3239716,0,0,0,576991.2,1,0,0.01655895653
C31L19,19,31,-1717500,-912500,0.99457769,0.00414674,0.00127557,0.989793,0.00893143,0.989793,0.00893143,1671.334,0,0,14999.62,0.9933943,0,0,0,572336.6,1,0.005,0.02976173448
C32L19,19,32,-1712500,-912500,0.989286,0.006168831,0.004545169,0.989286,0.006168831,0.989286,0.006168831,3726.012,0,0,16612.86,0.9730041,0,0,0,567687.9,1,0,0.04065895359
C33L19,19,33,-1707500,-912500,0.88070171,0.08102086,0.03827743,0.87145132,0.09027125,0.860925,0.10079757,1797.424,0,0,18795.88,0.9788541,0,0,0,563045.2,1,0.02,0.09575480132
C34L19,19,34,-1702500,-912500,0.84090918,0.11201291,0.04707791,0.81688324,0.13603885,0.784091,0.16883109,2819.186,0,0,20578.51,1,0,0,0,558408.7,1,0.057,0.1546645613
C35L19,19,35,-1697500,-912500,0.61499192,0.32950582,0.05550226,0.60542254,0.3390752,0.598405,0.34609274,6487.542,0,0,20627.78,1,0,0,0,553778.5,1,0.017,0.32950582
C36L19,19,36,-1692500,-912500,0.77792238,0.15909091,0.06298671,0.75616912,0.18084417,0.739286,0.19772729,8939.781,0,0,20677.05,0.9643605,0,0,0,549154.7,1,0.039,0.1766816744
C37L19,19,37,-1687500,-912500,0.806061,0.0178628,0.1760762,0.806061,0.0178628,0.806061,0.0178628,10078.51,0,0,20726.32,0.1329222,0,0.00258571,0.00258571,544537.7,1,0,0.04005893035
C38L19,19,38,-1682500,-912500,0.819481,0.02305198,0.15746702,0.819481,0.02305198,0.819481,0.02305198,13041.88,0,0,20775.59,0,0,0.9719231,0.9719231,539927.4,1,0,0.02305198
C39L19,19,39,-1677500,-912500,0.903987,0.0395534,0.0564596,0.903987,0.0395534,0.903987,0.0395534,16805.03,0,0,20824.86,0,0,1,1,535324.2,1,0,0.0395534
C40L19,19,40,-1672500,-912500,0.99362,0.001594897,0.004785103,0.99362,0.001594897,0.99362,0.001594897,20146.49,0,0,20874.13,0,0,1,1,530728.1,1,0,0.004235196878
C41L19,19,41,-1667500,-912500,1,0,0,1,0,1,0,24069.76,0,0,21059.41,0,0,1,1,526139.4,1,0,0.006519703775
C42L19,19,42,-1662500,-912500,0.999362,0.000637959,4.1e-08,0.999362,0.000637959,0.999362,0.000637959,26528.34,0,0,21414.88,0,0,1,1,521558.3,1,0,0.01729644322
C43L19,19,43,-1657500,-912500,0.8912341,0.108766216,-3.16e-07,0.8912341,0.108766216,0.887338,0.112662316,21561,0,0,21770.35,0,0,0.9757351,0.9757351,516984.9,1,0.004,0.108766216
C44L19,19,44,-1652500,-912500,0.992344,0.0076555,5e-07,0.992344,0.0076555,0.992344,0.0076555,16613.26,0,0,22190,0,0,0.7455601,0.7455601,512419.5,1,0,0.01565002912
C45L19,19,45,-1647500,-912500,0.99513,0.00487013,-1.3e-07,0.99513,0.00487013,0.99513,0.00487013,11709.99,0,0,22906.56,0,0,0.6713209,0.6713209,507862.3,1,0,0.00487013
C46L19,19,46,-1642500,-912500,0.99681,0.00318979,2.1e-07,0.99681,0.00318979,0.99681,0.00318979,6902.669,0,0,23623.13,0,0,0.5196541,0.5196541,503313.5,1,0,0.00318979
C47L19,19,47,-1637500,-912500,1,0,0,1,0,1,0,2114.17,0,0,24339.69,0,0,0,0,498773.3,1,0,0.003425859717
C48L19,19,48,-1632500,-912500,1,0,0,1,0,1,0,2778.433,0,0,25351.12,0,0,0,0,494242,1,0,0.005804432813
C49L19,19,49,-1627500,-912500,0.969697,0.030303038,-3.8e-08,0.969697,0.030303038,0.969697,0.030303038,7725.482,0,0,26317.77,0,0,0,0,489719.9,1,0,0.030303038
C50L19,19,50,-1622500,-912500,0.923377,0.0766234,-4e-07,0.923377,0.0766234,0.923377,0.0766234,9212.463,0,0,26692.29,0,0,0,0,485207.1,1,0,0.0766234
C51L19,19,51,-1617500,-912500,0.998086,0.00191388,1.2e-07,0.998086,0.00191388,0.998086,0.00191388,8063.218,0,0,27066.82,0,0,0,0,480703.9,1,0,0.01682479564
C52L19,19,52,-1612500,-912500,0.987338,0.0126623,-3e-07,0.987338,0.0126623,0.987338,0.0126623,9755.075,0,0,27441.34,0,0,0,0,476210.7,1,0,0.02767868394
C53L19,19,53,-1607500,-912500,1,0,0,1,0,1,0,11538.22,0,0,27870,0,0,0,0,471727.6,1,0,0.040135303
C54L19,19,54,-1602500,-912500,0.97240246,0.027597405,1.35e-07,0.97012973,0.029870135,0.967857,0.032142865,14211,0,0,28755.25,0,0,0,0,467255.1,1,0.005,0.08287854738
C55L19,19,55,-1597500,-912500,0.9177035,0.08229667,-1.7e-07,0.91483269,0.08516748,0.910048,0.08995217,17801.68,0,0,29671.15,0,0,0,0,462793.3,1,0.008,0.1210240542
C56L19,19,56,-1592500,-912500,0.99350643,0.006493511,5.9e-08,0.99350643,0.006493511,0.989935,0.010064941,14281.06,0,0,30675.21,0,0,0,0,458342.7,1,0.004,0.06736956066
C57L19,19,57,-1587500,-912500,0.871451198,0.12854865,1.52e-07,0.85741613,0.142583718,0.812759,0.187240848,10007.04,0,0,32123.71,0,0,0,0,453903.5,1,0.059,0.12854865
C58L19,19,58,-1582500,-912500,0.8392342,0.16076562,1.8e-07,0.81180205,0.18819777,0.781818,0.21818182,6228.647,0,0,33595.1,0,0,0,0,449476,1,0.057,0.16076562
C59L19,19,59,-1577500,-912500,0.973052026,0.026948085,-1.11e-07,0.972727351,0.02727276,0.972078,0.027922111,3072.246,0,0,35066.49,0,0,0,0,445060.8,1,0.001,0.0433499776
C60L19,19,60,-1572500,-912500,1,0,0,1,0,1,0,765.1475,0,0,36537.88,0,0,0,0,440657.9,1,0,0.03083486403
C61L19,19,61,-1567500,-912500,0.980519,0.019480556,4.44e-07,0.980519,0.019480556,0.980519,0.019480556,5696.679,0,0,38009.28,0,0,0,0,436268,1,0,0.04379699243
C62L19,19,62,-1562500,-912500,0.994258,0.005741619,3.81e-07,0.994258,0.005741619,0.994258,0.005741619,10640.26,0,0,39748.48,0,0,0,0,431891.3,1,0,0.04119905119
C63L19,19,63,-1557500,-912500,0.991558,0.00844156,4.4e-07,0.991558,0.00844156,0.991558,0.00844156,14427.35,0,0,41919.08,0,0,0,0,427528.3,1,0,0.04082605786
C64L19,19,64,-1552500,-912500,0.99617241,0.003827748,-1.58e-07,0.99011181,0.009888348,0.987241,0.012759158,17604.99,0,0,42961.44,0,0,0,0,423179.4,1,0.009,0.03560986415
C65L19,19,65,-1547500,-912500,0.973377085,0.026623375,-4.6e-07,0.964610855,0.035389605,0.957468,0.04253246,21369.13,0,0,43182.35,0,0,0,0,418845.1,1,0.016,0.0458618782
C66L19,19,66,-1542500,-912500,0.93014319,0.069856499,3.11e-07,0.9110044,0.088995289,0.841148,0.158851689,23380.35,0,0,43471.87,0,0,0,0,414525.7,1,0.089,0.0810500718
C67L19,19,67,-1537500,-912500,0.88452919,0.115470439,3.71e-07,0.84274289,0.157256739,0.796172,0.203827629,20430.6,0,0,44253.47,0,0,0,0,410221.8,1,0.088,0.1212557135
C68L19,19,68,-1532500,-912500,0.97694792,0.023051941,1.39e-07,0.95227258,0.047727281,0.916883,0.083116861,18389.62,0,0,45512.81,0,0,0,0,405933.8,1,0.06,0.09040801574
C69L19,19,69,-1527500,-912500,0.970016,0.02998402,-2e-08,0.970016,0.02998402,0.970016,0.02998402,16292.16,0,0,46841.18,0,0,0,0,401662.3,1,0,0.09927159995
C70L19,19,70,-1522500,-912500,0.90292188,0.0970779,2.2e-07,0.90292188,0.0970779,0.894805,0.10519478,12034.74,0,0,48169.55,0,0,0,0,397407.8,1,0.008,0.1493297881
C05L20,20,5,-1847500,-917500,0,0,1,0,0,0,0,3757.197,0.08716463,0,55196.21,0,0,0,0.08716463,693423.5,1,0,0
C06L20,20,6,-1842500,-917500,0.465852,0.000626566,0.533521434,0.465852,0.000626566,0.465852,0.000626566,5338.24,0.5456855,0,52405.68,0,0,0,0.5456855,688648.3,1,0,0.000626566
C07L20,20,7,-1837500,-917500,0.823023,0,0.176977,0.823023,0,0.823023,0,4363.407,0.9518822,0,49960.88,0,0,0,0.9518822,683876.3,1,0,0.001032924481
C08L20,20,8,-1832500,-917500,0.978697,0.0213033,-3e-07,0.978697,0.0213033,0.978697,0.0213033,403.4883,1,0,47914.75,0,0,0,1,679107.6,1,0,0.0213033
C09L20,20,9,-1827500,-917500,1,0,0,1,0,1,0,1988.056,1,0,46320.16,0,0,0,1,674342.3,1,0,0.001814488114
C10L20,20,10,-1822500,-917500,1,0,0,1,0,1,0,5979.081,1,0,45224.89,0,0,0,1,669580.4,1,0,0.001728192837
C11L20,20,11,-1817500,-917500,0.985332,0.0146684,-4e-07,0.985332,0.0146684,0.985332,0.0146684,9876.548,0.6245735,0,44407.31,0,0,0,0.6245735,664822,1,0,0.0146684
C12L20,20,12,-1812500,-917500,1,0,0,1,0,1,0,14302.47,0.02577159,0,41380.51,0,0,0,0.02577159,660067.1,1,0,0.009073489379
C13L20,20,13,-1807500,-917500,0.924185,0.0758145,5e-07,0.924185,0.0758145,0.924185,0.0758145,14605.06,0,0,38353.72,0,0,0,0,655315.9,1,0,0.0758145
C14L20,20,14,-1802500,-917500,0.986288,0.0137117,3e-07,0.986288,0.0137117,0.986288,0.0137117,15703.24,0,0,35326.92,0,0,0,0,650568.5,1,0,0.0169504996
C15L20,20,15,-1797500,-917500,0.930764,0.0692356,4e-07,0.930764,0.0692356,0.930764,0.0692356,16033.85,0,0,32300.12,0,0,0,0,645824.8,1,0,0.0692356
C16L20,20,16,-1792500,-917500,0.96014039,0.039859628,-1.8e-08,0.958546,0.041454018,0.958546,0.041454018,13540.24,0,0,29273.32,0,0,0,0,641085,1,0.002,0.039859628
C17L20,20,17,-1787500,-917500,0.992794,0.000313283,0.006892717,0.992794,0.000313283,0.992794,0.000313283,8548.848,0,0,26246.52,0,0,0,0,636349.3,1,0,0.005768745437
C18L20,20,18,-1782500,-917500,0.985013,0,0.014987,0.985013,0,0.985013,0,3581.544,0,0,23219.73,0,0,0,0,631617.6,1,0,0.002727541725
C19L20,20,19,-1777500,-917500,0.918233,0,0.081767,0.918233,0,0.918233,0,1288.623,0,0,20192.93,0,0,0,0,626890,1,0,0.001599343551
C20L20,20,20,-1772500,-917500,0.875319,0,0.124681,0.875319,0,0.875319,0,5229.168,0,0,17404.68,0,0,0,0,622166.7,1,0,0.004124558075
C21L20,20,21,-1767500,-917500,0.853383,0,0.146617,0.853383,0,0.853383,0,9813.741,0,0,15538.22,0,0,0,0,617447.8,1,0,0.01411224091
C22L20,20,22,-1762500,-917500,0.787907,0,0.212093,0.787907,0,0.787907,0,14556.55,0,0,13834,0,0.1471613,0,0.1471613,612733.3,1,0,0.02754103433
C23L20,20,23,-1757500,-917500,0.88265335,0.06345658,0.05389007,0.87978345,0.06632648,0.870536,0.07557393,18901.8,0,0,12129.79,0,0.683259,0,0.683259,608023.4,2,0.012,0.07533830904
C24L20,20,24,-1752500,-917500,0.979637,0.00093985,0.01942315,0.979637,0.00093985,0.979637,0.00093985,16165.58,0,0,10425.57,0,1,0,1,603318.2,2,0,0.03691088919
C25L20,20,25,-1747500,-917500,0.956314,0,0.043686,0.956314,0,0.956314,0,14237.39,0,0,8602.943,0,1,0,1,598617.8,2,0,0.02404135473
C26L20,20,26,-1742500,-917500,0.95144081,0.04479956,0.00375963,0.946115,0.05012537,0.946115,0.05012537,11450.9,0,0,5766.382,0,0.2689706,0,0.2689706,593922.2,1,0.005,0.04531909868
C27L20,20,27,-1737500,-917500,0.98341814,0.010522955,0.006058905,0.981186,0.012755095,0.981186,0.012755095,9559.036,0,0,3954.67,0,0,0,0,589231.6,1,0.002,0.04064485705
C28L20,20,28,-1732500,-917500,0.73903461,0.260964956,4.34e-07,0.73308223,0.266917336,0.72619,0.273809566,6299.689,0,0,5477.037,0.3695016,0,0,0,584546.2,1,0.013,0.260964956
C29L20,20,29,-1727500,-917500,0.942921,0.05389028,0.00318872,0.942921,0.05389028,0.942921,0.05389028,4615.198,0,0,7071.589,0.652867,0,0,0,579866,1,0,0.07228480901
C30L20,20,30,-1722500,-917500,0.993108,0,0.006892,0.993108,0,0.993108,0,3910.902,0,0,8666.141,0.7371255,0,0,0,575191.3,1,0,0.02701621186
C31L20,20,31,-1717500,-917500,0.985276,0,0.014724,0.985276,0,0.985276,0,3002.346,0,0,10260.69,1,0,0,0,570522,1,0,0.02839543448
C32L20,20,32,-1712500,-917500,0.976721878,0.004783163,0.018494959,0.976403,0.005102041,0.976403,0.005102041,1074.762,0,0,12074.94,1,0,0,0,565858.4,1,0,0.03801810069
C33L20,20,33,-1707500,-917500,0.95144094,0.04855894,1.2e-07,0.94799482,0.05200506,0.942669,0.05733088,611.5384,0,0,14336.66,1,0,0,0,561200.5,1,0.009,0.07619487738
C34L20,20,34,-1702500,-917500,0.97704081,0.01562501,0.00733418,0.9658801,0.02678572,0.932398,0.06026782,3326.708,0,0,15578.75,1,0,0,0,556548.6,1,0.045,0.1002418144
C35L20,20,35,-1697500,-917500,0.57456147,0.36152935,0.06390918,0.55513792,0.3809529,0.539787,0.39630382,7899.388,0,0,15628.02,1,0,0,0,551902.8,1,0.035,0.36152935
C36L20,20,36,-1692500,-917500,0.7107777,0.162946393,0.126275907,0.67602013,0.197703963,0.642538,0.231186093,12724.01,0,0,15677.29,1,0,0,0,547263.3,1,0.068,0.1694462287
C37L20,20,37,-1687500,-917500,0.59680416,0.00845865,0.39473719,0.59335804,0.01190477,0.58114,0.02412281,14747.33,0,0,15726.56,0.7095105,0,0.0801092,0.0801092,542630.1,1,0.016,0.03211151248
C38L20,20,38,-1682500,-917500,0.44898,0.000637755,0.550382245,0.44898,0.000637755,0.44898,0.000637755,16911.47,0,0,15775.84,0.0002073163,0,0.9575828,0.9575828,538003.5,1,0,0.003500781232
C39L20,20,39,-1677500,-917500,0.37312,0.0131579,0.6137221,0.37312,0.0131579,0.37312,0.0131579,20112.49,0,0,15825.11,0,0,1,1,533383.7,1,0,0.0131579
C40L20,20,40,-1672500,-917500,0.341479,0,0.658521,0.341479,0,0.341479,0,23812.98,0,0,15874.38,0,0,1,1,528770.8,1,0,0.0001207663934
C41L20,20,41,-1667500,-917500,0.59821402,0.017857138,0.383928842,0.595663,0.020408158,0.595663,0.020408158,27212.68,0,0,16072.06,0,0,1,1,524164.9,1,0.003,0.017857138
C42L20,20,42,-1662500,-917500,0.971805,0,0.028195,0.971805,0,0.971805,0,26485.21,0,0,16427.53,0,0,1,1,519566.4,1,0,0.01195371738
C43L20,20,43,-1657500,-917500,0.85554871,0.13743629,0.007015,0.844388,0.148597,0.844388,0.148597,21507.9,0,0,16783,0,0,1,1,514975.3,1,0.011,0.13743629
C44L20,20,44,-1652500,-917500,0.978697,0.0150376,0.0062654,0.978697,0.0150376,0.978697,0.0150376,16544.29,0,0,17241.61,0,0,1,1,510391.9,1,0,0.01739941245
C45L20,20,45,-1647500,-917500,0.990115,0.00414541,0.00573959,0.990115,0.00414541,0.990115,0.00414541,11611.94,0,0,17958.18,0,0,1,1,505816.5,1,0,0.00414541
C46L20,20,46,-1642500,-917500,0.98183,0.0125313,0.0056387,0.98183,0.0125313,0.98183,0.0125313,6756.614,0,0,18674.74,0,0,0.8500598,0.8500598,501249.1,1,0,0.0125313
C47L20,20,47,-1637500,-917500,0.993622,0,0.006378,0.993622,0,0.993622,0,1924.094,0,0,19393.52,0,0,0,0,496690,1,0,0.003125727722
C48L20,20,48,-1632500,-917500,0.989662,0.00532581,0.00501219,0.989662,0.00532581,0.989662,0.00532581,2908.427,0,0,20481.97,0,0,0,0,492139.6,1,0,0.008041496589
C49L20,20,49,-1627500,-917500,0.968985,0.02662908,0.00438592,0.968985,0.02662908,0.968985,0.02662908,7742.322,0,0,21331.82,0,0,0,0,487597.9,1,0,0.02662908
C50L20,20,50,-1622500,-917500,0.982462,0.0175383,-3e-07,0.982462,0.0175383,0.982462,0.0175383,12654.43,0,0,21706.34,0,0,0,0,483065.3,1,0,0.01956058939
C51L20,20,51,-1617500,-917500,1,0,0,1,0,1,0,13056.92,0,0,22080.86,0,0,0,0,478542,1,0,0.008751673608
C52L20,20,52,-1612500,-917500,1,0,0,1,0,1,0,14164.37,0,0,22455.38,0,0,0,0,474028.2,1,0,0.006600343208
C53L20,20,53,-1607500,-917500,0.98182965,0.01817042,-7e-08,0.97650383,0.02349624,0.973371,0.02662907,16228.05,0,0,22927.29,0,0,0,0,469524.4,1,0.008,0.02004892222
C54L20,20,54,-1602500,-917500,0.962691,0.037308665,3.35e-07,0.95503794,0.044961725,0.947066,0.052933665,18310.11,0,0,23839.85,0,0,0,0,465030.6,1,0.016,0.037308665
C55L20,20,55,-1597500,-917500,0.994048,0.005952383,-3.83e-07,0.994048,0.005952383,0.994048,0.005952383,17440.8,0,0,24755.75,0,0,0,0,460547.3,1,0,0.01743828541
C56L20,20,56,-1592500,-917500,1,0,0,1,0,1,0,12584.88,0,0,25873.71,0,0,0,0,456074.8,1,0,0.01636697254
C57L20,20,57,-1587500,-917500,0.99999975,0,2.5e-07,0.99999975,0,0.985902,0.01409775,7838.198,0,0,27345.11,0,0,0,0,451613.3,1,0.014,0.0194356461
C58L20,20,58,-1582500,-917500,0.99968695,0.000313283,-2.33e-07,0.99968695,0.000313283,0.993108,0.006892233,3108.248,0,0,28816.5,0,0,0,0,447163.2,1,0.007,0.0276568231
C59L20,20,59,-1577500,-917500,0.84566371,0.15433678,-4.9e-07,0.81855911,0.18144138,0.790179,0.20982149,819.0335,0,0,30287.89,0,0,0,0,442724.8,1,0.055,0.15433678
C60L20,20,60,-1572500,-917500,0.8292602,0.17073937,4.3e-07,0.79793183,0.20206774,0.759398,0.24060157,3848.038,0,0,31759.29,0,0,0,0,438298.5,1,0.07,0.17073937
C61L20,20,61,-1567500,-917500,0.81090559,0.18909445,-4e-08,0.80452804,0.195472,0.788903,0.21109704,7477.794,0,0,33256.06,0,0,0,0,433884.7,1,0.022,0.18909445
C62L20,20,62,-1562500,-917500,0.77694251,0.22305767,-1.8e-07,0.77474953,0.22525065,0.753133,0.24686718,11799.62,0,0,35226.2,0,0,0,0,429483.8,1,0.024,0.22305767
C63L20,20,63,-1557500,-917500,0.73883934,0.26116075,-9e-08,0.72608422,0.27391587,0.713648,0.28635209,16507.81,0,0,37431.88,0,0,0,0,425096.1,1,0.025,0.26116075
C64L20,20,64,-1552500,-917500,0.8602754,0.13972415,4.5e-07,0.7994985,0.20050105,0.723684,0.27631555,21349.11,0,0,37966.32,0,0,0,0,420722,1,0.137,0.1826344807
C65L20,20,65,-1547500,-917500,0.874680833,0.12531892,2.47e-07,0.822066033,0.17793372,0.743941,0.256058753,24675.18,0,0,38187.23,0,0,0,0,416362.1,1,0.131,0.1726955148
C66L20,20,66,-1542500,-917500,0.93734288,0.06265669,4.3e-07,0.9016286,0.09837097,0.820175,0.17982457,27112.14,0,0,38500.3,0,0,0,0,412016.7,1,0.117,0.1453299189
C67L20,20,67,-1537500,-917500,0.81547655,0.184523936,-4.86e-07,0.74530115,0.254699336,0.66886,0.331140486,22507.89,0,0,39380.7,0,0,0,0,407686.3,1,0.147,0.2153305644
C68L20,20,68,-1532500,-917500,0.74107132,0.25892865,3e-08,0.7101402,0.28985977,0.62213,0.37786997,18088.79,0,0,40692.49,0,0,0,0,403371.3,1,0.119,0.261134645
C69L20,20,69,-1527500,-917500,0.62406059,0.37593978,-3.7e-07,0.62406059,0.37593978,0.609023,0.39097737,13891.63,0,0,42020.87,0,0,0,0,399072.4,1,0.015,0.37593978
C70L20,20,70,-1522500,-917500,0.7611609,0.23883899,1.1e-07,0.7611609,0.23883899,0.758291,0.24170889,9349.801,0,0,43349.24,0,0,0,0,394790,1,0.003,0.2998388299
C71L20,20,71,-1517500,-917500,0.77506272,0.22493741,-1.3e-07,0.75093994,0.24906019,0.742168,0.25783213,5244.31,0,0,44677.61,0,0,0,0,390524.6,1,0.033,0.3628100641
C72L20,20,72,-1512500,-917500,0.25637735,0.72385255,0.0197701,0.25223194,0.72799796,0.24426,0.7359699,862.9363,0,0,44195.53,0.1665062,0,0,0,386276.9,1,0.012,0.72385255
C73L20,20,73,-1507500,-917500,0.40225521,0.57863378,0.01911101,0.38909731,0.59179168,0.374373,0.60651599,2234.493,0,0,43791.99,0.537359,0,0,0,382047.4,1,0.028,0.57863378
C74L20,20,74,-1502500,-917500,0.80548463,0.19451535,2e-08,0.78124992,0.21875006,0.757653,0.24234698,4949.604,0,0,43922.83,0.7354674,0,0,0,377836.7,1,0.048,0.2544631021
C75L20,20,75,-1497500,-917500,0.901316,0.098684156,-1.56e-07,0.901316,0.098684156,0.901316,0.098684156,7133.419,0,0,44371.41,0,0,0,0,373645.4,1,0,0.1175751533
C07L21,21,7,-1837500,-922500,0.452806,0,0.547194,0.452806,0,0.452806,0,1159.014,0.3788141,0,45553.79,0,0,0,0.3788141,682395.1,1,0,0.000643724522
C08L21,21,8,-1832500,-922500,0.937657,0,0.062343,0.937657,0,0.937657,0,1495.974,0.7857278,0,43299.9,0,0,0,0.7857278,677615.9,1,0,0.0009724653019
C09L21,21,9,-1827500,-922500,1,0,0,1,0,1,0,6125.74,1,0,41528.48,0,0,0,1,672840,1,0,0.0009375470081
C10L21,21,10,-1822500,-922500,1,0,0,1,0,1,0,9055.312,1,0,40303.21,0,0,0,1,668067.4,1,0,0.0009038502532
C11L21,21,11,-1817500,-922500,0.998724,0.00127551,4.9e-07,0.998724,0.00127551,0.998724,0.00127551,12826.22,0.150505,0,39674.71,0,0,0,0.150505,663298.1,1,0,0.005423816778
C12L21,21,12,-1812500,-922500,0.929825,0.0701754,-4e-07,0.929825,0.0701754,0.929825,0.0701754,16859.41,0,0,37400.75,0,0,0,0,658532.3,1,0,0.0701754
C13L21,21,13,-1807500,-922500,0.994048,0.00595238,-3.8e-07,0.994048,0.00595238,0.994048,0.00595238,19590.99,0,0,34373.96,0,0,0,0,653769.9,1,0,0.01247639996
C14L21,21,14,-1802500,-922500,1,0,0,1,0,1,0,20495.32,0,0,31347.16,0,0,0,0,649011.2,1,0,0.008987651927
C15L21,21,15,-1797500,-922500,0.998434,0.00156642,-4.2e-07,0.998434,0.00156642,0.998434,0.00156642,17200.92,0,0,28320.36,0,0,0,0,644256,1,0,0.007440886448
C16L21,21,16,-1792500,-922500,0.995536,0.00127551,0.00318849,0.995536,0.00127551,0.995536,0.00127551,13222.97,0,0,25293.56,0,0,0,0,639504.7,1,0,0.006689938369
C17L21,21,17,-1787500,-922500,0.961779,0.00313283,0.03508817,0.961779,0.00313283,0.961779,0.00313283,8609.606,0,0,22266.76,0,0,0,0,634757.1,1,0,0.00425895169
C18L21,21,18,-1782500,-922500,1,0,0,1,0,1,0,3730.452,0,0,19239.97,0,0,0,0,630013.4,1,0,0.0007145028529
C19L21,21,19,-1777500,-922500,0.95802,0,0.04198,0.95802,0,0.95802,0,366.5038,0,0,16213.17,0,0,0,0,625273.8,1,0,0.0005400217012
C20L21,21,20,-1772500,-922500,0.956952,0,0.043048,0.956952,0,0.956952,0,5089.018,0,0,13186.37,0,0,0,0,620538.2,1,0,0.0009158920622
C21L21,21,21,-1767500,-922500,0.925752,0,0.074248,0.925752,0,0.925752,0,10010.89,0,0,10837.62,0,0,0,0,615806.8,1,0,0.001777221943
C22L21,21,22,-1762500,-922500,0.942356,0,0.057644,0.942356,0,0.942356,0,14984.58,0,0,9133.401,0,0.6277371,0,0.6277371,611079.6,2,0,0.005115751546
C23L21,21,23,-1757500,-922500,0.851722,0,0.148278,0.851722,0,0.851722,0,19971.42,0,0,7429.187,0,1,0,1,606356.9,2,0,0.005487768736
C24L21,21,24,-1752500,-922500,0.899749,0,0.100251,0.899749,0,0.899749,0,20607.59,0,0,5724.973,0,1,0,1,601638.6,2,0,0.00803627664
C25L21,21,25,-1747500,-922500,0.978954,0.00318878,0.01785722,0.978954,0.00318878,0.978954,0.00318878,18447.68,0,0,4020.759,0,1,0,1,596924.9,2,0,0.01780105205
C26L21,21,26,-1742500,-922500,0.952068,0.02255638,0.02537562,0.952068,0.02255638,0.952068,0.02255638,15829.37,0,0,1648.868,0,0.4204799,0,0.4204799,592216,1,0,0.03345359735
C27L21,21,27,-1737500,-922500,0.915816,0.04655608,0.03762792,0.9100762,0.05229588,0.900191,0.06218108,13272.14,0,0,856.4397,0,0,0,0,587511.8,1,0.016,0.05781408327
C28L21,21,28,-1732500,-922500,0.93421066,0.06578948,-1.4e-07,0.93201768,0.06798246,0.927945,0.07205514,10676.98,0,0,738.1123,0,0,0,0,582812.5,1,0.006,0.06578948
C29L21,21,29,-1727500,-922500,0.95854545,0.041454128,4.22e-07,0.95535667,0.044642908,0.949298,0.050701578,9608.927,0,0,2332.664,0,0,0,0,578118.3,1,0.009,0.04782805062
C30L21,21,30,-1722500,-922500,0.953008,0.04010028,0.00689172,0.953008,0.04010028,0.953008,0.04010028,8795.71,0,0,3927.216,0,0,0,0,573429.3,1,0,0.04010028
C31L21,21,31,-1717500,-922500,1,0,0,1,0,1,0,7365.003,0,0,5521.769,0.09387383,0,0,0,568745.6,1,0,0.01296346138
C32L21,21,32,-1712500,-922500,1,0,0,1,0,1,0,5875.536,0,0,7615.721,0.3220862,0,0,0,564067.3,1,0,0.02033945686
C33L21,21,33,-1707500,-922500,0.931391,0.06234337,0.00626563,0.931391,0.06234337,0.931391,0.06234337,2504.133,0,0,9877.438,0.5587486,0,0,0,559394.5,1,0,0.06894208559
C34L21,21,34,-1702500,-922500,0.86702796,0.13074011,0.00223193,0.8447065,0.15306157,0.830357,0.16741107,2405.07,0,0,10578.99,0.7790534,0,0,0,554727.5,1,0.037,0.1496059142
C35L21,21,35,-1697500,-922500,0.7167926,0.19893463,0.08427277,0.6748126,0.24091463,0.632206,0.28352123,6444.042,0,0,10628.27,0.9728594,0,0,0,550066.3,1,0.085,0.19893463
C36L21,21,36,-1692500,-922500,0.76562534,0.06345657,0.17091809,0.73309987,0.09598204,0.717156,0.11192591,9470.321,0,0,10677.54,1,0,0,0,545411.1,1,0.048,0.1023331407
C37L21,21,37,-1687500,-922500,0.69329621,0.04135338,0.26535041,0.67167963,0.06296996,0.661028,0.07362159,13705.78,0,0,10726.81,1,0,0,0,540762.1,1,0.032,0.05298673453
C38L21,21,38,-1682500,-922500,0.65529347,0.007971938,0.336734592,0.64795929,0.015306118,0.643495,0.019770408,18330.56,0,0,10776.08,0.1424351,0,0.8310548,0.8310548,536119.4,1,0.012,0.008599780326
C39L21,21,39,-1677500,-922500,0.405075,0.00438597,0.59053903,0.405075,0.00438597,0.405075,0.00438597,23112.14,0,0,10825.35,0,0,1,1,531483.2,1,0,0.00438597
C40L21,21,40,-1672500,-922500,0.387845,0,0.612155,0.387845,0,0.387845,0,27183.33,0,0,10874.62,0,0,1,1,526853.6,1,0,0
C41L21,21,41,-1667500,-922500,0.787309,0.000956633,0.211734367,0.787309,0.000956633,0.787309,0.000956633,30683.7,0,0,11084.71,0,0,1,1,522230.8,1,0,0.002849913214
C42L21,21,42,-1662500,-922500,0.92167877,0.05075193,0.0275693,0.907581,0.0648497,0.907581,0.0648497,25892.41,0,0,11440.18,0,0,1,1,517615.1,1,0.014,0.05075193
C43L21,21,43,-1657500,-922500,0.97225729,0.027742355,3.55e-07,0.96938739,0.030612255,0.967793,0.032206645,21197.73,0,0,11795.66,0,0,1,1,513006.6,1,0.004,0.027742355
C44L21,21,44,-1652500,-922500,1,0,0,1,0,1,0,16681.45,0,0,12293.23,0,0,1,1,508405.5,1,0,0.00495248061
C45L21,21,45,-1647500,-922500,1,0,0,1,0,1,0,12461.96,0,0,13009.79,0,0,1,1,503811.9,1,0,0
C46L21,21,46,-1642500,-922500,1,0,0,1,0,1,0,7463.395,0,0,13726.35,0,0,0.8568887,0.8568887,499226.2,1,0,0
C47L21,21,47,-1637500,-922500,1,0,0,1,0,1,0,2470.649,0,0,14478.2,0,0.003182786,0,0.003182786,494648.5,1,0,0.002908703699
C48L21,21,48,-1632500,-922500,1,0,0,1,0,1,0,2335.117,0,0,15612.83,0,0.3552952,0,0.3552952,490079.1,1,0,0.003778268272
C49L21,21,49,-1627500,-922500,0.908208,0,0.091792,0.908208,0,0.908208,0,7154.765,0,0,16345.87,0,0.02243067,0,0.02243067,485518.2,1,0,0.004257831476
C50L21,21,50,-1622500,-922500,0.995536,0,0.004464,0.995536,0,0.995536,0,12109.81,0,0,16720.39,0,0,0,0,480965.9,1,0,0.005099704692
C51L21,21,51,-1617500,-922500,0.992168,0.00783208,-8e-08,0.992168,0.00783208,0.992168,0.00783208,17091.07,0,0,17094.91,0,0,0,0,476422.7,1,0,0.01094553121
C52L21,21,52,-1612500,-922500,0.999999878,0,1.22e-07,0.999999878,0,0.999681,0.000318878,18870.53,0,0,17469.43,0,0,0,0,471888.7,1,0,0.007831608231
C53L21,21,53,-1607500,-922500,0.9902887,0.009711782,-4.82e-07,0.97587767,0.024122812,0.969612,0.030388482,20886.43,0,0,18008.56,0,0,0,0,467364.2,1,0.021,0.0142091447
C54L21,21,54,-1602500,-922500,1,0,0,1,0,1,0,20582.86,0,0,18924.46,0,0,0,0,462849.5,1,0,0.006884060606
C55L21,21,55,-1597500,-922500,0.996867,0.003132836,1.64e-07,0.996867,0.003132836,0.996867,0.003132836,15955.15,0,0,19840.36,0,0,0,0,458344.9,1,0,0.007336603826
C56L21,21,56,-1592500,-922500,1,0,0,1,0,1,0,11639.58,0,0,21095.12,0,0,0,0,453850.6,1,0,0.004318628736
C57L21,21,57,-1587500,-922500,1,0,0,1,0,1,0,7231.578,0,0,22566.51,0,0,0,0,449367,1,0,0.004629351589
C58L21,21,58,-1582500,-922500,0.99906,0.00093985,1.5e-07,0.99906,0.00093985,0.99906,0.00093985,2432.796,0,0,24037.9,0,0,0,0,444894.4,1,0,0.01326480323
C59L21,21,59,-1577500,-922500,0.97799725,0.022002543,2.07e-07,0.96683653,0.033163263,0.936862,0.063137793,2323.382,0,0,25509.3,0,0,0,0,440433.2,1,0.041,0.03482725875
C60L21,21,60,-1572500,-922500,0.95144085,0.04855885,3e-07,0.9392228,0.0607769,0.931704,0.0682957,7247.885,0,0,26980.69,0,0,0,0,435983.7,1,0.02,0.0628666429
C61L21,21,61,-1567500,-922500,0.89158144,0.108418368,1.92e-07,0.88424726,0.115752548,0.866709,0.133290808,10822.43,0,0,28586.65,0,0,0,0,431546.2,1,0.025,0.118165219
C62L21,21,62,-1562500,-922500,0.562030096,0.43797016,-2.56e-07,0.5582707,0.441729556,0.556391,0.443609256,14486,0,0,30739,0,0,0,0,427121.2,1,0.006,0.43797016
C63L21,21,63,-1557500,-922500,0.541773,0.45822676,2.4e-07,0.541773,0.45822676,0.541773,0.45822676,18558.12,0,0,32750.29,0,0,0,0,422708.9,1,0,0.45822676
C64L21,21,64,-1552500,-922500,0.45802011,0.5419805,-6.1e-07,0.44548879,0.55451182,0.43797,0.56203061,22971.3,0,0,32971.2,0,0,0,0,418309.9,1,0.02,0.5419805
C65L21,21,65,-1547500,-922500,0.39445147,0.6055486,-7e-08,0.3647958,0.63520427,0.330357,0.66964307,27585.45,0,0,33192.12,0,0,0,0,413924.6,1,0.064,0.6055486
C66L21,21,66,-1542500,-922500,0.484648666,0.51535091,4.24e-07,0.4705509,0.529448676,0.409774,0.590225576,24856.31,0,0,33537.19,0,0,0,0,409553.3,1,0.075,0.51535091
C67L21,21,67,-1537500,-922500,0.46867126,0.53132832,4.2e-07,0.42418506,0.57581452,0.376566,0.62343358,20298.23,0,0,34543.81,0,0,0,0,405196.6,1,0.092,0.53132832
C68L21,21,68,-1532500,-922500,0.41613498,0.58386496,6e-08,0.39827784,0.6017221,0.371811,0.62818894,16006.26,0,0,35872.18,0,0,0,0,400854.8,1,0.044,0.58386496
C69L21,21,69,-1527500,-922500,0.66917335,0.33082752,-8.7e-07,0.66134127,0.3386596,0.658835,0.34116587,11338.67,0,0,37200.55,0,0,0,0,396528.6,1,0.01,0.4011905079
C70L21,21,70,-1522500,-922500,0.17825278,0.821747258,-3.8e-08,0.175064,0.824936038,0.175064,0.824936038,7011.753,0,0,38528.93,0,0,0,0,392218.5,1,0.003,0.821747258
C71L21,21,71,-1517500,-922500,0.09147873,0.908521516,-2.46e-07,0.0902256,0.909774646,0.0902256,0.909774646,3062.679,0,0,39746.22,0,0.04309981,0,0.04309981,387924.8,1,0.001,0.908521516
C72L21,21,72,-1512500,-922500,0.1639029,0.80133904,0.03475806,0.1639029,0.80133904,0.161033,0.80420894,1546.122,0,0,39222.98,0.09533728,0,0,0,383648.3,1,0.003,0.80133904
C73L21,21,73,-1507500,-922500,0.3703012,0.61904768,0.01065112,0.34429865,0.64505023,0.33584,0.65350888,5927.496,0,0,38794.68,0.9763658,0,0,0,379389.5,1,0.034,0.61904768
C74L21,21,74,-1502500,-922500,0.75733399,0.24266583,1.8e-07,0.71269113,0.28730869,0.684311,0.31568882,9187.129,0,0,38941.88,0.9920643,0,0,0,375149,1,0.073,0.3133947965
C75L21,21,75,-1497500,-922500,0.9768172,0.02318296,-1.6e-07,0.9768172,0.02318296,0.965539,0.03446116,9865.98,0,0,39401.47,0.05015034,0,0,0,370927.3,1,0.011,0.1054011489
C76L21,21,76,-1492500,-922500,0.972744426,0.027255626,-5.2e-08,0.96303265,0.036967402,0.954574,0.045426052,4962.92,0,0,40289.67,0.06249714,0,0,0,366725.3,1,0.018,0.1026475134
C77L21,21,77,-1487500,-922500,0.79974512,0.200255,-1.2e-07,0.7672196,0.23278052,0.72449,0.27551012,1386.932,0,0,41603.42,0,0.204646,0,0.204646,362543.5,1,0.075,0.2406431751
C78L21,21,78,-1482500,-922500,0.946115,0.05388469,3.1e-07,0.946115,0.05388469,0.946115,0.05388469,2859.887,0,0,42934.66,0,0.9098959,0,0.9098959,358382.7,2,0,0.1966345616
C79L21,21,79,-1477500,-922500,0.990115,0.009885208,-2.08e-07,0.990115,0.009885208,0.990115,0.009885208,7766.9,0,0,42327.18,0,1,0,1,354243.6,2,0,0.2294403176
C80L21,21,80,-1472500,-922500,0.55451151,0.41979878,0.02568971,0.55169196,0.42261833,0.547306,0.42700429,12728.11,0,0,41162.78,0,0.6364992,0,0.6364992,350126.9,2,0.007,0.4892811662
C08L22,22,8,-1832500,-927500,0.347049,0,0.652951,0.347049,0,0.347049,0,4952.152,0.4195139,0,38780.66,0,0,0,0.4195139,676157.9,1,0,5.772789362e-06
C09L22,22,9,-1827500,-927500,1,0,0,1,0,1,0,8566.586,1,0,36792.3,0,0,0,1,671371.7,1,0,1.64916217e-05
C10L22,22,10,-1822500,-927500,1,0,0,1,0,1,0,12596.55,1,0,35403.49,0,0,0,1,666588.5,1,0,0.0002194356053
C11L22,22,11,-1817500,-927500,1,0,0,1,0,1,0,16123.01,0.2830433,0,34686.32,0,0,0,0.2830433,661808.6,1,0,0.004100970246
C12L22,22,12,-1812500,-927500,0.99362,0.00637959,4.1e-07,0.99362,0.00637959,0.99362,0.00637959,19831.14,0,0,33420.99,0,0,0,0,657031.9,1,0,0.008628923806
C13L22,22,13,-1807500,-927500,0.989155,0.0108453,-3e-07,0.989155,0.0108453,0.989155,0.0108453,23418.92,0.0005877963,0,30394.2,0,0,0,0.0005877963,652258.6,1,0,0.01118691112
C14L22,22,14,-1802500,-927500,1,0,0,1,0,1,0,19417.41,0,0,27367.4,0,0,0,0,647488.7,1,0,0.001750002076
C15L22,22,15,-1797500,-927500,1,0,0,1,0,1,0,14829.89,0,0,24340.6,0,0,0,0,642722.4,1,0,0.0008983132691
C16L22,22,16,-1792500,-927500,0.999675,0,0.000325,0.999675,0,0.999675,0,10312.41,0,0,21313.8,0,0,0,0,637959.5,1,0,0.0008134705516
C17L22,22,17,-1787500,-927500,0.99362,0,0.00638,0.99362,0,0.99362,0,6210.038,0,0,18287,0,0,0,0,633200.4,1,0,0.0006675276431
C18L22,22,18,-1782500,-927500,1,0,0,1,0,1,0,2316.881,0,0,15260.21,0,0,0,0,628445,1,0,0.0005577912899
C19L22,22,19,-1777500,-927500,1,0,0,1,0,1,0,1513.452,0,0,12233.41,0,0,0,0,623693.4,1,0,0.000456968523
C20L22,22,20,-1772500,-927500,0.997078,0,0.002922,0.997078,0,0.997078,0,6193.011,0,0,9206.609,0,0,0,0,618945.7,1,0,0.0005393778837
C21L22,22,21,-1767500,-927500,0.97512,0,0.02488,0.97512,0,0.97512,0,10614.76,0,0,6231.106,0,0.06718558,0,0.06718558,614202,1,0,0.0007102002762
C22L22,22,22,-1762500,-927500,0.952153,0,0.047847,0.952153,0,0.952153,0,15394.58,0,0,4432.8,0,0.9697229,0,0.9697229,609462.5,2,0,0.001026781848
C23L22,22,23,-1757500,-927500,0.829545,0,0.170455,0.829545,0,0.829545,0,18503.37,0,0,2728.586,0,0.6839763,0,0.6839763,604727.1,2,0,0.001726283475
C24L22,22,24,-1752500,-927500,0.930144,0,0.069856,0.930144,0,0.930144,0,15929.5,0,0,1024.372,0,0.4322516,0,0.4322516,599996,1,0,0.01246999544
C25L22,22,25,-1747500,-927500,0.874026,0.034740255,0.091233745,0.874026,0.034740255,0.874026,0.034740255,14667.07,0,0,679.8425,0,0.850489,0,0.850489,595269.3,2,0,0.05601471058
C26L22,22,26,-1742500,-927500,0.834131,0.16012757,0.00574143,0.834131,0.16012757,0.834131,0.16012757,14598.53,0,0,2468.646,0,0.1649625,0,0.1649625,590547.1,1,0,0.16012757
C27L22,22,27,-1737500,-927500,0.93636318,0.06363641,4.1e-07,0.93181773,0.06818186,0.929545,0.07045459,13873.15,0,0,5305.207,0,0,0,0,585829.6,1,0.007,0.07379317399
C28L22,22,28,-1732500,-927500,0.995534,0.000637959,0.003828041,0.995534,0.000637959,0.995534,0.000637959,14756.73,0,0,4000.812,0,0,0,0,581116.7,1,0,0.01458165021
C29L22,22,29,-1727500,-927500,0.992208,0.0012987,0.0064933,0.992208,0.0012987,0.992208,0.0012987,14606.95,0,0,2406.26,0,0,0,0,576408.7,1,0,0.0118977194
C30L22,22,30,-1722500,-927500,0.96969677,0.030303059,1.71e-07,0.966188,0.033811829,0.966188,0.033811829,13682.02,0,0,811.7079,0,0,0,0,571705.6,1,0.004,0.03085574138
C31L22,22,31,-1717500,-927500,0.92695424,0.07304626,-5e-07,0.92121261,0.07878789,0.915152,0.0848485,12073.65,0,0,894.785,0,0,0,0,567007.7,1,0.012,0.07304626
C32L22,22,32,-1712500,-927500,0.991558,0.000324675,0.008117325,0.991558,0.000324675,0.991558,0.000324675,7357.549,0,0,3156.502,0,0,0,0,562314.9,1,0,0.01430607606
C33L22,22,33,-1707500,-927500,0.982456,0.00382775,0.01371625,0.982456,0.00382775,0.982456,0.00382775,2821.281,0,0,5418.219,0,0,0,0,557627.5,1,0,0.02188849048
C34L22,22,34,-1702500,-927500,0.877597,0.12240213,8.7e-07,0.877597,0.12240213,0.877597,0.12240213,477.7918,0,0,5579.237,0,0,0,0,552945.5,1,0,0.12240213
C35L22,22,35,-1697500,-927500,0.71483259,0.276554909,0.008612501,0.708453,0.282934499,0.708453,0.282934499,2528.138,0,0,5628.508,0.04160238,0,0,0,548269.2,1,0.006,0.276554909
C36L22,22,36,-1692500,-927500,0.984416,0,0.015584,0.984416,0,0.984416,0,7385.986,0,0,5677.779,0.09525432,0,0,0,543598.6,1,0,0.03886701456
C37L22,22,37,-1687500,-927500,0.875917,0,0.124083,0.875917,0,0.875917,0,12357.75,0,0,5727.05,0.1259046,0,0,0,538934,1,0,0.01225707663
C38L22,22,38,-1682500,-927500,0.843506,0,0.156494,0.843506,0,0.843506,0,17345.76,0,0,5776.321,0.01196725,0,0.3828768,0.3828768,534275.4,1,0,0.002879701505
C39L22,22,39,-1677500,-927500,0.760447,0,0.239553,0.760447,0,0.760447,0,22339.13,0,0,5825.591,0,0,1,1,529623,1,0,0
C40L22,22,40,-1672500,-927500,0.682297,0,0.317703,0.682297,0,0.682297,0,27334.92,0,0,5874.862,0,0,1,1,524977,1,0,0
C41L22,22,41,-1667500,-927500,0.944156,0,0.055844,0.944156,0,0.944156,0,29292.55,0,0,6097.362,0,0,1,1,520337.6,1,0,0.00448715712
C42L22,22,42,-1662500,-927500,0.91355658,0.08644335,7e-08,0.907177,0.09282293,0.907177,0.09282293,24447.19,0,0,6452.834,0,0,1,1,515704.9,1,0.006,0.08644335
C43L22,22,43,-1657500,-927500,0.971428181,0.02857143,3.89e-07,0.965259351,0.03474026,0.96461,0.035389611,19679.35,0,0,6808.307,0,0,1,1,511079.2,1,0.007,0.02857143
C44L22,22,44,-1652500,-927500,1,0,0,1,0,1,0,14923.53,0,0,7344.839,0,0,1,1,506460.6,1,0,0
C45L22,22,45,-1647500,-927500,0.990909,0,0.009091,0.990909,0,0.990909,0,10081.6,0,0,8061.401,0,0,1,1,501849.2,1,0,0
C46L22,22,46,-1642500,-927500,1,0,0,1,0,1,0,5528.633,0,0,8777.964,0,0.05782379,0.6215826,0.67940639,497245.4,1,0,0
C47L22,22,47,-1637500,-927500,1,0,0,1,0,1,0,2071.99,0,0,9607.277,0,0.7705332,0,0.7705332,492649.3,2,0,0.002061248266
C48L22,22,48,-1632500,-927500,1,0,0,1,0,1,0,2376.876,0,0,10743.68,0,1,0,1,488061.2,2,0,0.002312328572
C49L22,22,49,-1627500,-927500,1,0,0,1,0,1,0,7356.395,0,0,11359.91,0,0.5186005,0,0.5186005,483481.2,2,0,0.002471380855
C50L22,22,50,-1622500,-927500,1,0,0,1,0,1,0,12335.91,0,0,11734.43,0,0.1188098,0,0.1188098,478909.6,1,0,0.003202054856
C51L22,22,51,-1617500,-927500,1,0,0,1,0,1,0,17315.43,0,0,12108.96,0,0.4233848,0,0.4233848,474346.7,1,0,0.00876163526
C52L22,22,52,-1612500,-927500,0.94220818,0.057792191,-3.71e-07,0.93539,0.064610371,0.93539,0.064610371,22294.95,0,0,12483.48,0,0.1198454,0,0.1198454,469792.6,1,0.007,0.057792191
C53L22,22,53,-1607500,-927500,0.988835499,0.011164267,2.34e-07,0.985007749,0.014992017,0.98118,0.018819766,24478.9,0,0,13093.16,0,0.001454545,0,0.001454545,465247.8,1,0.008,0.01537371324
C54L22,22,54,-1602500,-927500,1,0,0,1,0,1,0,19496.91,0,0,14009.06,0,0,0,0,460712.3,1,0,0.004138734189
C55L22,22,55,-1597500,-927500,1,0,0,1,0,1,0,14527.3,0,0,14925.78,0,0,0,0,456186.6,1,0,0.00328687046
C56L22,22,56,-1592500,-927500,0.992857,0.00714285,1.5e-07,0.992857,0.00714285,0.992857,0.00714285,9589.334,0,0,16316.52,0,0,0,0,451670.8,1,0,0.007301460985
C57L22,22,57,-1587500,-927500,1,0,0,1,0,1,0,4782.079,0,0,17787.91,0,0,0,0,447165.4,1,0,0.003401475833
C58L22,22,58,-1582500,-927500,0.99999959,0,4.1e-07,0.99362,0.00637959,0.99362,0.00637959,874.7727,0,0,19259.3,0,0,0,0,442670.6,1,0.006,0.004653292112
C59L22,22,59,-1577500,-927500,0.996104026,0.0038961,-1.26e-07,0.99513,0.004870126,0.99513,0.004870126,3439.796,0,0,20730.7,0,0,0,0,438186.7,1,0.001,0.009526390952
C60L22,22,60,-1572500,-927500,0.999999979,0,2.1e-08,0.999681,0.000318979,0.999681,0.000318979,7827.584,0,0,22202.09,0,0,0,0,433714.1,1,0,0.01319188561
C61L22,22,61,-1567500,-927500,1,0,0,1,0,1,0,12592.95,0,0,24046.12,0,0,0,0,429253.2,1,0,0.03351255443
C62L22,22,62,-1562500,-927500,1,0,0,1,0,1,0,17489.82,0,0,26251.79,0,0,0,0,424804.3,1,0,0.05406714365
C63L22,22,63,-1557500,-927500,1,0,0,1,0,1,0,21499.62,0,0,27755.17,0,0,0,0,420367.7,1,0,0.07611359871
C64L22,22,64,-1552500,-927500,1,0,0,1,0,1,0,25486.79,0,0,27976.09,0,0,0,0,415944,1,0,0.09174191861
C65L22,22,65,-1547500,-927500,0.856818,0.14318186,1.4e-07,0.856818,0.14318186,0.856818,0.14318186,26490.32,0,0,28197,0,0,0,0,411533.4,1,0,0.1877466788
C66L22,22,66,-1542500,-927500,0.661244,0.33875552,4.8e-07,0.661244,0.33875552,0.661244,0.33875552,22134.47,0,0,28586.94,0,0,0,0,407136.4,1,0,0.33875552
C67L22,22,67,-1537500,-927500,0.637959,0.362041899,-8.99e-07,0.637959,0.362041899,0.637959,0.362041899,18114.43,0,0,29723.49,0,0,0,0,402753.6,1,0,0.3689619511
C68L22,22,68,-1532500,-927500,0.332467556,0.6675323,1.44e-07,0.33149353,0.668506326,0.324026,0.675973856,13733.76,0,0,31051.87,0.5667645,0,0,0,398385.2,1,0.008,0.6675323
C69L22,22,69,-1527500,-927500,0.35598083,0.64401943,-2.6e-07,0.353429,0.64657126,0.353429,0.64657126,9118.697,0,0,32380.24,0.7265525,0,0,0,394031.9,1,0.003,0.64401943
C70L22,22,70,-1522500,-927500,0.24577893,0.754221241,-1.71e-07,0.2383114,0.761688771,0.235714,0.764286171,5086.951,0,0,33708.61,0,0,0,0,389694.1,1,0.01,0.754221241
C71L22,22,71,-1517500,-927500,0.0401914,0.94067028,0.01913832,0.0385965,0.94226518,0.0385965,0.94226518,269.8357,0,0,34773.67,0,0,0,0,385372.4,1,0.002,0.94067028
C72L22,22,72,-1512500,-927500,0.0292208,0.941883551,0.028895649,0.0292208,0.941883551,0.0292208,0.941883551,3516.51,0,0,34250.43,0,0,0,0,381067.2,1,0,0.941883551
C73L22,22,73,-1507500,-927500,0.11706543,0.877511948,0.005422622,0.10877197,0.885805408,0.0976077,0.896969678,7520.73,0,0,33798.17,0.2970894,0,0,0,376779.2,1,0.019,0.877511948
C74L22,22,74,-1502500,-927500,0.54220756,0.45779201,4.3e-07,0.51006466,0.48993491,0.485714,0.51428557,12258.29,0,0,33961.7,0.9842262,0,0,0,372508.9,1,0.056,0.4578632073
C75L22,22,75,-1497500,-927500,0.83317346,0.16682617,3.7e-07,0.81562962,0.18437001,0.809888,0.19011163,7688.597,0,0,34440.24,0.3568595,0,0,0,368257.1,1,0.023,0.2318571044
C76L22,22,76,-1492500,-927500,0.70685856,0.29314172,-2.8e-07,0.68325411,0.31674617,0.6689,0.33110028,4034.049,0,0,35452.66,0.6880291,0,0,0,364024.2,1,0.038,0.2940931719
C77L22,22,77,-1487500,-927500,0.55681854,0.44318173,-2.7e-07,0.53311721,0.46688306,0.525325,0.47467527,499.892,0,0,36783.9,0,0,0,0,359811,1,0.031,0.44318173
C78L22,22,78,-1482500,-927500,0.28325398,0.71674596,6e-08,0.27017584,0.7298241,0.251994,0.74800594,4459.125,0,0,38115.14,0,0.03132835,0,0.03132835,355618.2,1,0.031,0.71674596
C79L22,22,79,-1477500,-927500,0.28051988,0.70746784,0.01201228,0.27597443,0.71201329,0.261364,0.72662372,8896.295,0,0,37567.52,0.0146494,0.2096326,0,0.2096326,351446.6,1,0.019,0.70746784
C80L22,22,80,-1472500,-927500,0.00542265,0.9527915,0.04178585,0.00542265,0.9527915,0.00542265,0.9527915,13602.64,0,0,36250.94,0.217457,0.1232027,0,0.1232027,347296.8,1,0,0.9527915
C81L22,22,81,-1467500,-927500,0.101948,0.898052081,-8.1e-08,0.101948,0.898052081,0.101948,0.898052081,18464.01,0,0,35593.75,0.007308803,0,0,0,343169.6,1,0,0.898052081
C82L22,22,82,-1462500,-927500,0.23413038,0.76586985,-2.3e-07,0.2169055,0.78309473,0.193301,0.80669923,19703.93,0,0,35515.94,0.6453778,0,0,0,339066,1,0.041,0.76586985
C08L23,23,8,-1832500,-932500,0.0391604,0,0.9608396,0.0391604,0,0.0391604,0,8252.859,0.02096897,0,34394.73,0,0,0,0.02096897,674733.8,1,0,0
C09L23,23,9,-1827500,-932500,0.853635,0,0.146365,0.853635,0,0.853635,0,11828.27,0.7870596,0,32136.14,0,0,0,0.7870596,669937.4,1,0,1.25184974e-06
C10L23,23,10,-1822500,-932500,1,0,0,1,0,1,0,15637.61,1,0,30536.29,0,0,0,1,665143.9,1,0,0.0001353604786
C11L23,23,11,-1817500,-932500,1,0,0,1,0,1,0,19489.01,0.9800135,0,29701.84,0,0,0,0.9800135,660353.5,1,0,0.000895723951
C12L23,23,12,-1812500,-932500,0.994674,0.00532581,1.9e-07,0.994674,0.00532581,0.994674,0.00532581,20945.59,0.8487243,0,28853.63,0,0,0,0.8487243,655566.3,1,0,0.00532581
C13L23,23,13,-1807500,-932500,0.996554,0.00344612,-1.2e-07,0.996554,0.00344612,0.996554,0.00344612,18668.59,0.8243793,0,26414.44,0,0,0,0.8243793,650782.2,1,0,0.003845326739
C14L23,23,14,-1802500,-932500,0.998087,0.00191327,-2.7e-07,0.998087,0.00191327,0.998087,0.00191327,17526.07,0.0250223,0,23387.64,0,0,0,0.0250223,646001.4,1,0,0.002311305103
C15L23,23,15,-1797500,-932500,1,0,0,1,0,1,0,13298.01,0,0,20360.84,0,0,0,0,641224,1,0,0.000496570456
C16L23,23,16,-1792500,-932500,0.998406,0,0.001594,0.998406,0,0.998406,0,8375.679,0,0,17334.04,0,0,0,0,636450,1,0,0.0003374430892
C17L23,23,17,-1787500,-932500,0.999687,0.000313283,-2.83e-07,0.999687,0.000313283,0.999687,0.000313283,3653.881,0,0,14307.24,0,0,0,0,631679.4,1,0,0.0005699422385
C18L23,23,18,-1782500,-932500,1,0,0,1,0,1,0,802.893,0,0,11280.44,0,0,0,0,626912.5,1,0,0.0007387291848
C19L23,23,19,-1777500,-932500,1,0,0,1,0,1,0,4740.871,0,0,8253.647,0,0,0,0,622149.2,1,0,0.00114406481
C20L23,23,20,-1772500,-932500,0.999043,0,0.000957,0.999043,0,0.999043,0,8214.789,0,0,5226.848,0,0,0,0,617389.6,1,0,0.001514625492
C21L23,23,21,-1767500,-932500,1,0,0,1,0,1,0,12569.14,0,0,2200.05,0,0.0183755,0,0.0183755,612633.9,1,0,0.00180108083
C22L23,23,22,-1762500,-932500,0.974311,0,0.025689,0.974311,0,0.974311,0,16850.53,0,0,267.8018,0,0.02287675,0,0.02287675,607882.1,1,0,0.002785094515
C23L23,23,23,-1757500,-932500,0.846301,0,0.153699,0.846301,0,0.846301,0,14584.91,0,0,1972.016,0,0,0,0,603134.3,1,0,0.007679703246
C24L23,23,24,-1752500,-932500,0.9599,0,0.0401,0.9599,0,0.9599,0,11520.09,0,0,3676.23,0,0,0,0,598390.7,1,0,0.02240158426
C25L23,23,25,-1747500,-932500,0.81281899,0.183035715,0.004145295,0.80771694,0.188137765,0.799745,0.196109705,9699.822,0,0,5380.444,0,0.0142643,0,0.0142643,593651.2,1,0.013,0.183035715
C26L23,23,26,-1742500,-932500,0.58834539,0.411654396,2.14e-07,0.56829524,0.431704546,0.546992,0.453007786,9806.266,0,0,7084.658,0,0,0,0,588916,1,0.041,0.411654396
C27L23,23,27,-1737500,-932500,0.985332046,0.01466837,-4.16e-07,0.982143266,0.01785715,0.98023,0.019770416,8873.163,0,0,9422.721,0,0,0,0,584185.3,1,0.005,0.04761181908
C28L23,23,28,-1732500,-932500,0.994674,0.005325813,1.87e-07,0.994674,0.005325813,0.994674,0.005325813,10199.51,0,0,8739.736,0,0,0,0,579459.1,1,0,0.01232628228
C29L23,23,29,-1727500,-932500,0.997449,0,0.002551,0.997449,0,0.997449,0,12871.4,0,0,7145.184,0,0,0,0,574737.5,1,0,0.005056051114
C30L23,23,30,-1722500,-932500,0.9664788,0.0150376,0.0184836,0.9664788,0.0150376,0.95896,0.0225564,12042.25,0,0,5550.632,0,0,0,0,570020.6,1,0.008,0.0194898592
C31L23,23,31,-1717500,-932500,0.92042595,0.07236851,0.00720554,0.913847,0.07894746,0.913847,0.07894746,8532.318,0,0,3564.434,0,0,0,0,565308.6,1,0.007,0.07236851
C32L23,23,32,-1712500,-932500,0.95057351,0.02933669,0.0200898,0.94323933,0.03667087,0.933673,0.0462372,5793.408,0,0,1302.717,0,0,0,0,560601.7,1,0.017,0.02945113975
C33L23,23,33,-1707500,-932500,1,0,0,1,0,1,0,3486.447,0,0,530.2094,0,0,0,0,555899.8,1,0,0.0129472224
C34L23,23,34,-1702500,-932500,1,0,0,1,0,1,0,532.5289,0,0,579.4802,0,0,0,0,551203.2,1,0,0.02715100117
C35L23,23,35,-1697500,-932500,0.921992,0.0748747,0.0031333,0.921992,0.0748747,0.921992,0.0748747,2866.325,0,0,628.751,0,0,0,0,546511.9,1,0,0.0748747
C36L23,23,36,-1692500,-932500,0.938138,0.00127551,0.06058649,0.938138,0.00127551,0.938138,0.00127551,7629.613,0,0,678.0218,0,0,0,0,541826.2,1,0,0.02008334632
C37L23,23,37,-1687500,-932500,0.911654,0,0.088346,0.911654,0,0.911654,0,12480.45,0,0,727.2926,0,0,0,0,537146.2,1,0,0.003039153435
C38L23,23,38,-1682500,-932500,0.919643,0,0.080357,0.919643,0,0.919643,0,17415.86,0,0,776.5634,0,0,0.1742853,0.1742853,532471.9,1,0,0.000549423022
C39L23,23,39,-1677500,-932500,0.792293,0,0.207707,0.792293,0,0.792293,0,22379.96,0,0,825.8342,0,0,1,1,527803.7,1,0,0
C40L23,23,40,-1672500,-932500,0.846491,0,0.153509,0.846491,0,0.846491,0,27357.15,0,0,875.105,0,0,1,1,523141.5,1,0,0
C41L23,23,41,-1667500,-932500,0.914541,0,0.085459,0.914541,0,0.914541,0,28583.76,0,0,1110.014,0,0,1,1,518485.7,1,0,0.004599742138
C42L23,23,42,-1662500,-932500,0.90820795,0.06860902,0.02318303,0.901629,0.07518797,0.901629,0.07518797,23593.29,0,0,1465.487,0,0,1,1,513836.3,1,0.007,0.06860902
C43L23,23,43,-1657500,-932500,0.970344755,0.022640291,0.007014954,0.969707,0.023278046,0.969707,0.023278046,18607.93,0,0,1820.959,0,0,1,1,509193.6,1,0.001,0.0241981103
C44L23,23,44,-1652500,-932500,0.999373,0.000626566,4.34e-07,0.999373,0.000626566,0.999373,0.000626566,13633.29,0,0,2396.451,0,0,1,1,504557.7,1,0,0.00250488965
C45L23,23,45,-1647500,-932500,1,0,0,1,0,1,0,8687.835,0,0,3113.014,0,0.02117145,0.9670628,0.98823425,499928.8,1,0,0
C46L23,23,46,-1642500,-932500,0.968358,0,0.031642,0.968358,0,0.968358,0,3884.619,0,0,3829.576,0,0.7848802,0.2077887,0.9926689,495307.2,2,0,0.0005206141131
C47L23,23,47,-1637500,-932500,1,0,0,1,0,1,0,688.7685,0,0,4738.13,0,1,0,1,490692.9,2,0,0.002155256269
C48L23,23,48,-1632500,-932500,1,0,0,1,0,1,0,4989.811,0,0,5874.532,0,1,0,1,486086.3,2,0,0.002275648425
C49L23,23,49,-1627500,-932500,0.999373,0,0.000627,0.999373,0,0.999373,0,8815.634,0,0,6373.959,0,0.958338,0,0.958338,481487.5,2,0,0.002536156482
C50L23,23,50,-1622500,-932500,1,0,0,1,0,1,0,13295.89,0,0,6748.48,0,0.9284297,0,0.9284297,476896.8,2,0,0.004008012405
C51L23,23,51,-1617500,-932500,1,0,0,1,0,1,0,18051.2,0,0,7123.002,0,1,0,1,472314.5,2,0,0.009874494588
C52L23,23,52,-1612500,-932500,0.93973247,0.060267858,-3.28e-07,0.93335492,0.066645408,0.927934,0.072066328,22910.94,0,0,7497.523,0,0.9893075,0,0.9893075,467740.6,2,0.012,0.060267858
C53L23,23,53,-1607500,-932500,0.99999955,0,4.5e-07,0.99718,0.00281955,0.99718,0.00281955,24610.81,0,0,8177.765,0,0.3756726,0,0.3756726,463175.6,1,0.003,0.009381360478
C54L23,23,54,-1602500,-932500,1,0,0,1,0,1,0,19662.27,0,0,9093.663,0,0,0,0,458619.7,1,0,0.00364509992
C55L23,23,55,-1597500,-932500,1,0,0,1,0,1,0,14737.98,0,0,10066.83,0,0,0,0,454073.1,1,0,0.00304923251
C56L23,23,56,-1592500,-932500,1,0,0,1,0,1,0,9816.393,0,0,11537.92,0,0,0,0,449536.1,1,0,0.003029973669
C57L23,23,57,-1587500,-932500,1,0,0,1,0,1,0,4895.751,0,0,13009.31,0,0,0,0,445009.1,1,0,0.003109303763
C58L23,23,58,-1582500,-932500,1,0,0,1,0,1,0,140.6422,0,0,14480.71,0,0,0,0,440492.3,1,0,0.003130821179
C59L23,23,59,-1577500,-932500,1,0,0,1,0,1,0,4602.239,0,0,15952.1,0,0,0,0,435986,1,0,0.003427240134
C60L23,23,60,-1572500,-932500,1,0,0,1,0,1,0,9549.296,0,0,17448.55,0,0,0,0,431490.6,1,0,0.00421839605
C61L23,23,61,-1567500,-932500,1,0,0,1,0,1,0,14532.64,0,0,19558.91,0,0,0,0,427006.4,1,0,0.00550470818
C62L23,23,62,-1562500,-932500,1,0,0,1,0,1,0,18996.4,0,0,21764.59,0,0,0,0,422533.8,1,0,0.007851944137
C63L23,23,63,-1557500,-932500,1,0,0,1,0,1,0,23625.72,0,0,22760.06,0,0,0,0,418073.2,1,0,0.01133076117
C64L23,23,64,-1552500,-932500,1,0,0,1,0,1,0,25616.59,0,0,22980.97,0,0,0,0,413624.9,1,0,0.02746916921
C65L23,23,65,-1547500,-932500,1,0,0,1,0,1,0,23615.17,0,0,23201.88,0,0,0,0,409189.3,1,0,0.06087952909
C66L23,23,66,-1542500,-932500,0.978383816,0.02161655,-3.66e-07,0.978070533,0.021929833,0.973058,0.026942366,19904.72,0,0,23657.62,0,0,0,0,404766.9,1,0.005,0.1171652129
C67L23,23,67,-1537500,-932500,0.966479,0.033521263,-2.63e-07,0.966479,0.033521263,0.966479,0.033521263,15309.99,0,0,24903.18,0,0,0,0,400358.1,1,0,0.1909525144
C68L23,23,68,-1532500,-932500,0.46906902,0.50605827,0.02487271,0.46683688,0.50829041,0.448342,0.52678529,11072.2,0,0,26231.55,0.6902622,0,0,0,395963.3,1,0.021,0.50605827
C69L23,23,69,-1527500,-932500,0.28101472,0.69266845,0.02631683,0.27474906,0.69893411,0.264724,0.70895917,7016.175,0,0,27559.92,0.9938242,0,0,0,391583.1,1,0.016,0.69266845
C70L23,23,70,-1522500,-932500,0.23756356,0.74075268,0.02168376,0.22799723,0.75031901,0.199936,0.77838024,2661.291,0,0,28888.3,0.5408806,0,0,0,387217.9,1,0.038,0.74075268
C71L23,23,71,-1517500,-932500,0.00219298,0.976191,0.02161602,0.00219298,0.976191,0.00219298,0.976191,1941.317,0,0,29801.13,0,0,0,0,382868.2,1,0,0.976191
C72L23,23,72,-1512500,-932500,0.19324,0.80676,0,0.19324,0.80676,0.19324,0.80676,5985.187,0,0,29277.89,0,0.007967845,0,0.007967845,378534.5,1,0,0.80676
C73L23,23,73,-1507500,-932500,0.68890983,0.31109038,-2.1e-07,0.685777,0.31422321,0.685777,0.31422321,10581.95,0,0,28802.86,0,0.09601304,0,0.09601304,374217.5,1,0.003,0.3836077599
C74L23,23,74,-1502500,-932500,0.44005126,0.55994903,-2.9e-07,0.4266584,0.57334189,0.41199,0.58801029,10600.99,0,0,28981.53,0.2043795,0,0,0,369917.7,1,0.028,0.55994903
C75L23,23,75,-1497500,-932500,0.44486227,0.555137903,-1.73e-07,0.442356,0.557644173,0.442356,0.557644173,5606.276,0,0,29492.1,0.03960036,0,0,0,365635.7,1,0.003,0.555137903
C76L23,23,76,-1492500,-932500,0.64411,0.355889813,1.87e-07,0.64411,0.355889813,0.64411,0.355889813,692.5718,0,0,30633.14,0.008299049,0,0,0,361372.1,1,0,0.355889813
C77L23,23,77,-1487500,-932500,0.66677319,0.33322706,-2.5e-07,0.6623089,0.33769135,0.659439,0.34056125,812.6153,0,0,31964.38,0,0,0,0,357127.6,1,0.007,0.33322706
C78L23,23,78,-1482500,-932500,0.906015,0.09398492,8e-08,0.906015,0.09398492,0.906015,0.09398492,5417.141,0,0,33295.62,0,0,0,0,352903,1,0,0.2296740827
C79L23,23,79,-1477500,-932500,0.43558659,0.54336697,0.02104644,0.42825241,0.55070115,0.424107,0.55484656,10358.75,0,0,32832.27,0,0,0,0,348698.8,1,0.011,0.54336697
C80L23,23,80,-1472500,-932500,0.246867383,0.75313265,-3.3e-08,0.244047833,0.7559522,0.240915,0.759085033,15278.76,0,0,31366.98,0.1520582,0,0,0,344515.9,1,0.006,0.75313265
C81L23,23,81,-1467500,-932500,0.083227,0.91677255,4.5e-07,0.083227,0.91677255,0.083227,0.91677255,20073.72,0,0,30605.09,0.02738226,0,0,0,340355.1,1,0,0.91677255
C82L23,23,82,-1462500,-932500,0.19016255,0.80983721,2.4e-07,0.187343,0.81265676,0.187343,0.81265676,18557.49,0,0,30515.96,0.1829946,0,0,0,336217.1,1,0.003,0.80983721
C83L23,23,83,-1457500,-932500,0.62212988,0.37563706,0.00223306,0.5883288,0.40943814,0.540816,0.45695094,13626.66,0,0,30810.63,0.9902635,0,0,0,332102.8,1,0.081,0.4156906007
C84L23,23,84,-1452500,-932500,0.8267547,0.16791971,0.00532559,0.7734965,0.22117791,0.720865,0.27380941,8748.469,0,0,31876.18,0.9969045,0,0,0,328013.2,1,0.106,0.2062673113
C09L24,24,9,-1827500,-937500,0.408117,0,0.591883,0.408117,0,0.408117,0,15310.16,0.2482236,0,27600.54,0,0,0,0.2482236,668537.4,1,0,4.074799961e-06
C10L24,24,10,-1822500,-937500,1,0,0,1,0,1,0,18849.2,0.9279547,0,25720.1,0,0,0,0.9279547,663733.8,1,0,0.0005251026936
C11L24,24,11,-1817500,-937500,1,0,0,1,0,1,0,20343.75,1,0,24723.62,0,0,0,1,658933.2,1,0,0.002677837626
C12L24,24,12,-1812500,-937500,1,0,0,1,0,1,0,16993.77,1,0,24223.69,0,0,0,1,654135.5,1,0,0.007427427524
C13L24,24,13,-1807500,-937500,0.999681,0.000318979,2.1e-08,0.999681,0.000318979,0.999681,0.000318979,14092.08,0.6992604,0,22335.92,0,0,0,0.6992604,649340.9,1,0,0.007889054177
C14L24,24,14,-1802500,-937500,1,0,0,1,0,1,0,12580.61,5.67527e-06,0,19407.88,0,0,0,5.67527e-06,644549.5,1,0,0.006227443155
C15L24,24,15,-1797500,-937500,1,0,0,1,0,1,0,11201.31,0,0,16381.08,0,0,0,0,639761.2,1,0,0.00209643379
C16L24,24,16,-1792500,-937500,0.998377,0,0.001623,0.998377,0,0.998377,0,6685.118,0,0,13354.28,0,0,0,0,634976.2,1,0,0.001725108602
C17L24,24,17,-1787500,-937500,1,0,0,1,0,1,0,2175.607,0,0,10327.48,0,0,0,0,630194.5,1,0,0.001685680287
C18L24,24,18,-1782500,-937500,1,0,0,1,0,1,0,1544.752,0,0,7300.684,0,0,0,0,625416.2,1,0,0.002043335943
C19L24,24,19,-1777500,-937500,0.99362,0.00637959,4.1e-07,0.99362,0.00637959,0.99362,0.00637959,6444.983,0,0,4273.886,0,0,0,0,620641.4,1,0,0.007018100378
C20L24,24,20,-1772500,-937500,0.99350693,0.00649351,-4.4e-07,0.9873381,0.01266234,0.983442,0.01655844,11413.84,0,0,1247.088,0,0,0,0,615870.2,1,0.01,0.009886335748
C21L24,24,21,-1767500,-937500,0.990431,0,0.009569,0.990431,0,0.990431,0,13039.73,0,0,1779.71,0,0,0,0,611102.7,1,0,0.01438021448
C22L24,24,22,-1762500,-937500,0.986284,0,0.013716,0.986284,0,0.986284,0,12487.1,0,0,4806.508,0,0,0,0,606338.9,1,0,0.02107486273
C23L24,24,23,-1757500,-937500,0.96168848,0.01525973,0.02305179,0.956169,0.02077921,0.956169,0.02077921,9996.535,0,0,6672.617,0,0,0,0,601578.9,1,0.006,0.03430493325
C24L24,24,24,-1752500,-937500,0.86315769,0.11929828,0.01754403,0.81850061,0.16395536,0.781499,0.20095697,7751.25,0.01908948,0,8376.831,0,0,0,0.01908948,596822.9,1,0.082,0.11929828
C25L24,24,25,-1747500,-937500,0.92532508,0.07467535,-4.3e-07,0.922403,0.07759743,0.922403,0.07759743,4801.057,0,0,10081.05,0,0,0,0,592070.9,1,0.003,0.08825394618
C26L24,24,26,-1742500,-937500,0.918979698,0.0797448,0.001275502,0.91610888,0.082615618,0.914195,0.084529498,5110.506,0,0,11785.26,0,0,0,0,587323,1,0.005,0.09490141266
C27L24,24,27,-1737500,-937500,0.96753213,0.032467535,3.35e-07,0.96753213,0.032467535,0.962662,0.037337665,3873.227,0,0,13627.28,0,0,0,0,582579.3,1,0.005,0.06264144501
C28L24,24,28,-1732500,-937500,1,0,0,1,0,1,0,5949.584,0,0,13478.66,0,0,0,0,577839.9,1,0,0.02063116105
C29L24,24,29,-1727500,-937500,1,0,0,1,0,1,0,8843.719,0,0,11884.11,0,0,0,0,573105,1,0,0.009008733033
C30L24,24,30,-1722500,-937500,1,0,0,1,0,1,0,8042.441,0,0,10285.37,0,0,0,0,568374.6,1,0,0.007944994973
C31L24,24,31,-1717500,-937500,0.97512009,0.017543869,0.007336041,0.9703354,0.022328559,0.961085,0.031578959,5596.312,0,0,8023.653,0,0,0,0,563648.9,1,0.014,0.02249655798
C32L24,24,32,-1712500,-937500,0.94740269,0.03246758,0.02012973,0.94383126,0.03603901,0.934091,0.04577927,1521.956,0,0,5761.936,0,0,0,0,558927.9,1,0.013,0.03252914818
C33L24,24,33,-1707500,-937500,0.99681,0.003189796,2.04e-07,0.99681,0.003189796,0.99681,0.003189796,1186.74,0,0,4469.548,0,0,0,0,554211.8,1,0,0.01416211584
C34L24,24,34,-1702500,-937500,0.98084413,0.01915584,3e-08,0.975974,0.02402597,0.975974,0.02402597,2153.52,0,0,4420.277,0,0,0,0,549500.8,1,0.005,0.02064813439
C35L24,24,35,-1697500,-937500,0.982456,0.01754382,1.8e-07,0.982456,0.01754382,0.982456,0.01754382,5056.463,0,0,4371.006,0,0,0,0,544794.9,1,0,0.01805654534
C36L24,24,36,-1692500,-937500,0.987338,0,0.012662,0.987338,0,0.987338,0,9131.211,0,0,4321.735,0,0,0,0,540094.3,1,0,0.00649398596
C37L24,24,37,-1687500,-937500,0.991388,0,0.008612,0.991388,0,0.991388,0,13669.33,0,0,4272.465,0,0,0,0,535399.1,1,0,0.00216730615
C38L24,24,38,-1682500,-937500,0.950649,0,0.049351,0.950649,0,0.950649,0,18447.83,0,0,4223.194,0,0,0.2299385,0.2299385,530709.4,1,0,3.912606461e-05
C39L24,24,39,-1677500,-937500,0.917703,0,0.082297,0.917703,0,0.917703,0,23319.39,0,0,4173.923,0,0,1,1,526025.5,1,0,0
C40L24,24,40,-1672500,-937500,0.981818,0,0.018182,0.981818,0,0.981818,0,28231.63,0,0,4124.652,0,0,1,1,521347.5,1,0,0
C41L24,24,41,-1667500,-937500,0.950325,0,0.049675,0.950325,0,0.950325,0,27696.39,0,0,3877.334,0,0,1,1,516675.5,1,0,0.001418679019
C42L24,24,42,-1662500,-937500,0.87559783,0.055183456,0.069218714,0.873046,0.057735286,0.873046,0.057735286,22814.07,0,0,3521.861,0,0,1,1,512009.7,1,0.003,0.055183456
C43L24,24,43,-1657500,-937500,0.9155847,0.07662334,0.00779196,0.901299,0.09090904,0.901299,0.09090904,17990.2,0,0,3166.388,0,0,1,1,507350.3,1,0.014,0.07662334
C44L24,24,44,-1652500,-937500,0.929187,0.02519936,0.04561364,0.929187,0.02519936,0.929187,0.02519936,13184.24,0,0,2551.936,0,0,1,1,502697.4,1,0,0.02519936
C45L24,24,45,-1647500,-937500,0.970455,0,0.029545,0.970455,0,0.970455,0,8378.27,0,0,1835.374,0,0,0.800481,0.800481,498051.2,1,0,0.0006087310945
C46L24,24,46,-1642500,-937500,0.97512,0,0.02488,0.97512,0,0.97512,0,3572.303,0,0,1118.811,0,0.6847088,0,0.6847088,493411.9,2,0,0.003467550751
C47L24,24,47,-1637500,-937500,0.978247,0,0.021753,0.978247,0,0.978247,0,1239.52,0,0,131.017,0,1,0,1,488779.8,2,0,0.003157555587
C48L24,24,48,-1632500,-937500,0.991707,0,0.008293,0.991707,0,0.991707,0,6223.046,0,0,1005.385,0,1,0,1,484155,2,0,0.003051272179
C49L24,24,49,-1627500,-937500,0.975758,0,0.024242,0.975758,0,0.975758,0,11221.24,0,0,1388.005,0,1,0,1,479537.7,2,0,0.00274620287
C50L24,24,50,-1622500,-937500,0.996753,0.00324675,2.5e-07,0.996753,0.00324675,0.996753,0.00324675,15798.47,0,0,1762.526,0,1,0,1,474928.2,2,0,0.006757183383
C51L24,24,51,-1617500,-937500,0.975439,0.02456136,-3.6e-07,0.975439,0.02456136,0.975439,0.02456136,19966.39,0,0,2137.048,0,1,0,1,470326.6,2,0,0.02456136
C52L24,24,52,-1612500,-937500,0.993182,0.00681818,-1.8e-07,0.993182,0.00681818,0.993182,0.00681818,24448.35,0,0,2511.569,0,1,0,1,465733.3,2,0,0.01233609582
C53L24,24,53,-1607500,-937500,0.996491,0.00350877,2.3e-07,0.996491,0.00350877,0.996491,0.00350877,25468.11,0,0,3262.367,0,0.8922619,0,0.8922619,461148.4,2,0,0.008516668952
C54L24,24,54,-1602500,-937500,0.999026,0.000974026,-2.6e-08,0.999026,0.000974026,0.999026,0.000974026,20490.43,0,0,4178.266,0,0.01917004,0,0.01917004,456572.2,1,0,0.003723849054
C55L24,24,55,-1597500,-937500,1,0,0,1,0,1,0,15527.09,0,0,5287.927,0,0,0,0,452005,1,0,0.002761077828
C56L24,24,56,-1592500,-937500,1,0,0,1,0,1,0,10598.28,0,0,6759.32,0,0,0,0,447447.1,1,0,0.002753779074
C57L24,24,57,-1587500,-937500,1,0,0,1,0,1,0,5771.121,0,0,8230.714,0,0,0,0,442898.7,1,0,0.002809188678
C58L24,24,58,-1582500,-937500,1,0,0,1,0,1,0,986.8043,0,0,9702.107,0,0,0,0,438360.1,1,0,0.002879502647
C59L24,24,59,-1577500,-937500,1,0,0,1,0,1,0,3981.27,0,0,11173.5,0,0,0,0,433831.7,1,0,0.002987281043
C60L24,24,60,-1572500,-937500,1,0,0,1,0,1,0,8981.154,0,0,12866.04,0,0,0,0,429313.8,1,0,0.003558280849
C61L24,24,61,-1567500,-937500,1,0,0,1,0,1,0,13981.12,0,0,15071.71,0,0,0,0,424806.6,1,0,0.004883530864
C62L24,24,62,-1562500,-937500,1,0,0,1,0,1,0,18981.11,0,0,17277.38,0,0,0,0,420310.6,1,0,0.01254284625
C63L24,24,63,-1557500,-937500,0.996429,0.00357143,-4.3e-07,0.996429,0.00357143,0.996429,0.00357143,23776.15,0,0,17764.94,0,0,0,0,415826.1,1,0,0.03035695462
C64L24,24,64,-1552500,-937500,0.99330175,0.006698567,-3.17e-07,0.99330175,0.006698567,0.989474,0.010526317,21370.97,0,0,17985.85,0,0,0,0,411353.5,1,0.004,0.06466435407
C65L24,24,65,-1547500,-937500,0.82662332,0.17337665,3e-08,0.81818176,0.18181821,0.790909,0.20909097,18929.62,0,0,18206.77,0,0,0,0,406893.2,1,0.036,0.1970574367
C66L24,24,66,-1542500,-937500,0.6389158,0.36108455,-3.5e-07,0.62041502,0.37958533,0.575758,0.42424235,16676.7,0,0,18765.73,0,0,0,0,402445.6,1,0.063,0.36108455
C67L24,24,67,-1537500,-937500,0.4283896,0.564593398,0.007017002,0.422329,0.570653998,0.422329,0.570653998,13611.31,0,0,20082.86,0,0,0,0,398011,1,0.006,0.564593398
C68L24,24,68,-1532500,-937500,0.36850617,0.62077929,0.01071454,0.34870099,0.64058447,0.336688,0.65259746,8875.196,0,0,21411.24,0.771022,0,0,0,393590.1,1,0.032,0.62077929
C69L24,24,69,-1527500,-937500,0.54609237,0.4539074,2.3e-07,0.53397116,0.46602861,0.521212,0.47878777,4129.727,0,0,22739.61,1,0,0,0,389183.1,1,0.025,0.4549821245
C70L24,24,70,-1522500,-937500,0.84220757,0.157792186,2.44e-07,0.82499978,0.174999976,0.80974,0.190259756,396.9069,0,0,24067.98,0.9938378,0,0,0,384790.7,1,0.032,0.3519567893
C71L24,24,71,-1517500,-937500,0.22806983,0.7719296,5.7e-07,0.225518,0.77448143,0.225518,0.77448143,3769.391,0,0,24828.58,0.1063788,0.0771043,0,0.0771043,380413.2,1,0.003,0.7719296
C72L24,24,72,-1512500,-937500,0.56396108,0.43603858,3.4e-07,0.56396108,0.43603858,0.561039,0.43896066,7942.81,0,0,24305.34,0,0.8960099,0,0.8960099,376051.3,2,0.003,0.4677264755
C73L24,24,73,-1507500,-937500,1,0,0,1,0,1,0,12726.67,0,0,23809.54,0,0.9338576,0,0.9338576,371705.4,2,0,0.1410510643
C74L24,24,74,-1502500,-937500,1,0,0,1,0,1,0,9739.97,0,0,24001.36,0,0.05774088,0,0.05774088,367376.2,1,0,0.08166781512
C75L24,24,75,-1497500,-937500,0.998405,0.0015949,1e-07,0.998405,0.0015949,0.998405,0.0015949,4846.495,0,0,24564.98,0,0,0,0,363064.2,1,0,0.08172110991
C76L24,24,76,-1492500,-937500,0.985008,0.014992079,-7.9e-08,0.985008,0.014992079,0.985008,0.014992079,627.6072,0,0,25813.61,0,0,0,0,358770.1,1,0,0.08677695616
C77L24,24,77,-1487500,-937500,0.98993488,0.010064936,1.84e-07,0.98409073,0.015909086,0.981818,0.018181816,3318.201,0,0,27144.85,0,0,0,0,354494.5,1,0.008,0.09454669156
C78L24,24,78,-1482500,-937500,0.76873963,0.22679452,0.00446585,0.762998,0.23253615,0.747368,0.24816615,7881.675,0,0,28476.09,0,0,0,0,350238,1,0.021,0.2589875681
C79L24,24,79,-1477500,-937500,0.451298506,0.52337737,0.025324124,0.436038776,0.5386371,0.419805,0.554870876,11934.19,0,0,28097.03,0.09124258,0,0,0,346001.5,1,0.031,0.52337737
C80L24,24,80,-1472500,-937500,0.558532609,0.44146695,4.41e-07,0.535566079,0.46443348,0.490909,0.509090559,16482.18,0,0,26526.28,0.5568987,0,0,0,341785.6,1,0.068,0.4741282856
C81L24,24,81,-1467500,-937500,0.398051781,0.60194855,-3.31e-07,0.398051781,0.60194855,0.393831,0.606169331,20799.89,0,0,25620.85,0.0980782,0,0,0,337591.1,1,0.004,0.60194855
C82L24,24,82,-1462500,-937500,0.44561392,0.55438624,-1.6e-07,0.44561392,0.55438624,0.444338,0.55566216,16483.59,0,0,25515.98,0,0,0,0,333418.8,1,0.001,0.55438624
C83L24,24,83,-1457500,-937500,0.72045431,0.278896095,0.000649595,0.70032445,0.299025955,0.681818,0.317532405,11911.78,0,0,25868.04,0.5902349,0,0,0,329269.6,1,0.039,0.3171159281
C84L24,24,84,-1452500,-937500,0.82775152,0.17224879,-3.1e-07,0.805104,0.19489631,0.774482,0.22551831,7847.529,0,0,27051.63,0.4797046,0,0,0,325144.3,1,0.053,0.1854211029
C85L24,24,85,-1447500,-937500,0.96267917,0.037320585,2.45e-07,0.95853244,0.041467315,0.94992,0.050079755,3990.037,0,0,28440.63,0.0579833,0,0,0,321043.9,1,0.013,0.05786434388
C86L24,24,86,-1442500,-937500,0.979220675,0.013311691,0.007467634,0.979220675,0.013311691,0.978896,0.013636366,734.8179,0,0,30469.81,0,0,0,0,316969.3,1,0,0.02152890131
C09L25,25,9,-1827500,-942500,0.338648,0,0.661352,0.338648,0,0.338648,0,17845.48,0,0,23256.14,0,0,0,0,667172,1,0,8.184137855e-06
C10L25,25,10,-1822500,-942500,1,0,0,1,0,1,0,16433.62,0.2630992,0,20990.04,0,0,0,0.2630992,662358.5,1,0,0.000599557625
C11L25,25,11,-1817500,-942500,0.988839,0.011160718,2.82e-07,0.988839,0.011160718,0.988839,0.011160718,16124.85,1,0,19756.41,0,0,0,1,657547.8,1,0,0.011160718
C12L25,25,12,-1812500,-942500,0.964286,0.035714262,-2.62e-07,0.964286,0.035714262,0.964286,0.035714262,13446.74,1,0,19568.32,0,0,0,1,652740,1,0,0.035714262
C13L25,25,13,-1807500,-942500,0.906955,0.09304508,-8e-08,0.906955,0.09304508,0.906955,0.09304508,9932.623,0.5743926,0,17705.98,0,0,0,0.5743926,647935.1,1,0,0.09304508
C14L25,25,14,-1802500,-942500,1,0,0,1,0,1,0,7645.611,0,0,15428.12,0,0,0,0,643133.1,1,0,0.02583256351
C15L25,25,15,-1797500,-942500,0.99812,0.000626566,0.001253434,0.99812,0.000626566,0.99812,0.000626566,7298.264,0,0,12401.32,0,0,0,0,638334.2,1,0,0.02169477674
C16L25,25,16,-1792500,-942500,0.999681,0,0.000319,0.999681,0,0.999681,0,4511.618,0,0,9374.52,0,0,0,0,633538.4,1,0,0.0215932764
C17L25,25,17,-1787500,-942500,0.999373,0.000626566,4.34e-07,0.999373,0.000626566,0.999373,0.000626566,23.23516,0,0,6347.722,0,0,0,0,628745.8,1,0,0.01570446847
C18L25,25,18,-1782500,-942500,1,0,0,1,0,1,0,4492.961,0,0,3320.924,0,0,0,0,623956.4,1,0,0.01784661363
C19L25,25,19,-1777500,-942500,1,0,0,1,0,1,0,8527.481,0,0,294.1256,0,0,0,0,619170.4,1,0,0.02195709864
C20L25,25,20,-1772500,-942500,0.98278083,0.01721939,-2.2e-07,0.97512777,0.02487245,0.961416,0.03858422,11128.32,0,0,2732.672,0,0,0,0,614387.8,1,0.021,0.03637327768
C21L25,25,21,-1767500,-942500,0.9185469,0.06610272,0.01535038,0.8771935,0.10745612,0.863409,0.12124062,8379.137,0,0,5759.471,0,0,0,0,609608.6,1,0.055,0.06654477023
C22L25,25,22,-1762500,-942500,0.8226813,0.17731827,4.3e-07,0.760338,0.23966157,0.760338,0.23966157,7487.14,0.08437412,0,8786.269,0,0,0,0.08437412,604833.1,1,0.062,0.17731827
C23L25,25,23,-1757500,-942500,0.84693922,0.15019135,0.00286943,0.81537032,0.18176025,0.795281,0.20184957,5904.94,0.4394752,0,11373.22,0,0,0,0.4394752,600061.2,1,0.052,0.15019135
C24L25,25,24,-1752500,-942500,0.94517538,0.05482458,4e-08,0.939223,0.06077696,0.939223,0.06077696,3663.645,0.906119,0,13077.43,0,0,0,0.906119,595293,1,0.006,0.05995178014
C25L25,25,25,-1747500,-942500,0.953444,0,0.046556,0.953444,0,0.953444,0,680.2026,0.09341879,0,14781.65,0,0,0,0.09341879,590528.7,1,0,0.02153688907
C26L25,25,26,-1742500,-942500,0.90288188,0.04197993,0.05513819,0.89160368,0.05325813,0.887531,0.05733081,513.0088,0,0,16485.86,0,0,0,0,585768.3,1,0.015,0.06482891007
C27L25,25,27,-1737500,-942500,0.80070148,0.195153495,0.004145025,0.77838002,0.217474955,0.775829,0.220025975,940.0114,0,0,18191.52,0,0,0,0,581011.9,1,0.025,0.195153495
C28L25,25,28,-1732500,-942500,0.89818277,0.098057723,0.003759507,0.87405992,0.122180573,0.863095,0.133145493,1838.346,0,0,18217.58,0,0,0,0,576259.6,1,0.035,0.1080296353
C29L25,25,29,-1727500,-942500,0.9904338,0.009566328,-1.28e-07,0.984694,0.015306128,0.984694,0.015306128,5493.516,0,0,16623.03,0,0,0,0,571511.6,1,0.006,0.03073896102
C30L25,25,30,-1722500,-942500,1,0,0,1,0,1,0,4017.558,0,0,14744.59,0,0,0,0,566767.9,1,0,0.0100207166
C31L25,25,31,-1717500,-942500,0.99906,0.000313283,0.000626717,0.99906,0.000313283,0.99906,0.000313283,991.898,0,0,12482.87,0,0,0,0,562028.7,1,0,0.009243605849
C32L25,25,32,-1712500,-942500,0.91198939,0.074617378,0.013393232,0.90529296,0.081313808,0.89477,0.091836768,932.8872,0,0,10252.94,0,0,0,0,557294,1,0.017,0.074617378
C33L25,25,33,-1707500,-942500,0.95238132,0.047619056,-3.76e-07,0.94016327,0.059837106,0.937657,0.062343376,3926.602,0,0,9469.305,0,0,0,0,552564,1,0.015,0.047619056
C34L25,25,34,-1702500,-942500,0.99426,0.005739795,2.05e-07,0.99426,0.005739795,0.99426,0.005739795,5973.162,0,0,9420.034,0,0,0,0,547838.7,1,0,0.01132696354
C35L25,25,35,-1697500,-942500,1,0,0,1,0,1,0,9019.695,0,0,9370.763,0,0,0,0,543118.4,1,0,0.004244858689
C36L25,25,36,-1692500,-942500,0.998724,0.00127551,4.9e-07,0.998724,0.00127551,0.998724,0.00127551,12117.18,0,0,9321.493,0,0,0,0,538403.2,1,0,0.003312951633
C37L25,25,37,-1687500,-942500,0.989035,0,0.010965,0.989035,0,0.989035,0,16062.46,0,0,9272.222,0,0,0,0,533693.1,1,0,0.001699131795
C38L25,25,38,-1682500,-942500,1,0,0,1,0,1,0,20298.13,0,0,9222.951,0,0,0.2855917,0.2855917,528988.4,1,0,0
C39L25,25,39,-1677500,-942500,1,0,0,1,0,1,0,24808.98,0,0,9173.68,0,0,1,1,524289.1,1,0,0
C40L25,25,40,-1672500,-942500,0.993734,0,0.006266,0.993734,0,0.993734,0,29478.08,0,0,9124.409,0,0,1,1,519595.4,1,0,0
C41L25,25,41,-1667500,-942500,0.949617,0,0.050383,0.949617,0,0.949617,0,27164.06,0,0,8864.682,0,0,1,1,514907.5,1,0,0
C42L25,25,42,-1662500,-942500,0.68546381,0.009085206,0.305450984,0.680138,0.014411016,0.680138,0.014411016,22164.8,0,0,8509.209,0,0,1,1,510225.5,1,0.005,0.009085206
C43L25,25,43,-1657500,-942500,0.858737,0.033482133,0.107780867,0.858737,0.033482133,0.858737,0.033482133,17165.96,0,0,8153.736,0,0,1,1,505549.7,1,0,0.033482133
C44L25,25,44,-1652500,-942500,0.9411025,0.04573933,0.01315817,0.9288845,0.05795733,0.919486,0.06735583,12168.07,0,0,7500.324,0,0,1,1,500880,1,0.022,0.04573933
C45L25,25,45,-1647500,-942500,0.94037,0.01116072,0.04846928,0.94037,0.01116072,0.94037,0.01116072,7173.138,0,0,6783.761,0,0,0.9943865,0.9943865,496216.9,1,0,0.01116072
C46L25,25,46,-1642500,-942500,0.983396,0.005952389,0.010651611,0.983396,0.005952389,0.983396,0.005952389,2201.32,0,0,6067.198,0,0.04855975,0.8704795,0.91903925,491560.3,1,0,0.005952389
C47L25,25,47,-1637500,-942500,0.965242,0.0165816,0.0181764,0.965242,0.0165816,0.965242,0.0165816,2416.589,0,0,5000.164,0,0.4141064,0.1319627,0.5460691,486910.5,1,0,0.0165816
C48L25,25,48,-1632500,-942500,0.944236,0,0.055764,0.944236,0,0.944236,0,7025.453,0,0,3972.47,0,1,0,1,482267.8,2,0,0.003023083108
C49L25,25,49,-1627500,-942500,0.962093,0,0.037907,0.962093,0,0.962093,0,11892.92,0,0,3597.949,0,1,0,1,477632.3,2,0,0.003006469422
C50L25,25,50,-1622500,-942500,1,0,0,1,0,1,0,16760.38,0,0,3223.427,0,1,0,1,473004.2,2,0,0.01243539262
C51L25,25,51,-1617500,-942500,0.98433598,0.01566416,-1.4e-07,0.982143,0.01785714,0.982143,0.01785714,21627.84,0,0,2848.906,0,1,0,1,468383.7,2,0.002,0.02597300337
C52L25,25,52,-1612500,-942500,0.99999951,0,4.9e-07,0.998724,0.00127551,0.998724,0.00127551,26258.65,0,0,2474.384,0,1,0,1,463771.1,2,0.001,0.01751640728
C53L25,25,53,-1607500,-942500,1,0,0,1,0,1,0,24821.49,0,0,1653.03,0,0.9716984,0,0.9716984,459166.6,2,0,0.008319625421
C54L25,25,54,-1602500,-942500,1,0,0,1,0,1,0,19906.72,0,0,737.1315,0,0.01595073,0,0.01595073,454570.5,1,0,0.003171318083
C55L25,25,55,-1597500,-942500,1,0,0,1,0,1,0,14996.18,0,0,509.3289,0,0,0,0,449983,1,0,0.002766128189
C56L25,25,56,-1592500,-942500,1,0,0,1,0,1,0,10157.59,0,0,1980.722,0,0,0,0,445404.4,1,0,0.002771563368
C57L25,25,57,-1587500,-942500,1,0,0,1,0,1,0,5428.788,0,0,3452.115,0,0,0,0,440834.9,1,0,0.002844280062
C58L25,25,58,-1582500,-942500,1,0,0,1,0,1,0,433.8901,0,0,4923.508,0,0.009704989,0,0.009704989,436274.9,1,0,0.002994394153
C59L25,25,59,-1577500,-942500,1,0,0,1,0,1,0,4561.008,0,0,6394.902,0,0.1313026,0,0.1313026,431724.6,1,0,0.003509013507
C60L25,25,60,-1572500,-942500,1,0,0,1,0,1,0,9401.569,0,0,8378.832,0,0.1556687,0,0.1556687,427184.4,1,0,0.005055574465
C61L25,25,61,-1567500,-942500,1,0,0,1,0,1,0,14288.76,0,0,10584.51,0,0.2156409,0,0.2156409,422654.5,1,0,0.02306400633
C62L25,25,62,-1562500,-942500,0.996241,0.0037594,-4e-07,0.996241,0.0037594,0.996241,0.0037594,19234.03,0,0,12548.91,0,0,0,0,418135.4,1,0,0.04233165324
C63L25,25,63,-1557500,-942500,0.85299765,0.14700279,-4.4e-07,0.82397982,0.17602062,0.792411,0.20758944,18847.84,0,0,12769.82,0,0,0,0,413627.3,1,0.061,0.14700279
C64L25,25,64,-1552500,-942500,0.69454837,0.305451723,-9.3e-08,0.667606,0.332394093,0.636591,0.363409093,17527.89,0,0,12990.73,0,0,0,0,409130.7,1,0.058,0.305451723
C65L25,25,65,-1547500,-942500,0.487882673,0.51211726,6.7e-08,0.48692604,0.513073893,0.466199,0.533800933,14451.26,0,0,13211.65,0,0,0,0,404645.8,1,0.022,0.51211726
C66L25,25,66,-1542500,-942500,0.33082689,0.66917247,6.4e-07,0.32268152,0.67731784,0.315476,0.68452336,12649.55,0,0,13934.18,0,0,0,0,400173.2,1,0.015,0.66917247
C67L25,25,67,-1537500,-942500,0.275689113,0.72431068,2.07e-07,0.275689113,0.72431068,0.272243,0.727756793,9927.153,0,0,15262.55,0,0,0,0,395713.2,1,0.003,0.72431068
C68L25,25,68,-1532500,-942500,0.79336695,0.20663265,4e-07,0.76020374,0.23979586,0.733418,0.2665816,7264.585,0,0,16590.92,0.5812531,0,0,0,391266.3,1,0.06,0.2639888996
C69L25,25,69,-1527500,-942500,0.89693023,0.10307018,-4.1e-07,0.89693023,0.10307018,0.87782,0.12218041,2431.096,0,0,17919.3,1,0,0,0,386832.9,1,0.019,0.185950704
C70L25,25,70,-1522500,-942500,0.78125007,0.218750393,-4.63e-07,0.76243629,0.237564173,0.757972,0.242028463,2041.258,0,0,19247.67,0.4386466,0,0,0,382413.4,1,0.023,0.2999497812
C71L25,25,71,-1517500,-942500,0.1412911,0.85871004,-1.14e-06,0.135652,0.86434914,0.135652,0.86434914,6289.085,0,0,19856.04,0,0.0202776,0,0.0202776,378008.4,1,0.006,0.85871004
C72L25,25,72,-1512500,-942500,0.388712,0.61128814,-1.4e-07,0.388712,0.61128814,0.388712,0.61128814,10627.06,0,0,19332.79,0,0.8404803,0,0.8404803,373618.4,2,0,0.61128814
C73L25,25,73,-1507500,-942500,0.993734,0.00626566,3.4e-07,0.993734,0.00626566,0.993734,0.00626566,14042.06,0,0,18819.75,0,1,0,1,369243.9,2,0,0.09059913892
C74L25,25,74,-1502500,-942500,1,0,0,1,0,1,0,9090.536,0,0,19021.19,0,0.5096464,0,0.5096464,364885.5,2,0,0.01611597161
C75L25,25,75,-1497500,-942500,1,0,0,1,0,1,0,4111.136,0,0,19674.66,0,0,0,0,360543.7,1,0,0.01603049722
C76L25,25,76,-1492500,-942500,0.97681754,0.02318295,-4.9e-07,0.97337142,0.02662907,0.971805,0.02819549,409.5874,0,0,20994.09,0,0,0,0,356219.2,1,0.005,0.06219582739
C77L25,25,77,-1487500,-942500,0.83641621,0.163584195,-4.05e-07,0.83450294,0.165497465,0.826531,0.173469405,4583.853,0,0,22325.33,0,0,0,0,351912.6,1,0.01,0.1892697706
C78L25,25,78,-1482500,-942500,0.55733065,0.39880883,0.04386052,0.55733065,0.39880883,0.548872,0.40726748,9422.279,0,0,23656.57,0.07394491,0,0,0,347624.6,1,0.008,0.39880883
C79L25,25,79,-1477500,-942500,0.57876303,0.41454035,0.00669662,0.5679212,0.42538218,0.558036,0.43526738,14371.74,0,0,23361.78,0.4140387,0,0,0,343355.8,1,0.021,0.41454035
C80L25,25,80,-1472500,-942500,0.677631996,0.32236807,-6.6e-08,0.664160816,0.33583925,0.623434,0.376566066,18811.84,0,0,21756.34,0.6296949,0,0,0,339107,1,0.054,0.3257816249
C81L25,25,81,-1467500,-942500,0.80452832,0.19547187,-1.9e-07,0.794962,0.20503819,0.794962,0.20503819,17530.25,0,0,20644.24,0.196066,0,0,0,334879,1,0.01,0.248228413
C82L25,25,82,-1462500,-942500,0.54636551,0.45363442,7e-08,0.54229283,0.4577071,0.53916,0.46083993,13728.83,0,0,20516,0,0,0,0,330672.5,1,0.007,0.45363442
C83L25,25,83,-1457500,-942500,0.681441,0.317283405,0.001275595,0.681441,0.317283405,0.681441,0.317283405,10288.88,0,0,20952.72,0,0,0,0,326488.3,1,0,0.317283405
C84L25,25,84,-1452500,-942500,0.966479,0.0335213,-3e-07,0.966479,0.0335213,0.966479,0.0335213,5492.32,0,0,22227.09,0,0,0,0,322327.4,1,0,0.1055849133
C85L25,25,85,-1447500,-942500,0.984023,0.01597744,-4.4e-07,0.984023,0.01597744,0.984023,0.01597744,795.2742,0,0,23783.11,0,0,0,0,318190.7,1,0,0.04286424236
C86L25,25,86,-1442500,-942500,0.97640278,0.02168368,0.00191354,0.97640278,0.02168368,0.973214,0.02487246,2190.296,0,0,26152.25,0,0,0,0,314079.1,1,0.003,0.02746004597
C87L25,25,87,-1437500,-942500,0.989348,0.010651626,3.74e-07,0.989348,0.010651626,0.989348,0.010651626,6869.068,0,0,28733.69,0,0,0,0,309993.6,1,0,0.01647143136
C88L25,25,88,-1432500,-942500,0.990115,0.00669643,0.00318857,0.990115,0.00669643,0.990115,0.00669643,11644.92,0,0,31435.89,0,0,0,0,305935.3,1,0,0.01188027862
C09L26,26,9,-1827500,-947500,0.209091,0,0.790909,0.209091,0,0.209091,0,13446.15,0,0,19232.95,0,0,0,0,665841.3,1,0,5.413419311e-06
C10L26,26,10,-1822500,-947500,0.955343,0,0.044657,0.955343,0,0.955343,0,11506.6,0.1189229,0,16420.72,0,0,0,0.1189229,661018.1,1,0,0.0006058020289
C11L26,26,11,-1817500,-947500,1,0,0,1,0,1,0,11129.65,1,0,14811.27,0,0,0,1,656197.6,1,0,0.002912255631
C12L26,26,12,-1812500,-947500,1,0,0,1,0,1,0,9292.675,1,0,14568.58,0,0,0,1,651379.8,1,0,0.01250703857
C13L26,26,13,-1807500,-947500,0.91068567,0.08931417,1.6e-07,0.905582,0.09441784,0.905582,0.09441784,6575.439,0.8651756,0,13076.04,0,0,0,0.8651756,646564.8,1,0.005,0.08931417
C14L26,26,14,-1802500,-947500,0.92045439,0.079545532,7.8e-08,0.91136348,0.088636442,0.905844,0.094155922,2919.889,0.4729773,0,11188.28,0,0,0,0.4729773,641752.6,1,0.015,0.079545532
C15L26,26,15,-1797500,-947500,0.74481613,0.25358841,0.00159546,0.73843654,0.259968,0.731419,0.26698554,2655.96,0.3825695,0,8421.558,0,0,0,0.3825695,636943.3,1,0.013,0.25358841
C16L26,26,16,-1792500,-947500,0.92077943,0.07922084,-2.7e-07,0.92077943,0.07922084,0.917208,0.08279227,1494.439,0.4282046,0,5394.759,0,0,0,0.4282046,632136.9,1,0.004,0.07922084
C17L26,26,17,-1787500,-947500,0.90972841,0.090271149,4.41e-07,0.90334883,0.096650729,0.900797,0.099202559,2192.59,0.4288898,0,2367.961,0,0,0,0.4288898,627333.6,1,0.009,0.090271149
C18L26,26,18,-1782500,-947500,0.87759716,0.12240261,2.3e-07,0.82857118,0.17142859,0.821753,0.17824677,6668.704,0.6193887,0,658.8367,0,0,0,0.6193887,622533.4,1,0.056,0.12240261
C19L26,26,19,-1777500,-947500,0.87527882,0.12472081,3.7e-07,0.86092477,0.13907486,0.857416,0.14258363,10518.2,0.4822934,0,3685.635,0,0,0,0.4822934,617736.3,1,0.018,0.12472081
C20L26,26,20,-1772500,-947500,0.8493503,0.150649396,3.04e-07,0.788636,0.211363696,0.788636,0.211363696,7478.724,0.4350331,0,6712.433,0,0,0,0.4350331,612942.5,1,0.061,0.150649396
C21L26,26,21,-1767500,-947500,0.83125961,0.16873953,8.6e-07,0.81339681,0.18660233,0.810526,0.18947314,4433.076,0.7785823,0,9739.231,0,0,0,0.7785823,608152,1,0.021,0.16873953
C22L26,26,22,-1762500,-947500,0.95853277,0.0191388,0.02232843,0.955024,0.02264757,0.955024,0.02264757,2487.177,0.9781507,0,12766.03,0,0,0,0.9781507,603364.9,1,0.004,0.05375921319
C23L26,26,23,-1757500,-947500,0.78116901,0.16688314,0.05194785,0.756169,0.19188315,0.756169,0.19188315,1775.026,1,0,15792.83,0,0,0,1,598581.3,1,0.025,0.16688314
C24L26,26,24,-1752500,-947500,0.924402,0,0.075598,0.924402,0,0.924402,0,829.8472,1,0,17778.03,0,0,0,1,593801.2,1,0,0.02474690115
C25L26,26,25,-1747500,-947500,0.9077925,0,0.0922075,0.9077925,0,0.876299,0.0314935,2481.604,0.4250811,0,19482.25,0,0,0,0.4250811,589024.8,1,0.031,0.01456264218
C26L26,26,26,-1742500,-947500,0.90590165,0.00446571,0.08963264,0.87942636,0.030941,0.838278,0.07208936,4275.888,0,0,21186.46,0,0,0,0,584252.2,1,0.068,0.05433017348
C27L26,26,27,-1737500,-947500,0.5584412,0.41201255,0.02954625,0.5048697,0.46558405,0.492532,0.47792175,5143.244,0,0,22890.68,0,0,0,0,579483.4,1,0.066,0.41201255
C28L26,26,28,-1732500,-947500,0.7122806,0.23795858,0.04976082,0.69377979,0.25645939,0.69059,0.25964918,634.6064,0,0,22956.51,0,0,0,0,574718.5,1,0.022,0.23795858
C29L26,26,29,-1727500,-947500,0.87564936,0.12175328,0.00259736,0.86071433,0.13668831,0.835065,0.16233764,738.1748,0,0,21361.96,0,0,0,0,569957.6,1,0.041,0.12175328
C30L26,26,30,-1722500,-947500,0.984689,0.00223285,0.01307815,0.984689,0.00223285,0.984689,0.00223285,886.0072,0,0,19203.81,0,0,0,0,565200.9,1,0,0.01676691463
C31L26,26,31,-1717500,-947500,0.998724,0,0.001276,0.998724,0,0.998724,0,774.8528,0,0,16942.09,0,0,0,0,560448.4,1,0,0.009981952983
C32L26,26,32,-1712500,-947500,0.97727243,0.01493507,0.0077925,0.973701,0.0185065,0.973701,0.0185065,3328.702,0,0,14997.61,0,0,0,0,555700.2,1,0.004,0.01810205356
C33L26,26,33,-1707500,-947500,0.96299821,0.037001589,2.01e-07,0.95374781,0.046251989,0.950877,0.049122799,7992.86,0,0,14469.06,0,0.09867122,0,0.09867122,550956.5,1,0.012,0.037001589
C34L26,26,34,-1702500,-947500,0.991883,0.00811689,1.1e-07,0.991883,0.00811689,0.991883,0.00811689,10607.35,0,0,14419.79,0,0.2368687,0,0.2368687,546217.4,1,0,0.01156609756
C35L26,26,35,-1697500,-947500,1,0,0,1,0,1,0,12887.42,0,0,14370.52,0,0.1384786,0,0.1384786,541483,1,0,0.003409854645
C36L26,26,36,-1692500,-947500,1,0,0,1,0,1,0,15888.19,0,0,14321.25,0,0.0222011,0,0.0222011,536753.4,1,0,0.002027820971
C37L26,26,37,-1687500,-947500,1,0,0,1,0,1,0,19180.91,0,0,14271.98,0,0,0,0,532028.7,1,0,0.001677273249
C38L26,26,38,-1682500,-947500,1,0,0,1,0,1,0,23021.28,0,0,14222.71,0,0,0.02296216,0.02296216,527309.1,1,0,0.001368326414
C39L26,26,39,-1677500,-947500,1,0,0,1,0,1,0,27151.01,0,0,14173.44,0,0,0.750526,0.750526,522594.7,1,0,0
C40L26,26,40,-1672500,-947500,0.952472,0,0.047528,0.952472,0,0.952472,0,31474.57,0,0,14124.17,0,0,1,1,517885.7,1,0,0
C41L26,26,41,-1667500,-947500,0.900974,0,0.099026,0.900974,0,0.900974,0,27544.19,0,0,13852.03,0,0,1,1,513182.2,1,0,0
C42L26,26,42,-1662500,-947500,0.87208945,0.032216889,0.095693661,0.86953762,0.034768719,0.863796,0.040510339,22629.06,0,0,13496.56,0,0,1,1,508484.3,1,0.008,0.032216889
C43L26,26,43,-1657500,-947500,0.94967551,0.014610391,0.035714099,0.94805213,0.016233771,0.943182,0.021103901,17761.37,0,0,13141.08,0,0,1,1,503792.3,1,0.006,0.014610391
C44L26,26,44,-1652500,-947500,0.977352,0.007974489,0.014673511,0.977352,0.007974489,0.977352,0.007974489,12994.55,0,0,12448.71,0,0,1,1,499106.2,1,0,0.007974489
C45L26,26,45,-1647500,-947500,0.9649351,0.03376625,0.00129865,0.961039,0.03766235,0.961039,0.03766235,8500.012,0,0,11732.15,0,0,1,1,494426.3,1,0.004,0.03376625
C46L26,26,46,-1642500,-947500,0.901754,0.002870817,0.095375183,0.901754,0.002870817,0.901754,0.002870817,3853.066,0,0,11005.71,0,0,0.5851823,0.5851823,489752.7,1,0,0.002907417613
C47L26,26,47,-1637500,-947500,0.982143,0,0.017857,0.982143,0,0.982143,0,1014.397,0,0,9869.311,0,0.3080286,0,0.3080286,485085.6,1,0,0.003623612145
C48L26,26,48,-1632500,-947500,0.940989,0,0.059011,0.940989,0,0.940989,0,5881.86,0,0,8958.424,0,1,0,1,480425.2,2,0,0.003635410178
C49L26,26,49,-1627500,-947500,0.973844,0,0.026156,0.973844,0,0.973844,0,10531.02,0,0,8583.902,0,1,0,1,475771.8,2,0,0.004743291521
C50L26,26,50,-1622500,-947500,1,0,0,1,0,1,0,15128.5,0,0,8209.381,0,1,0,1,471125.4,2,0,0.01371022497
C51L26,26,51,-1617500,-947500,0.843381,0.1566188,2e-07,0.843381,0.1566188,0.843381,0.1566188,19913.89,0,0,7834.859,0,1,0,1,466486.3,2,0,0.1566188
C52L26,26,52,-1612500,-947500,0.903571,0.0964286,4e-07,0.903571,0.0964286,0.903571,0.0964286,24764.9,0,0,7460.338,0,1,0,1,461854.8,2,0,0.0964286
C53L26,26,53,-1607500,-947500,1,0,0,1,0,1,0,24083.13,0,0,6568.427,0,1,0,1,457231,2,0,0.008141143726
C54L26,26,54,-1602500,-947500,1,0,0,1,0,1,0,19095.35,0,0,5652.529,0,0.1298713,0,0.1298713,452615.2,1,0,0.00315138548
C55L26,26,55,-1597500,-947500,1,0,0,1,0,1,0,14116.23,0,0,4269.269,0,0,0,0,448007.7,1,0,0.002859786942
C56L26,26,56,-1592500,-947500,1,0,0,1,0,1,0,9159.873,0,0,2797.876,0,0.1882507,0,0.1882507,443408.7,1,0,0.003083157902
C57L26,26,57,-1587500,-947500,1,0,0,1,0,1,0,4243.162,0,0,1326.483,0,0.2014265,0,0.2014265,438818.4,1,0,0.003157754408
C58L26,26,58,-1582500,-947500,1,0,0,1,0,1,0,671.6135,0,0,144.9101,0,0.835983,0,0.835983,434237.2,2,0,0.003770148729
C59L26,26,59,-1577500,-947500,1,0,0,1,0,1,0,5421.798,0,0,1685.954,0,1,0,1,429665.3,2,0,0.006872193792
C60L26,26,60,-1572500,-947500,0.99681,0.00318979,2.1e-07,0.99681,0.00318979,0.99681,0.00318979,10053.13,0,0,3891.628,0,1,0,1,425103.1,2,0,0.01822303415
C61L26,26,61,-1567500,-947500,0.99707791,0.00292208,1e-08,0.99448051,0.00551948,0.987987,0.01201299,14924.31,0,0,6097.301,0,0.892468,0,0.892468,420550.8,2,0.009,0.04306191021
C62L26,26,62,-1562500,-947500,0.64019109,0.35980838,5.3e-07,0.61722459,0.38277488,0.610845,0.38915447,15850.41,0,0,7553.79,0,0.1232997,0,0.1232997,416008.9,1,0.029,0.35980838
C63L26,26,63,-1557500,-947500,0.782792111,0.21720766,2.29e-07,0.761363531,0.23863624,0.753896,0.246103771,13970.57,0,0,7774.703,0,0,0,0,411477.5,1,0.029,0.21720766
C64L26,26,64,-1552500,-947500,0.85071746,0.14928233,2.1e-07,0.84529481,0.15470498,0.842424,0.15757579,13384.29,0,0,7995.617,0,0,0,0,406957.1,1,0.008,0.1639264618
C65L26,26,65,-1547500,-947500,0.938960631,0.06103887,4.99e-07,0.93831128,0.061688221,0.927597,0.072402501,10456.94,0,0,8216.53,0,0,0,0,402448,1,0.011,0.142499468
C66L26,26,66,-1542500,-947500,0.79106848,0.20893138,1.4e-07,0.78277502,0.21722484,0.767783,0.23221686,7807.669,0,0,9113.864,0,0,0,0,397950.7,1,0.023,0.2350798232
C67L26,26,67,-1537500,-947500,0.997767,0.00223285,1.5e-07,0.997767,0.00223285,0.997767,0.00223285,5633.354,0,0,10442.24,6.563126e-05,0,0,0,393465.5,1,0,0.1038210186
C68L26,26,68,-1532500,-947500,0.887338116,0.11266241,-5.26e-07,0.86720826,0.132792266,0.857468,0.142532526,4011.208,0,0,11770.61,0.6414026,0,0,0,388992.9,1,0.03,0.1419508287
C69L26,26,69,-1527500,-947500,0.999362,0.000637959,4.1e-08,0.999362,0.000637959,0.999362,0.000637959,2080.706,0,0,13098.98,0.8625721,0,0,0,384533.3,1,0,0.07474284886
C70L26,26,70,-1522500,-947500,0.8896108,0.110389651,-4.51e-07,0.87727313,0.122727321,0.872403,0.127597451,2208.453,0,0,14427.36,0.02054247,0,0,0,380087.1,1,0.017,0.2012118405
C71L26,26,71,-1517500,-947500,0.277193288,0.72280656,1.52e-07,0.2740035,0.725996348,0.266348,0.733651848,7062.932,0,0,14883.49,0,0,0,0,375654.8,1,0.011,0.72280656
C72L26,26,72,-1512500,-947500,0.477922,0.522077481,5.19e-07,0.477922,0.522077481,0.477922,0.522077481,12021.22,0,0,14360.25,0,0.004508648,0,0.004508648,371237,1,0,0.522077481
C73L26,26,73,-1507500,-947500,0.994896,0.00510367,3.3e-07,0.994896,0.00510367,0.994896,0.00510367,12754.86,0,0,13837.34,0,0.2528537,0,0.2528537,366834.1,1,0,0.07255454978
C74L26,26,74,-1502500,-947500,0.997403,0.0025974,-4e-07,0.997403,0.0025974,0.997403,0.0025974,7777.632,0,0,14041.01,0,0.2812276,0,0.2812276,362446.7,1,0,0.01425321438
C75L26,26,75,-1497500,-947500,0.98373165,0.016267969,3.81e-07,0.98245573,0.017543889,0.978309,0.021690619,2880.411,0,0,14843.33,0,0,0,0,358075.4,1,0.005,0.02512397625
C76L26,26,76,-1492500,-947500,0.95629998,0.043700117,-9.7e-08,0.93939408,0.060606017,0.910367,0.089633097,387.3089,0,0,16174.57,0,0,0,0,353720.7,1,0.046,0.08204858933
C77L26,26,77,-1487500,-947500,0.44285721,0.53084351,0.02629928,0.42629873,0.54740199,0.4,0.57370072,4952.425,0,0,17505.81,0,0,0,0,349383.3,1,0.043,0.53084351
C78L26,26,78,-1482500,-947500,0.46283871,0.50909059,0.0280707,0.46283871,0.50909059,0.458373,0.5135563,9808.139,0,0,18837.05,0,0,0,0,345063.8,1,0.004,0.50909059
C79L26,26,79,-1477500,-947500,0.90129896,0.098701352,-3.12e-07,0.89545481,0.104545502,0.89026,0.109740312,14664.63,0,0,18626.54,0,0,0,0,340762.9,1,0.011,0.1695160064
C80L26,26,80,-1472500,-947500,0.97990453,0.0200957,-2.3e-07,0.97320597,0.02679426,0.957257,0.04274323,19289.48,0,0,17021.09,0,0,0,0,336481.4,1,0.023,0.09469297398
C81L26,26,81,-1467500,-947500,0.81980543,0.180195241,-6.71e-07,0.816234,0.183766671,0.816234,0.183766671,14700.07,0,0,15682.5,0,0,0,0,332219.9,1,0.004,0.180378237
C82L26,26,82,-1462500,-947500,0.98468881,0.015311009,1.81e-07,0.98468881,0.015311009,0.981818,0.018181819,10492.85,0,0,15516.03,0,0,0,0,327979.3,1,0.003,0.1130154977
C83L26,26,83,-1457500,-947500,0.40194752,0.59740267,0.00064981,0.37045406,0.62889613,0.355519,0.64383119,6657.817,0,0,16089.62,0,0,0,0,323760.4,1,0.046,0.59740267
C84L26,26,84,-1452500,-947500,0.80191403,0.19808624,-2.7e-07,0.77862852,0.22137175,0.755981,0.24401927,3499.309,0,0,17402.55,0,0,0,0,319564,1,0.046,0.2046113531
C85L26,26,85,-1447500,-947500,0.95661911,0.0392344,0.00414649,0.95247238,0.04338113,0.942903,0.05295051,6.164407,0,0,19297.73,0,0,0,0,315391,1,0.014,0.07656205029
C86L26,26,86,-1442500,-947500,0.966234,0.033116935,0.000649065,0.966234,0.033116935,0.966234,0.033116935,3902.663,0,0,21870.17,0,0,0,0,311242.5,1,0,0.03683355727
C87L26,26,87,-1437500,-947500,0.99266379,0.007336519,-3.09e-07,0.989474,0.010526309,0.989474,0.010526309,8770.443,0,0,24474.24,0,0,0,0,307119.2,1,0.003,0.0171450962
C88L26,26,88,-1432500,-947500,0.994481,0.00551948,-4.8e-07,0.994481,0.00551948,0.994481,0.00551948,13353.77,0,0,27554.32,0,0,0,0,303022.4,1,0,0.01287788503
C89L26,26,89,-1427500,-947500,0.989474,0.0105263,-3e-07,0.989474,0.0105263,0.989474,0.0105263,17927.85,0,0,30913.06,0,0,0,0,298953.1,1,0,0.01388300024
C90L26,26,90,-1422500,-947500,1,0,0,1,0,1,0,17895.13,0,0,34274.36,0,0,0,0,294912.3,1,0,0.01477550096
C10L27,27,10,-1822500,-952500,0.264098,0,0.735902,0.264098,0,0.264098,0,6688.772,0.2613984,0,12194.19,0,0,0,0.2613984,659712.9,1,0,3.177896964e-05
C11L27,27,11,-1817500,-952500,1,0,0,1,0,1,0,6142.261,1,0,9921.292,0,0,0,1,654882.8,1,0,0.0007887651971
C12L27,27,12,-1812500,-952500,0.994674,0.00532582,1.8e-07,0.994674,0.00532582,0.994674,0.00532582,6015.192,1,0,9568.829,0,0,0,1,650055.3,1,0,0.008898798632
C13L27,27,13,-1807500,-952500,0.978697,0.021303293,-2.93e-07,0.978697,0.021303293,0.978697,0.021303293,2321.144,1,0,8446.1,0,0,0,1,645230.3,1,0,0.021848894
C14L27,27,14,-1802500,-952500,0.999043,0.000956633,3.67e-07,0.999043,0.000956633,0.999043,0.000956633,175.5462,1,0,6558.339,0,0,0,1,640408.1,1,0,0.0227839352
C15L27,27,15,-1797500,-952500,0.996554133,0.002192983,0.001252884,0.995301,0.003446116,0.995301,0.003446116,2044.847,1,0,4441.797,0,0,0,1,635588.6,1,0.001,0.02254606182
C16L27,27,16,-1792500,-952500,0.999681,0.000318878,1.22e-07,0.999681,0.000318878,0.999681,0.000318878,2839.576,1,0,1414.999,0,0,0,1,630772,1,0,0.02190874143
C17L27,27,17,-1787500,-952500,1,0,0,1,0,1,0,5566.883,1,0,1611.799,0,0,0,1,625958.2,1,0,0.01543646995
C18L27,27,18,-1782500,-952500,0.992666,0,0.007334,0.992666,0,0.992666,0,8751.911,1,0,4638.597,0,0,0,1,621147.3,1,0,0.01741633427
C19L27,27,19,-1777500,-952500,0.988095,0,0.011905,0.988095,0,0.988095,0,6790.232,1,0,7665.395,0,0,0,1,616339.5,1,0,0.02055649882
C20L27,27,20,-1772500,-952500,0.942921,0,0.057079,0.942921,0,0.942921,0,3755.183,1,0,10692.19,0,0,0,1,611534.7,1,0,0.02227824154
C21L27,27,21,-1767500,-952500,0.882832,0.0128446,0.1043234,0.882832,0.0128446,0.882832,0.0128446,482.598,1,0,13718.99,0,0,0,1,606733.1,1,0,0.02482257672
C22L27,27,22,-1762500,-952500,0.806704,0,0.193296,0.806704,0,0.806704,0,2318.425,1,0,16745.79,0,0,0,1,601934.7,1,0,0.02169844035
C23L27,27,23,-1757500,-952500,0.778379675,0.11256381,0.109056515,0.772321,0.118622485,0.772321,0.118622485,3119.775,1,0,19772.59,0,0,0,1,597139.6,1,0.006,0.11256381
C24L27,27,24,-1752500,-952500,0.832707,0,0.167293,0.832707,0,0.832707,0,4453.699,1,0,22478.64,0,0,0,1,592347.9,1,0,0.01456522055
C25L27,27,25,-1747500,-952500,0.90019102,0.00127551,0.09853347,0.90019102,0.00127551,0.89764,0.00382653,7121.015,0.7685763,0,24182.85,0,0,0,0.7685763,587559.7,1,0.003,0.01203542041
C26L27,27,26,-1742500,-952500,0.74655371,0.11591476,0.13753153,0.7249372,0.13753127,0.667293,0.19517547,9263.558,0,0,25887.06,0,0,0,0,582775.1,1,0.079,0.1174598942
C27L27,27,27,-1737500,-952500,0.60204063,0.29783163,0.10012774,0.48979573,0.41007653,0.434311,0.46556126,7704.695,0,0,27591.28,0,0,0,0,577994.1,1,0.168,0.29783163
C28L27,27,28,-1732500,-952500,0.686403563,0.2359023,0.077694137,0.660087763,0.2622181,0.648183,0.274122863,5270.253,0,0,27695.43,0,0,0,0,573216.8,1,0.038,0.2359023
C29L27,27,29,-1727500,-952500,0.87691367,0.06760208,0.05548425,0.870855,0.07366075,0.870855,0.07366075,4030.904,0,0,25924.75,0,0,0,0,568443.4,1,0.006,0.07881630453
C30L27,27,30,-1722500,-952500,0.9282581,0.068609056,0.003132844,0.92731825,0.069548906,0.922619,0.074248156,5562.072,0,0,23663.03,0,0,0,0,563673.9,1,0.006,0.068609056
C31L27,27,31,-1717500,-952500,0.886278,0,0.113722,0.886278,0,0.886278,0,188.1673,0,0,21419.02,0,0,0,0,558908.4,1,0,0.007783572241
C32L27,27,32,-1712500,-952500,0.993622,0,0.006378,0.993622,0,0.993622,0,3819.464,0,0,19867.91,0,3.427492e-05,0,3.427492e-05,554147,1,0,0.00619321187
C33L27,27,33,-1707500,-952500,1,0,0,1,0,1,0,7994.537,0,0,19468.82,0,0.7108033,0,0.7108033,549389.9,2,0,0.005432793087
C34L27,27,34,-1702500,-952500,0.985332,0.01466837,-3.7e-07,0.985332,0.01466837,0.985332,0.01466837,12772.22,0,0,19419.55,0,1,0,1,544637.2,2,0,0.01466837
C35L27,27,35,-1697500,-952500,0.994048,0.00595238,-3.8e-07,0.994048,0.00595238,0.994048,0.00595238,17153.3,0,0,19370.28,0,1,0,1,539888.9,2,0,0.006824775085
C36L27,27,36,-1692500,-952500,1,0,0,1,0,1,0,19912.12,0,0,19321.01,0,0.8253949,0,0.8253949,535145.2,2,0,0.002621775167
C37L27,27,37,-1687500,-952500,0.999373,0,0.000627,0.999373,0,0.999373,0,22880.43,0,0,19271.74,0,0.03158108,0,0.03158108,530406.2,1,0,0.001887487388
C38L27,27,38,-1682500,-952500,0.994898,0,0.005102,0.994898,0,0.994898,0,25491.66,0,0,19222.47,0,0.003928334,0,0.003928334,525672,1,0,0.001598132512
C39L27,27,39,-1677500,-952500,1,0,0,1,0,1,0,28590.41,0,0,19173.19,0,0.08126805,0.6414875,0.72275555,520942.8,1,0,0
C40L27,27,40,-1672500,-952500,1,0,0,1,0,1,0,32034.8,0,0,19123.92,0,0,1,1,516218.7,1,0,0
C41L27,27,41,-1667500,-952500,0.981504755,0.011798468,0.006696777,0.980867,0.012436223,0.980867,0.012436223,28800.67,0,0,18839.38,0,0,1,1,511499.9,1,0.001,0.011798468
C42L27,27,42,-1662500,-952500,0.95739316,0.03571429,0.00689255,0.93734306,0.05576439,0.927318,0.06578945,24142.72,0,0,18483.9,0,0,1,1,506786.4,1,0.03,0.03571429
C43L27,27,43,-1657500,-952500,0.986926,0,0.013074,0.986926,0,0.986926,0,19599.05,0,0,18113.66,0,0,1,1,502078.5,1,0,0
C44L27,27,44,-1652500,-952500,0.98089,0,0.01911,0.98089,0,0.98089,0,14731.58,0,0,17397.1,0,0,1,1,497376.3,1,0,0
C45L27,27,45,-1647500,-952500,0.972577,0,0.027423,0.972577,0,0.972577,0,9865.188,0,0,16680.54,0,0,0.8804345,0.8804345,492679.9,1,0,0
C46L27,27,46,-1642500,-952500,0.927005,0,0.072995,0.927005,0,0.927005,0,5156.75,0,0,15874.86,0,0,0.05104324,0.05104324,487989.6,1,0,0.003231122941
C47L27,27,47,-1637500,-952500,0.955676,0,0.044324,0.955676,0,0.955676,0,647.7485,0,0,14738.46,0,0.3145486,0,0.3145486,483305.5,1,0,0.002891545249
C48L27,27,48,-1632500,-952500,0.70614,0,0.29386,0.70614,0,0.70614,0,4149.389,0,0,13944.38,0,1,0,1,478627.8,2,0,0.009203025076
C49L27,27,49,-1627500,-952500,0.904449,0,0.095551,0.904449,0,0.904449,0,9001.715,0,0,13569.86,0,1,0,1,473956.7,2,0,0.01870948463
C50L27,27,50,-1622500,-952500,0.98246156,0.017538283,1.57e-07,0.97927278,0.020727063,0.976084,0.023915843,13854.09,0,0,13195.33,0,1,0,1,469292.3,2,0.006,0.03785785084
C51L27,27,51,-1617500,-952500,0.989662,0.010338383,-3.83e-07,0.989662,0.010338383,0.989662,0.010338383,18747.62,0,0,12820.81,0,1,0,1,464635,2,0,0.02883057217
C52L27,27,52,-1612500,-952500,1,0,0,1,0,1,0,23685.67,0,0,12399.72,0,1,0,1,459984.8,2,0,0.01599611562
C53L27,27,53,-1607500,-952500,1,0,0,1,0,1,0,21551.99,0,0,11483.82,0,1,0,1,455342,2,0,0.007705378835
C54L27,27,54,-1602500,-952500,1,0,0,1,0,1,0,17375.5,0,0,10519.26,0,1,0,1,450706.9,2,0,0.00306088175
C55L27,27,55,-1597500,-952500,0.997494,0.00250627,-2.7e-07,0.997494,0.00250627,0.997494,0.00250627,13378.36,0,0,9047.868,0,0.2487518,0,0.2487518,446079.7,1,0,0.004317242919
C56L27,27,56,-1592500,-952500,1,0,0,1,0,1,0,9381.224,0,0,7576.475,0,0.9725629,0,0.9725629,441460.6,2,0,0.003580628669
C57L27,27,57,-1587500,-952500,0.995614,0.00438596,4e-08,0.995614,0.00438596,0.995614,0.00438596,4560.306,0,0,6105.081,0,1,0,1,436849.8,2,0,0.006600000395
C58L27,27,58,-1582500,-952500,1,0,0,1,0,1,0,5.60652,0,0,4633.688,0,1,0,1,432247.8,2,0,0.007328598177
C59L27,27,59,-1577500,-952500,0.994579,0.00542092,8e-08,0.994579,0.00542092,0.994579,0.00542092,5005.441,0,0,2801.25,0,1,0,1,427654.6,2,0,0.01804478966
C60L27,27,60,-1572500,-952500,0.9395368,0.06046353,-3.3e-07,0.932018,0.06798233,0.932018,0.06798233,10005.28,0,0,595.5767,0,0.9196729,0,0.9196729,423070.7,2,0.008,0.06046353
C61L27,27,61,-1567500,-952500,0.82334221,0.176658525,-7.35e-07,0.81887792,0.181122815,0.813457,0.186543735,12408.46,0,0,1610.097,0,0.7836495,0,0.7836495,418496.3,2,0.01,0.176658525
C62L27,27,62,-1562500,-952500,0.83552612,0.164473816,6.4e-08,0.8192354,0.180764536,0.815476,0.184523936,10890.56,0,0,2558.672,0,0.1329291,0,0.1329291,413931.8,1,0.02,0.164473816
C63L27,27,63,-1557500,-952500,1,0,0,1,0,1,0,9225.635,0,0,2779.586,0,0,0,0,409377.5,1,0,0.05551203303
C64L27,27,64,-1552500,-952500,0.96334615,0.036654166,-3.16e-07,0.9586469,0.041353416,0.947682,0.052318316,8385.218,0,0,3000.499,0,0,0,0,404833.6,1,0.016,0.06649608521
C65L27,27,65,-1547500,-952500,0.77359725,0.22640278,-3e-08,0.76498756,0.23501247,0.704082,0.29591803,6846.11,0,0,3221.413,0,0,0,0,400300.6,1,0.07,0.22640278
C66L27,27,66,-1542500,-952500,0.966165496,0.03383466,-1.56e-07,0.9605264,0.039473756,0.956767,0.043233156,3386.476,0,0,4293.55,0,0,0,0,395778.9,1,0.009,0.05553113776
C67L27,27,67,-1537500,-952500,0.98057639,0.01942353,8e-08,0.96992479,0.03007513,0.960213,0.03978692,2159.694,0,0,5621.923,0.3250405,0,0,0,391268.9,1,0.02,0.04575738361
C68L27,27,68,-1532500,-952500,0.993941673,0.00605867,-3.43e-07,0.988839633,0.01116071,0.987883,0.012117343,955.0936,0,0,6950.296,1,0,0,0,386770.8,1,0.006,0.04512405722
C69L27,27,69,-1527500,-952500,0.994047566,0.005952383,5.1e-08,0.993421,0.006578949,0.993421,0.006578949,807.4792,0,0,8278.67,0.3546421,0,0,0,382285.3,1,0.001,0.06093191362
C70L27,27,70,-1522500,-952500,0.9021046,0.09789541,-1e-08,0.8753189,0.12468111,0.8125,0.18750001,4711.696,0,0,9607.043,0,0,0,0,377812.6,1,0.09,0.1699397729
C71L27,27,71,-1517500,-952500,0.37468692,0.625312706,3.74e-07,0.35526336,0.644736266,0.347118,0.652881626,8554.287,0,0,9910.942,0,0,0,0,373353.4,1,0.028,0.625312706
C72L27,27,72,-1512500,-952500,0.91422208,0.085778116,-1.96e-07,0.90975779,0.090242406,0.904018,0.095982196,13189.41,0,0,9387.701,0,0,0,0,368908,1,0.01,0.164072437
C73L27,27,73,-1507500,-952500,0.983709,0.0162907,3e-07,0.983709,0.0162907,0.983709,0.0162907,12850.17,0,0,8864.46,0,0,0,0,364476.9,1,0,0.05570306409
C74L27,27,74,-1502500,-952500,0.971301,0.028698965,3.5e-08,0.971301,0.028698965,0.971301,0.028698965,7894.866,0,0,9060.841,0,0.1356269,0,0.1356269,360060.8,1,0,0.03128503109
C75L27,27,75,-1497500,-952500,0.994361,0.0056391,-1e-07,0.994361,0.0056391,0.994361,0.0056391,2939.56,0,0,10023.8,0,0.5907764,0,0.5907764,355660.2,2,0,0.03164815088
C76L27,27,76,-1492500,-952500,0.92669128,0.07330832,4e-07,0.90977399,0.09022561,0.874373,0.1256266,818.2739,0,0,11355.05,0,0.6649035,0,0.6649035,351275.5,2,0.052,0.1141053752
C77L27,27,77,-1487500,-952500,0.767856876,0.21237246,0.019770664,0.757652793,0.222576543,0.733737,0.246492336,5389.586,0,0,12686.29,0,0.3312835,0,0.3312835,346907.6,1,0.034,0.2243783389
C78L27,27,78,-1482500,-952500,0.68734333,0.29385963,0.01879704,0.64254383,0.33865913,0.580827,0.40037596,10307.07,0,0,14017.53,0,0,0,0,342556.9,1,0.107,0.29385963
C79L27,27,79,-1477500,-952500,0.89477009,0.10522956,3.5e-07,0.88105835,0.1189413,0.853316,0.14668365,15265.95,0,0,13891.29,0,0,0,0,338224.1,1,0.041,0.1276960793
C80L27,27,80,-1472500,-952500,0.86654106,0.133458656,2.84e-07,0.86434808,0.135651636,0.856516,0.143483716,17509.82,0,0,12285.85,0,0,0,0,333910,1,0.01,0.133458656
C81L27,27,81,-1467500,-952500,0.86607127,0.133928571,1.59e-07,0.86607127,0.133928571,0.864158,0.135841841,12914.31,0,0,10756.27,0,0,0,0,329615.3,1,0.002,0.133928571
C82L27,27,82,-1462500,-952500,0.945175896,0.05482459,-4.86e-07,0.9414165,0.058583986,0.908835,0.091165486,8269.38,0,0,10516.05,0,0,0,0,325340.8,1,0.036,0.09673613542
C83L27,27,83,-1457500,-952500,0.91199014,0.08737249,0.00063737,0.89732177,0.10204086,0.865434,0.13392863,3521.008,0,0,11265.07,0,0,0,0,321087.2,1,0.047,0.1431442937
C84L27,27,84,-1452500,-952500,0.42606555,0.56923502,0.00469943,0.4116545,0.58364607,0.385652,0.60964857,13.27819,0,0,12634.46,0,0,0,0,316855.4,1,0.04,0.56923502
C85L27,27,85,-1447500,-952500,0.94204218,0.05795732,5e-07,0.94204218,0.05795732,0.903195,0.0968045,2717.314,0,0,15006.66,0,0,0,0,312646.3,1,0.039,0.1035868018
C86L27,27,86,-1442500,-952500,0.95567618,0.042410688,0.001913132,0.948342,0.049744868,0.948342,0.049744868,6360.535,0,0,17588.1,0,0,0,0,308460.8,1,0.007,0.05335413863
C87L27,27,87,-1437500,-952500,0.9683584,0.02913528,0.00250632,0.9683584,0.02913528,0.964599,0.03289468,10542.11,0,0,20494.24,0,0,0,0,304299.8,1,0.004,0.039681709
C88L27,27,88,-1432500,-952500,0.985013165,0.014987238,-4.03e-07,0.980867755,0.019132648,0.98023,0.019770403,14982.23,0,0,23850.42,0,0,0,0,300164.5,1,0.005,0.02727326129
C89L27,27,89,-1427500,-952500,1,0,0,1,0,1,0,19692.59,0,0,27209.26,0,0,0,0,296055.9,1,0,0.01599919727
C90L27,27,90,-1422500,-952500,0.999043,0.000956633,3.67e-07,0.999043,0.000956633,0.999043,0.000956633,18545.56,0,0,30800.45,0,0,0,0,291975.1,1,0,0.01825285502
C91L27,27,91,-1417500,-952500,0.906328,0.093671746,2.54e-07,0.906328,0.093671746,0.906328,0.093671746,13783.73,0,0,34741.14,0,0,0,0,287923.3,1,0,0.093671746
C92L27,27,92,-1412500,-952500,0.966837,0.033163223,-2.23e-07,0.966837,0.033163223,0.966837,0.033163223,9276.024,0,0,38801.02,0,0,0,0,283901.7,1,0,0.04367900131
C10L28,28,10,-1822500,-957500,0.00510367,0,0.99489633,0.00510367,0,0.00510367,0,2660.358,0.1727066,0,8493.234,0,0,0,0.1727066,658443.1,1,0,2.65226627e-07
C11L28,28,11,-1817500,-957500,0.975325,0,0.024675,0.975325,0,0.975325,0,1180.659,1,0,5243.116,0,0,0,1,653603.6,1,0,0.000420592313
C12L28,28,12,-1812500,-957500,0.999043,0.000956938,6.2e-08,0.999043,0.000956938,0.999043,0.000956938,2086.362,1,0,4569.081,0,0,0,1,648766.5,1,0,0.002041400463
C13L28,28,13,-1807500,-957500,1,0,0,1,0,1,0,993.2208,1,0,3816.159,0,0,0,1,643932,1,0,0.002177211672
C14L28,28,14,-1802500,-957500,1,0,0,1,0,1,0,4026.453,1,0,1928.397,0,0,0,1,639099.9,1,0,0.002447822634
C15L28,28,15,-1797500,-957500,0.967783,0,0.032217,0.967783,0,0.967783,0,6939.277,1,0,40.63565,0,0,0,1,634270.5,1,0,0.001991266284
C16L28,28,16,-1792500,-957500,0.979545,0.0012987,0.0191563,0.979545,0.0012987,0.979545,0.0012987,7622.213,1,0,2564.761,0,0,0,1,629443.8,1,0,0.002587188405
C17L28,28,17,-1787500,-957500,0.963955,0,0.036045,0.963955,0,0.963955,0,6397.351,1,0,5591.56,0,0,0,1,624619.7,1,0,0.001705723464
C18L28,28,18,-1782500,-957500,0.999026,0,0.000974,0.999026,0,0.999026,0,4025.973,1,0,8618.358,0,0,0,1,619798.5,1,0,0.00174723117
C19L28,28,19,-1777500,-957500,0.989155,0,0.010845,0.989155,0,0.989155,0,3469.871,1,0,11645.16,0,0,0,1,614980.1,1,0,0.002157803807
C20L28,28,20,-1772500,-957500,0.879545,0.00357143,0.11688357,0.879545,0.00357143,0.879545,0.00357143,141.6564,1,0,14671.95,0,0,0,1,610164.6,1,0,0.004510196473
C21L28,28,21,-1767500,-957500,0.699841,0,0.300159,0.699841,0,0.699841,0,2975.038,1,0,17698.75,0,0,0,1,605352.1,1,0,0.002448720843
C22L28,28,22,-1762500,-957500,0.699522,0.00382775,0.29665025,0.699522,0.00382775,0.699522,0.00382775,6495.212,1,0,20725.55,0,0,0,1,600542.7,1,0,0.008522511005
C23L28,28,23,-1757500,-957500,0.780844,0.00422078,0.21493522,0.780844,0.00422078,0.780844,0.00422078,8014.576,1,0,23752.35,0,0,0,1,595736.4,1,0,0.00937222049
C24L28,28,24,-1752500,-957500,0.898884,0,0.101116,0.898884,0,0.898884,0,9056.187,1,0,26779.15,0,0,0,1,590933.4,1,0,0.008914701348
C25L28,28,25,-1747500,-957500,0.927922,0,0.072078,0.927922,0,0.927922,0,11468.88,0.9948162,0,28883.45,0,0,0,0.9948162,586133.6,1,0,0.01418793916
C26L28,28,26,-1742500,-957500,0.90877199,0.01531101,0.075917,0.90239241,0.02169059,0.877512,0.046571,13621.45,0.1172554,0,30587.67,0,0,0,0.1172554,581337.2,1,0.031,0.05435974802
C27L28,28,27,-1737500,-957500,0.58798653,0.350649096,0.061364374,0.52792158,0.410714046,0.467532,0.471103626,11794.16,0,0,32291.88,0.1974315,0,0,0,576544.3,1,0.12,0.350649096
C28L28,28,28,-1732500,-957500,0.852312539,0.100159529,0.047527932,0.845295,0.107177068,0.845295,0.107177068,9710.279,0,0,32434.36,0.01671112,0,0,0,571754.9,1,0.007,0.1120862734
C29L28,28,29,-1727500,-957500,0.9620132,0.024350641,0.013636159,0.9581171,0.028246741,0.954221,0.032142841,8971.153,0,0,30383.96,0,0,0,0,566969.2,1,0.008,0.04308380723
C30L28,28,30,-1722500,-957500,0.97320612,0.012121208,0.014672672,0.94896373,0.036363598,0.944817,0.040510328,7015.264,0,0,28122.25,0,0,0,0,562187.2,1,0.028,0.02493742777
C31L28,28,31,-1717500,-957500,0.94832568,0.03444976,0.01722456,0.94577385,0.03700159,0.943541,0.03923444,2865.569,0,0,26049.57,0,0,0,0,557409,1,0.005,0.03444976
C32L28,28,32,-1712500,-957500,1,0,0,1,0,1,0,1770.188,0,0,24789.91,0,0.3017742,0,0.3017742,552634.7,1,0,0.01027085012
C33L28,28,33,-1707500,-957500,1,0,0,1,0,1,0,6032.298,0,0,24468.58,0,1,0,1,547864.4,2,0,0.004263892184
C34L28,28,34,-1702500,-957500,1,0,0,1,0,1,0,10875.55,0,0,24419.31,0,1,0,1,543098.3,2,0,0.003312169748
C35L28,28,35,-1697500,-957500,0.988836,0.01116427,-2.7e-07,0.988836,0.01116427,0.988836,0.01116427,13921.27,0,0,24370.04,0,1,0,1,538336.5,2,0,0.01116427
C36L28,28,36,-1692500,-957500,0.995455,0.004545456,-4.56e-07,0.995455,0.004545456,0.995455,0.004545456,16099.65,0,0,24320.76,0,1,0,1,533579,2,0,0.005525928488
C37L28,28,37,-1687500,-957500,0.997448,0,0.002552,0.997448,0,0.997448,0,18595.73,0,0,24271.49,0,0.8459077,0,0.8459077,528825.9,2,0,0.002406030936
C38L28,28,38,-1682500,-957500,0.993182,0,0.006818,0.993182,0,0.993182,0,21529.41,0,0,24222.22,0,0.8780941,0,0.8780941,524077.5,2,0,0.002091677096
C39L28,28,39,-1677500,-957500,1,0,0,1,0,1,0,24965.67,0,0,24172.95,0,0.2122964,0.883323,1.0956194,519333.8,1,0,0
C40L28,28,40,-1672500,-957500,0.997448,0.00255183,1.7e-07,0.997448,0.00255183,0.997448,0.00255183,28582.5,0,0,24123.68,0,0,1,1,514594.9,1,0,0.00255183
C41L28,28,41,-1667500,-957500,0.96883143,0.031168836,-2.66e-07,0.96526,0.034740266,0.96526,0.034740266,29776.05,0,0,23826.73,0,0,1,1,509861,1,0.004,0.031168836
C42L28,28,42,-1662500,-957500,0.980223,0,0.019777,0.980223,0,0.980223,0,25060.23,0,0,23471.25,0,0,1,1,505132.3,1,0,0
C43L28,28,43,-1657500,-957500,1,0,0,1,0,1,0,20479.68,0,0,23062.05,0,0,1,1,500408.8,1,0,0
C44L28,28,44,-1652500,-957500,0.996491,0,0.003509,0.996491,0,0.996491,0,15516.02,0,0,22345.49,0,0,1,1,495690.8,1,0,0
C45L28,28,45,-1647500,-957500,0.939286,0,0.060714,0.939286,0,0.939286,0,10523.16,0,0,21628.92,0,0,0.5279565,0.5279565,490978.3,1,0,0
C46L28,28,46,-1642500,-957500,0.711005,0,0.288995,0.711005,0,0.711005,0,5543.211,0,0,20744.01,0,0,0,0,486271.6,1,0,0.001586115708
C47L28,28,47,-1637500,-957500,0.66526,0,0.33474,0.66526,0,0.66526,0,679.3416,0,0,19607.6,0,0.4997088,0,0.4997088,481570.8,1,0,0.002224266541
C48L28,28,48,-1632500,-957500,0.685486,0,0.314514,0.685486,0,0.685486,0,3846.646,0,0,18930.33,0,1,0,1,476876,2,0,0.01050931369
C49L28,28,49,-1627500,-957500,0.69090955,0.178946979,0.130143471,0.6854869,0.184369629,0.683892,0.185964529,8621.73,0,0,18555.81,0,1,0,1,472187.6,2,0.007,0.178946979
C50L28,28,50,-1622500,-957500,0.86785675,0.13214282,4.3e-07,0.86785675,0.13214282,0.86461,0.13538957,13559.93,0,0,18181.29,0,1,0,1,467505.6,2,0.003,0.13214282
C51L28,28,51,-1617500,-957500,1,0,0,1,0,1,0,18531.31,0,0,17806.77,0,1,0,1,462830.2,2,0,0.01195551369
C52L28,28,52,-1612500,-957500,1,0,0,1,0,1,0,23514.82,0,0,17315.12,0,1,0,1,458161.7,2,0,0.004298038535
C53L28,28,53,-1607500,-957500,1,0,0,1,0,1,0,19399.01,0,0,16399.22,0,1,0,1,453500.3,2,0,0.003149681128
C54L28,28,54,-1602500,-957500,1,0,0,1,0,1,0,14846.55,0,0,15297.86,0,1,0,1,448846.2,2,0,0.003012144109
C55L28,28,55,-1597500,-957500,1,0,0,1,0,1,0,10402.65,0,0,13826.47,0,1,0,1,444199.6,2,0,0.003683608698
C56L28,28,56,-1592500,-957500,1,0,0,1,0,1,0,6377.409,0,0,12355.07,0,1,0,1,439560.7,2,0,0.006920648867
C57L28,28,57,-1587500,-957500,0.997767,0.00223285,1.5e-07,0.997767,0.00223285,0.997767,0.00223285,2380.273,0,0,10883.68,0,1,0,1,434929.8,2,0,0.01651393331
C58L28,28,58,-1582500,-957500,0.997448,0.00255183,1.7e-07,0.997448,0.00255183,0.997448,0.00255183,1616.863,0,0,9412.287,0,1,0,1,430307.2,2,0,0.02689868013
C59L28,28,59,-1577500,-957500,0.94772738,0.052272687,-6.7e-08,0.94772738,0.052272687,0.946104,0.053896067,6250.731,0,0,7288.455,0,0.9727804,0,0.9727804,425693.2,2,0.002,0.0594109977
C60L28,28,60,-1572500,-957500,0.88931451,0.110685788,-2.98e-07,0.86698601,0.133014288,0.836683,0.163317298,9421.769,0,0,5082.781,0,0.2663953,0,0.2663953,421087.9,1,0.053,0.110685788
C61L28,28,61,-1567500,-957500,0.93896092,0.061038925,1.55e-07,0.93409079,0.065909055,0.916883,0.083116845,7738.954,0,0,2877.619,0,0.002907554,0,0.002907554,416491.7,1,0.022,0.06521083803
C62L28,28,62,-1562500,-957500,0.997129,0.002870818,1.82e-07,0.997129,0.002870818,0.997129,0.002870818,5997.759,0,0,2436.445,0,0,0,0,411905,1,0,0.02874741699
C63L28,28,63,-1557500,-957500,0.98636408,0.013636355,-4.35e-07,0.98636408,0.013636355,0.983442,0.016558435,4682.129,0,0,2215.532,0,0,0,0,407328,1,0.003,0.03042834083
C64L28,28,64,-1552500,-957500,0.88676272,0.113237599,-3.19e-07,0.87081376,0.129186559,0.851675,0.148325319,3388.891,0,0,1994.618,0,0,0,0,402761,1,0.035,0.113237599
C65L28,28,65,-1547500,-957500,0.978246651,0.021753287,6.2e-08,0.978246651,0.021753287,0.965909,0.034090938,2309.831,0,0,1773.704,0,0,0,0,398204.4,1,0.012,0.03720968625
C66L28,28,66,-1542500,-957500,0.99999957,0,4.3e-07,0.99808569,0.00191388,0.993301,0.00669857,140.369,0,0,526.7634,0,0,0,0,393658.7,1,0.007,0.02092225893
C67L28,28,67,-1537500,-957500,0.985646,0.01435406,-6e-08,0.985646,0.01435406,0.985646,0.01435406,2413.265,0,0,801.6097,0.7643767,0,0,0,389124,1,0,0.03540974952
C68L28,28,68,-1532500,-957500,1,0,0,1,0,1,0,4820.093,0,0,2129.983,0.75222,0,0,0,384600.9,1,0,0.03917126463
C69L28,28,69,-1527500,-957500,0.98149966,0.01850076,-4.2e-07,0.98149966,0.01850076,0.976396,0.02360442,5776.254,0,0,3458.356,0.007732875,0,0,0,380089.7,1,0.005,0.07155877216
C70L28,28,70,-1522500,-957500,0.55746729,0.44253326,-5.5e-07,0.53701278,0.46298777,0.518831,0.48116955,7794.536,0,0,4786.729,0,0,0,0,375590.9,1,0.039,0.44253326
C71L28,28,71,-1517500,-957500,0.7432213,0.25677795,7.5e-07,0.71929783,0.28070142,0.654864,0.34513525,11677.29,0,0,4938.396,0,0,0,0,371105,1,0.088,0.25677795
C72L28,28,72,-1512500,-957500,0.91753223,0.08246753,2.4e-07,0.90129846,0.0987013,0.883766,0.11623376,10475.71,0,0,4415.155,0,0,0,0,366632.3,1,0.034,0.1110181855
C73L28,28,73,-1507500,-957500,0.969059,0.030941008,-8e-09,0.969059,0.030941008,0.969059,0.030941008,9189.463,0,0,3891.914,0,0,0,0,362173.5,1,0,0.0438202976
C74L28,28,74,-1502500,-957500,0.95389621,0.04610388,-9e-08,0.95389621,0.04610388,0.946104,0.05389609,6543.045,0,0,4080.668,0,0.02571295,0,0.02571295,357728.9,1,0.008,0.04610388
C75L28,28,75,-1497500,-957500,0.985645839,0.014354078,8.3e-08,0.98500788,0.014992037,0.983094,0.016905917,3438.725,0,0,5204.281,0,0.7968072,0,0.7968072,353299.2,2,0.003,0.05333057966
C76L28,28,76,-1492500,-957500,0.76778346,0.23221693,-3.9e-07,0.75311041,0.24688998,0.72823,0.27177039,977.2911,0,0,6535.523,0,0.9751808,0,0.9751808,348884.9,2,0.04,0.23221693
C77L28,28,77,-1487500,-957500,0.69220725,0.30259726,0.00519549,0.66980466,0.32499985,0.643506,0.35129851,5565.781,0,0,7866.764,0,0.1255678,0,0.1255678,344486.6,1,0.049,0.30259726
C78L28,28,78,-1482500,-957500,0.94768773,0.05103672,0.00127555,0.92982489,0.06889956,0.897927,0.10079745,10530.04,0,0,9071.174,0,0,0,0,340105,1,0.05,0.08893667953
C79L28,28,79,-1477500,-957500,0.94188316,0.058116886,-4.6e-08,0.93896108,0.061038966,0.936039,0.063961046,15517.26,0,0,9156.049,0,0,0,0,335740.6,1,0.006,0.07267225828
C80L28,28,80,-1472500,-957500,0.94768746,0.052312629,-8.9e-08,0.94290277,0.057097319,0.939394,0.060606089,14781.18,0,0,7550.602,0,0,0,0,331394.2,1,0.008,0.06309731681
C81L28,28,81,-1467500,-957500,0.93474001,0.065259796,1.94e-07,0.92499975,0.075000056,0.921753,0.078246806,10519.78,0,0,5945.155,0,0,0,0,327066.4,1,0.013,0.06711662368
C82L28,28,82,-1462500,-957500,0.97543892,0.024561409,-3.29e-07,0.97543892,0.024561409,0.958852,0.041148329,6367.491,0,0,5516.07,0,0,0,0,322758.1,1,0.017,0.04934284675
C83L28,28,83,-1457500,-957500,0.91623374,0.08311685,0.00064941,0.90097401,0.09837658,0.876948,0.12240259,2512.985,0,0,6440.531,0,0,0,0,318470,1,0.039,0.1100152388
C84L28,28,84,-1452500,-957500,0.77192993,0.22807043,-3.6e-07,0.76810218,0.23189818,0.740032,0.25996836,2013.789,0,0,8143.147,0,0,0,0,314203,1,0.032,0.22807043
C85L28,28,85,-1447500,-957500,0.80829308,0.19170654,3.8e-07,0.80829308,0.19170654,0.778309,0.22169062,5902.969,0,0,10724.58,0,0,0,0,309957.8,1,0.03,0.1923029532
C86L28,28,86,-1442500,-957500,0.956169265,0.040909031,0.002921704,0.950325105,0.046753191,0.946429,0.050649296,9560.478,0,0,13445.7,0,0,0,0,305735.5,1,0.01,0.08047264697
C87L28,28,87,-1437500,-957500,0.94067027,0.051674588,0.007655142,0.93460967,0.057735188,0.929506,0.062838858,13208.91,0,0,16787.78,0,0,0,0,301537,1,0.011,0.06929955791
C88L28,28,88,-1432500,-957500,0.830519,0.15681776,0.01266324,0.830519,0.15681776,0.830519,0.15681776,17521.72,0,0,20146.53,0,0,0,0,297363.3,1,0,0.15681776
C89L28,28,89,-1427500,-957500,0.99075,0.0092504,-4e-07,0.99075,0.0092504,0.99075,0.0092504,21687.36,0,0,23754.58,0,0,0,0,293215.4,1,0,0.02528463243
C90L28,28,90,-1422500,-957500,0.98831185,0.011688306,-1.56e-07,0.9850651,0.014935056,0.981169,0.018831156,20436.24,0,0,27762.81,0,0,0,0,289094.5,1,0.007,0.02646148075
C91L28,28,91,-1417500,-957500,0.901754,0.0982456,4e-07,0.901754,0.0982456,0.901754,0.0982456,16238.64,0,0,31822.68,0,0,0,0,285001.7,1,0,0.0982456
C92L28,28,92,-1412500,-957500,0.978247,0.021753251,-2.51e-07,0.978247,0.021753251,0.978247,0.021753251,12639.09,0,0,35882.55,0,0,0,0,280938.3,1,0,0.03146577644
C93L28,28,93,-1407500,-957500,0.999362,0.000637959,4.1e-08,0.999362,0.000637959,0.999362,0.000637959,8095.426,0,0,39942.43,0,0,0,0,276905.6,1,0,0.01014751011
C94L28,28,94,-1402500,-957500,0.973844,0.00510367,0.02105233,0.973844,0.00510367,0.973844,0.00510367,3119.693,0,0,43551.57,0,0,0,0,272904.8,1,0,0.008438872419
C10L29,29,10,-1822500,-962500,0.00250627,0,0.99749373,0.00250627,0,0.00250627,0,4406.285,0.05828393,0,4836.642,0,0,0,0.05828393,657208.9,1,0,1.13630427e-07
C11L29,29,11,-1817500,-962500,0.877232,0,0.122768,0.877232,0,0.877232,0,3502.614,0.8128945,0,1426.461,0,0,0,0.8128945,652360.2,1,0,0.0001138528268
C12L29,29,12,-1812500,-962500,1,0,0,1,0,1,0,2395.876,1,0,430.6662,0,0,0,1,647513.9,1,0,0.00020998386
C13L29,29,13,-1807500,-962500,1,0,0,1,0,1,0,4330.176,1,0,813.7822,0,0,0,1,642669.9,1,0,0.0002984503375
C14L29,29,14,-1802500,-962500,1,0,0,1,0,1,0,8001.633,1,0,2701.544,0,0,0,1,637828.3,1,0,0.0003204428659
C15L29,29,15,-1797500,-962500,0.988409,0,0.011591,0.988409,0,0.988409,0,10976.09,1,0,4589.306,0,0,0,1,632989.1,1,0,0.0004092038311
C16L29,29,16,-1792500,-962500,1,0,0,1,0,1,0,7356.783,1,0,6572.558,0,0,0,1,628152.5,1,0,0.0004551394016
C17L29,29,17,-1787500,-962500,1,0,0,1,0,1,0,3398.807,1,0,9571.32,0,0,0,1,623318.5,1,0,0.0005081519901
C18L29,29,18,-1782500,-962500,0.990753,0,0.009247,0.990753,0,0.990753,0,519.4108,1,0,12598.12,0,0,0,1,618487.1,1,0,0.0005226470338
C19L29,29,19,-1777500,-962500,1,0,0,1,0,1,0,830.4793,1,0,15624.92,0,0,0,1,613658.4,1,0,0.0007668141709
C20L29,29,20,-1772500,-962500,0.960778,0,0.039222,0.960778,0,0.960778,0,3235.166,1,0,18651.71,0,0,0,1,608832.5,1,0,0.0008706771375
C21L29,29,21,-1767500,-962500,0.718045,0,0.281955,0.718045,0,0.718045,0,6379.651,1,0,21678.51,0,0,0,1,604009.4,1,0,0.001121013428
C22L29,29,22,-1762500,-962500,0.873747,0,0.126253,0.873747,0,0.873747,0,9869.082,1,0,24705.31,0,0,0,1,599189.2,1,0,0.004143148589
C23L29,29,23,-1757500,-962500,0.974171,0,0.025829,0.974171,0,0.974171,0,12909.38,1,0,27732.11,0,0,0,1,594372,1,0,0.005722021502
C24L29,29,24,-1752500,-962500,0.960526,0.0018797,0.0375943,0.960526,0.0018797,0.960526,0.0018797,13929.63,1,0,30758.91,0,0,0,1,589557.8,1,0,0.008695976205
C25L29,29,25,-1747500,-962500,0.96843106,0.02582907,0.00573987,0.960778,0.03348213,0.960778,0.03348213,15611.35,1,0,33584.05,0,0,0,1,584746.8,1,0.008,0.0289548585
C26L29,29,26,-1742500,-962500,0.91510035,0.077067576,0.007832074,0.88627825,0.105889676,0.881579,0.110588926,18168.5,0.4453506,0,35288.27,0,0,0,0.4453506,579938.9,1,0.034,0.07858901206
C27L29,29,27,-1737500,-962500,0.94770453,0.040178535,0.012116935,0.943878,0.044005065,0.943878,0.044005065,16378.98,0,0,36992.48,0,0,0,0,575134.3,1,0.004,0.0638987764
C28L29,29,28,-1732500,-962500,0.963346283,0.019110232,0.017543485,0.963033,0.019423515,0.963033,0.019423515,14505.55,0,0,37104.9,0,0,0,0,570333.1,1,0,0.04521968628
C29L29,29,29,-1727500,-962500,0.85108465,0.017857145,0.131058205,0.847577,0.021364795,0.847577,0.021364795,12257.7,0,0,34843.18,0,0,0,0,565535.3,1,0.004,0.02185045822
C30L29,29,30,-1722500,-962500,0.934837,0.00438597,0.06077703,0.934837,0.00438597,0.934837,0.00438597,8511.254,0,0,32594.88,0.03340034,0,0,0,560741.1,1,0,0.01662272164
C31L29,29,31,-1717500,-962500,0.85808313,0.10400986,0.03790701,0.83834625,0.12374674,0.819236,0.14285699,4087.014,0,0,30795.87,0.2355214,0.003732305,0,0.003732305,555950.5,1,0.039,0.10400986
C32L29,29,32,-1712500,-962500,0.95886489,0.03124996,0.00988515,0.95312509,0.03698976,0.942921,0.04719385,792.218,0,0,29737.94,0.03659121,0.8399411,0,0.8399411,551163.6,2,0.016,0.03288949587
C33L29,29,33,-1707500,-962500,1,0,0,1,0,1,0,4795.552,0,0,29468.33,0,1,0,1,546380.5,2,0,0.008029428015
C34L29,29,34,-1702500,-962500,1,0,0,1,0,1,0,7147.069,0,0,29419.06,0,1,0,1,541601.3,2,0,0.004656117879
C35L29,29,35,-1697500,-962500,1,0,0,1,0,1,0,9732.321,0,0,29369.79,0,1,0,1,536826.2,2,0,0.002882411315
C36L29,29,36,-1692500,-962500,1,0,0,1,0,1,0,11736,0,0,29320.52,0,1,0,1,532055.2,2,0,0.003030501588
C37L29,29,37,-1687500,-962500,0.989348,0.01065163,3.7e-07,0.989348,0.01065163,0.989348,0.01065163,14478.26,0,0,29271.25,0,1,0,1,527288.4,2,0,0.01065163
C38L29,29,38,-1682500,-962500,1,0,0,1,0,1,0,17896.53,0,0,29221.98,0,1,0,1,522526,2,0,0.002126268557
C39L29,29,39,-1677500,-962500,1,0,0,1,0,1,0,21544.61,0,0,29172.71,0,0.57959,0.413512,0.993102,517768.1,2,0,0
C40L29,29,40,-1672500,-962500,0.995613566,0.004385966,4.68e-07,0.995613566,0.004385966,0.994987,0.005012532,25642.57,0,0,29123.44,0,0,1,1,513014.7,1,0.001,0.004385966
C41L29,29,41,-1667500,-962500,0.98596969,0.01403061,-3e-07,0.98086765,0.01913265,0.97736,0.0226403,28650.9,0,0,28814.07,0,0,1,1,508266.1,1,0.009,0.01403061
C42L29,29,42,-1662500,-962500,0.996867,0,0.003133,0.996867,0,0.996867,0,23712.37,0,0,28458.6,0,0,1,1,503522.4,1,0,0
C43L29,29,43,-1657500,-962500,1,0,0,1,0,1,0,18806.34,0,0,28010.44,0,0,1,1,498783.7,1,0,0
C44L29,29,44,-1652500,-962500,0.995614,0,0.004386,0.995614,0,0.995614,0,13967.12,0,0,27293.87,0,0,1,1,494050.1,1,0,0
C45L29,29,45,-1647500,-962500,0.977997,0,0.022003,0.977997,0,0.977997,0,9299.606,0,0,26577.31,0,0,0.4853941,0.4853941,489321.9,1,0,0
C46L29,29,46,-1642500,-962500,0.931391,0,0.068609,0.931391,0,0.931391,0,5100.655,0,0,25613.15,0,0.07857055,0,0.07857055,484599,1,0,0.003026996537
C47L29,29,47,-1637500,-962500,0.645727,0,0.354273,0.645727,0,0.645727,0,183.0008,0,0,24486.26,0,1,0,1,479881.8,2,0,0.003647974201
C48L29,29,48,-1632500,-962500,0.204887,0,0.795113,0.204887,0,0.204887,0,4734.654,0,0,23916.28,0,1,0,1,475170.4,2,0,0.003570432221
C49L29,29,49,-1627500,-962500,0.897242913,0.038220479,0.064536608,0.89285695,0.042606442,0.886278,0.049185392,9652.309,0,0,23541.76,0,1,0,1,470465,2,0.011,0.04197557231
C50L29,29,50,-1622500,-962500,1,0,0,1,0,1,0,14571.3,0,0,23167.24,0,1,0,1,465765.7,2,0,0.02140497066
C51L29,29,51,-1617500,-962500,1,0,0,1,0,1,0,19518.69,0,0,22792.72,0,1,0,1,461072.7,2,0,0.00963971851
C52L29,29,52,-1612500,-962500,1,0,0,1,0,1,0,22056.88,0,0,22230.52,0,1,0,1,456386.2,2,0,0.003172610902
C53L29,29,53,-1607500,-962500,1,0,0,1,0,1,0,17405.61,0,0,21314.62,0,1,0,1,451706.4,2,0,0.002895530192
C54L29,29,54,-1602500,-962500,1,0,0,1,0,1,0,12818.63,0,0,20076.46,0,0.5248977,0,0.5248977,447033.6,2,0,0.003424079472
C55L29,29,55,-1597500,-962500,1,0,0,1,0,1,0,8231.653,0,0,18605.06,0,0.6866595,0,0.6866595,442368,2,0,0.005364314175
C56L29,29,56,-1592500,-962500,0.994579,0.005420925,7.5e-08,0.994579,0.005420925,0.994579,0.005420925,3673.993,0,0,17133.67,0,0.8147804,0,0.8147804,437709.7,2,0,0.02466523783
C57L29,29,57,-1587500,-962500,0.94642867,0.053571373,-4.3e-08,0.94266927,0.057330773,0.940163,0.059837043,623.5414,0,0,15662.28,0,0.7172802,0,0.7172802,433059,2,0.006,0.06291280825
C58L29,29,58,-1582500,-962500,0.83302027,0.166980346,-6.16e-07,0.830514,0.169486616,0.830514,0.169486616,4620.678,0,0,13981.33,0,0.9977582,0,0.9977582,428416.2,2,0.003,0.166980346
C59L29,29,59,-1577500,-962500,0.83099514,0.16900522,-3.6e-07,0.83099514,0.16900522,0.828763,0.17123736,8461.335,0,0,11775.66,0,0.9954689,0,0.9954689,423781.6,2,0.002,0.16900522
C60L29,29,60,-1572500,-962500,0.97744404,0.022556383,-4.23e-07,0.97431121,0.025689213,0.965226,0.034774423,5007.684,0,0,9569.986,0,0.3946773,0,0.3946773,419155.3,1,0.012,0.03695481938
C61L29,29,61,-1567500,-962500,0.985651,0.014349503,-5.03e-07,0.985651,0.014349503,0.985651,0.014349503,3225.827,0,0,7703.278,0,0,0,0,414537.7,1,0,0.02258718496
C62L29,29,62,-1562500,-962500,0.99905968,0.00093985,4.7e-07,0.99905968,0.00093985,0.994987,0.00501253,1293.517,0,0,7431.562,0,0,0,0,409929.1,1,0.004,0.01101016923
C63L29,29,63,-1557500,-962500,0.968112688,0.03188776,-4.48e-07,0.965561668,0.03443878,0.959503,0.040497448,144.6079,0,0,7210.649,0,0,0,0,405329.8,1,0.009,0.03188776
C64L29,29,64,-1552500,-962500,1,0,0,1,0,1,0,1566.349,0,0,6989.735,0,0,0,0,400740.1,1,0,0.01293217842
C65L29,29,65,-1547500,-962500,1,0,0,1,0,1,0,2226.449,0,0,6675.45,0,0,0,0,396160.3,1,0,0.01104528241
C66L29,29,66,-1542500,-962500,1,0,0,1,0,1,0,4329.344,0,0,5347.077,0.004689354,0,0,0,391590.7,1,0,0.008391192643
C67L29,29,67,-1537500,-962500,1,0,0,1,0,1,0,7161.594,0,0,4018.704,0.5926188,0,0,0,387031.9,1,0,0.02814527208
C68L29,29,68,-1532500,-962500,1,0,0,1,0,1,0,9020.442,0,0,2690.331,0.0405626,0,0,0,382484,1,0,0.04991742368
C69L29,29,69,-1527500,-962500,0.77255603,0.227443506,4.64e-07,0.7619044,0.238095136,0.745927,0.254072536,10773.96,0,0,1361.958,0,0,0,0,377947.6,1,0.027,0.227443506
C70L29,29,70,-1522500,-962500,0.69834176,0.30165783,4.1e-07,0.66135201,0.33864758,0.635204,0.36479559,11674.04,0,0,33.58508,0,0,0,0,373423,1,0.063,0.30165783
C71L29,29,71,-1517500,-962500,0.97525013,0.02474937,5e-07,0.96961104,0.03038846,0.957393,0.0426065,8735.172,0,0,34.15103,0,0,0,0,368910.7,1,0.018,0.08316051054
C72L29,29,72,-1512500,-962500,0.88584173,0.11415816,1.1e-07,0.85586723,0.14413266,0.801658,0.19834189,5640.52,0,0,557.3918,0,0,0,0,364411.1,1,0.084,0.11415816
C73L29,29,73,-1507500,-962500,0.9852756,0.0147243,1e-07,0.97681695,0.02318295,0.970238,0.0297619,4418.869,0,0,1080.633,0,0,0,0,359924.7,1,0.015,0.03006934466
C74L29,29,74,-1502500,-962500,0.998087,0.00191327,-2.7e-07,0.998087,0.00191327,0.998087,0.00191327,2192.363,0,0,899.5043,0,0,0,0,355452,1,0,0.02301736851
C75L29,29,75,-1497500,-962500,0.91917244,0.08082708,4.8e-07,0.90726768,0.09273184,0.884398,0.11560152,123.2572,0,0,384.759,0,0.1349896,0,0.1349896,350993.6,1,0.035,0.09163900913
C76L29,29,76,-1492500,-962500,0.64567643,0.35432304,5.3e-07,0.60714253,0.39285694,0.589912,0.41008747,2197.559,0,0,1716,0,0.454786,0,0.454786,346549.9,1,0.056,0.35432304
C77L29,29,77,-1487500,-962500,0.885203595,0.11479596,4.45e-07,0.8692597,0.130739855,0.855548,0.144451555,6491.636,0,0,3047.241,0,0,0,0,342121.6,1,0.03,0.1280514401
C78L29,29,78,-1482500,-962500,0.98715566,0.01284461,-2.7e-07,0.98402283,0.01597744,0.98089,0.01911027,11377.76,0,0,4076.035,0,0,0,0,337709.3,1,0.006,0.04780649069
C79L29,29,79,-1477500,-962500,0.98501302,0.01498724,-2.6e-07,0.98501302,0.01498724,0.982462,0.01753826,16332.96,0,0,4296.446,0,0,0,0,333313.5,1,0.003,0.02577570848
C80L29,29,80,-1472500,-962500,0.97713,0.02286967,3.3e-07,0.97713,0.02286967,0.97713,0.02286967,13068.18,0,0,2815.357,0,0,0,0,328935.1,1,0,0.03160897823
C81L29,29,81,-1467500,-962500,0.939094,0.060905563,4.37e-07,0.93271645,0.067283113,0.923469,0.076530563,8369.164,0,0,1209.91,0,0,0,0,324574.5,1,0.016,0.060905563
C82L29,29,82,-1462500,-962500,0.984962,0.014411026,0.000626974,0.984962,0.014411026,0.984962,0.014411026,3600.931,0,0,516.0921,0,0,0,0,320232.7,1,0,0.03421524689
C83L29,29,83,-1457500,-962500,0.90975764,0.090242315,4.5e-08,0.90369896,0.096300995,0.893176,0.106823955,108.9901,0,0,1615.989,0,0,0,0,315910.3,1,0.017,0.090242315
C84L29,29,84,-1452500,-962500,0.919485833,0.080513786,3.81e-07,0.916666283,0.083333336,0.916353,0.083646619,3595.584,0,0,3861.069,0,0,0,0,311608.2,1,0.003,0.09962563647
C85L29,29,85,-1447500,-962500,0.69642903,0.30357089,8e-08,0.68515083,0.31484909,0.663221,0.33677892,7303.696,0,0,6446.696,0,0,0,0,307327.3,1,0.033,0.30357089
C86L29,29,86,-1442500,-962500,0.74362268,0.256377571,-2.51e-07,0.7334186,0.266581651,0.69611,0.303890251,11989.98,0,0,9725.144,0,0,0,0,303068.3,1,0.048,0.256377571
C87L29,29,87,-1437500,-962500,0.85400956,0.13941104,0.0065794,0.84429778,0.14912282,0.834586,0.1588346,16595.83,0,0,13083.89,0,0,0,0,298832.3,1,0.019,0.13941104
C88L29,29,88,-1432500,-962500,0.98182353,0.01275511,0.00542136,0.98182353,0.01275511,0.977997,0.01658164,20211.24,0,0,16729.97,0,0,0,0,294620.3,1,0.004,0.06404215227
C89L29,29,89,-1427500,-962500,0.95520036,0.04479955,9e-08,0.94987455,0.05012536,0.947055,0.05294491,24322.15,0,0,20784.47,0,0,0,0,290433.2,1,0.008,0.07213944569
C90L29,29,90,-1422500,-962500,0.99107165,0.00892858,-2.3e-07,0.99107165,0.00892858,0.987564,0.01243623,23266.76,0,0,24844.34,0,0,0,0,286272.3,1,0.004,0.03714103363
C91L29,29,91,-1417500,-962500,0.982769,0.01723058,4.2e-07,0.982769,0.01723058,0.982769,0.01723058,18627.24,0,0,28904.22,0,0,0,0,282138.6,1,0,0.03032949258
C92L29,29,92,-1412500,-962500,0.991709,0.00829082,1.8e-07,0.991709,0.00829082,0.991709,0.00829082,13826.91,0,0,32964.09,0,0,0,0,278033.3,1,0,0.01877889335
C93L29,29,93,-1407500,-962500,1,0,0,1,0,1,0,8978.565,0,0,37023.96,0,0,0,0,273957.8,1,0,0.008457271345
C94L29,29,94,-1402500,-962500,1,0,0,1,0,1,0,3997.882,0,0,38733.91,0,0,0,0,269913.4,1,0,0.00666831006
C95L29,29,95,-1397500,-962500,0.992666,0,0.007334,0.992666,0,0.992666,0,908.6,0,0,40251.18,0,0,0,0,265901.4,1,0,0.006324955527
C96L29,29,96,-1392500,-962500,0.958647,0.00156642,0.03978658,0.958647,0.00156642,0.958647,0.00156642,5727.014,0,0,41827.34,0,0,0,0,261923.5,1,0,0.006627635567
C11L30,30,11,-1817500,-967500,0.0245536,0,0.9754464,0.0245536,0,0.0245536,0,7611.034,0.006073339,0,2230.131,0,0,0,0.006073339,651152.8,1,0,1.867516131e-06
C12L30,30,12,-1812500,-967500,0.406015,0,0.593985,0.406015,0,0.406015,0,7054.136,0.3466942,0,5430.414,0,0,0,0.3466942,646297.4,1,0,4.803028862e-05
C13L30,30,13,-1807500,-967500,0.75,0,0.25,0.75,0,0.75,0,8061.832,0.6915306,0,5561.625,0,0,0,0.6915306,641444.3,1,0,0.0001257551748
C14L30,30,14,-1802500,-967500,1,0,0,1,0,1,0,9178.351,1,0,7331.485,0,0,0,1,636593.3,1,0,0.0002247631165
C15L30,30,15,-1797500,-967500,0.992168,0,0.007832,0.992168,0,0.992168,0,11025.46,1,0,9219.247,0,0,0,1,631744.8,1,0,0.0002858096917
C16L30,30,16,-1792500,-967500,0.930166,0,0.069834,0.930166,0,0.930166,0,6191.871,1,0,11107.01,0,0,0,1,626898.5,1,0,0.0003281806468
C17L30,30,17,-1787500,-967500,0.862469,0,0.137531,0.862469,0,0.862469,0,1452.724,1,0,13551.08,0,0,0,1,622054.8,1,0,0.0003584137318
C18L30,30,18,-1782500,-967500,0.829719,0,0.170281,0.829719,0,0.829719,0,3286.626,1,0,16577.88,0,0,0,1,617213.5,1,0,0.0004041224459
C19L30,30,19,-1777500,-967500,0.880639,0,0.119361,0.880639,0,0.880639,0,5695.336,1,0,19604.68,0,0,0,1,612374.8,1,0,0.0004983036752
C20L30,30,20,-1772500,-967500,0.894133,0,0.105867,0.894133,0,0.894133,0,6783.983,1,0,22631.47,0,0,0,1,607538.6,1,0,0.0006323682707
C21L30,30,21,-1767500,-967500,0.93797,0,0.06203,0.93797,0,0.93797,0,9950.566,1,0,25658.27,0,0,0,1,602705.2,1,0,0.001714000609
C22L30,30,22,-1762500,-967500,0.98684236,0.001253132,0.011904508,0.98151655,0.006578942,0.978697,0.009398492,13357.44,1,0,28685.07,0,0,0,1,597874.5,1,0.008,0.005588972646
C23L30,30,23,-1757500,-967500,0.926020813,0.05963009,0.014349097,0.918686633,0.06696427,0.91773,0.067920903,16905.73,1,0,31711.87,0,0,0,1,593046.6,1,0.008,0.05963009
C24L30,30,24,-1752500,-967500,0.973684,0.01409774,0.01221826,0.973684,0.01409774,0.973684,0.01409774,18824.43,1,0,34738.67,0,0,0,1,588221.6,1,0,0.0175932727
C25L30,30,25,-1747500,-967500,0.914222,0.017857155,0.067920845,0.914222,0.017857155,0.914222,0.017857155,20146.79,1,0,37765.47,0,0,0,1,583399.5,1,0,0.0266823293
C26L30,30,26,-1742500,-967500,0.83114003,0.10307025,0.06578972,0.82017512,0.11403516,0.816729,0.11748128,21771.38,0.5537688,0,39988.87,0,0,0,0.5537688,578580.4,1,0.014,0.10307025
C27L30,30,27,-1737500,-967500,0.900191503,0.07557394,0.024234557,0.888711913,0.08705353,0.865115,0.110650443,18299.88,0,0,41693.08,0,0,0,0,573764.5,1,0.035,0.07557394
C28L30,30,28,-1732500,-967500,0.93890947,0.0203634,0.04072713,0.9172929,0.04197997,0.901942,0.05733087,14932.22,0,0,41564.12,0.3049102,0,0,0,568951.7,1,0.037,0.03025243327
C29L30,30,29,-1727500,-967500,0.946747,0,0.053253,0.946747,0,0.946747,0,10053.12,0,0,39302.4,0.7719334,0,0,0,564142.2,1,0,0.02382984453
C30L30,30,30,-1722500,-967500,0.904762,0,0.095238,0.904762,0,0.904762,0,5399.925,0,0,37178.38,0.9742293,0,0,0,559336,1,0,0.02962447045
C31L30,30,31,-1717500,-967500,0.91478721,0.01691729,0.0682955,0.905702,0.0260025,0.905702,0.0260025,1669.478,0,0,35611.68,1,0,0,0,554533.2,1,0.009,0.0426573183
C32L30,30,32,-1712500,-967500,0.908481855,0.04209187,0.049426275,0.9078441,0.042729625,0.895089,0.055484725,1739.335,0,0,34700.88,0.7883247,0.2507653,0,0.2507653,549734,1,0.013,0.05729803013
C33L30,30,33,-1707500,-967500,0.93483721,0.039787006,0.025375784,0.92794498,0.046679236,0.925752,0.048872216,697.1274,0,0,34468.09,0.1164579,0.9091508,0,0.9091508,544938.4,2,0.009,0.04102479127
C34L30,30,34,-1702500,-967500,0.985969,0,0.014031,0.985969,0,0.985969,0,3098.746,0,0,34418.82,0,1,0,1,540146.4,2,0,0.01383023954
C35L30,30,35,-1697500,-967500,0.996241,0,0.003759,0.996241,0,0.996241,0,4926.965,0,0,34369.55,0,1,0,1,535358.3,2,0,0.007568596419
C36L30,30,36,-1692500,-967500,1,0,0,1,0,1,0,7464.868,0,0,34320.28,0,1,0,1,530574.1,2,0,0.003476057743
C37L30,30,37,-1687500,-967500,1,0,0,1,0,1,0,10827.4,0,0,34271.01,0,1,0.03352509,1.03352509,525793.9,2,0,0.002167078998
C38L30,30,38,-1682500,-967500,1,0,0,1,0,1,0,14538.95,0,0,34221.74,0,1,0.1794177,1.1794177,521017.8,2,0,0.0008361718872
C39L30,30,39,-1677500,-967500,1,0,0,1,0,1,0,18834.87,0,0,34172.47,0,0.9818228,0.1527599,1.1345827,516246,2,0,0.0007103608492
C40L30,30,40,-1672500,-967500,1,0,0,1,0,1,0,23412.03,0,0,34123.2,0,0.02892769,0.9566899,0.98561759,511478.5,1,0,0
C41L30,30,41,-1667500,-967500,0.996173,0.00382653,4.7e-07,0.996173,0.00382653,0.996173,0.00382653,27334.15,0,0,33801.42,0,0,1,1,506715.5,1,0,0.00382653
C42L30,30,42,-1662500,-967500,1,0,0,1,0,1,0,23378.14,0,0,33445.95,0,0,1,1,501957.2,1,0,0
C43L30,30,43,-1657500,-967500,1,0,0,1,0,1,0,18383.13,0,0,32958.82,0,0,1,1,497203.5,1,0,0
C44L30,30,44,-1652500,-967500,1,0,0,1,0,1,0,13391.85,0,0,32242.26,0,0,1,1,492454.8,1,0,0
C45L30,30,45,-1647500,-967500,1,0,0,1,0,1,0,8410.932,0,0,31525.7,0,0,0.614038,0.614038,487711,1,0,0
C46L30,30,46,-1642500,-967500,0.988722,0.00219298,0.00908502,0.988722,0.00219298,0.988722,0.00219298,3485.093,0,0,30482.3,0,1,0.0005406263,1.000540626,482972.5,2,0,0.005536674709
C47L30,30,47,-1637500,-967500,0.915816,0.019132643,0.065051357,0.915816,0.019132643,0.915816,0.019132643,1065.966,0,0,29402.21,0,1,0,1,478239.2,2,0,0.019132643
C48L30,30,48,-1632500,-967500,0.519737,0.01817045,0.46209255,0.519737,0.01817045,0.519737,0.01817045,5863.536,0,0,28902.24,0,1,0,1,473511.5,2,0,0.01817045
C49L30,30,49,-1627500,-967500,0.994048,0.00595238,-3.8e-07,0.994048,0.00595238,0.994048,0.00595238,10579.57,0,0,28527.72,0,1,0,1,468789.4,2,0,0.01041625912
C50L30,30,50,-1622500,-967500,1,0,0,1,0,1,0,15473.66,0,0,28153.2,0,1,0,1,464073.1,2,0,0.005517559279
C51L30,30,51,-1617500,-967500,1,0,0,1,0,1,0,20391.32,0,0,27778.67,0,1,0,1,459362.8,2,0,0.00328920516
C52L30,30,52,-1612500,-967500,1,0,0,1,0,1,0,19365.92,0,0,27145.91,0,1,0,1,454658.7,2,0,0.003006540229
C53L30,30,53,-1607500,-967500,0.996554,0.00344612,-1.2e-07,0.996554,0.00344612,0.996554,0.00344612,15414.61,0,0,26230.02,0,0.4627945,0,0.4627945,449961,1,0,0.004898408622
C54L30,30,54,-1602500,-967500,1,0,0,1,0,1,0,11068.24,0,0,24855.06,0,0,0,0,445269.9,1,0,0.00432462703
C55L30,30,55,-1597500,-967500,0.99718,0.00281955,4.5e-07,0.99718,0.00281955,0.99718,0.00281955,6248.984,0,0,23383.66,0,0,0,0,440585.5,1,0,0.01956850695
C56L30,30,56,-1592500,-967500,0.987245,0.0127551,-1e-07,0.987245,0.0127551,0.987245,0.0127551,1654.794,0,0,21912.27,0,0,0,0,435908.2,1,0,0.04501264481
C57L30,30,57,-1587500,-967500,0.71365964,0.28634073,-3.7e-07,0.70175488,0.29824549,0.684211,0.31578937,2932.186,0,0,20440.88,0,0.004607167,0,0.004607167,431238.1,1,0.029,0.28634073
C58L30,30,58,-1582500,-967500,0.89849601,0.10150381,1.8e-07,0.8912905,0.10870932,0.881892,0.11810782,7498.56,0,0,18468.54,0,0.6478528,0,0.6478528,426575.5,2,0.017,0.10150381
C59L30,30,59,-1577500,-967500,1,0,0,1,0,1,0,5928.706,0,0,16262.86,0,1,0,1,421920.6,2,0,0.02767327728
C60L30,30,60,-1572500,-967500,0.99028855,0.009711779,-3.29e-07,0.99028855,0.009711779,0.987469,0.012531329,1390.697,0,0,14057.19,0,0.8528668,0,0.8528668,417273.7,2,0.003,0.02080743451
C61L30,30,61,-1567500,-967500,0.999362,0.000637755,2.45e-07,0.999362,0.000637755,0.999362,0.000637755,1750.095,0,0,12664.92,0,0,0,0,412635.1,1,0,0.007666290275
C62L30,30,62,-1562500,-967500,1,0,0,1,0,1,0,3100.22,0,0,12426.68,0,0,0,0,408005,1,0,0.006270123747
C63L30,30,63,-1557500,-967500,0.995536,0.00446429,-2.9e-07,0.995536,0.00446429,0.995536,0.00446429,4533.79,0,0,12205.77,0,0,0,0,403383.7,1,0,0.008021489944
C64L30,30,64,-1552500,-967500,1,0,0,1,0,1,0,6493.128,0,0,11984.85,0,0,0,0,398771.6,1,0,0.005651760826
C65L30,30,65,-1547500,-967500,1,0,0,1,0,1,0,6947.222,0,0,11495.76,0,0,0,0,394168.9,1,0,0.004778905473
C66L30,30,66,-1542500,-967500,0.99906,0.00093985,1.5e-07,0.99906,0.00093985,0.99906,0.00093985,8865.624,0,0,10167.39,0,0,0,0,389576,1,0,0.009009235171
C67L30,30,67,-1537500,-967500,0.98276908,0.01723057,3.5e-07,0.98276908,0.01723057,0.974937,0.02506265,11117.44,0,0,8839.018,0,0,0,0,384993.3,1,0.008,0.03371867065
C68L30,30,68,-1532500,-967500,0.84757617,0.152423415,4.15e-07,0.84470627,0.155293315,0.842793,0.157206585,10732.75,0,0,7510.645,0,0,0,0,380421.1,1,0.005,0.152423415
C69L30,30,69,-1527500,-967500,0.546679493,0.45332098,-4.73e-07,0.53947398,0.460526493,0.516291,0.483709473,8579.416,0,0,6182.272,0,0,0,0,375859.7,1,0.03,0.45332098
C70L30,30,70,-1522500,-967500,0.93207863,0.06792094,4.3e-07,0.91804803,0.08195154,0.902423,0.09757657,7756.495,0,0,4853.899,0,0,0,0,371309.7,1,0.03,0.1082568197
C71L30,30,71,-1517500,-967500,0.97900995,0.02098993,1.2e-07,0.9743107,0.02568918,0.972431,0.02756888,4644.038,0,0,5006.698,0,0,0,0,366771.4,1,0.007,0.04733989551
C72L30,30,72,-1512500,-967500,0.96077806,0.03922196,-2e-08,0.96077806,0.03922196,0.953125,0.04687502,1714.233,0,0,5529.938,0,0,0,0,362245.2,1,0.008,0.04048622657
C73L30,30,73,-1507500,-967500,0.98182983,0.01817042,-2.5e-07,0.98182983,0.01817042,0.978697,0.02130325,678.0652,0,0,6053.179,0,0,0,0,357731.7,1,0.003,0.02757102826
C74L30,30,74,-1502500,-967500,0.99075206,0.009247458,4.82e-07,0.99075206,0.009247458,0.983099,0.016900518,1207.919,0,0,5766.005,0,0,0,0,353231.3,1,0.008,0.02757546612
C75L30,30,75,-1497500,-967500,0.87656645,0.12343354,1e-08,0.85432335,0.14567664,0.820802,0.17919799,107.5871,0,0,4434.764,0,0,0,0,348744.4,1,0.056,0.1258173733
C76L30,30,76,-1492500,-967500,0.96992527,0.030075162,-4.32e-07,0.96992527,0.030075162,0.967419,0.032581432,4819.889,0,0,3103.522,0,0,0,0,344271.7,1,0.003,0.09262226874
C77L30,30,77,-1487500,-967500,0.83290819,0.1670918,1e-08,0.83003829,0.1699617,0.825574,0.17442599,9238.185,0,0,1772.281,0,0,0,0,339813.7,1,0.007,0.1670918
C78L30,30,78,-1482500,-967500,0.99749396,0.00250627,-2.3e-07,0.99749396,0.00250627,0.993108,0.00689223,13139.87,0,0,919.1047,0,0,0,0,335371,1,0.004,0.03082222476
C79L30,30,79,-1477500,-967500,0.996492,0.003507653,3.47e-07,0.996492,0.003507653,0.996492,0.003507653,15835.1,0,0,698.6935,0,0,0,0,330944.2,1,0,0.01323283206
C80L30,30,80,-1472500,-967500,0.990602,0.0093985,-5e-07,0.990602,0.0093985,0.990602,0.0093985,10273.63,0,0,1919.887,0,0,0,0,326534,1,0,0.01705524669
C81L30,30,81,-1467500,-967500,0.97799702,0.022002568,4.12e-07,0.975446,0.024553588,0.975446,0.024553588,6391.535,0,0,3525.334,0,0,0,0,322141,1,0.003,0.02702191223
C82L30,30,82,-1462500,-967500,0.96835868,0.030701763,0.000939557,0.964286,0.034774443,0.964286,0.034774443,1913.154,0,0,4483.886,0,0,0,0,317765.9,1,0.004,0.03779451276
C83L30,30,83,-1457500,-967500,0.94164559,0.05835459,-1.8e-07,0.93750018,0.0625,0.930166,0.06983418,1989.866,0,0,3002.444,0,0,0,0,313409.5,1,0.011,0.05835459
C84L30,30,84,-1452500,-967500,0.973684,0.02631581,1.9e-07,0.973684,0.02631581,0.973684,0.02631581,6835.637,0,0,421.0088,0,0,0,0,309072.6,1,0,0.0502736248
C85L30,30,85,-1447500,-967500,0.980576343,0.019423556,1.01e-07,0.976503663,0.023496236,0.970238,0.029761899,10527.46,0,0,2662.505,0,0,0,0,304756,1,0.01,0.05436520884
C86L30,30,86,-1442500,-967500,0.95663299,0.04336737,-3.6e-07,0.95663299,0.04336737,0.941008,0.05899236,14186.02,0,0,6021.247,0,0,0,0,300460.6,1,0.016,0.07607006078
C87L30,30,87,-1437500,-967500,0.83521263,0.164787003,3.67e-07,0.82393443,0.176065203,0.805764,0.194235633,18484.02,0,0,9746.26,0,0,0,0,296187.3,1,0.029,0.164787003
C88L30,30,88,-1432500,-967500,0.71237263,0.28762772,-3.5e-07,0.7028063,0.29719405,0.680166,0.31983435,23066.74,0,0,13806.13,0,0,0,0,291937.1,1,0.032,0.28762772
C89L30,30,89,-1427500,-967500,0.78101516,0.21898453,3.1e-07,0.77725576,0.22274393,0.765351,0.23464869,27249.1,0,0,17866.01,0,0,0,0,287711,1,0.016,0.21898453
C90L30,30,90,-1422500,-967500,0.87372443,0.12627547,1e-07,0.867028,0.1329719,0.867028,0.1329719,24585.89,0,0,21925.88,0,0,0,0,283510.1,1,0.007,0.12627547
C91L30,30,91,-1417500,-967500,0.988409,0.01159148,-4.8e-07,0.988409,0.01159148,0.988409,0.01159148,19689.88,0,0,25985.75,0,0,0,0,279335.5,1,0,0.03585358879
C92L30,30,92,-1412500,-967500,1,0,0,1,0,1,0,14793.88,0,0,30045.63,0,0,0,0,275188.5,1,0,0.02890868616
C93L30,30,93,-1407500,-967500,0.998434,0.00156642,-4.2e-07,0.998434,0.00156642,0.998434,0.00156642,9897.876,0,0,32578.3,0,0,0,0,271070.2,1,0,0.02529939896
C94L30,30,94,-1402500,-967500,0.990915,0,0.009085,0.990915,0,0.990915,0,5001.872,0,0,33934.74,0,0,0,0,266982,1,0,0.018098552
C95L30,30,95,-1397500,-967500,0.992666,0.0028699,0.0044641,0.992666,0.0028699,0.992666,0.0028699,449.085,0,0,35506.11,0,0,0,0,262925.4,1,0,0.01007296866
C96L30,30,96,-1392500,-967500,0.950815,0.0037594,0.0454256,0.950815,0.0037594,0.950815,0.0037594,3462.473,0,0,37082.27,0,0,0,0,258901.7,1,0,0.009600722277
C97L30,30,97,-1387500,-967500,0.987245,0,0.012755,0.987245,0,0.987245,0,8461.349,0,0,38571.64,0,0,0,0,254912.7,1,0,0.007236252665
C98L30,30,98,-1382500,-967500,0.986842,0,0.013158,0.986842,0,0.986842,0,5866.716,0,0,39748.67,0,0,0,0,250959.8,1,0,0.006387875371
C13L31,31,13,-1807500,-972500,0.16874,0,0.83126,0.16874,0,0.16874,0,3095.191,0.09764145,0,10518.58,0,0,0,0.09764145,640255.3,1,0,2.955085531e-05
C14L31,31,14,-1802500,-972500,0.84026,0,0.15974,0.84026,0,0.84026,0,4377.401,0.8178994,0,11961.43,0,0,0,0.8178994,635395.4,1,0,0.0001959007455
C15L31,31,15,-1797500,-972500,0.879426,0,0.120574,0.879426,0,0.879426,0,7340.22,0.9434346,0,13849.19,0,0,0,0.9434346,630537.6,1,0,0.0002632402198
C16L31,31,16,-1792500,-972500,0.972727,0,0.027273,0.972727,0,0.972727,0,8517.997,1,0,15736.95,0,0,0,1,625682,1,0,0.0003539488297
C17L31,31,17,-1787500,-972500,0.835726,0,0.164274,0.835726,0,0.835726,0,6027.223,1,0,17734.55,0,0,0,1,620828.7,1,0,0.000357491453
C18L31,31,18,-1782500,-972500,0.797727,0,0.202273,0.797727,0,0.797727,0,7078.033,1,0,20557.64,0,0,0,1,615977.8,1,0,0.0004084718941
C19L31,31,19,-1777500,-972500,0.842424,0,0.157576,0.842424,0,0.842424,0,10347.1,1,0,23584.44,0,0,0,1,611129.3,1,0,0.0006164603013
C20L31,31,20,-1772500,-972500,0.903571,0,0.096429,0.903571,0,0.903571,0,11261.45,1,0,26611.24,0,0,0,1,606283.3,1,0,0.0009355044101
C21L31,31,21,-1767500,-972500,0.914833,0,0.085167,0.914833,0,0.914833,0,13798.76,1,0,29638.03,0,0,0,1,601439.7,1,0,0.002004067004
C22L31,31,22,-1762500,-972500,0.97480066,0.017862839,0.007336501,0.97224883,0.020414669,0.969697,0.022966499,16933.26,1,0,32664.83,0,0,0,1,596598.8,1,0.005,0.017862839
C23L31,31,23,-1757500,-972500,0.998701,0.0012987,3e-07,0.998701,0.0012987,0.998701,0.0012987,20399.58,1,0,35691.63,0,0,0,1,591760.5,1,0,0.006840817911
C24L31,31,24,-1752500,-972500,0.917703,0,0.082297,0.917703,0,0.917703,0,20639.09,1,0,38718.43,0,0,0,1,586924.9,1,0,0.01002807574
C25L31,31,25,-1747500,-972500,0.92564968,0.057142815,0.017207505,0.911364,0.071428495,0.911364,0.071428495,19057.56,1,0,41745.23,0,0,0,1,582092,1,0.014,0.057142815
C26L31,31,26,-1742500,-972500,0.92695331,0.051674629,0.021372061,0.92472046,0.053907479,0.916427,0.062200939,17555.1,0.2286563,0,44689.47,0,0,0,0.2286563,577262.1,1,0.011,0.05173610525
C27L31,31,27,-1737500,-972500,0.98279211,0.00454546,0.01266243,0.97694796,0.01038961,0.965909,0.02142857,15111.15,0,0,46393.68,0,0,0,0,572435,1,0.017,0.02353541031
C28L31,31,28,-1732500,-972500,0.96586941,0.01786283,0.01626776,0.956938,0.02679424,0.956938,0.02679424,11229.72,0,0,46023.34,0.4852211,0,0,0,567611,1,0.009,0.03395961788
C29L31,31,29,-1727500,-972500,0.916558,0,0.083442,0.916558,0,0.916558,0,8372.04,0,0,43773.03,1,0,0,0,562790,1,0,0.02760116997
C30L31,31,30,-1722500,-972500,0.799043,0,0.200957,0.799043,0,0.799043,0,4873.654,0,0,41857.35,1,0,0,0,557972.2,1,0,0.02392846314
C31L31,31,31,-1717500,-972500,0.848804,0.000637959,0.150558041,0.848804,0.000637959,0.848804,0.000637959,663.4147,0,0,40472.18,1,0,0,0,553157.5,1,0,0.02670287065
C32L31,31,32,-1712500,-972500,0.68571405,0.005844155,0.308441795,0.683766,0.007792205,0.683766,0.007792205,4082.222,0,0,39673.12,1,0,0,0,548346.3,1,0.002,0.02867101996
C33L31,31,33,-1707500,-972500,0.7355666,0.083253549,0.181179851,0.71483295,0.103987199,0.698565,0.120255149,3762.935,0,0,39467.85,0.9047706,0.1249142,0,0.1249142,543538.4,1,0.037,0.083253549
C34L31,31,34,-1702500,-972500,0.90389643,0.09123365,0.00486992,0.8779224,0.11720768,0.875325,0.11980508,666.6642,0,0,39418.58,0.3725026,0.6546547,0,0.6546547,538734,2,0.029,0.09123365
C35L31,31,35,-1697500,-972500,0.98054258,0.019457738,-3.18e-07,0.974163,0.025837318,0.974163,0.025837318,588.4841,0,0,39369.31,0.01089504,0.9629654,0,0.9629654,533933.2,2,0.006,0.02232374471
C36L31,31,36,-1692500,-972500,0.9957791,0.00422078,1.2e-07,0.9957791,0.00422078,0.991883,0.00811688,3758.262,0,0,39320.04,0,1,0,1,529136.1,2,0.004,0.007211837744
C37L31,31,37,-1687500,-972500,1,0,0,1,0,1,0,7654.543,0,0,39270.77,0,1,0.164755,1.164755,524342.8,2,0,0.001037242354
C38L31,31,38,-1682500,-972500,1,0,0,1,0,1,0,12327.33,0,0,39221.49,0,1,0.9573798,1.9573798,519553.4,2,0,0
C39L31,31,39,-1677500,-972500,1,0,0,1,0,1,0,16748.63,0,0,39172.22,0,0.7731389,1,1.7731389,514768,2,0,0
C40L31,31,40,-1672500,-972500,1,0,0,1,0,1,0,20263.19,0,0,39122.95,0,0,1,1,509986.7,1,0,0
C41L31,31,41,-1667500,-972500,1,0,0,1,0,1,0,23980.8,0,0,38788.77,0,0,1,1,505209.7,1,0,0
C42L31,31,42,-1662500,-972500,1,0,0,1,0,1,0,23256.84,0,0,38433.3,0,0,1,1,500437,1,0,0
C43L31,31,43,-1657500,-972500,1,0,0,1,0,1,0,18266.97,0,0,37907.21,0,0,1,1,495668.8,1,0,0
C44L31,31,44,-1652500,-972500,1,0,0,1,0,1,0,13284.73,0,0,37190.65,0,0,1,1,490905.2,1,0,0
C45L31,31,45,-1647500,-972500,1,0,0,1,0,1,0,8323.821,0,0,36474.09,0,0.1131315,0.7526037,0.8657352,486146.3,1,0,0
C46L31,31,46,-1642500,-972500,0.966188,0.02264754,0.01116446,0.966188,0.02264754,0.966188,0.02264754,3476.71,0,0,35351.45,0,0.9126767,0.02193057,0.93460727,481392.3,2,0,0.02264754
C47L31,31,47,-1637500,-972500,0.972078,0.000974026,0.026947974,0.972078,0.000974026,0.972078,0.000974026,1163.972,0,0,34342.43,0,1,0,1,476643.4,2,0,0.00669056913
C48L31,31,48,-1632500,-972500,0.745136,0,0.254864,0.745136,0,0.745136,0,5912.495,0,0,33888.19,0,1,0,1,471899.7,2,0,0.004162704433
C49L31,31,49,-1627500,-972500,1,0,0,1,0,1,0,10863.56,0,0,33513.67,0,1,0,1,467161.3,2,0,0.004602975671
C50L31,31,50,-1622500,-972500,1,0,0,1,0,1,0,15804.57,0,0,33139.15,0,1,0,1,462428.4,2,0,0.002987002796
C51L31,31,51,-1617500,-972500,1,0,0,1,0,1,0,20636.99,0,0,32764.63,0,1,0,1,457701.2,2,0,0.002704123116
C52L31,31,52,-1612500,-972500,1,0,0,1,0,1,0,17163.45,0,0,32061.31,0,0.5974654,0,0.5974654,452979.8,2,0,0.002999455641
C53L31,31,53,-1607500,-972500,0.999043,0.000956938,6.2e-08,0.999043,0.000956938,0.999043,0.000956938,12536.15,0,0,31105.05,0,0,0,0,448264.5,1,0,0.004080014139
C54L31,31,54,-1602500,-972500,1,0,0,1,0,1,0,8350.224,0,0,29633.65,0,0,0,0,443555.4,1,0,0.008910776205
C55L31,31,55,-1597500,-972500,0.996491,0.00350877,2.3e-07,0.996491,0.00350877,0.996491,0.00350877,4711.746,0,0,28162.26,0,0,0,0,438852.8,1,0,0.03004589361
C56L31,31,56,-1592500,-972500,0.74448008,0.255519606,3.14e-07,0.7220775,0.277922186,0.703571,0.296428686,601.3791,0,0,26690.87,0,0,0,0,434156.8,1,0.041,0.255519606
C57L31,31,57,-1587500,-972500,0.90972933,0.0902711,-4.3e-07,0.90334975,0.09665068,0.899522,0.10047843,4379.937,0,0,25161.42,0,0,0,0,429467.7,1,0.01,0.09407586026
C58L31,31,58,-1582500,-972500,1,0,0,1,0,1,0,7102.211,0,0,22955.74,0,0.2265166,0,0.2265166,424785.6,1,0,0.02761751229
C59L31,31,59,-1577500,-972500,1,0,0,1,0,1,0,3948.254,0,0,20750.07,0,0.9832254,0,0.9832254,420110.9,2,0,0.01221900794
C60L31,31,60,-1572500,-972500,0.97862856,0.02137161,-1.7e-07,0.97543877,0.0245614,0.97193,0.02807017,515.7833,0,0,18672.57,0,0.4408545,0,0.4408545,415443.8,1,0.007,0.02137161
C61L31,31,61,-1567500,-972500,1,0,0,1,0,1,0,5193.067,0,0,17648.23,0,0,0,0,410784.5,1,0,0.006281868864
C62L31,31,62,-1562500,-972500,1,0,0,1,0,1,0,7403.027,0,0,17421.8,0,0,0,0,406133.3,1,0,0.003958129451
C63L31,31,63,-1557500,-972500,0.996429,0.00357143,-4.3e-07,0.996429,0.00357143,0.996429,0.00357143,9493.763,0,0,17200.88,0,0,0,0,401490.5,1,0,0.005741539276
C64L31,31,64,-1552500,-972500,1,0,0,1,0,1,0,11030.65,0,0,16979.97,0,0,0,0,396856.3,1,0,0.003899178776
C65L31,31,65,-1547500,-972500,1,0,0,1,0,1,0,11887.31,0,0,16316.08,0,0,0,0,392231.2,1,0,0.004791074433
C66L31,31,66,-1542500,-972500,0.98628431,0.0137161,-4.1e-07,0.98373248,0.01626793,0.975758,0.02424241,10200.94,0,0,14987.7,0,0,0,0,387615.4,1,0.011,0.01677788443
C67L31,31,67,-1537500,-972500,0.957895,0.04210523,-2.3e-07,0.95470521,0.04529502,0.942584,0.05741623,7836.615,0,0,13659.33,0,0,0,0,383009.2,1,0.015,0.05953579234
C68L31,31,68,-1532500,-972500,0.82694835,0.17305205,-4e-07,0.81396134,0.18603906,0.775325,0.2246754,6571.313,0,0,12330.96,0,0,0,0,378413,1,0.052,0.17305205
C69L31,31,69,-1527500,-972500,0.73397093,0.26602885,2.2e-07,0.70621969,0.29378009,0.701435,0.29856478,4191.449,0,0,11002.59,0,0,0,0,373827.1,1,0.033,0.26602885
C70L31,31,70,-1522500,-972500,0.99870143,0.0012987,-1.3e-07,0.99870143,0.0012987,0.99513,0.00487013,2904.43,0,0,9752.283,0,0,0,0,369252.1,1,0.004,0.05041191053
C71L31,31,71,-1517500,-972500,0.979585,0.02041463,3.7e-07,0.979585,0.02041463,0.979585,0.02041463,1237.221,0,0,9979.244,0,0,0,0,364688.1,1,0,0.0263992713
C72L31,31,72,-1512500,-972500,0.9740264,0.02597406,-4.6e-07,0.971429,0.02857146,0.971429,0.02857146,1778.905,0,0,10502.48,0,0,0,0,360135.8,1,0.003,0.02659529104
C73L31,31,73,-1507500,-972500,1,0,0,1,0,1,0,4167.08,0,0,11025.73,0,0,0,0,355595.5,1,0,0.01475249031
C74L31,31,74,-1502500,-972500,0.94740259,0.052597342,6.8e-08,0.94740259,0.052597342,0.924026,0.075973932,4969.681,0,0,10585.53,0,0,0,0,351067.7,1,0.023,0.052597342
C75L31,31,75,-1497500,-972500,0.94385921,0.056140298,4.92e-07,0.94162636,0.058373148,0.931738,0.068261508,218.7926,0,0,9254.286,0,0,0,0,346552.8,1,0.012,0.08483074928
C76L31,31,76,-1492500,-972500,0.568739768,0.431259828,4.04e-07,0.568739768,0.431259828,0.565231,0.434768596,4125.584,0,0,7923.045,0,0,0,0,342051.5,1,0.004,0.431259828
C77L31,31,77,-1487500,-972500,0.85292246,0.14707789,-3.5e-07,0.84253286,0.15746749,0.811364,0.18863635,8761.991,0,0,6591.804,0,0,0,0,337564.2,1,0.042,0.14707789
C78L31,31,78,-1482500,-972500,0.96937827,0.030622017,-2.87e-07,0.9658695,0.034130787,0.958214,0.041786287,13646.91,0,0,5914.244,0,0,0,0,333091.4,1,0.011,0.04478883445
C79L31,31,79,-1477500,-972500,0.9935061,0.006493511,3.89e-07,0.9935061,0.006493511,0.98961,0.010389611,12851.99,0,0,5693.833,0,0,0,0,328633.9,1,0.004,0.0132490099
C80L31,31,80,-1472500,-972500,0.994896,0.00510366,3.4e-07,0.994896,0.00510366,0.994896,0.00510366,8521.169,0,0,6655.132,0,0,0,0,324192.3,1,0,0.01118925145
C81L31,31,81,-1467500,-972500,0.990909,0.00909092,8e-08,0.990909,0.00909092,0.990909,0.00909092,3642.43,0,0,8260.578,0,0,0,0,319767.1,1,0,0.01672113079
C82L31,31,82,-1462500,-972500,0.94736854,0.04688991,0.00574155,0.94736854,0.04688991,0.940351,0.05390745,108.1984,0,0,9346.028,0,0,0,0,315359,1,0.007,0.04688991
C83L31,31,83,-1457500,-972500,0.972078,0.027922095,-9.5e-08,0.972078,0.027922095,0.972078,0.027922095,3524.541,0,0,7284.522,0,0,0,0,310968.9,1,0,0.03213885041
C84L31,31,84,-1452500,-972500,0.985008,0.01052631,0.00446569,0.985008,0.01052631,0.985008,0.01052631,8222.591,0,0,4400.134,0,0,0,0,306597.5,1,0,0.02324927087
C85L31,31,85,-1447500,-972500,0.969378,0.03062201,-1e-08,0.969378,0.03062201,0.969378,0.03062201,12740.62,0,0,1041.391,0,0,0,0,302245.6,1,0,0.03328956
C86L31,31,86,-1442500,-972500,0.980195,0.019805206,-2.06e-07,0.980195,0.019805206,0.980195,0.019805206,17522.44,0,0,2767.923,0,0,0,0,297914,1,0,0.03398834841
C87L31,31,87,-1437500,-972500,0.98437036,0.015629978,-3.38e-07,0.9674645,0.032535838,0.959809,0.040191338,21192.98,0,0,6827.797,0,0,0,0,293603.6,1,0.025,0.0446682697
C88L31,31,88,-1432500,-972500,0.97337615,0.02662338,4.7e-07,0.95259694,0.04740259,0.942532,0.05746753,25289.49,0,0,10887.67,0,0,0,0,289315.5,1,0.031,0.06361281205
C89L31,31,89,-1427500,-972500,0.912280579,0.08771927,1.51e-07,0.909090789,0.09090906,0.905901,0.094098849,29664.35,0,0,14947.54,0,0,0,0,285050.5,1,0.006,0.09750345072
C90L31,31,90,-1422500,-972500,0.89642883,0.103571361,-1.91e-07,0.89318208,0.106818111,0.89026,0.109740191,24694.56,0,0,19007.42,0,0,0,0,280809.8,1,0.006,0.103571361
C91L31,31,91,-1417500,-972500,0.9132374,0.086762349,2.51e-07,0.9132374,0.086762349,0.888995,0.111004749,19694.9,0,0,23067.29,0,0,0,0,276594.5,1,0.024,0.086762349
C92L31,31,92,-1412500,-972500,0.86623378,0.133765761,4.59e-07,0.86623378,0.133765761,0.862013,0.137986541,14695.47,0,0,26422.69,0,0,0,0,272405.7,1,0.004,0.133765761
C93L31,31,93,-1407500,-972500,0.781817938,0.21818156,5.02e-07,0.780861,0.219138498,0.780861,0.219138498,9696.634,0,0,27760.63,0,0,0,0,268244.7,1,0.001,0.21818156
C94L31,31,94,-1402500,-972500,0.988198,0.0118022,-2e-07,0.988198,0.0118022,0.988198,0.0118022,4700.264,0,0,29184.88,0,0,0,0,264112.8,1,0,0.04150658802
C95L31,31,95,-1397500,-972500,1,0,0,1,0,1,0,88.10249,0,0,30761.03,0,0,0,0,260011.4,1,0,0.03894398656
C96L31,31,96,-1392500,-972500,0.997767,0,0.002233,0.997767,0,0.997767,0,4508.408,0,0,32337.19,0,0,0,0,255942,1,0,0.03570843167
C97L31,31,97,-1387500,-972500,0.969481,0,0.030519,0.969481,0,0.969481,0,9301.736,0,0,33712.15,0,0,0,0,251906,1,0,0.02377654021
C98L31,31,98,-1382500,-972500,0.99266392,0.00191388,0.0054222,0.991388,0.0031898,0.991388,0.0031898,5219.327,0,0,34889.18,0,0,0,0,247905.2,1,0.001,0.009634752389
C99L31,31,99,-1377500,-972500,0.9896107,0,0.0103893,0.988312,0.0012987,0.988312,0.0012987,839.1746,0,0,36066.2,0,0,0,0,243941.3,1,0.001,0.006215031264
C100L31,31,100,-1372500,-972500,0.982137,0,0.017863,0.982137,0,0.982137,0,3542.154,0,0,37243.23,0,0,0,0,240016,1,0,0.005633045945
C16L32,32,16,-1792500,-977500,1,0,0,1,0,1,0,8609.806,1,0,20366.89,0,0,0,1,624503.1,1,0,0.0003814417507
C17L32,32,17,-1787500,-977500,0.904135,0,0.095865,0.904135,0,0.904135,0,10979.27,1,0,22254.81,0,0,0,1,619640.6,1,0,0.0004013693256
C18L32,32,18,-1782500,-977500,0.954082,0,0.045918,0.954082,0,0.954082,0,11589.46,1,0,24598.12,0,0,0,1,614780.3,1,0,0.0005189153682
C19L32,32,19,-1777500,-977500,0.987782,0,0.012218,0.987782,0,0.987782,0,14074.33,1,0,27564.2,0,0,0,1,609922.3,1,0,0.001208600537
C20L32,32,20,-1772500,-977500,0.951212,0.00318878,0.04559922,0.951212,0.00318878,0.951212,0.00318878,16050.48,1,0,30591,0,0,0,1,605066.6,1,0,0.003263171075
C21L32,32,21,-1767500,-977500,0.9846494,0.0037594,0.0115912,0.98089,0.0075188,0.98089,0.0075188,17155.95,1,0,33617.79,0,0,0,1,600213.2,1,0.004,0.004509099227
C22L32,32,22,-1762500,-977500,0.97180448,0.002819553,0.025375967,0.960213,0.014411033,0.960213,0.014411033,15700.1,1,0,36644.59,0,0,0,1,595362.3,1,0.012,0.003772019249
C23L32,32,23,-1757500,-977500,0.895408,0,0.104592,0.895408,0,0.895408,0,15768.94,1,0,39671.39,0,0,0,1,590513.9,1,0,0.002725529575
C24L32,32,24,-1752500,-977500,0.965852,0,0.034148,0.965852,0,0.965852,0,15910.61,1,0,42698.19,0,0,0,1,585668,1,0,0.01043641178
C25L32,32,25,-1747500,-977500,0.95248736,0.04304844,0.0044642,0.937819,0.0577168,0.937819,0.0577168,14209.61,0.9894694,0,45724.99,0,0,0,0.9894694,580824.7,1,0.015,0.04304844
C26L32,32,26,-1742500,-977500,0.9514409,0.04197989,0.00657921,0.93609,0.05733079,0.93609,0.05733079,13282.38,0.4173596,0,48751.78,0,0,0,0.4173596,575984.1,1,0.015,0.05487598381
C27L32,32,27,-1737500,-977500,0.93080355,0.06919651,-6e-08,0.92059947,0.07940059,0.908801,0.09119906,10608.28,0,0,51094.29,0,0,0,0,571146.2,1,0.022,0.06919651
C28L32,32,28,-1732500,-977500,0.98089,0.0018797,0.0172303,0.98089,0.0018797,0.98089,0.0018797,8533.595,0,0,50482.56,0.004036385,0,0,0,566311.2,1,0,0.02373523152
C29L32,32,29,-1727500,-977500,0.88616075,0.0401786,0.07366065,0.86352045,0.0628189,0.854273,0.07206635,4162.654,0,0,48330.98,0.4685904,0,0,0,561479.1,1,0.032,0.04026328667
C30L32,32,30,-1722500,-977500,0.739348,0.000626566,0.260025434,0.739348,0.000626566,0.739348,0.000626566,1536.655,0,0,46603.04,0.9176684,0,0,0,556649.9,1,0,0.0195889159
C31L32,32,31,-1717500,-977500,0.579261,0,0.420739,0.579261,0,0.579261,0,1732.408,0,0,45363.01,1,0,0,0,551823.8,1,0,0.01581285768
C32L32,32,32,-1712500,-977500,0.764031,0,0.235969,0.764031,0,0.764031,0,5536.691,0,0,44651.57,1,0,0,0,547000.7,1,0,0.02489044781
C33L32,32,33,-1707500,-977500,0.973058,0.009085216,0.017856784,0.973058,0.009085216,0.973058,0.009085216,7260.902,0,0,44467.61,1,0,0,0,542180.9,1,0,0.04285388752
C34L32,32,34,-1702500,-977500,0.96045888,0.039540838,2.82e-07,0.95312469,0.046875028,0.944515,0.055484718,5654.925,0,0,44418.33,1,0,0,0,537364.4,1,0.016,0.06271688474
C35L32,32,35,-1697500,-977500,0.9664783,0.03352126,4.4e-07,0.94956101,0.05043855,0.932957,0.06704256,3310.874,0,0,44369.06,0.3042059,0.2053259,0,0.2053259,532551.3,1,0.034,0.04151908196
C36L32,32,36,-1692500,-977500,1,0,0,1,0,1,0,1427.194,0,0,44319.79,0,0.9564998,0,0.9564998,527741.6,2,0,0.01049876286
C37L32,32,37,-1687500,-977500,1,0,0,1,0,1,0,6291.796,0,0,44270.52,0,1,0,1,522935.5,2,0,0.005202395539
C38L32,32,38,-1682500,-977500,1,0,0,1,0,1,0,9702.682,0,0,44221.25,0,1,0.2590471,1.2590471,518133.1,2,0,0.0004295431476
C39L32,32,39,-1677500,-977500,1,0,0,1,0,1,0,13192.23,0,0,44171.98,0,0.9574143,1,1.9574143,513334.5,2,0,0
C40L32,32,40,-1672500,-977500,1,0,0,1,0,1,0,16972.82,0,0,44122.71,0,0.1178563,1,1.1178563,508539.7,1,0,0
C41L32,32,41,-1667500,-977500,1,0,0,1,0,1,0,20342.46,0,0,43776.12,0,0,1,1,503748.9,1,0,0
C42L32,32,42,-1662500,-977500,1,0,0,1,0,1,0,23229.73,0,0,43420.64,0,0,1,1,498962.3,1,0,0
C43L32,32,43,-1657500,-977500,1,0,0,1,0,1,0,19282.11,0,0,42855.6,0,0,1,1,494179.8,1,0,0
C44L32,32,44,-1652500,-977500,1,0,0,1,0,1,0,14504.53,0,0,42139.04,0,0.03603522,0.8025084,0.83854362,489401.7,1,0,0
C45L32,32,45,-1647500,-977500,0.997768,0.00223214,-1.4e-07,0.997768,0.00223214,0.997768,0.00223214,9603.068,0,0,41357,0,0.7656157,0.05603074,0.82164644,484628.1,2,0,0.004099242643
C46L32,32,46,-1642500,-977500,0.971491,0,0.028509,0.971491,0,0.971491,0,4795.612,0,0,40220.59,0,1,0,1,479859.1,2,0,0.003599128404
C47L32,32,47,-1637500,-977500,0.805804,0.000956633,0.193239367,0.805804,0.000956633,0.805804,0.000956633,94.57556,0,0,39297.78,0,1,0,1,475094.8,2,0,0.003632425067
C48L32,32,48,-1632500,-977500,0.906328,0.0018797,0.0917923,0.906328,0.0018797,0.906328,0.0018797,5092.698,0,0,38874.15,0,1,0,1,470335.5,2,0,0.003594279727
C49L32,32,49,-1627500,-977500,1,0,0,1,0,1,0,10090.82,0,0,38499.62,0,1,0,1,465581.2,2,0,0.002749386628
C50L32,32,50,-1622500,-977500,1,0,0,1,0,1,0,15088.94,0,0,38125.1,0,1,0,1,460832,2,0,0.002683886344
C51L32,32,51,-1617500,-977500,1,0,0,1,0,1,0,20087.06,0,0,37750.58,0,0.5458183,0,0.5458183,456088.3,2,0,0.002872872079
C52L32,32,52,-1612500,-977500,1,0,0,1,0,1,0,16025.06,0,0,36976.71,0,0,0,0,451350.1,1,0,0.003636935239
C53L32,32,53,-1607500,-977500,1,0,0,1,0,1,0,11125.62,0,0,35883.65,0,0,0,0,446617.6,1,0,0.008693701652
C54L32,32,54,-1602500,-977500,0.999681,0.000318878,1.22e-07,0.999681,0.000318878,0.999681,0.000318878,6226.185,0,0,34412.25,0,0,0,0,441890.9,1,0,0.01806061211
C55L32,32,55,-1597500,-977500,0.91071425,0.089285759,-9e-09,0.90852127,0.091478739,0.906015,0.093985009,1357.33,0,0,32940.86,0,0,0,0,437170.4,1,0.005,0.089285759
C56L32,32,56,-1592500,-977500,0.86479582,0.13520398,2e-07,0.856505,0.1434948,0.856505,0.1434948,2356.468,0,0,31469.47,0,0,0,0,432456.1,1,0.008,0.13520398
C57L32,32,57,-1587500,-977500,1,0,0,1,0,1,0,6317.328,0,0,29648.62,0,0,0,0,427748.4,1,0,0.02737265702
C58L32,32,58,-1582500,-977500,1,0,0,1,0,1,0,3988.995,0,0,27442.95,0,0,0,0,423047.3,1,0,0.009751297331
C59L32,32,59,-1577500,-977500,0.997449,0.00255102,-2e-08,0.997449,0.00255102,0.997449,0.00255102,87.86945,0,0,25237.27,0,0.2529769,0,0.2529769,418353.2,1,0,0.008447355919
C60L32,32,60,-1572500,-977500,0.973684,0.026315833,1.67e-07,0.973684,0.026315833,0.973684,0.026315833,3118.607,0,0,23446.21,0,0.01261245,0,0.01261245,413666.2,1,0,0.026315833
C61L32,32,61,-1567500,-977500,1,0,0,1,0,1,0,7079.812,0,0,22638.9,0,0,0,0,408986.6,1,0,0.005705582657
C62L32,32,62,-1562500,-977500,1,0,0,1,0,1,0,11637.56,0,0,22416.91,0,0,0,0,404314.8,1,0,0.003653774884
C63L32,32,63,-1557500,-977500,1,0,0,1,0,1,0,14089.78,0,0,22196,0,0,0,0,399650.8,1,0,0.003577810721
C64L32,32,64,-1552500,-977500,1,0,0,1,0,1,0,11932.36,0,0,21975.09,0,0,0,0,394995.1,1,0,0.003824950082
C65L32,32,65,-1547500,-977500,1,0,0,1,0,1,0,9222.6,0,0,21136.39,0,0,0,0,390347.9,1,0,0.005481049315
C66L32,32,66,-1542500,-977500,1,0,0,1,0,1,0,6135.38,0,0,19808.02,0,0,0,0,385709.5,1,0,0.02261489934
C67L32,32,67,-1537500,-977500,0.99467381,0.005325816,3.74e-07,0.99467381,0.005325816,0.989348,0.010651626,3171.603,0,0,18479.65,0,0,0,0,381080.3,1,0.005,0.05305594129
C68L32,32,68,-1532500,-977500,0.73054894,0.26945156,-5e-07,0.69324023,0.30676027,0.680804,0.3191965,2457.503,0,0,17151.27,0,0,0,0,376460.6,1,0.05,0.26945156
C69L32,32,69,-1527500,-977500,0.92731828,0.07268178,-6e-08,0.91228069,0.08771937,0.908208,0.09179206,376.2503,0,0,15822.9,0,0,0,0,371850.6,1,0.019,0.0895846327
C70L32,32,70,-1522500,-977500,0.9952169,0.004783163,-6.3e-08,0.992347,0.007653063,0.992347,0.007653063,1502.463,0,0,14718.84,0,0,0,0,367250.9,1,0.003,0.02760093701
C71L32,32,71,-1517500,-977500,0.99498768,0.00501253,-2.1e-07,0.990915,0.00908521,0.990915,0.00908521,2415.966,0,0,14951.79,0,0,0,0,362661.8,1,0.004,0.01315191417
C72L32,32,72,-1512500,-977500,1,0,0,1,0,1,0,5431.144,0,0,15475.03,0,0,0,0,358083.7,1,0,0.01204939737
C73L32,32,73,-1507500,-977500,0.96992495,0.03007515,-1e-07,0.96992495,0.03007515,0.963346,0.0366541,7968.94,0,0,15998.27,0,0,0,0,353517.1,1,0.007,0.03238276828
C74L32,32,74,-1502500,-977500,0.95631396,0.043686245,-2.05e-07,0.94547212,0.054528085,0.930166,0.069834205,6149.388,0,0,15405.05,0,0,0,0,348962.3,1,0.026,0.04424601141
C75L32,32,75,-1497500,-977500,0.99718,0.002819549,4.51e-07,0.99718,0.002819549,0.99718,0.002819549,1192.065,0,0,14073.81,0,0,0,0,344419.8,1,0,0.05691392303
C76L32,32,76,-1492500,-977500,0.73026308,0.269736726,1.94e-07,0.722431,0.277568806,0.68703,0.312969806,3765.258,0,0,12742.57,0,0,0,0,339890.2,1,0.043,0.269736726
C77L32,32,77,-1487500,-977500,0.882334,0.11766583,1.7e-07,0.87531869,0.12468114,0.866709,0.13329083,8722.582,0,0,11411.37,0,0,0,0,335374,1,0.016,0.1286892384
C78L32,32,78,-1482500,-977500,0.995301,0.004699249,-2.49e-07,0.995301,0.004699249,0.995301,0.004699249,13679.9,0,0,10909.38,0,0,0,0,330871.7,1,0,0.03028065938
C79L32,32,79,-1477500,-977500,0.994579,0.005420923,7.7e-08,0.994579,0.005420923,0.994579,0.005420923,11089.41,0,0,10688.97,0,0,0,0,326383.9,1,0,0.01294136783
C80L32,32,80,-1472500,-977500,0.983396,0.01660402,-2e-08,0.983396,0.01660402,0.983396,0.01660402,6224.02,0,0,11390.38,0,0,0,0,321911.2,1,0,0.01688966835
C81L32,32,81,-1467500,-977500,0.999043,0.000956633,3.67e-07,0.999043,0.000956633,0.999043,0.000956633,1703.062,0,0,12995.82,0,0,0,0,317454.2,1,0,0.01000557272
C82L32,32,82,-1462500,-977500,0.986529,0.013471143,-1.43e-07,0.986529,0.013471143,0.986529,0.013471143,861.1887,0,0,14148.04,0,0,0,0,313013.6,1,0,0.01967998541
C83L32,32,83,-1457500,-977500,0.94387784,0.029655605,0.026466555,0.94100794,0.032525505,0.933036,0.040497445,5401.499,0,0,11462.77,0,0,0,0,308590.1,1,0.011,0.02971578873
C84L32,32,84,-1452500,-977500,0.974311,0.01629073,0.00939827,0.974311,0.01629073,0.974311,0.01629073,9891.115,0,0,8104.03,0,0,0,0,304184.5,1,0,0.02287427311
C85L32,32,85,-1447500,-977500,0.962093,0.03790726,-2.6e-07,0.962093,0.03790726,0.962093,0.03790726,14436.96,0,0,4210.413,0,0,0,0,299797.5,1,0,0.03790726
C86L32,32,86,-1442500,-977500,0.99266602,0.00733418,-2e-07,0.990115,0.0098852,0.990115,0.0098852,19200.71,0,0,150.5399,0,0,0,0,295430.1,1,0.003,0.02083382179
C87L32,32,87,-1437500,-977500,0.984962,0.01284462,0.00219338,0.984962,0.01284462,0.984962,0.01284462,23882.04,0,0,3909.333,0,0,0,0,291082.9,1,0,0.02473052834
C88L32,32,88,-1432500,-977500,0.95344376,0.046556083,1.57e-07,0.94929835,0.050701493,0.937181,0.062818843,28231.93,0,0,7969.207,0,0,0,0,286757.1,1,0.016,0.04769737018
C89L32,32,89,-1427500,-977500,0.93327082,0.06672941,-2.3e-07,0.93327082,0.06672941,0.927945,0.07205523,30069.62,0,0,12029.08,0,0,0,0,282453.5,1,0.005,0.06672941
C90L32,32,90,-1422500,-977500,1,0,0,1,0,1,0,25144.58,0,0,16088.95,0,0,0,0,278173.2,1,0,0.02495026956
C91L32,32,91,-1417500,-977500,0.981203,0.01879695,5e-08,0.981203,0.01879695,0.981203,0.01879695,20255.25,0,0,20143.31,0,0,0,0,273917.3,1,0,0.03362899094
C92L32,32,92,-1412500,-977500,0.993304,0.006696428,-4.28e-07,0.993304,0.006696428,0.993304,0.006696428,15386.44,0,0,21605.02,0,0,0,0,269686.9,1,0,0.03446993076
C93L32,32,93,-1407500,-977500,0.95707975,0.04010027,0.00281998,0.95457348,0.04260654,0.942982,0.05419802,10599.1,0,0,22942.97,0,0,0,0,265483.3,1,0.014,0.05366111156
C94L32,32,94,-1402500,-977500,0.91071399,0.08928577,2.4e-07,0.90162878,0.09837098,0.858709,0.14129076,5605.802,0,0,24439.8,0,0,0,0,261307.8,1,0.052,0.08947299683
C95L32,32,95,-1397500,-977500,0.765625298,0.23437549,-7.88e-07,0.734056478,0.26594431,0.66486,0.335140788,679.4526,0,0,26015.96,0,0,0,0,257161.6,1,0.101,0.23437549
C96L32,32,96,-1392500,-977500,0.66604008,0.331140085,0.002819835,0.66322053,0.333959635,0.658208,0.338972165,3442.317,0,0,27592.12,0,0,0,0,253046.4,1,0.008,0.331140085
C97L32,32,97,-1387500,-977500,0.95727,0.0232781,0.0194519,0.95727,0.0232781,0.95727,0.0232781,7900.441,0,0,28852.67,0,0,0,0,248963.5,1,0,0.05779042785
C98L32,32,98,-1382500,-977500,0.981516,0.00156642,0.01691758,0.981516,0.00156642,0.981516,0.00156642,4445.588,0,0,30029.69,0,0,0,0,244914.6,1,0,0.02034528608
C99L32,32,99,-1377500,-977500,1,0,0,1,0,1,0,553.9904,0,0,31206.72,0,0,0,0,240901.5,1,0,0.009381707245
C100L32,32,100,-1372500,-977500,0.993421,0,0.006579,0.993421,0,0.993421,0,5553.569,0,0,32383.74,0,0,0,0,236925.9,1,0,0.007203519507
C101L32,32,101,-1367500,-977500,1,0,0,1,0,1,0,10332.41,0,0,33882.9,0,0,0,0,232989.8,1,0,0.006302347799
C102L32,32,102,-1362500,-977500,0.99592781,0.001253133,0.002819057,0.990602,0.006578943,0.990602,0.006578943,7401.456,0,0,35847.87,0,0,0,0,229095.1,1,0.005,0.007366297791
C16L33,33,16,-1792500,-982500,1,0,0,1,0,1,0,5422.702,1,0,24996.83,0,0,0,1,623362.1,1,0,0.0003998898208
C17L33,33,17,-1787500,-982500,0.94386,0,0.05614,0.94386,0,0.94386,0,8031.951,1,0,26884.59,0,0,0,1,618490.6,1,0,0.0004335745269
C18L33,33,18,-1782500,-982500,0.890584,0,0.109416,0.890584,0,0.890584,0,8790.771,1,0,28910.72,0,0,0,1,613621.2,1,0,0.0005052696909
C19L33,33,19,-1777500,-982500,0.960766,0,0.039234,0.960766,0,0.960766,0,11418.28,1,0,31553.46,0,0,0,1,608754,1,0,0.001203171314
C20L33,33,20,-1772500,-982500,0.955844,0.00974026,0.03441574,0.955844,0.00974026,0.955844,0.00974026,12150.9,1,0,34570.76,0,0,0,1,603888.8,1,0,0.00974026
C21L33,33,21,-1767500,-982500,0.985965,0,0.014035,0.985965,0,0.985965,0,12654.31,1,0,37597.55,0,0,0,1,599025.9,1,0,0.001883084947
C22L33,33,22,-1762500,-982500,0.981818,0,0.018182,0.981818,0,0.981818,0,10777.82,1,0,40624.35,0,0,0,1,594165.3,1,0,0.001777737139
C23L33,33,23,-1757500,-982500,0.945779,0,0.054221,0.945779,0,0.945779,0,10877.86,1,0,43651.15,0,0,0,1,589307,1,0,0.006505114541
C24L33,33,24,-1752500,-982500,0.911643,0,0.088357,0.911643,0,0.911643,0,11358.54,1,0,46677.95,0,0,0,1,584451.2,1,0,0.01696354589
C25L33,33,25,-1747500,-982500,0.91526002,0.084740241,-2.61e-07,0.902273,0.097727261,0.902273,0.097727261,9470.794,1,0,49704.75,0,0,0,1,579597.7,1,0.013,0.084740241
C26L33,33,26,-1742500,-982500,0.975757159,0.023285489,0.000957352,0.963317,0.035725648,0.963317,0.035725648,8288.415,0.9051142,0,52731.54,0,0,0,0.9051142,574746.8,1,0.012,0.0575430579
C27L33,33,27,-1737500,-982500,0.73116935,0.26883126,-6.1e-07,0.70974075,0.29025986,0.706494,0.29350661,6835.517,0.03429154,0,55758.34,0,0,0,0.03429154,569898.4,1,0.025,0.26883126
C28L33,33,28,-1732500,-982500,0.957257,0.003508777,0.039234223,0.957257,0.003508777,0.957257,0.003508777,4109.662,0,0,54952.07,0,0,0,0,565052.7,1,0,0.02886219653
C29L33,33,29,-1727500,-982500,0.969805,0,0.030195,0.969805,0,0.969805,0,2183.017,0,0,52968.76,0,0,0,0,560209.7,1,0,0.01080979862
C30L33,33,30,-1722500,-982500,0.967783,0,0.032217,0.967783,0,0.967783,0,2555.14,0,0,51396.97,0.02017034,0,0,0,555369.5,1,0,0.006634277784
C31L33,33,31,-1717500,-982500,0.901116,0,0.098884,0.901116,0,0.901116,0,1347.99,0,0,50275.33,0.2109932,0,0,0,550532.1,1,0,0.008047267222
C32L33,33,32,-1712500,-982500,0.966558,0,0.033442,0.966558,0,0.966558,0,3821.322,0,0,49634.34,0.974641,0,0,0,545697.7,1,0,0.02562057324
C33L33,33,33,-1707500,-982500,0.99362,0,0.00638,0.99362,0,0.99362,0,6917.259,0,0,49467.36,1,0,0,0,540866.3,1,0,0.03001291365
C34L33,33,34,-1702500,-982500,0.986363351,0.003896101,0.009740548,0.986363351,0.003896101,0.985714,0.004545452,9300.306,0,0,49418.09,1,0,0,0,536038,1,0.001,0.03560231191
C35L33,33,35,-1697500,-982500,0.94928192,0.05071757,5.1e-07,0.93428992,0.06570957,0.917703,0.08229649,4300.909,0,0,49368.82,0.9586583,0,0,0,531212.8,1,0.032,0.06586384702
C36L33,33,36,-1692500,-982500,0.945129876,0.05487017,-4.6e-08,0.93214286,0.067857186,0.925,0.075000046,326.3682,0,0,49319.55,0.1332957,0.08214813,0,0.08214813,526390.9,1,0.02,0.05487017
C37L33,33,37,-1687500,-982500,0.992663,0.00733652,4.8e-07,0.992663,0.00733652,0.992663,0.00733652,2787.013,0,0,49270.28,0,0.3704906,0,0.3704906,521572.4,1,0,0.0152221195
C38L33,33,38,-1682500,-982500,1,0,0,1,0,1,0,6121.278,0,0,49221.01,0,0.5570736,0,0.5570736,516757.3,2,0,0.003049955274
C39L33,33,39,-1677500,-982500,1,0,0,1,0,1,0,9964.943,0,0,49171.74,0,0.4682884,0.566934,1.0352224,511945.8,1,0,0
C40L33,33,40,-1672500,-982500,1,0,0,1,0,1,0,13649.88,0,0,49118.94,0,0.01354145,1,1.01354145,507137.9,1,0,0
C41L33,33,41,-1667500,-982500,1,0,0,1,0,1,0,16190.24,0,0,48763.47,0,0,1,1,502333.7,1,0,0
C42L33,33,42,-1662500,-982500,1,0,0,1,0,1,0,19695.9,0,0,48407.99,0,0,1,1,497533.4,1,0,0
C43L33,33,43,-1657500,-982500,1,0,0,1,0,1,0,19019.3,0,0,47803.99,0,0,1,1,492737.1,1,0,0
C44L33,33,44,-1652500,-982500,1,0,0,1,0,1,0,14940.43,0,0,47087.42,0,0.1883119,0.5714976,0.7598095,487944.9,1,0,0
C45L33,33,45,-1647500,-982500,1,0,0,1,0,1,0,10000.29,0,0,46226.14,0,1,0,1,483156.9,2,0,0.002348243575
C46L33,33,46,-1642500,-982500,0.998086,0.00191388,1.2e-07,0.998086,0.00191388,0.998086,0.00191388,5040.565,0,0,45091.17,0,1,0,1,478373.2,2,0,0.00404692977
C47L33,33,47,-1637500,-982500,0.921429,0,0.078571,0.921429,0,0.921429,0,42.44308,0,0,44263.17,0,1,0.1194917,1.1194917,473594,2,0,0.002055488355
C48L33,33,48,-1632500,-982500,0.896651,0,0.103349,0.896651,0,0.896651,0,4955.679,0,0,43860.1,0,1,0.1163735,1.1163735,468819.4,2,0,0.002218994931
C49L33,33,49,-1627500,-982500,1,0,0,1,0,1,0,9953.801,0,0,43485.58,0,1,0,1,464049.6,2,0,0.003081508926
C50L33,33,50,-1622500,-982500,1,0,0,1,0,1,0,14951.92,0,0,43111.06,0,1,0,1,459284.6,2,0,0.003663269612
C51L33,33,51,-1617500,-982500,1,0,0,1,0,1,0,19950.39,0,0,42736.53,0,0.9305313,0,0.9305313,454524.7,2,0,0.004077551892
C52L33,33,52,-1612500,-982500,1,0,0,1,0,1,0,15454.34,0,0,41892.11,0,0.05140879,0,0.05140879,449770,1,0,0.01048577452
C53L33,33,53,-1607500,-982500,1,0,0,1,0,1,0,10458.8,0,0,40662.24,0,0,0,0,445020.7,1,0,0.02631386499
C54L33,33,54,-1602500,-982500,0.90227291,0.097727236,-1.46e-07,0.893182,0.106818146,0.880195,0.119805146,5471.398,0,0,39190.85,0,0,0,0,440276.9,1,0.022,0.097727236
C55L33,33,55,-1597500,-982500,0.90334913,0.096650739,1.31e-07,0.89665056,0.103349309,0.889952,0.110047869,571.9087,0,0,37719.46,0,0,0,0,435538.9,1,0.013,0.096650739
C56L33,33,56,-1592500,-982500,0.999351,0.000649351,-3.51e-07,0.999351,0.000649351,0.999351,0.000649351,4247.331,0,0,36248.06,0,0,0,0,430806.8,1,0,0.02027329461
C57L33,33,57,-1587500,-982500,1,0,0,1,0,1,0,6460.974,0,0,34135.82,0,0,0,0,426080.8,1,0,0.01081503905
C58L33,33,58,-1582500,-982500,1,0,0,1,0,1,0,1736.861,0,0,31930.15,0,0,0,0,421361.1,1,0,0.004801758606
C59L33,33,59,-1577500,-982500,0.986364,0.0136364,-4e-07,0.986364,0.0136364,0.986364,0.0136364,2345.638,0,0,29799.15,0,0,0,0,416648,1,0,0.0136364
C60L33,33,60,-1572500,-982500,0.99681,0.00318979,2.1e-07,0.99681,0.00318979,0.99681,0.00318979,6713.536,0,0,28298.14,0,0,0,0,411941.6,1,0,0.007154711236
C61L33,33,61,-1567500,-982500,1,0,0,1,0,1,0,10185.47,0,0,27632.95,0,0,0,0,407242.2,1,0,0.004963680782
C62L33,33,62,-1562500,-982500,1,0,0,1,0,1,0,14041.18,0,0,27412.03,0,0,0,0,402550.1,1,0,0.003841533875
C63L33,33,63,-1557500,-982500,1,0,0,1,0,1,0,11281.86,0,0,27191.12,0,0,0,0,397865.5,1,0,0.00398274115
C64L33,33,64,-1552500,-982500,1,0,0,1,0,1,0,9000.318,0,0,26970.2,0,0,0,0,393188.6,1,0,0.004375861699
C65L33,33,65,-1547500,-982500,1,0,0,1,0,1,0,4866.293,0,0,25956.71,0,0,0,0,388519.8,1,0,0.01073283396
C66L33,33,66,-1542500,-982500,1,0,0,1,0,1,0,2572.468,0,0,24628.33,0,0,0,0,383859.4,1,0,0.03354469736
C67L33,33,67,-1537500,-982500,0.71068615,0.28931433,-4.8e-07,0.6931423,0.30685818,0.666667,0.33333348,134.0332,0,0,23299.96,0,0,0,0,379207.6,1,0.044,0.28931433
C68L33,33,68,-1532500,-982500,0.84610347,0.15389605,4.8e-07,0.82662291,0.17337661,0.791558,0.20844152,718.6263,0,0,21971.59,0,0,0,0,374564.7,1,0.055,0.15389605
C69L33,33,69,-1527500,-982500,0.993939,0.006060609,3.91e-07,0.993939,0.006060609,0.993939,0.006060609,2508.892,0,0,20643.21,0,0,0,0,369931.2,1,0,0.03689746726
C70L33,33,70,-1522500,-982500,0.988961,0.01103897,3e-08,0.988961,0.01103897,0.988961,0.01103897,6257.818,0,0,19702.33,0,0,0,0,365307.3,1,0,0.02039565269
C71L33,33,71,-1517500,-982500,0.992982,0.00701754,4.6e-07,0.992982,0.00701754,0.992982,0.00701754,7053.964,0,0,19924.34,0,0,0,0,360693.5,1,0,0.01902867678
C72L33,33,72,-1512500,-982500,0.98051945,0.019480516,3.4e-08,0.975974,0.024025966,0.975974,0.024025966,9440.491,0,0,20447.58,0,0,0,0,356090.1,1,0.005,0.03055874714
C73L33,33,73,-1507500,-982500,0.94928219,0.050717659,1.51e-07,0.94098873,0.059011119,0.936842,0.063157849,9532.024,0,0,20970.82,0,0,0,0,351497.5,1,0.012,0.050717659
C74L33,33,74,-1502500,-982500,0.96136388,0.038636345,-2.25e-07,0.9558444,0.044155825,0.953247,0.046753225,5095.817,0,0,20224.57,0,0,0,0,346916.2,1,0.008,0.04089681331
C75L33,33,75,-1497500,-982500,1,0,0,1,0,1,0,354.1482,0,0,18893.33,0,0,0,0,342346.6,1,0,0.0505499275
C76L33,33,76,-1492500,-982500,0.85199348,0.1480064,1.2e-07,0.84912267,0.15087721,0.844019,0.15598088,4468.559,0,0,17562.09,0,0,0,0,337789.2,1,0.008,0.1480064
C77L33,33,77,-1487500,-982500,0.86298731,0.13701301,-3.2e-07,0.85551978,0.14448054,0.851299,0.14870132,9374.503,0,0,16287.99,0,0,0,0,333244.5,1,0.012,0.13701301
C78L33,33,78,-1482500,-982500,0.982775,0.017224909,9.1e-08,0.982775,0.017224909,0.982775,0.017224909,14331.78,0,0,15904.52,0,0,0,0,328713,1,0,0.03494660571
C79L33,33,79,-1477500,-982500,0.989935,0.01006494,6e-08,0.989935,0.01006494,0.989935,0.01006494,8774.484,0,0,15684.11,0,0,0,0,324195.3,1,0,0.01579883207
C80L33,33,80,-1472500,-982500,1,0,0,1,0,1,0,5145.394,0,0,16170.21,0,0,0,0,319692,1,0,0.00842110546
C81L33,33,81,-1467500,-982500,0.993506,0.00649351,4.9e-07,0.993506,0.00649351,0.993506,0.00649351,1847.307,0,0,17731.07,0,0,0,0,315203.6,1,0,0.01252770752
C82L33,33,82,-1462500,-982500,0.998724,0.000956938,0.000319062,0.998724,0.000956938,0.998724,0.000956938,2385.882,0,0,18430.11,0,0,0,0,310730.9,1,0,0.01208486516
C83L33,33,83,-1457500,-982500,0.96818148,0.03181818,3.4e-07,0.96818148,0.03181818,0.962662,0.03733766,7335.918,0,0,15166.67,0,0,0,0,306274.4,1,0.006,0.03181818
C84L33,33,84,-1452500,-982500,0.996172,0.00382775,2.5e-07,0.996172,0.00382775,0.996172,0.00382775,11879.87,0,0,11188.75,0,0,0,0,301835,1,0,0.01770454406
C85L33,33,85,-1447500,-982500,0.98596481,0.014035078,1.12e-07,0.98596481,0.014035078,0.983094,0.016905888,16414.99,0,0,7128.877,0,0,0,0,297413.4,1,0.003,0.02271449992
C86L33,33,86,-1442500,-982500,0.94999967,0.050000017,3.13e-07,0.94642824,0.053571447,0.937662,0.062337687,21070.44,0,0,3069.003,0,0,0,0,293010.4,1,0.012,0.050000017
C87L33,33,87,-1437500,-982500,0.94641141,0.053588577,1.3e-08,0.94066979,0.059330197,0.93748,0.062519987,25581.82,0,0,990.8701,0,0,0,0,288626.8,1,0.009,0.053588577
C88L33,33,88,-1432500,-982500,0.990584,0.009415581,4.19e-07,0.990584,0.009415581,0.990584,0.009415581,30243.53,0,0,5050.743,0,0,0,0,284263.6,1,0,0.02215663079
C89L33,33,89,-1427500,-982500,0.970654,0.029346079,-7.9e-08,0.970654,0.029346079,0.970654,0.029346079,28233.93,0,0,9110.617,0,0,0,0,279921.7,1,0,0.03134750997
C90L33,33,90,-1422500,-982500,0.977597,0.0224026,4e-07,0.977597,0.0224026,0.977597,0.0224026,25089.82,0,0,13073.16,0,0,0,0,275602.1,1,0,0.02604382081
C91L33,33,91,-1417500,-982500,1,0,0,1,0,1,0,20663.42,0,0,15449.41,0,0,0,0,271305.9,1,0,0.009773422497
C92L33,33,92,-1412500,-982500,1,0,0,1,0,1,0,15804.5,0,0,16787.36,0,0,0,0,267034.1,1,0,0.01230882428
C93L33,33,93,-1407500,-982500,0.972887,0.02711322,-2.2e-07,0.972887,0.02711322,0.972887,0.02711322,11071.94,0,0,18128.06,0,0,0,0,262788.1,1,0,0.03202089617
C94L33,33,94,-1402500,-982500,0.97735296,0.022647548,-5.08e-07,0.96969746,0.030303048,0.961404,0.038596508,6428.01,0,0,19694.73,0,0,0,0,258569,1,0.016,0.04361576081
C95L33,33,95,-1397500,-982500,0.94188287,0.058116876,2.54e-07,0.93571404,0.064285706,0.921753,0.078246746,1498.374,0,0,21270.89,0,0,0,0,254378.2,1,0.02,0.08622140326
C96L33,33,96,-1392500,-982500,0.75342903,0.24657123,-2.6e-07,0.73971288,0.26028738,0.722488,0.27751226,2793.96,0,0,22816.16,0,0,0,0,250217.2,1,0.031,0.24657123
C97L33,33,97,-1387500,-982500,0.79772729,0.17954521,0.0227275,0.7779221,0.1993504,0.737013,0.2402595,7684.898,0,0,23993.18,0,0,0,0,246087.4,1,0.061,0.17954521
C98L33,33,98,-1382500,-982500,0.9598087,0.040191338,-3.8e-08,0.9598087,0.040191338,0.939075,0.060925038,3283.729,0,0,25170.2,0,0,0,0,241990.4,1,0.021,0.051706978
C99L33,33,99,-1377500,-982500,0.97077941,0.018181836,0.011038754,0.96818201,0.020779236,0.905195,0.083766246,1291.244,0,0,26347.23,0,0,0,0,237927.9,1,0.066,0.03094354634
C100L33,33,100,-1372500,-982500,0.99999983,0,1.7e-07,0.99999983,0,0.997448,0.00255183,5909.736,0,0,27541.65,0,0,0,0,233901.8,1,0.003,0.01505826539
C101L33,33,101,-1367500,-982500,0.99935043,0.000649351,2.19e-07,0.99935043,0.000649351,0.995779,0.004220781,9802.384,0,0,29275.28,0,0,0,0,229913.9,1,0.004,0.01188563334
C102L33,33,102,-1362500,-982500,1,0,0,1,0,1,0,5108.585,0,0,31257.64,0,0,0,0,225966.3,1,0,0.01097622856
C103L33,33,103,-1357500,-982500,1,0,0,1,0,1,0,602.3207,0,0,33240,0,0,0,0,222061.1,1,0,0.01896651088
C104L33,33,104,-1352500,-982500,0.95551964,0.04448048,-1.2e-07,0.94642873,0.05357139,0.944156,0.05584412,2764.758,0,0,35222.36,0,0,0,0,218200.5,1,0.011,0.05318408655
C16L34,34,16,-1792500,-987500,1,0,0,1,0,1,0,1934.194,1,0,29626.77,0,0,0,1,622259.2,1,0,0.000414609338
C17L34,34,17,-1787500,-987500,0.937657,0,0.062343,0.937657,0,0.937657,0,3032.024,1,0,31514.54,0,0,0,1,617379,1,0,0.0004443460431
C18L34,34,18,-1782500,-987500,0.833546,0,0.166454,0.833546,0,0.833546,0,4356.818,1,0,33415.45,0,0,0,1,612500.8,1,0,0.0004734218954
C19L34,34,19,-1777500,-987500,0.723058,0,0.276942,0.723058,0,0.723058,0,6798.722,1,0,35726.51,0,0,0,1,607624.5,1,0,0.0008049577309
C20L34,34,20,-1772500,-987500,0.931122,0,0.068878,0.931122,0,0.931122,0,7153.899,1,0,38550.52,0,0,0,1,602750.3,1,0,0.001261599858
C21L34,34,21,-1767500,-987500,0.968358,0,0.031642,0.968358,0,0.968358,0,7671.114,1,0,41577.31,0,0,0,1,597878.1,1,0,0.003011121512
C22L34,34,22,-1762500,-987500,0.99906,0,0.00094,0.99906,0,0.99906,0,5985.787,1,0,44604.11,0,0,0,1,593008.1,1,0,0.007655598017
C23L34,34,23,-1757500,-987500,0.961097,0,0.038903,0.961097,0,0.961097,0,6134.322,1,0,47630.91,0,0,0,1,588140.3,1,0,0.01253133393
C24L34,34,24,-1752500,-987500,0.87343356,0.09555145,0.03101499,0.85902253,0.10996248,0.85401,0.11497501,6469.155,1,0,50657.71,0,0,0,1,583274.7,1,0.019,0.09555145
C25L34,34,25,-1747500,-987500,0.850765,0.1253188,0.0239162,0.850765,0.1253188,0.850765,0.1253188,4943.256,1,0,53684.51,0,0,0,1,578411.3,1,0,0.1253188
C26L34,34,26,-1742500,-987500,0.78038896,0.21867211,0.00093893,0.776003,0.22305807,0.776003,0.22305807,3312.712,0.3798505,0,56711.31,0,0,0,0.3798505,573550.4,1,0.004,0.21867211
C27L34,34,27,-1737500,-987500,0.97449029,0.02551023,-5.2e-07,0.970026,0.02997452,0.970026,0.02997452,2130.997,0.0005512913,0,59738.1,0,0,0,0.0005512913,568691.8,1,0.004,0.05925300839
C28L34,34,28,-1732500,-987500,0.91008786,0.0899123,-1.6e-07,0.90131593,0.09868423,0.892544,0.10745616,121.4541,0,0,59494,0,0,0,0,563835.7,1,0.018,0.0899123
C29L34,34,29,-1727500,-987500,0.95535716,0.02933675,0.01530609,0.95280614,0.03188777,0.950574,0.03411991,1731.494,0,0,57667.11,0,0,0,0,558982.2,1,0.005,0.02933675
C30L34,34,30,-1722500,-987500,0.968358,0,0.031642,0.968358,0,0.968358,0,4708.307,0,0,56226.81,0,0,0,0,554131.3,1,0,0.003950511271
C31L34,34,31,-1717500,-987500,0.770677,0,0.229323,0.770677,0,0.770677,0,1609.086,0,0,55203.39,0,0,0,0,549283,1,0,0.002654149914
C32L34,34,32,-1712500,-987500,0.831952,0,0.168048,0.831952,0,0.831952,0,311.5542,0,0,54620.27,0.6451499,0,0,0,544437.5,1,0,0.01520454041
C33L34,34,33,-1707500,-987500,0.712719,0,0.287281,0.712719,0,0.712719,0,3890.543,0,0,54467.12,1,0,0,0,539594.8,1,0,0.0196062601
C34L34,34,34,-1702500,-987500,0.990434,0,0.009566,0.990434,0,0.990434,0,7203.769,0,0,54417.85,1,0,0,0,534755,1,0,0.03031694588
C35L34,34,35,-1697500,-987500,0.993734566,0,0.006265434,0.993108,0.000626566,0.993108,0.000626566,6669.354,0,0,54368.58,1,0,0,0,529918.1,1,0.001,0.03832784631
C36L34,34,36,-1692500,-987500,0.88105916,0.117984683,0.000956157,0.84183718,0.157206663,0.816327,0.182716843,3745.532,0,0,54319.31,0.7970141,0,0,0,525084.3,1,0.065,0.117984683
C37L34,34,37,-1687500,-987500,0.98715543,0.01284461,-4e-08,0.97869678,0.02130326,0.968985,0.03101504,949.6797,0,0,54270.04,0.0004565872,0,0,0,520253.7,1,0.018,0.02003676343
C38L34,34,38,-1682500,-987500,0.999999878,0,1.22e-07,0.999681,0.000318878,0.999681,0.000318878,3243.997,0,0,54220.77,0,0,0,0,515426.3,1,0,0.00345190858
C39L34,34,39,-1677500,-987500,1,0,0,1,0,1,0,6928.262,0,0,54171.5,0,0,0,0,510602.2,1,0,0.001803707634
C40L34,34,40,-1672500,-987500,1,0,0,1,0,1,0,9199.315,0,0,54106.29,0,0,0.8564266,0.8564266,505781.6,1,0,0
C41L34,34,41,-1667500,-987500,1,0,0,1,0,1,0,12666.18,0,0,53750.81,0,0,1,1,500964.4,1,0,0
C42L34,34,42,-1662500,-987500,1,0,0,1,0,1,0,16890.32,0,0,53395.34,0,0,1,1,496150.9,1,0,0
C43L34,34,43,-1657500,-987500,1,0,0,1,0,1,0,15881.62,0,0,52752.37,0,0,1,1,491341.1,1,0,0
C44L34,34,44,-1652500,-987500,1,0,0,1,0,1,0,11968.03,0,0,52035.81,0,0.1486837,0.5913075,0.7399912,486535.1,1,0,0
C45L34,34,45,-1647500,-987500,0.997449,0,0.002551,0.997449,0,0.997449,0,8489.539,0,0,51095.29,0,1,0.05415685,1.05415685,481733.1,2,0,0.001760507348
C46L34,34,46,-1642500,-987500,0.998434,0.00156642,-4.2e-07,0.998434,0.00156642,0.998434,0.00156642,4288.798,0,0,49981.26,0,0.4270197,0.384787,0.8118067,476935.1,1,0,0.00156642
C47L34,34,47,-1637500,-987500,0.979273,0.00956633,0.01116067,0.979273,0.00956633,0.979273,0.00956633,651.3461,0,0,49235.57,0,0.01719846,0.9979249,1.01512336,472141.4,1,0,0.00956633
C48L34,34,48,-1632500,-987500,0.990915,0.000313283,0.008771717,0.990915,0.000313283,0.990915,0.000313283,5591.491,0,0,48846.05,0,0.1105027,0.8910088,1.0015115,467351.9,1,0,0.000313283
C49L34,34,49,-1627500,-987500,0.992794,0.00720551,4.9e-07,0.992794,0.00720551,0.992794,0.00720551,10531.63,0,0,48471.53,0,0.7269033,0.2869448,1.0138481,462566.9,2,0,0.00720551
C50L34,34,50,-1622500,-987500,0.996173,0.003826531,4.69e-07,0.996173,0.003826531,0.996173,0.003826531,15471.78,0,0,48097.01,0,1,0,1,457786.6,2,0,0.007271180109
C51L34,34,51,-1617500,-987500,0.989035,0.01096491,9e-08,0.989035,0.01096491,0.989035,0.01096491,18450.65,0,0,47722.49,0,1,0,1,453010.9,2,0,0.01470807536
C52L34,34,52,-1612500,-987500,1,0,0,1,0,1,0,14076.02,0,0,46807.5,0,0.4899448,0,0.4899448,448240.2,1,0,0.02221580982
C53L34,34,53,-1607500,-987500,0.87343321,0.126566433,3.57e-07,0.87030038,0.129699263,0.864348,0.135651643,9966.77,0,0,45440.84,0,0,0,0,443474.5,1,0.009,0.126566433
C54L34,34,54,-1602500,-987500,0.75510192,0.24489772,3.6e-07,0.73182388,0.26817576,0.71588,0.28411964,6384.438,0,0,43969.45,0,0,0,0,438714,1,0.039,0.24489772
C55L34,34,55,-1597500,-987500,0.995927,0.00407268,3.2e-07,0.995927,0.00407268,0.995927,0.00407268,1541.589,0,0,42498.06,0,0,0,0,433958.9,1,0,0.03094753419
C56L34,34,56,-1592500,-987500,1,0,0,1,0,1,0,3305.323,0,0,40828.7,0,0,0,0,429209.3,1,0,0.009529314409
C57L34,34,57,-1587500,-987500,1,0,0,1,0,1,0,2595.636,0,0,38623.03,0,0,0,0,424465.6,1,0,0.003988351751
C58L34,34,58,-1582500,-987500,1,0,0,1,0,1,0,452.2767,0,0,36417.36,0,0,0,0,419727.7,1,0,0.003964257933
C59L34,34,59,-1577500,-987500,1,0,0,1,0,1,0,4313.586,0,0,34482.59,0,0,0,0,414996,1,0,0.004060196842
C60L34,34,60,-1572500,-987500,1,0,0,1,0,1,0,8885.677,0,0,33194.04,0,0,0,0,410270.7,1,0,0.004601429333
C61L34,34,61,-1567500,-987500,1,0,0,1,0,1,0,13363.9,0,0,32628.06,0,0,0,0,405552,1,0,0.004448775057
C62L34,34,62,-1562500,-987500,0.995301,0.00469925,-2.5e-07,0.995301,0.00469925,0.995301,0.00469925,11770.45,0,0,32407.15,0,0,0,0,400840.1,1,0,0.007201912806
C63L34,34,63,-1557500,-987500,0.996173,0.00382653,4.7e-07,0.996173,0.00382653,0.996173,0.00382653,7593.747,0,0,32186.24,0,0,0,0,396135.2,1,0,0.007004555922
C64L34,34,64,-1552500,-987500,0.996241,0.0037594,-4e-07,0.996241,0.0037594,0.996241,0.0037594,4547.945,0,0,31965.32,0,0,0,0,391437.7,1,0,0.008305949938
C65L34,34,65,-1547500,-987500,1,0,0,1,0,1,0,3430.964,0,0,30777.02,0,0,0,0,386747.8,1,0,0.01895957884
C66L34,34,66,-1542500,-987500,0.88471168,0.11528815,1.7e-07,0.8768796,0.12312023,0.813283,0.18671683,918.4125,0,0,29448.65,0,0,0,0,382065.7,1,0.071,0.11528815
C67L34,34,67,-1537500,-987500,0.82487428,0.17512532,4e-07,0.772556,0.2274436,0.734962,0.2650376,4072.547,0,0,28120.27,0,0,0,0,377391.8,1,0.09,0.17512532
C68L34,34,68,-1532500,-987500,0.96013987,0.039859673,4.57e-07,0.95440007,0.045599473,0.946747,0.053252543,5633.852,0,0,26791.9,0,0,0,0,372726.3,1,0.013,0.06007532502
C69L34,34,69,-1527500,-987500,0.98089,0.019110279,-2.79e-07,0.98089,0.019110279,0.98089,0.019110279,6943.955,0,0,25466.61,0,0,0,0,368069.6,1,0,0.02976327551
C70L34,34,70,-1522500,-987500,0.98405578,0.0159439,3.2e-07,0.98405578,0.0159439,0.980867,0.01913268,9578.372,0,0,24692.49,0,0,0,0,363422.1,1,0.003,0.03048205937
C71L34,34,71,-1517500,-987500,0.96240612,0.03759397,-9e-08,0.95896,0.04104009,0.95896,0.04104009,11778.87,0,0,24896.88,0,0,0,0,358784,1,0.003,0.04905069877
C72L34,34,72,-1512500,-987500,0.88934913,0.11065051,3.6e-07,0.88042056,0.11957908,0.86352,0.13647964,10437.18,0,0,25420.12,0,0,0,0,354155.8,1,0.026,0.11065051
C73L34,34,73,-1507500,-987500,0.92449911,0.07550121,-3.2e-07,0.91008808,0.08991224,0.902256,0.09774432,6487.624,0,0,25943.37,0,0,0,0,349537.8,1,0.022,0.07550121
C74L34,34,74,-1502500,-987500,0.96588,0.034119885,1.15e-07,0.96588,0.034119885,0.96588,0.034119885,3070.069,0,0,25044.09,0,0,0,0,344930.5,1,0,0.03711020686
C75L34,34,75,-1497500,-987500,1,0,0,1,0,1,0,1244.733,0,0,23712.85,0,0,0,0,340334.2,1,0,0.05309682431
C76L34,34,76,-1492500,-987500,0.61152868,0.38847154,-2.2e-07,0.607456,0.39254422,0.607456,0.39254422,5982.749,0,0,22381.61,0,0,0,0,335749.5,1,0.004,0.38847154
C77L34,34,77,-1487500,-987500,0.9107146,0.089285738,-3.38e-07,0.9049748,0.095025538,0.881059,0.118941338,10612.76,0,0,21222.1,0,0,0,0,331176.8,1,0.03,0.1113304436
C78L34,34,78,-1482500,-987500,0.96961132,0.030388476,2.04e-07,0.96209253,0.037907266,0.95708,0.042919796,11823.44,0,0,20899.66,0,0,0,0,326616.7,1,0.013,0.04069330849
C79L34,34,79,-1477500,-987500,0.98596951,0.014030616,-1.26e-07,0.984694,0.015306126,0.984694,0.015306126,6842.091,0,0,20679.25,0,0,0,0,322069.6,1,0.001,0.01799411504
C80L34,34,80,-1472500,-987500,0.989975,0.010025063,-6.3e-08,0.989975,0.010025063,0.989975,0.010025063,1904.532,0,0,21048.67,0,0,0,0,317536.1,1,0,0.01385920287
C81L34,34,81,-1467500,-987500,0.980548,0.019132665,0.000319335,0.980548,0.019132665,0.980548,0.019132665,415.2109,0,0,22466.31,0,0,0,0,313016.8,1,0,0.02044981737
C82L34,34,82,-1462500,-987500,0.973684,0.026315766,2.34e-07,0.973684,0.026315766,0.973684,0.026315766,2572.215,0,0,22226.96,0,0,0,0,308512.3,1,0,0.02819593691
C83L34,34,83,-1457500,-987500,0.979911,0.0200893,-3e-07,0.979911,0.0200893,0.979911,0.0200893,7202.046,0,0,18167.09,0,0,0,0,304023.4,1,0,0.02526743499
C84L34,34,84,-1452500,-987500,0.97744327,0.022556396,3.34e-07,0.974937,0.025062666,0.974937,0.025062666,12129.41,0,0,14107.21,0,0,0,0,299550.6,1,0.003,0.02761264511
C85L34,34,85,-1447500,-987500,0.94204255,0.05795735,1e-07,0.94204255,0.05795735,0.939223,0.0607769,17099,0,0,10047.34,0,0,0,0,295094.8,1,0.003,0.05795735
C86L34,34,86,-1442500,-987500,0.99521702,0.004783173,-1.93e-07,0.99521702,0.004783173,0.992666,0.007334193,22082.32,0,0,5987.467,0,0,0,0,290656.6,1,0.003,0.01735403703
C87L34,34,87,-1437500,-987500,0.994987,0.00501253,4.7e-07,0.994987,0.00501253,0.994987,0.00501253,27071.8,0,0,1927.593,0,0,0,0,286237,1,0,0.01447097458
C88L34,34,88,-1432500,-987500,0.997768,0.00223214,-1.4e-07,0.997768,0.00223214,0.997768,0.00223214,27078.54,0,0,2132.28,0,0,0,0,281836.8,1,0,0.01276571769
C89L34,34,89,-1427500,-987500,0.966479,0.0335213,-3e-07,0.966479,0.0335213,0.966479,0.0335213,24812.96,0,0,6003.01,0,0,0,0,277456.9,1,0,0.0335213
C90L34,34,90,-1422500,-987500,0.987564,0.01243627,-2.7e-07,0.987564,0.01243627,0.987564,0.01243627,21168.58,0,0,9199.733,0,0,0,0,273098.3,1,0,0.01645365555
C91L34,34,91,-1417500,-987500,1,0,0,1,0,1,0,18120.31,0,0,10631.74,0,0,0,0,268762.1,1,0,0.008624947283
C92L34,34,92,-1412500,-987500,0.993622,0.00637755,4.5e-07,0.993622,0.00637755,0.993622,0.00637755,15111.51,0,0,11969.69,0,0,0,0,264449.2,1,0,0.013694593
C93L34,34,93,-1407500,-987500,0.9721181,0.027882246,-3.46e-07,0.966479,0.033521346,0.966479,0.033521346,10246.18,0,0,13373.5,0,0,0,0,260161,1,0.006,0.02844964776
C94L34,34,94,-1402500,-987500,0.97869681,0.02130327,-8e-08,0.97556398,0.0244361,0.973371,0.02662908,5271.596,0,0,14949.65,0,0,0,0,255898.6,1,0.005,0.02790488952
C95L34,34,95,-1397500,-987500,0.98278019,0.01721939,4.2e-07,0.98278019,0.01721939,0.975446,0.02455358,392.2722,0,0,16525.81,0,0,0,0,251663.4,1,0.007,0.03600409704
C96L34,34,96,-1392500,-987500,0.98276952,0.01723058,-1e-07,0.98026325,0.01973685,0.975564,0.0244361,4262.498,0,0,17956.67,0,0,0,0,247456.7,1,0.007,0.04331980245
C97L34,34,97,-1387500,-987500,0.98915767,0.00382653,0.0070158,0.98565002,0.00733418,0.983099,0.0098852,9028.23,0,0,19133.69,0,0,0,0,243280,1,0.006,0.04096740977
C98L34,34,98,-1382500,-987500,0.83521263,0.13502546,0.02976191,0.8320798,0.13815829,0.824561,0.14567709,3429.04,0,0,20310.72,0,0,0,0,239134.9,1,0.011,0.13502546
C99L34,34,99,-1377500,-987500,0.91900494,0.08099496,1e-07,0.8957269,0.104273,0.786033,0.2139669,1434.749,0,0,21487.74,0,0,0,0,235023.1,1,0.133,0.08099496
C100L34,34,100,-1372500,-987500,0.958333183,0.041666703,1.14e-07,0.958333183,0.041666703,0.940476,0.059523886,6331.429,0,0,22767.05,0.05890914,0,0,0,230946.4,1,0.018,0.05559910313
C101L34,34,101,-1367500,-987500,0.96332914,0.03667089,-3e-08,0.95663271,0.04336732,0.945472,0.05452803,8816.902,0,0,24685.05,0.444462,0,0,0,226906.6,1,0.018,0.06082853408
C102L34,34,102,-1362500,-987500,0.99342079,0.00657894,2.7e-07,0.99122781,0.00877192,0.952694,0.04730573,3842.238,0,0,26667.4,0.4546763,0,0,0,222905.7,1,0.041,0.04520422687
C103L34,34,103,-1357500,-987500,0.99718002,0.00281955,4.3e-07,0.99718002,0.00281955,0.982769,0.01723057,1110.307,0,0,28649.76,0,0,0,0,218945.9,1,0.014,0.04175615051
C104L34,34,104,-1352500,-987500,0.87786992,0.122130103,-2.3e-08,0.8695791,0.130420923,0.856824,0.143176023,5952.784,0,0,30632.12,0.004041898,0,0,0,215029.4,1,0.021,0.1311925689
C105L34,34,105,-1347500,-987500,0.93139131,0.06860896,-2.7e-07,0.90288253,0.09711774,0.89787,0.10213027,9765.421,0,0,32614.48,0.0006464359,0,0,0,211158.7,1,0.034,0.1141309711
C106L34,34,106,-1342500,-987500,0.98341824,0.016581635,1.25e-07,0.97448967,0.025510205,0.968431,0.031568875,13543.73,0,0,34596.84,0,0,0,0,207336.3,1,0.015,0.08805819988
C16L35,35,16,-1792500,-992500,0.71526,0,0.28474,0.71526,0,0.71526,0,823.38,0.8576761,0,34256.71,0,0,0,0.8576761,621194.6,1,0,0.0003071440584
C17L35,35,17,-1787500,-992500,0.894099,0,0.105901,0.894099,0,0.894099,0,1908.266,1,0,36144.48,0,0,0,1,616305.9,1,0,0.0004372142756
C18L35,35,18,-1782500,-992500,0.731818,0,0.268182,0.731818,0,0.731818,0,1552.035,1,0,38032.24,0,0,0,1,611419.2,1,0,0.0004165553908
C19L35,35,19,-1777500,-992500,0.890271,0,0.109729,0.890271,0,0.890271,0,1807.753,1,0,40089.22,0,0,0,1,606534.2,1,0,0.0006266582122
C20L35,35,20,-1772500,-992500,0.862338,0,0.137662,0.862338,0,0.862338,0,2170.746,1,0,42625.54,0,0,0,1,601651.1,1,0,0.0008802838651
C21L35,35,21,-1767500,-992500,0.811164,0,0.188836,0.811164,0,0.811164,0,2687.918,1,0,45557.08,0,0,0,1,596770,1,0,0.003989018481
C22L35,35,22,-1762500,-992500,0.938118,0.03221692,0.02966508,0.938118,0.03221692,0.938118,0.03221692,1826.983,1,0,48583.87,0,0,0,1,591890.9,1,0,0.03221692
C23L35,35,23,-1757500,-992500,0.897078,0.09675325,0.00616875,0.897078,0.09675325,0.897078,0.09675325,1451.45,1,0,51610.67,0,0,0,1,587013.8,1,0,0.09675325
C24L35,35,24,-1752500,-992500,0.98437,0,0.01563,0.98437,0,0.98437,0,1494.311,1,0,54637.47,0,0,0,1,582138.7,1,0,0.02007153152
C25L35,35,25,-1747500,-992500,0.918182,0.03928571,0.04253229,0.918182,0.03928571,0.918182,0.03928571,223.8425,1,0,57664.27,0,0,0,1,577265.8,1,0,0.05512832326
C26L35,35,26,-1742500,-992500,0.7984053,0.19776727,0.00382743,0.787241,0.20893157,0.787241,0.20893157,1557.464,0.6165989,0,60691.07,0,0,0,0.6165989,572395.2,1,0.011,0.19776727
C27L35,35,27,-1737500,-992500,0.981818,0.01818183,1.7e-07,0.981818,0.01818183,0.981818,0.01818183,2451.672,0,0,63717.86,0,0,0,0,567526.7,1,0,0.05624676379
C28L35,35,28,-1732500,-992500,0.96523135,0.0347687,-5e-08,0.95119625,0.0488038,0.939713,0.06028705,3101.291,0,0,64104.14,0,0,0,0,562660.6,1,0.026,0.04721305313
C29L35,35,29,-1727500,-992500,0.97435026,0.003571435,0.022078305,0.96461,0.013311695,0.96461,0.013311695,5872.029,0,0,62412.34,0,0,0,0,557796.8,1,0.01,0.01320731463
C30L35,35,30,-1722500,-992500,0.985327,0.006698569,0.007974431,0.985327,0.006698569,0.985327,0.006698569,8134.466,0,0,61084.04,0,0,0,0,552935.5,1,0,0.008399832982
C31L35,35,31,-1717500,-992500,0.939394,0.00255183,0.05805417,0.939394,0.00255183,0.939394,0.00255183,6593.536,0,0,60143.33,0,0,0,0,548076.6,1,0,0.003946653998
C32L35,35,32,-1712500,-992500,0.613961,0.00292208,0.38311692,0.613961,0.00292208,0.613961,0.00292208,2191.742,0,0,59608.55,0.2372188,0,0,0,543220.3,1,0,0.006862299796
C33L35,35,33,-1707500,-992500,0.872727,0.00287081,0.12440219,0.872727,0.00287081,0.872727,0.00287081,1345.011,0,0,59466.88,0.9149003,0,0,0,538366.7,1,0,0.02274109451
C34L35,35,34,-1702500,-992500,0.653571,0,0.346429,0.653571,0,0.653571,0,3036.928,0,0,59417.61,1,0,0,0,533515.7,1,0,0.01800608158
C35L35,35,35,-1697500,-992500,0.837959,0.000637959,0.161403041,0.837959,0.000637959,0.837959,0.000637959,6269.835,0,0,59368.34,1,0,0,0,528667.6,1,0,0.02901905163
C36L35,35,36,-1692500,-992500,0.96396099,0.02727274,0.00876627,0.95551943,0.0357143,0.951948,0.03928573,7316.46,0,0,59319.07,0.9408802,0,0,0,523822.3,1,0.012,0.0472123148
C37L35,35,37,-1687500,-992500,0.99585363,0.004146738,-3.68e-07,0.99457771,0.005422658,0.990112,0.009888368,2981.251,0,0,59269.79,0.007334051,0,0,0,518979.9,1,0.006,0.01383685128
C38L35,35,38,-1682500,-992500,1.0000004,0,-4e-07,0.997403,0.0025974,0.997403,0.0025974,127.3943,0,0,59220.52,0,0,0,0,514140.5,1,0.003,0.003590857331
C39L35,35,39,-1677500,-992500,1,0,0,1,0,1,0,2620.245,0,0,59171.25,0,0,0.1162723,0.1162723,509304.2,1,0,0.001099822726
C40L35,35,40,-1672500,-992500,1,0,0,1,0,1,0,5733.284,0,0,59093.63,0,0,0.9503031,0.9503031,504471.2,1,0,0
C41L35,35,41,-1667500,-992500,1,0,0,1,0,1,0,10064.04,0,0,58738.16,0,0,1,1,499641.4,1,0,0
C42L35,35,42,-1662500,-992500,1,0,0,1,0,1,0,13869.51,0,0,58382.69,0,0,1,1,494815,1,0,0
C43L35,35,43,-1657500,-992500,1,0,0,1,0,1,0,13103.76,0,0,57700.76,0,0,0.8905132,0.8905132,489992.1,1,0,0
C44L35,35,44,-1652500,-992500,1,0,0,1,0,1,0,8918.205,0,0,56984.2,0,0.02412997,0.4824785,0.50660847,485172.7,1,0,0
C45L35,35,45,-1647500,-992500,1,0,0,1,0,1,0,4916.766,0,0,55964.44,0,0.1641908,0.927686,1.0918768,480357.1,1,0,0
C46L35,35,46,-1642500,-992500,0.997767,0,0.002233,0.997767,0,0.997767,0,1544.101,0,0,54891.16,0,0.0001481318,0.9899655,0.9901136318,475545.3,1,0,0
C47L35,35,47,-1637500,-992500,0.996429,0,0.003571,0.996429,0,0.996429,0,1970.309,0,0,54213.04,0,0,1,1,470737.3,1,0,0
C48L35,35,48,-1632500,-992500,0.998724,0.001275918,8.2e-08,0.998724,0.001275918,0.998724,0.001275918,6578.263,0,0,53832.01,0,0,1,1,465933.5,1,0,0.001275918
C49L35,35,49,-1627500,-992500,0.988517,0.01148325,-2.5e-07,0.988517,0.01148325,0.988517,0.01148325,11351.44,0,0,53457.49,0,0.3960177,0.615085,1.0111027,461133.8,1,0,0.01148325
C50L35,35,50,-1622500,-992500,1,0,0,1,0,1,0,16245.48,0,0,53082.96,0,0.6388848,0.4462302,1.085115,456338.4,2,0,0.004295072102
C51L35,35,51,-1617500,-992500,0.97671485,0.023285518,-3.68e-07,0.97671485,0.023285518,0.974482,0.025518368,16280.27,0,0,52638.8,0,0.4687012,0.5054499,0.9741511,451547.4,1,0.002,0.023285518
C52L35,35,52,-1612500,-992500,0.91948088,0.08051954,-4.2e-07,0.91461075,0.08538967,0.911364,0.08863642,11707.11,0,0,51690.83,0,0.5879772,0.006292141,0.594269341,446761,2,0.008,0.08051954
C53L35,35,53,-1607500,-992500,0.84752759,0.15247214,2.7e-07,0.83189763,0.1681021,0.826156,0.17384373,7280.107,0,0,50219.44,0,0.005458412,0,0.005458412,441979.4,1,0.021,0.15247214
C54L35,35,54,-1602500,-992500,0.923052026,0.0769481,-1.26e-07,0.922078,0.077922126,0.922078,0.077922126,2924.303,0,0,48748.05,0,0,0,0,437202.6,1,0.001,0.0769481
C55L35,35,55,-1597500,-992500,0.999362,0.000637959,4.1e-08,0.999362,0.000637959,0.999362,0.000637959,327.8254,0,0,47276.65,0,0,0,0,432430.9,1,0,0.02034726256
C56L35,35,56,-1592500,-992500,0.997078,0.00292208,-8e-08,0.997078,0.00292208,0.997078,0.00292208,4739.742,0,0,45315.91,0,0,0,0,427664.4,1,0,0.006400003187
C57L35,35,57,-1587500,-992500,1,0,0,1,0,1,0,3316.171,0,0,43110.23,0,0,0,0,422903.3,1,0,0.003664580776
C58L35,35,58,-1582500,-992500,1,0,0,1,0,1,0,3604.498,0,0,40955.02,0,0,0,0,418147.7,1,0,0.003658560824
C59L35,35,59,-1577500,-992500,1,0,0,1,0,1,0,7146.333,0,0,39244.22,0,0,0,0,413398,1,0,0.004011115636
C60L35,35,60,-1572500,-992500,1,0,0,1,0,1,0,11180.28,0,0,38116.98,0,0,0,0,408654.2,1,0,0.004889394008
C61L35,35,61,-1567500,-992500,0.988636,0.0113636,4e-07,0.988636,0.0113636,0.988636,0.0113636,10770.5,0,0,37623.18,0,0,0,0,403916.6,1,0,0.01254707533
C62L35,35,62,-1562500,-992500,0.99872385,0.001275917,2.33e-07,0.996491,0.003508767,0.996491,0.003508767,8736.442,0,0,37402.27,0,0,0,0,399185.4,1,0.002,0.01050130358
C63L35,35,63,-1557500,-992500,0.999351,0.000649351,-3.51e-07,0.999351,0.000649351,0.999351,0.000649351,4720.718,0,0,37181.35,0,0,0,0,394460.8,1,0,0.01377204536
C64L35,35,64,-1552500,-992500,0.998724,0.00127592,8e-08,0.998724,0.00127592,0.998724,0.00127592,784.8667,0,0,36925.71,0,0,0,0,389743.1,1,0,0.02551140267
C65L35,35,65,-1547500,-992500,0.98831148,0.011688312,2.08e-07,0.98571408,0.014285712,0.982792,0.017207792,380.0933,0,0,35597.33,0,0,0,0,385032.5,1,0.006,0.04103446533
C66L35,35,66,-1542500,-992500,0.849760829,0.15023932,-1.49e-07,0.84210533,0.157894819,0.769378,0.230622149,3530.552,0,0,34268.96,0,0,0,0,380329.3,1,0.08,0.15023932
C67L35,35,67,-1537500,-992500,0.987240729,0.012759179,9.2e-08,0.98692175,0.013078158,0.983094,0.016905908,7086.73,0,0,32940.59,0,0,0,0,375633.8,1,0.004,0.03681319018
C68L35,35,68,-1532500,-992500,0.99188316,0.008116882,-4.2e-08,0.98896108,0.011038962,0.986039,0.013961042,10608.4,0,0,31612.21,0,0,0,0,370946.2,1,0.006,0.0228954973
C69L35,35,69,-1527500,-992500,0.99362,0.006379587,4.13e-07,0.99362,0.006379587,0.99362,0.006379587,11838.11,0,0,30332.91,0,0,0,0,366266.9,1,0,0.0175954508
C70L35,35,70,-1522500,-992500,0.968831,0.031168835,1.65e-07,0.968831,0.031168835,0.968831,0.031168835,13552.4,0,0,29685.96,0,0,0,0,361596.2,1,0,0.04800905553
C71L35,35,71,-1517500,-992500,0.78692227,0.21307808,-3.5e-07,0.77512003,0.22488032,0.760447,0.23955335,13458.53,0,0,29869.43,0,0,0,0,356934.4,1,0.026,0.21307808
C72L35,35,72,-1512500,-992500,0.932792535,0.067207786,-3.21e-07,0.93246786,0.067532461,0.925325,0.074675321,8575.743,0,0,30392.67,0,0,0,0,352281.8,1,0.007,0.07452094635
C73L35,35,73,-1507500,-992500,0.99234452,0.007655507,-2.7e-08,0.98883575,0.011164277,0.985008,0.014992027,3796.145,0,0,30915.91,0,0,0,0,347639,1,0.007,0.0251997491
C74L35,35,74,-1502500,-992500,0.98766273,0.012337656,-3.86e-07,0.98539,0.014610386,0.98539,0.014610386,80.37838,0,0,29863.62,0,0,0,0,343006.1,1,0.002,0.02251597627
C75L35,35,75,-1497500,-992500,0.982456,0.017543864,1.36e-07,0.982456,0.017543864,0.982456,0.017543864,2473.143,0,0,28532.38,0,0,0,0,338383.7,1,0,0.07126585163
C76L35,35,76,-1492500,-992500,0.66347668,0.336523009,3.11e-07,0.65422629,0.345773399,0.643381,0.356618689,7394.967,0,0,27201.13,0,0,0,0,333772.2,1,0.02,0.336523009
C77L35,35,77,-1487500,-992500,0.920455,0.0795455,-5e-07,0.920455,0.0795455,0.920455,0.0795455,12336.71,0,0,26181.23,0,0,0,0,329172.1,1,0,0.1109287202
C78L35,35,78,-1482500,-992500,0.98437,0.01562999,1e-08,0.98437,0.01562999,0.98437,0.01562999,10097.96,0,0,25894.8,0,0,0,0,324583.8,1,0,0.0276752473
C79L35,35,79,-1477500,-992500,0.998377,0.00162338,-3.8e-07,0.998377,0.00162338,0.998377,0.00162338,5442.956,0,0,25674.98,0,0,0,0,320007.8,1,0,0.01070696346
C80L35,35,80,-1472500,-992500,0.982775,0.0172249,1e-07,0.982775,0.0172249,0.982775,0.0172249,874.9521,0,0,25973.39,0,0,0,0,315444.6,1,0,0.01748721012
C81L35,35,81,-1467500,-992500,0.993831,0.005519482,0.000649518,0.993831,0.005519482,0.993831,0.005519482,2513.393,0,0,27201.56,0,0,0,0,310895,1,0,0.01335396459
C82L35,35,82,-1462500,-992500,0.9629986,0.03700159,-1.9e-07,0.96076575,0.03923444,0.956938,0.04306219,6374.414,0,0,25145.42,0,0,0,0,306359.3,1,0.006,0.03700159
C83L35,35,83,-1457500,-992500,0.93863675,0.061363606,-3.56e-07,0.93863675,0.061363606,0.93539,0.064610356,9628.418,0,0,21085.55,0,0,0,0,301838.3,1,0.003,0.061363606
C84L35,35,84,-1452500,-992500,0.996491,0.003508769,2.31e-07,0.996491,0.003508769,0.996491,0.003508769,13710.56,0,0,17025.68,0,0,0,0,297332.7,1,0,0.01599735431
C85L35,35,85,-1447500,-992500,0.986922,0.01307814,-1.4e-07,0.986922,0.01307814,0.986922,0.01307814,18254.66,0,0,12965.8,0,0,0,0,292843.1,1,0,0.01827340085
C86L35,35,86,-1442500,-992500,0.987338,0.0126623,-3e-07,0.987338,0.0126623,0.987338,0.0126623,22988.82,0,0,8905.93,0,0,0,0,288370.3,1,0,0.0166406389
C87L35,35,87,-1437500,-992500,1,0,0,1,0,1,0,25039.88,0,0,4846.057,0,0,0,0,283915.1,1,0,0.006767685605
C88L35,35,88,-1432500,-992500,1,0,0,1,0,1,0,22480.23,0,0,1067.14,0,0,0,0,279478.4,1,0,0.007307282726
C89L35,35,89,-1427500,-992500,0.99681,0.00318979,2.1e-07,0.99681,0.00318979,0.99681,0.00318979,20821.78,0,0,2410.964,0,0,0,0,275060.9,1,0,0.009279702637
C90L35,35,90,-1422500,-992500,1,0,0,1,0,1,0,17794.3,0,0,4476.134,0,0,0,0,270663.8,1,0,0.007525074554
C91L35,35,91,-1417500,-992500,1,0,0,1,0,1,0,14108.95,0,0,5814.079,0,0,0,0,266287.9,1,0,0.007647928222
C92L35,35,92,-1412500,-992500,0.973052,0.02694808,-8e-08,0.973052,0.02694808,0.973052,0.02694808,11165.19,0,0,7152.024,0,0,0,0,261934.3,1,0,0.02694808
C93L35,35,93,-1407500,-992500,0.981499,0.018500788,2.12e-07,0.981499,0.018500788,0.981499,0.018500788,8078.965,0,0,8628.423,0,0,0,0,257604.2,1,0,0.02080512168
C94L35,35,94,-1402500,-992500,0.980542,0.019457738,2.62e-07,0.980542,0.019457738,0.980542,0.019457738,4243.734,0,0,10204.58,0,0,0,0,253298.8,1,0,0.02135617492
C95L35,35,95,-1397500,-992500,0.992857,0.00714286,1.4e-07,0.992857,0.00714286,0.992857,0.00714286,341.4466,0,0,11780.74,0,0,0,0,249019.4,1,0,0.01513866872
C96L35,35,96,-1392500,-992500,0.983732,0.01626789,1.1e-07,0.97575752,0.02424237,0.968421,0.03157889,4698.85,0,0,13097.18,0,0,0,0,244767.2,1,0.015,0.0202618724
C97L35,35,97,-1387500,-992500,0.97792175,0.0220779,3.5e-07,0.974675,0.02532465,0.974675,0.02532465,9476.64,0,0,14274.21,0,0,0,0,240543.9,1,0.003,0.0299390034
C98L35,35,98,-1382500,-992500,0.97288709,0.0271132,-2.9e-07,0.96523159,0.0347687,0.958852,0.04114829,2179.699,0,0,15451.23,0,0,0,0,236350.8,1,0.014,0.03633949216
C99L35,35,99,-1377500,-992500,0.98051914,0.01948052,3.4e-07,0.96948017,0.03051949,0.950649,0.04935066,2489.36,0,0,16628.26,0.452147,0,0,0,232189.7,1,0.03,0.04993149127
C100L35,35,100,-1372500,-992500,0.88835756,0.11164276,-3.2e-07,0.88102104,0.11897928,0.835726,0.16427432,7158.419,0,0,18112.45,0.8401118,0,0,0,228062.3,1,0.053,0.1148641322
C101L35,35,101,-1367500,-992500,0.77175338,0.228246801,-1.81e-07,0.76168845,0.238311731,0.731169,0.268831181,7900.396,0,0,20094.81,1,0,0,0,223970.4,1,0.041,0.228246801
C102L35,35,102,-1362500,-992500,0.9094099,0.09059016,-6e-08,0.8564594,0.14354066,0.786284,0.21371606,3339.53,0,0,22077.17,0.8296388,0,0,0,219916.2,1,0.123,0.1233941117
C103L35,35,103,-1357500,-992500,0.88197731,0.118022348,3.42e-07,0.8484845,0.151515158,0.794896,0.205103658,1635.134,0,0,24059.53,0.2877448,0,0,0,215901.5,1,0.087,0.1619474006
C104L35,35,104,-1352500,-992500,0.73376619,0.25876619,0.00746762,0.72402593,0.26850645,0.702922,0.28961038,6609.799,0,0,26041.89,0.9412281,0,0,0,211928.8,1,0.031,0.2944412938
C105L35,35,105,-1347500,-992500,0.54800637,0.451993169,4.61e-07,0.54098883,0.459010709,0.538437,0.461562539,11584.46,0,0,28024.25,0.9030494,0,0,0,208000.4,1,0.01,0.451993169
C106L35,35,106,-1342500,-992500,0.864285675,0.13571426,6.5e-08,0.864285675,0.13571426,0.863961,0.136038935,16559.13,0,0,30006.61,0.1000674,0,0,0,204118.9,1,0,0.1883071242
C107L35,35,107,-1337500,-992500,0.807655769,0.11259971,0.079744521,0.80701781,0.113237669,0.804147,0.116108479,19501.5,0,0,32063.97,0,0,0,0,200287,1,0.004,0.1192035731
C108L35,35,108,-1332500,-992500,0.79805188,0.126298625,0.075649495,0.79480513,0.129545375,0.775974,0.148376505,14602.83,0,0,34494.54,0,0,0,0,196507.6,1,0.022,0.126298625
C17L36,36,17,-1787500,-997500,0.614348,0,0.385652,0.614348,0,0.614348,0,4949.402,0.6880833,0,40774.42,0,0,0,0.6880833,615271.6,1,0,0.0003085319749
C18L36,36,18,-1782500,-997500,0.626276,0,0.373724,0.626276,0,0.626276,0,2082.111,0.6631214,0,42662.18,0,0,0,0.6631214,610376.6,1,0,0.0003624903808
C19L36,36,19,-1777500,-997500,0.839912,0,0.160088,0.839912,0,0.839912,0,3122.883,0.9517169,0,44585.96,0,0,0,0.9517169,605483.2,1,0,0.000644000495
C20L36,36,20,-1772500,-997500,0.778699,0.000956633,0.220344367,0.778699,0.000956633,0.778699,0.000956633,2671.991,1,0,46879.62,0,0,0,1,600591.6,1,0,0.001354052231
C21L36,36,21,-1767500,-997500,0.875313,0,0.124687,0.875313,0,0.875313,0,2295.277,1,0,49573.08,0,0,0,1,595701.8,1,0,0.004389012398
C22L36,36,22,-1762500,-997500,0.86936055,0.041979996,0.088659454,0.86936055,0.041979996,0.866541,0.044799546,2808.983,1,0,52563.63,0,0,0,1,590813.8,1,0.003,0.041979996
C23L36,36,23,-1757500,-997500,0.904656,0.0114796,0.0838644,0.904656,0.0114796,0.904656,0.0114796,3315.615,1,0,55590.43,0,0,0,1,585927.7,1,0,0.01596836958
C24L36,36,24,-1752500,-997500,0.929198,0,0.070802,0.929198,0,0.929198,0,3317.034,1,0,58617.23,0,0,0,1,581043.6,1,0,0.009277956803
C25L36,36,25,-1747500,-997500,0.949617,0,0.050383,0.949617,0,0.949617,0,4025.749,1,0,61644.03,0,0,0,1,576161.5,1,0,0.01669174341
C26L36,36,26,-1742500,-997500,0.94486212,0.01378447,0.04135341,0.941416,0.01723059,0.941416,0.01723059,5821.503,0.9474612,0,64670.83,0,0,0,0.9474612,571281.4,1,0.003,0.03983002589
C27L36,36,27,-1737500,-997500,0.67283206,0.28635211,0.04081583,0.67155655,0.28762762,0.665179,0.29400517,7038.642,0.09632114,0,67697.62,0,0,0,0.09632114,566403.3,1,0.008,0.28635211
C28L36,36,28,-1732500,-997500,0.983083,0.0100251,0.0068919,0.983083,0.0100251,0.983083,0.0100251,7820.13,0,0,68768.79,0,0,0,0,561527.5,1,0,0.02836884425
C29L36,36,29,-1727500,-997500,0.96173467,0.02519134,0.01307399,0.955676,0.03125001,0.955676,0.03125001,9959.119,0,0,67194.54,0,0,0,0,556653.8,1,0.006,0.02519134
C30L36,36,30,-1722500,-997500,0.994361,0,0.005639,0.994361,0,0.994361,0,10242.19,0,0,65962.61,0,0,0,0,551782.4,1,0,0.004123733721
C31L36,36,31,-1717500,-997500,0.933584,0,0.066416,0.933584,0,0.933584,0,7762.316,0,0,65092.44,0,0,0,0,546913.3,1,0,0.002723943282
C32L36,36,32,-1712500,-997500,0.983099,0,0.016901,0.983099,0,0.983099,0,3486.165,0,0,64598.64,0,0,0,0,542046.6,1,0,0.00268064406
C33L36,36,33,-1707500,-997500,0.947682,0,0.052318,0.947682,0,0.947682,0,252.3414,0,0,64466.63,0.1160974,0,0,0,537182.3,1,0,0.005743166291
C34L36,36,34,-1702500,-997500,0.76977,0,0.23023,0.76977,0,0.76977,0,647.4673,0,0,64417.36,0.7741181,0,0,0,532320.6,1,0,0.01606745696
C35L36,36,35,-1697500,-997500,0.79104,0,0.20896,0.79104,0,0.79104,0,2226.978,0,0,64368.09,0.9891297,0,0,0,527461.4,1,0,0.02157634486
C36L36,36,36,-1692500,-997500,0.964923,0.00223214,0.03284486,0.964923,0.00223214,0.964923,0.00223214,4611.328,0,0,64318.82,1,0,0,0,522604.9,1,0,0.0278541415
C37L36,36,37,-1687500,-997500,0.97901,0.01033835,0.01065165,0.97901,0.01033835,0.97901,0.01033835,6845.502,0,0,64269.55,0.18336,0,0,0,517751.2,1,0,0.01473935057
C38L36,36,38,-1682500,-997500,0.997768,0.00223214,-1.4e-07,0.997768,0.00223214,0.997768,0.00223214,3379.944,0,0,64220.28,0,0,0.004829162,0.004829162,512900.2,1,0,0.004048885908
C39L36,36,39,-1677500,-997500,1,0,0,1,0,1,0,1081.825,0,0,64171.01,0,0,0.6943231,0.6943231,508052.2,1,0,0
C40L36,36,40,-1672500,-997500,1,0,0,1,0,1,0,3153.714,0,0,64080.98,0,0,1,1,503207.1,1,0,0
C41L36,36,41,-1667500,-997500,1,0,0,1,0,1,0,6951.823,0,0,63725.51,0,0,0.9966708,0.9966708,498365,1,0,0
C42L36,36,42,-1662500,-997500,1,0,0,1,0,1,0,9379.221,0,0,63365.71,0,0,1,1,493526.1,1,0,0
C43L36,36,43,-1657500,-997500,1,0,0,1,0,1,0,12163.34,0,0,62649.15,0,0,1,1,488690.5,1,0,0
C44L36,36,44,-1652500,-997500,1,0,0,1,0,1,0,6648.969,0,0,61932.59,0,0,0.5455963,0.5455963,483858.2,1,0,0
C45L36,36,45,-1647500,-997500,1,0,0,1,0,1,0,1954.792,0,0,60833.58,0,0,1,1,479029.3,1,0,0
C46L36,36,46,-1642500,-997500,1,0,0,1,0,1,0,2134.499,0,0,59815.98,0,0,1,1,474204,1,0,0
C47L36,36,47,-1637500,-997500,0.999043,0.000956633,3.67e-07,0.999043,0.000956633,0.999043,0.000956633,5401.337,0,0,59194.32,0,0,1,1,469382.4,1,0,0.000956633
C48L36,36,48,-1632500,-997500,0.990602,0.0093985,-5e-07,0.990602,0.0093985,0.990602,0.0093985,8963.273,0,0,58817.96,0,0,1,1,464564.5,1,0,0.0093985
C49L36,36,49,-1627500,-997500,1,0,0,1,0,1,0,13108.82,0,0,58443.44,0,0.05875026,0.9388875,0.99763776,459750.5,1,0,0.002913520525
C50L36,36,50,-1622500,-997500,0.97991078,0.020089298,-7.8e-08,0.976722,0.023278078,0.976722,0.023278078,16337.03,0,0,58068.92,0,0.005026985,0.9401626,0.945189585,454940.5,1,0.003,0.020089298
C51L36,36,51,-1617500,-997500,0.97211798,0.02788218,-1.6e-07,0.969925,0.03007516,0.969925,0.03007516,13257.53,0,0,57554.2,0,0,0.2267186,0.2267186,450134.7,1,0.002,0.02808594553
C52L36,36,52,-1612500,-997500,0.9850127,0.01498724,6e-08,0.9821428,0.01785714,0.976403,0.02359694,9324.903,0,0,56469.43,0,0,0,0,445333.1,1,0.009,0.02596265375
C53L36,36,53,-1607500,-997500,1,0,0,1,0,1,0,5596.331,0,0,54998.04,0,0,0,0,440536,1,0,0.01943228018
C54L36,36,54,-1602500,-997500,1,0,0,1,0,1,0,706.1469,0,0,53526.65,0,0,0,0,435743.4,1,0,0.01506546211
C55L36,36,55,-1597500,-997500,0.999373,0.000626566,4.34e-07,0.999373,0.000626566,0.999373,0.000626566,3890.436,0,0,52008.79,0,0,0,0,430955.5,1,0,0.008154600764
C56L36,36,56,-1592500,-997500,0.994898,0.00510204,-4e-08,0.994898,0.00510204,0.994898,0.00510204,7381.343,0,0,49803.11,0,0,0,0,426172.5,1,0,0.007158978024
C57L36,36,57,-1587500,-997500,1,0,0,1,0,1,0,8078.159,0,0,47597.44,0,0,0,0,421394.5,1,0,0.00418858959
C58L36,36,58,-1582500,-997500,1,0,0,1,0,1,0,8316.592,0,0,45589.18,0,0,0,0,416621.8,1,0,0.005221137172
C59L36,36,59,-1577500,-997500,0.991709,0.00829082,1.8e-07,0.991709,0.00829082,0.991709,0.00829082,10593.64,0,0,44058.69,0,0,0,0,411854.4,1,0,0.01151243471
C60L36,36,60,-1572500,-997500,0.995614,0.00438597,3e-08,0.995614,0.00438597,0.995614,0.00438597,10100.17,0,0,43057.68,0,0,0,0,407092.6,1,0,0.01132707721
C61L36,36,61,-1567500,-997500,1,0,0,1,0,1,0,7036.368,0,0,42618.3,0,0,0,0,402336.6,1,0,0.0204124873
C62L36,36,62,-1562500,-997500,0.97932295,0.020676663,3.87e-07,0.97619012,0.023809493,0.972744,0.027255613,4002.104,0,0,42397.38,0,0,0,0,397586.6,1,0.007,0.04509933597
C63L36,36,63,-1557500,-997500,0.93303533,0.066964305,3.65e-07,0.92602002,0.073979615,0.923469,0.076530635,2006.512,0,0,42176.47,0,0,0,0,392842.8,1,0.01,0.07782699826
C64L36,36,64,-1552500,-997500,0.92449904,0.07550123,-2.7e-07,0.91760681,0.08239346,0.883459,0.11654127,2205.375,0,0,41746.02,0,0,0,0,388105.4,1,0.041,0.08612529393
C65L36,36,65,-1547500,-997500,0.74968087,0.25031898,1.5e-07,0.7088645,0.29113535,0.671237,0.32876285,4866.203,0,0,40417.65,0,0,0,0,383374.7,1,0.078,0.25031898
C66L36,36,66,-1542500,-997500,0.9815165,0.01848371,-2.1e-07,0.9815165,0.01848371,0.967732,0.03226821,6849.758,0,0,39089.27,0,0,0,0,378651,1,0.014,0.04221530866
C67L36,36,67,-1537500,-997500,0.998747,0.00125313,-1.3e-07,0.998747,0.00125313,0.998747,0.00125313,10541.63,0,0,37760.9,0,0,0,0,373934.4,1,0,0.01858409623
C68L36,36,68,-1532500,-997500,0.99713,0.0028699,1e-07,0.99713,0.0028699,0.99713,0.0028699,14046.08,0,0,36432.53,0,0,0,0,369225.2,1,0,0.01154233358
C69L36,36,69,-1527500,-997500,0.99248078,0.0075188,4.2e-07,0.99248078,0.0075188,0.982769,0.01723058,16528.06,0,0,35236.67,0,0,0,0,364523.8,1,0.01,0.02402490881
C70L36,36,70,-1522500,-997500,0.95631388,0.043686256,-1.36e-07,0.93941337,0.060586766,0.924745,0.075255136,15835.19,0,0,34681.31,0,0,0,0,359830.5,1,0.032,0.06279753955
C71L36,36,71,-1517500,-997500,0.81860933,0.18139097,-3e-07,0.77380983,0.22619047,0.749687,0.2503133,11282.4,0,0,34841.99,0,0,0,0,355145.5,1,0.069,0.18139097
C72L36,36,72,-1512500,-997500,0.968431,0.0315689,1e-07,0.968431,0.0315689,0.968431,0.0315689,7307.359,0,0,35365.22,0,0,0,0,350469.2,1,0,0.04982845518
C73L36,36,73,-1507500,-997500,0.99906,0.00093985,1.5e-07,0.99906,0.00093985,0.99906,0.00093985,2384.853,0,0,35888.46,0,0,0,0,345802,1,0,0.01422340198
C74L36,36,74,-1502500,-997500,0.998087,0.00191327,-2.7e-07,0.998087,0.00191327,0.998087,0.00191327,1169.903,0,0,34683.14,0,0,0,0,341144.2,1,0,0.01753343494
C75L36,36,75,-1497500,-997500,0.984648813,0.01535088,3.07e-07,0.979636283,0.02036341,0.979323,0.020676693,5564.117,0,0,33351.9,0,0,0,0,336496.3,1,0.005,0.0632358735
C76L36,36,76,-1492500,-997500,0.64786935,0.35213062,3e-08,0.64786935,0.35213062,0.633145,0.36685497,9294.891,0,0,32025.17,0,0,0,0,331858.5,1,0.015,0.35213062
C77L36,36,77,-1487500,-997500,0.98246178,0.017538308,-8.8e-08,0.98246178,0.017538308,0.979273,0.020727088,13619.31,0,0,31153.43,0,0,0,0,327231.5,1,0.003,0.06324658472
C78L36,36,78,-1482500,-997500,0.982769,0.0172306,4e-07,0.982769,0.0172306,0.982769,0.0172306,9916.986,0,0,30889.94,0,0,0,0,322615.6,1,0,0.0232944761
C79L36,36,79,-1477500,-997500,0.998406,0.00159439,-3.9e-07,0.998406,0.00159439,0.998406,0.00159439,5148.627,0,0,30672.06,0,0,0,0,318011.2,1,0,0.008428165443
C80L36,36,80,-1472500,-997500,1,0,0,1,0,1,0,2111.048,0,0,30922.29,0,0,0,0,313419.1,1,0,0.006436928545
C81L36,36,81,-1467500,-997500,0.99713,0.00255102,0.00031898,0.99713,0.00255102,0.99713,0.00255102,1487.727,0,0,31962.49,0,0,0,0,308839.5,1,0,0.009751525659
C82L36,36,82,-1462500,-997500,0.989662,0.01033835,-3.5e-07,0.989662,0.01033835,0.989662,0.01033835,6476.06,0,0,28063.89,0,0,0,0,304273.3,1,0,0.01682424428
C83L36,36,83,-1457500,-997500,0.996492,0.003507653,3.47e-07,0.996492,0.003507653,0.996492,0.003507653,11474.55,0,0,24004.01,0,0,0,0,299720.8,1,0,0.01390017435
C84L36,36,84,-1452500,-997500,0.991228,0.00877193,7e-08,0.991228,0.00877193,0.991228,0.00877193,16473.96,0,0,19944.14,0,0,0,0,295182.9,1,0,0.0155686019
C85L36,36,85,-1447500,-997500,0.994674,0.00532582,1.8e-07,0.994674,0.00532582,0.994674,0.00532582,20593.43,0,0,15884.27,0,0,0,0,290660.1,1,0,0.01093542651
C86L36,36,86,-1442500,-997500,0.993304,0.00382653,0.00286947,0.993304,0.00382653,0.993304,0.00382653,22989.49,0,0,11824.39,0,0,0,0,286153.2,1,0,0.008905366287
C87L36,36,87,-1437500,-997500,1,0,0,1,0,1,0,20754.79,0,0,8137.289,0,0,0,0,281662.9,1,0,0.005999572461
C88L36,36,88,-1432500,-997500,1,0,0,1,0,1,0,18096.24,0,0,4659.186,0,0,0,0,277190.1,1,0,0.00545576905
C89L36,36,89,-1427500,-997500,1,0,0,1,0,1,0,15989.36,0,0,1980.458,0,0,0,0,272735.6,1,0,0.005492311802
C90L36,36,90,-1422500,-997500,1,0,0,1,0,1,0,14196.88,0,0,341.5321,0,0,0,0,268300.3,1,0,0.005564674626
C91L36,36,91,-1417500,-997500,1,0,0,1,0,1,0,10843.93,0,0,996.4132,0,0,0,0,263885.2,1,0,0.006935771868
C92L36,36,92,-1412500,-997500,0.995855,0.004145405,-4.05e-07,0.995855,0.004145405,0.995855,0.004145405,7072.224,0,0,2334.358,0,0,0,0,259491.3,1,0,0.01002186272
C93L36,36,93,-1407500,-997500,1,0,0,1,0,1,0,4384.438,0,0,3883.349,0,0,0,0,255119.8,1,0,0.008600579372
C94L36,36,94,-1402500,-997500,0.99906,0.00093985,1.5e-07,0.99906,0.00093985,0.99906,0.00093985,1179.95,0,0,5459.507,0,0,0,0,250771.7,1,0,0.008250791657
C95L36,36,95,-1397500,-997500,0.996492,0.00350765,3.5e-07,0.996492,0.00350765,0.996492,0.00350765,1969.534,0,0,7035.664,0,0,0,0,246448.4,1,0,0.00984929365
C96L36,36,96,-1392500,-997500,0.992168,0.007832083,-8.3e-08,0.992168,0.007832083,0.992168,0.007832083,6426.963,0,0,8237.695,0,0,0,0,242151.1,1,0,0.01253554761
C97L36,36,97,-1387500,-997500,1,0,0,1,0,1,0,11228.77,0,0,9414.719,0,0,0,0,237881.3,1,0,0.01081684097
C98L36,36,98,-1382500,-997500,0.99122855,0.00877193,-4.8e-07,0.99122855,0.00877193,0.988409,0.01159148,3173.841,0,0,10591.74,0,0,0,0,233640.5,1,0.003,0.0173747224
C99L36,36,99,-1377500,-997500,0.98915806,0.010841835,1.05e-07,0.98915806,0.010841835,0.981505,0.018494895,2167.289,0,0,11768.77,0.181839,0,0,0,229430.2,1,0.008,0.03009825177
C100L36,36,100,-1372500,-997500,0.941416479,0.05858394,-4.19e-07,0.938596926,0.061403493,0.906642,0.093358419,7021.727,0,0,13522.22,0.6860663,0,0,0,225252.3,1,0.035,0.07750418475
C101L36,36,101,-1367500,-997500,0.94483384,0.05516586,3e-07,0.9247446,0.0752551,0.853316,0.1466837,5899.893,0,0,15504.58,0.7724048,0,0,0,221108.4,1,0.092,0.0907046608
C102L36,36,102,-1362500,-997500,0.81015034,0.189849676,-1.6e-08,0.78822053,0.211779486,0.718045,0.281955016,1316.026,0,0,17486.94,0.8155145,0,0,0,217000.7,1,0.092,0.189849676
C103L36,36,103,-1357500,-997500,0.69548826,0.304511296,4.44e-07,0.67763116,0.322368396,0.635338,0.364661556,3267.84,0,0,19469.3,0.9788209,0,0,0,212931.1,1,0.06,0.3053207992
C104L36,36,104,-1352500,-997500,0.30516562,0.69483379,5.9e-07,0.29368603,0.70631338,0.270408,0.72959141,7812.625,0,0,21451.66,0.4631931,0,0,0,208901.9,1,0.035,0.69483379
C105L36,36,105,-1347500,-997500,0.24436072,0.705827,0.04981228,0.23778177,0.71240595,0.225877,0.72431072,12415.26,0,0,23434.01,0.5142034,0,0,0,204915.5,1,0.018,0.705827
C106L36,36,106,-1342500,-997500,0.727041,0.20599486,0.06696414,0.72480886,0.208227,0.711416,0.22161986,17220.55,0,0,25416.37,0.3183488,0,0,0,200974.4,1,0.016,0.228098454
C107L36,36,107,-1337500,-997500,0.73120253,0.19830829,0.07048918,0.72963611,0.19987471,0.72619,0.20332082,20954.61,0,0,27685.12,0,0,0,0,197081.4,1,0.005,0.19830829
C108L36,36,108,-1332500,-997500,0.928253,0.06377557,0.00797143,0.928253,0.06377557,0.928253,0.06377557,16493.33,0,0,30136.97,0,0,0,0,193239.3,1,0,0.07240997808
C109L36,36,109,-1327500,-997500,1,0,0,1,0,1,0,12448.46,0,0,32588.82,0,0,0,0,189451.2,1,0,0.02271382937
C110L36,36,110,-1322500,-997500,0.99904317,0.000956633,1.97e-07,0.98852021,0.011479593,0.978635,0.021364803,9375.42,0,0,35040.67,0,0,0,0,185720.6,1,0.02,0.01283318388
C19L37,37,19,-1777500,-1002500,0.0937799,0,0.9062201,0.0937799,0,0.0937799,0,7715.1,0.2563129,0,49179.88,0,0,0,0.2563129,604471.7,1,0,7.761706557e-05
C20L37,37,20,-1772500,-1002500,0.73961,0.000974026,0.259415974,0.73961,0.000974026,0.73961,0.000974026,7294.33,1,0,51268.52,0,0,0,1,599571.9,1,0,0.001356126787
C21L37,37,21,-1767500,-1002500,0.789793,0,0.210207,0.789793,0,0.789793,0,7008.697,1,0,53742.46,0,0,0,1,594673.7,1,0,0.002754708846
C22L37,37,22,-1762500,-1002500,0.798086,0.00255183,0.19936217,0.798086,0.00255183,0.798086,0.00255183,7695.999,1,0,56551.24,0,0,0,1,589777.2,1,0,0.004719277994
C23L37,37,23,-1757500,-1002500,0.842208,0,0.157792,0.842208,0,0.842208,0,8235.259,1,0,59570.19,0,0,0,1,584882.5,1,0,0.003606157174
C24L37,37,24,-1752500,-1002500,0.9311,0,0.0689,0.9311,0,0.9311,0,8184.489,1,0,62596.99,0,0,0,1,579989.5,1,0,0.002903073182
C25L37,37,25,-1747500,-1002500,0.964286,0.00227273,0.03344127,0.964286,0.00227273,0.964286,0.00227273,8796.861,1,0,65623.79,0,0,0,1,575098.4,1,0,0.01450352369
C26L37,37,26,-1742500,-1002500,0.90813361,0.037639528,0.054226862,0.90685769,0.038915448,0.902073,0.043700138,10511.51,0.8098645,0,68650.59,0,0,0,0.8098645,570209.2,1,0.006,0.05503226929
C27L37,37,27,-1737500,-1002500,0.9811684,0.010064925,0.008766675,0.978571,0.012662325,0.978571,0.012662325,11149.78,0.02823333,0,71677.38,0,0,0,0.02823333,565322,1,0.003,0.04357034268
C28L37,37,28,-1732500,-1002500,0.99681,0,0.00319,0.99681,0,0.99681,0,8929.73,0,0,73477.57,0,0,0,0,560436.7,1,0,0.02884129733
C29L37,37,29,-1727500,-1002500,0.980519,0,0.019481,0.980519,0,0.980519,0,8273.82,0,0,72006.33,0,0,0,0,555553.4,1,0,0.006177045407
C30L37,37,30,-1722500,-1002500,0.98660258,0.013397138,2.82e-07,0.98277483,0.017224888,0.980223,0.019776718,5895.062,0,0,70858.11,0,0,0,0,550672.3,1,0.006,0.013397138
C31L37,37,31,-1717500,-1002500,0.970335,0,0.029665,0.970335,0,0.970335,0,3490.13,0,0,70048.78,0,0,0,0,545793.3,1,0,0.002257699285
C32L37,37,32,-1712500,-1002500,0.992532,0,0.007468,0.992532,0,0.992532,0,756.3257,0,0,69590.16,0,0,0,0,540916.5,1,0,0.001688896321
C33L37,37,33,-1707500,-1002500,1,0,0,1,0,1,0,1746.776,0,0,69466.39,0,0,0,0,536042,1,0,0.002138833563
C34L37,37,34,-1702500,-1002500,0.893831,0,0.106169,0.893831,0,0.893831,0,4648.689,0,0,69417.12,0,0,0,0,531169.8,1,0,0.002515599025
C35L37,37,35,-1697500,-1002500,0.920893,0,0.079107,0.920893,0,0.920893,0,1829.058,0,0,69367.85,0.07718157,0,0,0,526300.1,1,0,0.004829640793
C36L37,37,36,-1692500,-1002500,0.973377,0,0.026623,0.973377,0,0.973377,0,2889.858,0,0,69318.58,0.3549696,0.4204669,0,0.4204669,521432.7,1,0,0.01107831068
C37L37,37,37,-1687500,-1002500,0.990431,0,0.009569,0.990431,0,0.990431,0,5905.015,0,0,69269.31,0.1927487,0.6480294,0.08801895,0.73604835,516568,2,0,0.007355271223
C38L37,37,38,-1682500,-1002500,1,0,0,1,0,1,0,7121.169,0,0,69220.04,0,0.6980889,0.6741364,1.3722253,511705.8,2,0,0
C39L37,37,39,-1677500,-1002500,1,0,0,1,0,1,0,3647.96,0,0,69170.77,0,0.1502418,0.8512906,1.0015324,506846.3,1,0,0
C40L37,37,40,-1672500,-1002500,1,0,0,1,0,1,0,27.55847,0,0,69068.33,0,0.08380036,0.9065871,0.99038746,501989.6,1,0,0
C41L37,37,41,-1667500,-1002500,1,0,0,1,0,1,0,2727.616,0,0,68712.86,0,0.1589643,0.8310195,0.9899838,497135.7,1,0,0
C42L37,37,42,-1662500,-1002500,1,0,0,1,0,1,0,5093.468,0,0,68314.1,0,0.05960794,0.9317092,0.99131714,492284.7,1,0,0
C43L37,37,43,-1657500,-1002500,1,0,0,1,0,1,0,8815.511,0,0,67597.54,0,0,1,1,487436.7,1,0,0
C44L37,37,44,-1652500,-1002500,1,0,0,1,0,1,0,6426.686,0,0,66839.13,0,0,0.8868282,0.8868282,482591.9,1,0,0
C45L37,37,45,-1647500,-1002500,0.984416,0.01558442,-4.2e-07,0.984416,0.01558442,0.984416,0.01558442,1530.177,0,0,65702.74,0,0,1,1,477750.2,1,0,0.01558442
C46L37,37,46,-1642500,-1002500,0.9894735,0.010526318,1.82e-07,0.98596473,0.014035088,0.981818,0.018181818,3366.333,0,0,64752.34,0,0,1,1,472911.9,1,0.008,0.010526318
C47L37,37,47,-1637500,-1002500,0.996753,0.00324675,2.5e-07,0.996753,0.00324675,0.996753,0.00324675,8262.842,0,0,64178.5,0,0,1,1,468076.9,1,0,0.005185261931
C48L37,37,48,-1632500,-1002500,0.989474,0.01052632,-3.2e-07,0.989474,0.01052632,0.989474,0.01052632,12376.87,0,0,63803.91,0,0,1,1,463245.5,1,0,0.01787151071
C49L37,37,49,-1627500,-1002500,0.98500775,0.01499202,2.3e-07,0.98500775,0.01499202,0.98118,0.01881977,15079.18,0,0,63429.39,0,0,1,1,458417.6,1,0.004,0.02327521278
C50L37,37,50,-1622500,-1002500,0.92467541,0.07532475,-1.6e-07,0.91331178,0.08668838,0.909091,0.09090916,12202.55,0,0,63054.87,0,0,0.3228281,0.3228281,453593.5,1,0.016,0.07532475
C51L37,37,51,-1617500,-1002500,1,0,0,1,0,1,0,9655.14,0,0,62469.59,0,0,0,0,448773.2,1,0,0.01108316302
C52L37,37,52,-1612500,-1002500,0.991234,0.00876623,-2.3e-07,0.991234,0.00876623,0.991234,0.00876623,6186.743,0,0,61248.03,0,0,0,0,443956.9,1,0,0.01101200993
C53L37,37,53,-1607500,-1002500,0.994258,0.00574163,3.7e-07,0.994258,0.00574163,0.994258,0.00574163,2479.361,0,0,59776.64,0,0,0,0,439144.8,1,0,0.008225863885
C54L37,37,54,-1602500,-1002500,1,0,0,1,0,1,0,1459.663,0,0,58305.24,0,0,0,0,434336.8,1,0,0.0042485459
C55L37,37,55,-1597500,-1002500,1,0,0,1,0,1,0,5353.329,0,0,56495.99,0,0,0,0,429533.3,1,0,0.004315199601
C56L37,37,56,-1592500,-1002500,0.998377,0.00162338,-3.8e-07,0.998377,0.00162338,0.998377,0.00162338,9935.311,0,0,54290.32,0,0,0,0,424734.2,1,0,0.005954899716
C57L37,37,57,-1587500,-1002500,0.991069,0.008931419,-4.19e-07,0.991069,0.008931419,0.991069,0.008931419,13019.84,0,0,52121.38,0,0,0,0,419939.9,1,0,0.01118128012
C58L37,37,58,-1582500,-1002500,0.998085959,0.001913876,1.65e-07,0.997448,0.002551835,0.997448,0.002551835,13241.56,0,0,50293.47,0,0,0,0,415150.4,1,0.001,0.0102588701
C59L37,37,59,-1577500,-1002500,0.983117,0.016883111,-1.11e-07,0.983117,0.016883111,0.983117,0.016883111,10834.27,0,0,48910.41,0,0,0,0,410366,1,0,0.02965981264
C60L37,37,60,-1572500,-1002500,0.964593,0.035406689,3.11e-07,0.964593,0.035406689,0.964593,0.035406689,7142.499,0,0,48010.66,0,0,0,0,405586.7,1,0,0.05083073662
C61L37,37,61,-1567500,-1002500,0.99675308,0.003246751,1.69e-07,0.99675308,0.003246751,0.993831,0.006168831,3120.837,0,0,47613.41,0,0,0,0,400812.9,1,0.003,0.05111403084
C62L37,37,62,-1562500,-1002500,0.76172275,0.238277718,-4.68e-07,0.76172275,0.238277718,0.757895,0.242105468,307.064,0,0,47392.5,0,0,0,0,396044.6,1,0.004,0.238277718
C63L37,37,63,-1557500,-1002500,0.73603933,0.26396155,-8.8e-07,0.7152601,0.28474078,0.686364,0.31363688,1642.777,0,0,47171.59,0,0,0,0,391282.1,1,0.05,0.26396155
C64L37,37,64,-1552500,-1002500,0.87272702,0.127272689,2.91e-07,0.87049417,0.129505539,0.827751,0.172248709,4857.811,0,0,46566.33,0,0,0,0,386525.6,1,0.045,0.127272689
C65L37,37,65,-1547500,-1002500,0.92110426,0.07889615,-4.1e-07,0.8977276,0.10227281,0.886364,0.11363641,8485.113,0,0,45237.96,0,0,0,0,381775.3,1,0.035,0.07889615
C66L37,37,66,-1542500,-1002500,0.95980829,0.040191438,2.72e-07,0.94991993,0.050079798,0.933333,0.066666728,11185.45,0,0,43909.59,0,0,0,0,377031.5,1,0.026,0.04812892093
C67L37,37,67,-1537500,-1002500,0.99075,0.009250398,-3.98e-07,0.99075,0.009250398,0.99075,0.009250398,13902.07,0,0,42581.21,0,0,0,0,372294.3,1,0,0.01817238116
C68L37,37,68,-1532500,-1002500,0.976948,0.02305193,7e-08,0.976948,0.02305193,0.976948,0.02305193,17560.22,0,0,41252.84,0,0,0,0,367564.2,1,0,0.02708706882
C69L37,37,69,-1527500,-1002500,0.987879,0.01212121,-2.1e-07,0.987879,0.01212121,0.987879,0.01212121,18955.54,0,0,40164.17,0,0,0,0,362841.3,1,0,0.04399168484
C70L37,37,70,-1522500,-1002500,0.83246758,0.16753223,1.9e-07,0.823052,0.17694781,0.823052,0.17694781,14142.62,0,0,39677.84,0,0,0,0,358125.9,1,0.009,0.16753223
C71L37,37,71,-1517500,-1002500,0.94385958,0.0561404,2e-08,0.93301428,0.0669857,0.92185,0.07814998,9382.931,0,0,39818.36,0,0,0,0,353418.3,1,0.022,0.07828941778
C72L37,37,72,-1512500,-1002500,0.99220813,0.00779221,-3.4e-07,0.99220813,0.00779221,0.987338,0.01266234,4872.727,0,0,40337.76,0,0,0,0,348718.9,1,0.005,0.03061763715
C73L37,37,73,-1507500,-1002500,0.983732,0.0162679,1e-07,0.983732,0.0162679,0.983732,0.0162679,238.6828,0,0,40833.9,0,0,0,0,344027.9,1,0,0.02520973807
C74L37,37,74,-1502500,-1002500,0.98668861,0.01331169,-3e-07,0.98376653,0.01623377,0.976299,0.0237013,2697.737,0,0,39502.66,0,0,0,0,339345.8,1,0.01,0.03433316789
C75L37,37,75,-1497500,-1002500,0.90143545,0.0985646,-5e-08,0.90015953,0.09984052,0.893142,0.10685805,7531.917,0,0,38171.42,0,0,0,0,334672.8,1,0.008,0.1113353039
C76L37,37,76,-1492500,-1002500,0.824880298,0.17511957,1.32e-07,0.814991938,0.18500793,0.814035,0.185964868,12322.64,0,0,36887.54,0,0,0,0,330009.5,1,0.011,0.17511957
C77L37,37,77,-1487500,-1002500,0.992208,0.007792206,-2.06e-07,0.992208,0.007792206,0.992208,0.007792206,15948.04,0,0,36133.3,0,0,0,0,325356.1,1,0,0.04802176561
C78L37,37,78,-1482500,-1002500,0.997129,0.00287081,1.9e-07,0.997129,0.00287081,0.997129,0.00287081,10962.53,0,0,35885.08,0,0,0,0,320713.2,1,0,0.01159970435
C79L37,37,79,-1477500,-1002500,0.997727,0.00227273,2.7e-07,0.997727,0.00227273,0.997727,0.00227273,6001.194,0,0,35669.96,0,0,0,0,316081.2,1,0,0.007333812627
C80L37,37,80,-1472500,-1002500,1,0,0,1,0,1,0,1360.717,0,0,35885.35,0,0,0,0,311460.6,1,0,0.005741952569
C81L37,37,81,-1467500,-1002500,0.995779,0.00422078,2.2e-07,0.995779,0.00422078,0.995779,0.00422078,2685.349,0,0,35042.22,0,0,0,0,306851.8,1,0,0.008777377535
C82L37,37,82,-1462500,-1002500,0.997129,0.00287081,1.9e-07,0.997129,0.00287081,0.997129,0.00287081,7668.239,0,0,30982.35,0,0,0,0,302255.5,1,0,0.008879588999
C83L37,37,83,-1457500,-1002500,0.987013,0.01298701,-1e-08,0.987013,0.01298701,0.987013,0.01298701,12575.4,0,0,26922.48,0,0,0,0,297672.2,1,0,0.01624041638
C84L37,37,84,-1452500,-1002500,0.987241,0.012759138,-1.38e-07,0.987241,0.012759138,0.987241,0.012759138,17277.37,0,0,22862.6,0,0,0,0,293102.5,1,0,0.01580706428
C85L37,37,85,-1447500,-1002500,0.995215,0.00478469,3.1e-07,0.995215,0.00478469,0.995215,0.00478469,22096,0,0,18830.33,0,0,0,0,288547.1,1,0,0.01092425241
C86L37,37,86,-1442500,-1002500,1,0,0,1,0,1,0,18777.16,0,0,15207.44,0,0,0,0,284006.7,1,0,0.006550236745
C87L37,37,87,-1437500,-1002500,1,0,0,1,0,1,0,16267.4,0,0,11729.34,0,0,0,0,279481.9,1,0,0.006172195105
C88L37,37,88,-1432500,-1002500,0.997078,0.00292208,-8e-08,0.997078,0.00292208,0.997078,0.00292208,13978.22,0,0,8700.135,0,0,0,0,274973.7,1,0,0.00755778994
C89L37,37,89,-1427500,-1002500,1,0,0,1,0,1,0,11303.66,0,0,6507.077,0,0,0,0,270482.7,1,0,0.005399842911
C90L37,37,90,-1422500,-1002500,1,0,0,1,0,1,0,9707.429,0,0,5159.198,0,0,0,0,266009.8,1,0,0.005328074775
C91L37,37,91,-1417500,-1002500,0.997448,0.00255183,1.7e-07,0.997448,0.00255183,0.997448,0.00255183,7632.307,0,0,3821.252,0,0,0,0,261556.1,1,0,0.007073711373
C92L37,37,92,-1412500,-1002500,0.996429,0.00357143,-4.3e-07,0.996429,0.00357143,0.996429,0.00357143,4287.813,0,0,2437.883,0,0,0,0,257122.4,1,0,0.007767105992
C93L37,37,93,-1407500,-1002500,1,0,0,1,0,1,0,99.47514,0,0,861.7251,0,0,0,0,252709.9,1,0,0.005984989564
C94L37,37,94,-1402500,-1002500,1,0,0,1,0,1,0,2412.785,0,0,714.4327,0,0,0,0,248319.6,1,0,0.005889971602
C95L37,37,95,-1397500,-1002500,1,0,0,1,0,1,0,5674.309,0,0,2201.184,0,0,0,0,243952.8,1,0,0.006203327418
C96L37,37,96,-1392500,-1002500,1,0,0,1,0,1,0,9038.511,0,0,3378.208,0,0,0,0,239610.8,1,0,0.006264242397
C97L37,37,97,-1387500,-1002500,1,0,0,1,0,1,0,9985.779,0,0,4555.233,0,0,0,0,235294.9,1,0,0.007800630987
C98L37,37,98,-1382500,-1002500,0.97256748,0.0274322,3.2e-07,0.97256748,0.0274322,0.964593,0.03540668,6657.573,0,0,5732.257,0,0,0,0,231006.6,1,0.008,0.0274322
C99L37,37,99,-1377500,-1002500,0.98863615,0.011363633,2.17e-07,0.98863615,0.011363633,0.982792,0.017207783,6239.454,0,0,6958.627,0,0,0,0,226747.4,1,0.006,0.01912721824
C100L37,37,100,-1372500,-1002500,0.98277481,0.01722489,3e-07,0.98277481,0.01722489,0.979904,0.0200957,5390.483,0,0,8931.983,0,0,0,0,222519.1,1,0.003,0.02532328212
C101L37,37,101,-1367500,-1002500,0.99870161,0.001298702,-3.12e-07,0.97337698,0.026623332,0.936364,0.063636312,4827.825,0,0,10914.34,0,0,0,0,218323.4,1,0.062,0.03037799844
C102L37,37,102,-1362500,-1002500,0.965868759,0.034130809,4.32e-07,0.9429023,0.057097268,0.885805,0.114194568,116.4479,0,0,12896.7,0.04426033,0,0,0,214162.2,1,0.08,0.07496045439
C103L37,37,103,-1357500,-1002500,0.81658643,0.183413059,5.11e-07,0.81148276,0.188516729,0.762041,0.237958489,5060.721,0,0,14879.06,0.8933996,0,0,0,210037.7,1,0.055,0.2376526214
C104L37,37,104,-1352500,-1002500,0.47759788,0.49123437,0.03116775,0.47759788,0.49123437,0.469481,0.49935125,9848.747,0,0,16861.42,0.2685089,0,0,0,205951.9,1,0.008,0.49123437
C105L37,37,105,-1347500,-1002500,0.57192946,0.35693786,0.07113268,0.56778273,0.36108459,0.563636,0.36523132,14432.61,0,0,18843.78,0,0,0,0,201907.2,1,0.008,0.35693786
C106L37,37,106,-1342500,-1002500,0.90324697,0.08896107,0.00779196,0.90032489,0.09188315,0.867208,0.12500004,18987.84,0,0,20884.96,0,0,0,0,197906.2,1,0.036,0.1636733113
C107L37,37,107,-1337500,-1002500,0.99585335,0,0.00414665,0.99234458,0.00350877,0.94067,0.05518335,22695.92,0,0,23327.55,0,0,0,0,193951.6,1,0.055,0.05179773527
C108L37,37,108,-1332500,-1002500,1,0,0,1,0,1,0,19134.14,0,0,25779.4,0,0,0,0,190046.3,1,0,0.03304062531
C109L37,37,109,-1327500,-1002500,0.95279082,0.0472089,2.8e-07,0.9406696,0.05933012,0.919298,0.08070172,16240.43,0,0,28231.25,0,0,0,0,186193.3,1,0.033,0.04851158987
C110L37,37,110,-1322500,-1002500,1.00000033,0,-3.3e-07,0.96071463,0.0392857,0.938312,0.06168833,14024.47,0,0,30683.1,0,0,0,0,182396,1,0.062,0.020781786
C111L37,37,111,-1317500,-1002500,0.992344879,0.007655509,-3.88e-07,0.990749979,0.009250409,0.990431,0.009569388,13197.99,0,0,33134.95,0,0,0,0,178657.9,1,0.002,0.02073135141
C112L37,37,112,-1312500,-1002500,1,0,0,1,0,1,0,11458.56,0,0,35586.79,0,0,0,0,174982.9,1,0,0.01825834781
C20L38,38,20,-1772500,-1007500,0.483737,0,0.516263,0.483737,0,0.483737,0,12201.83,0.8139454,0,55760.41,0,0,0,0.8139454,598592.2,1,0,0.0005133831988
C21L38,38,21,-1767500,-1007500,0.85495,0.0018797,0.1431703,0.85495,0.0018797,0.85495,0.0018797,11923.96,1,0,58043.21,0,0,0,1,593685.9,1,0,0.002108907911
C22L38,38,22,-1762500,-1007500,0.911341,0,0.088659,0.911341,0,0.911341,0,12671.26,1,0,60653.16,0,0,0,1,588781.2,1,0,0.001181519268
C23L38,38,23,-1757500,-1007500,0.885842,0,0.114158,0.885842,0,0.885842,0,13163.65,1,0,63549.95,0,0,0,1,583878.1,1,0,0.001156845564
C24L38,38,24,-1752500,-1007500,0.940476,0,0.059524,0.940476,0,0.940476,0,13146.08,1,0,66576.75,0,0,0,1,578976.7,1,0,0.002687397682
C25L38,38,25,-1747500,-1007500,0.92889,0,0.07111,0.92889,0,0.92889,0,13520.55,1,0,69603.55,0,0,0,1,574077,1,0,0.01567918484
C26L38,38,26,-1742500,-1007500,0.81986243,0.16384716,0.01629041,0.80701782,0.17669177,0.801692,0.18201759,9705.902,0.8722612,0,72630.35,0,0,0,0.8722612,569179,1,0.018,0.16384716
C27L38,38,27,-1737500,-1007500,0.8220662,0.17602029,0.00191351,0.81823967,0.17984682,0.812181,0.18590549,7410.031,0.1819851,0,75657.15,0,0,0,0.1819851,564282.8,1,0.01,0.17602029
C28L38,38,28,-1732500,-1007500,0.980263,0.00814536,0.01159164,0.980263,0.00814536,0.980263,0.00814536,4217.232,0,0,78222.49,0,0,0,0,559388.5,1,0,0.03807550233
C29L38,38,29,-1727500,-1007500,0.982781,0.00127551,0.01594349,0.982781,0.00127551,0.982781,0.00127551,3395.183,0,0,76842.16,0,0,0,0,554496,1,0,0.01598717652
C30L38,38,30,-1722500,-1007500,0.980263,0.0018797,0.0178573,0.980263,0.0018797,0.980263,0.0018797,1852.526,0,0,75767.26,0,0,0,0,549605.5,1,0,0.004980572848
C31L38,38,31,-1717500,-1007500,0.999687,0.000313283,-2.83e-07,0.999687,0.000313283,0.999687,0.000313283,935.7041,0,0,75010.91,0,0,0,0,544716.9,1,0,0.002625123374
C32L38,38,32,-1712500,-1007500,0.992666,0,0.007334,0.992666,0,0.992666,0,2866.228,0,0,74582.81,0,0,0,0,539830.4,1,0,0.001672378615
C33L38,38,33,-1707500,-1007500,0.994987,0,0.005013,0.994987,0,0.994987,0,5373.703,0,0,74466.15,0,0,0,0,534946,1,0,0.001724951231
C34L38,38,34,-1702500,-1007500,0.946747,0,0.053253,0.946747,0,0.946747,0,7387.812,0,0,74416.88,0,0,0,0,530063.7,1,0,0.001934088863
C35L38,38,35,-1697500,-1007500,0.932018,0,0.067982,0.932018,0,0.932018,0,3207.302,0,0,74367.61,0,0,0.2293022,0.2293022,525183.7,1,0,0.001166998604
C36L38,38,36,-1692500,-1007500,0.937181,0,0.062819,0.937181,0,0.937181,0,644.262,0,0,74318.34,0,0.2954602,0.7898693,1.0853295,520305.9,1,0,0
C37L38,38,37,-1687500,-1007500,0.99718,0.002819553,4.47e-07,0.99718,0.002819553,0.99718,0.002819553,2239.207,0,0,74269.07,0,0.9952415,0.9891778,1.9844193,515430.5,2,0,0.002819553
C38L38,38,38,-1682500,-1007500,0.987882633,0.012117355,1.2e-08,0.987882633,0.012117355,0.986926,0.013073988,6160.39,0,0,74219.8,0,0.9596361,0.6679587,1.6275948,510557.5,2,0.001,0.012117355
C39L38,38,39,-1677500,-1007500,1,0,0,1,0,1,0,7006.803,0,0,74170.52,0,1,0.001914883,1.001914883,505687,2,0,0.004122542288
C40L38,38,40,-1672500,-1007500,1,0,0,1,0,1,0,3378.905,0,0,74055.68,0,1,0,1,500819,2,0,0.002229556171
C41L38,38,41,-1667500,-1007500,1,0,0,1,0,1,0,1644.351,0,0,73700.2,0,1,0,1,495953.7,2,0,0.00196507987
C42L38,38,42,-1662500,-1007500,0.996241,0,0.003759,0.996241,0,0.996241,0,2249.287,0,0,73262.49,0,0.9947649,0.002641184,0.997406084,491091,2,0,0.001890386837
C43L38,38,43,-1657500,-1007500,1,0,0,1,0,1,0,7249.247,0,0,72545.92,0,0.203725,0.7799501,0.9836751,486231.2,1,0,0
C44L38,38,44,-1652500,-1007500,1,0,0,1,0,1,0,6409.663,0,0,71708.28,0,0,1,1,481374.2,1,0,0
C45L38,38,45,-1647500,-1007500,1,0,0,1,0,1,0,1523.129,0,0,70581.6,0,0,1,1,476520.2,1,0,0
C46L38,38,46,-1642500,-1007500,0.99154185,0.008458653,-5.03e-07,0.99154185,0.008458653,0.990602,0.009398503,3363.405,0,0,69697.76,0,0,1,1,471669.2,1,0.001,0.008458653
C47L38,38,47,-1637500,-1007500,0.94834198,0.05165816,-1.4e-07,0.93781902,0.06218112,0.935268,0.06473214,8019.928,0,0,69164.39,0,0,1,1,466821.4,1,0.013,0.05165816
C48L38,38,48,-1632500,-1007500,0.92261944,0.07738098,-4.2e-07,0.906642,0.09335842,0.906642,0.09335842,12602.36,0,0,68789.87,0,0,0.992872,0.992872,461976.8,1,0.016,0.07738098
C49L38,38,49,-1627500,-1007500,0.81453678,0.18515083,0.00031239,0.81109066,0.18859695,0.804825,0.19486261,11568.69,0,0,68415.35,0,0,0.3288661,0.3288661,457135.5,1,0.01,0.18515083
C50L38,38,50,-1622500,-1007500,0.978954408,0.02104591,-3.18e-07,0.974809,0.025191318,0.974809,0.025191318,8045.868,0,0,68040.82,0,0,0.002734499,0.002734499,452297.7,1,0.004,0.02914216331
C51L38,38,51,-1617500,-1007500,1,0,0,1,0,1,0,5215.006,0,0,67384.99,0,0,0,0,447463.5,1,0,0.008380093306
C52L38,38,52,-1612500,-1007500,1,0,0,1,0,1,0,2807.69,0,0,66026.63,0,0,0,0,442633,1,0,0.004264237394
C53L38,38,53,-1607500,-1007500,1,0,0,1,0,1,0,880.4128,0,0,64555.24,0,0,0,0,437806.2,1,0,0.004357107529
C54L38,38,54,-1602500,-1007500,1,0,0,1,0,1,0,4365.304,0,0,63083.84,0,0,0,0,432983.4,1,0,0.004727761408
C55L38,38,55,-1597500,-1007500,1,0,0,1,0,1,0,8515.656,0,0,60983.19,0,0,0,0,428164.7,1,0,0.01084010627
C56L38,38,56,-1592500,-1007500,1,0,0,1,0,1,0,12179.15,0,0,58777.52,0,0,0,0,423350.2,1,0,0.0191959883
C57L38,38,57,-1587500,-1007500,0.996867,0.00313283,1.7e-07,0.996867,0.00313283,0.996867,0.00313283,16050.96,0,0,56724.75,0,0,0,0,418540,1,0,0.02704515086
C58L38,38,58,-1582500,-1007500,0.97775682,0.022243099,8.1e-08,0.97587712,0.024122799,0.972431,0.027568919,12460.23,0,0,55049.91,0,0,0,0,413734.3,1,0.005,0.03902039994
C59L38,38,59,-1577500,-1007500,0.96396689,0.036033196,-8.6e-08,0.95280618,0.047193906,0.945472,0.054528086,7852.406,0,0,53789.29,0,0,0,0,408933.3,1,0.018,0.05387816553
C60L38,38,60,-1572500,-1007500,0.78070194,0.21929816,-1e-07,0.75407285,0.24592725,0.722118,0.2778821,4131.407,0,0,52972.48,0,0,0,0,404137.1,1,0.059,0.21929816
C61L38,38,61,-1567500,-1007500,0.75860966,0.241390353,-1.3e-08,0.74904333,0.250956683,0.703125,0.296875013,1135.928,0,0,52608.53,0,0,0,0,399345.9,1,0.055,0.241390353
C62L38,38,62,-1562500,-1007500,0.8245611,0.17543829,6.1e-07,0.82142827,0.17857112,0.818922,0.18107739,2588.216,0,0,52387.62,0,0,0,0,394559.9,1,0.006,0.17543829
C63L38,38,63,-1557500,-1007500,0.981824,0.018176023,-2.3e-08,0.981824,0.018176023,0.981824,0.018176023,6026.937,0,0,52166.7,0,0,0,0,389779.2,1,0,0.05549316748
C64L38,38,64,-1552500,-1007500,0.99718052,0.002819543,-6.3e-08,0.99154142,0.008458643,0.989975,0.010025063,8512.346,0,0,51386.65,0,0,0,0,385004.1,1,0.007,0.03318565888
C65L38,38,65,-1547500,-1007500,0.9505741,0.04942598,-8e-08,0.94515318,0.0548469,0.937819,0.06218108,11816.93,0,0,50058.27,0,0,0,0,380234.9,1,0.013,0.04942598
C66L38,38,66,-1542500,-1007500,1,0,0,1,0,1,0,15427.16,0,0,48729.9,0,0,0,0,375471.6,1,0,0.01455253744
C67L38,38,67,-1537500,-1007500,0.97619,0.0238095,5e-07,0.97619,0.0238095,0.97619,0.0238095,17929.38,0,0,47401.53,0,0,0,0,370714.5,1,0,0.02573648851
C68L38,38,68,-1532500,-1007500,0.9413269,0.0586734,-3e-07,0.938457,0.0615433,0.938457,0.0615433,20797.59,0,0,46081.74,0,0,0,0,365963.9,1,0.003,0.0586734
C69L38,38,69,-1527500,-1007500,0.94141627,0.058583946,-2.16e-07,0.93891,0.061090216,0.93891,0.061090216,16834.6,0,0,45107.62,0,0,0,0,361220.1,1,0.003,0.08211040292
C70L38,38,70,-1522500,-1007500,0.69036992,0.30963014,-6e-08,0.66709182,0.33290824,0.658801,0.34119906,12520.79,0,0,44675.14,0,0,0,0,356483.3,1,0.032,0.30963014
C71L38,38,71,-1517500,-1007500,0.90194246,0.09805765,-1.1e-07,0.8706141,0.12938601,0.841792,0.15820811,7830.194,0,0,44799.99,0,0,0,0,351753.7,1,0.06,0.1032287411
C72L38,38,72,-1512500,-1007500,0.981186,0.01881374,2.6e-07,0.981186,0.01881374,0.981186,0.01881374,3327.239,0,0,45310.31,0,0,0,0,347031.7,1,0,0.03366572506
C73L38,38,73,-1507500,-1007500,0.970865,0.029135333,-3.33e-07,0.970865,0.029135333,0.970865,0.029135333,986.7982,0,0,45653.43,0,0,0,0,342317.7,1,0,0.03886534982
C74L38,38,74,-1502500,-1007500,0.89604612,0.103954125,-2.45e-07,0.87850786,0.121492385,0.862564,0.137436245,4751.962,0,0,44322.18,0,0,0,0,337611.8,1,0.033,0.103954125
C75L38,38,75,-1497500,-1007500,0.83208052,0.16791955,-7e-08,0.8139101,0.18608997,0.79386,0.20614007,9472.445,0,0,42990.94,0,0,0,0,332914.5,1,0.038,0.16791955
C76L38,38,76,-1492500,-1007500,0.79229363,0.2077069,-5.3e-07,0.78320842,0.21679211,0.765038,0.23496253,13877.26,0,0,41782.41,0,0,0,0,328226.2,1,0.027,0.2077069
C77L38,38,77,-1487500,-1007500,0.984056,0.015943878,1.22e-07,0.984056,0.015943878,0.984056,0.015943878,15932.9,0,0,41118.06,0,0,0,0,323547.2,1,0,0.03898554684
C78L38,38,78,-1482500,-1007500,1,0,0,1,0,1,0,10932.9,0,0,40880.22,0,0,0,0,318878,1,0,0.007825921887
C79L38,38,79,-1477500,-1007500,0.99713,0.0028699,1e-07,0.99713,0.0028699,0.99713,0.0028699,5932.898,0,0,40668.37,0,0,0,0,314218.9,1,0,0.006743984757
C80L38,38,80,-1472500,-1007500,0.996867,0.00313283,1.7e-07,0.996867,0.00313283,0.996867,0.00313283,932.8997,0,0,40857.43,0,0,0,0,309570.4,1,0,0.007119433047
C81L38,38,81,-1467500,-1007500,0.992666,0.00669643,0.00063757,0.992666,0.00669643,0.992666,0.00669643,1840.486,0,0,37960.69,0,0,0,0,304933.1,1,0,0.009413353168
C82L38,38,82,-1462500,-1007500,0.989975,0.01002507,-7e-08,0.989975,0.01002507,0.989975,0.01002507,6647.353,0,0,33900.81,0,0,0,0,300307.4,1,0,0.01179699336
C83L38,38,83,-1457500,-1007500,1,0,0,1,0,1,0,11618.4,0,0,29840.94,0,0,0,0,295694,1,0,0.008350421059
C84L38,38,84,-1452500,-1007500,0.964599,0.03540097,3e-08,0.964599,0.03540097,0.964599,0.03540097,16606.84,0,0,25871.45,0,0,0,0,291093.2,1,0,0.03540097
C85L38,38,85,-1447500,-1007500,0.991855,0.00344612,0.00469888,0.991855,0.00344612,0.991855,0.00344612,17837.98,0,0,22277.59,0,0,0,0,286505.9,1,0,0.009794568787
C86L38,38,86,-1442500,-1007500,1,0,0,1,0,1,0,15054.7,0,0,18799.49,0,0,0,0,281932.6,1,0,0.006446515146
C87L38,38,87,-1437500,-1007500,0.984336,0.0156642,-2e-07,0.984336,0.0156642,0.984336,0.0156642,11829.93,0,0,15549.18,0,0,0,0,277374,1,0,0.0156642
C88L38,38,88,-1432500,-1007500,0.996811,0.00318878,2.2e-07,0.996811,0.00318878,0.996811,0.00318878,9574.711,0,0,13160.65,0,0,0,0,272830.9,1,0,0.008043520129
C89L38,38,89,-1427500,-1007500,1,0,0,1,0,1,0,7016.28,0,0,11314.81,0,0,0,0,268304,1,0,0.005725091849
C90L38,38,90,-1422500,-1007500,1,0,0,1,0,1,0,5297.889,0,0,9976.863,0,0,0,0,263794.2,1,0,0.005314766365
C91L38,38,91,-1417500,-1007500,1,0,0,1,0,1,0,3234.589,0,0,8638.918,0,0,0,0,259302.4,1,0,0.005493290865
C92L38,38,92,-1412500,-1007500,1,0,0,1,0,1,0,594.2055,0,0,7182.957,0,0,0,0,254829.6,1,0,0.005726543374
C93L38,38,93,-1407500,-1007500,1,0,0,1,0,1,0,1958.414,0,0,5606.799,0,0,0,0,250376.6,1,0,0.005804605992
C94L38,38,94,-1402500,-1007500,0.99718,0.00281955,4.5e-07,0.99718,0.00281955,0.99718,0.00281955,6623.159,0,0,4030.641,0,0,0,0,245944.7,1,0,0.007229129181
C95L38,38,95,-1397500,-1007500,1,0,0,1,0,1,0,9476.444,0,0,2658.303,0,0,0,0,241535,1,0,0.005629697244
C96L38,38,96,-1392500,-1007500,1,0,0,1,0,1,0,12625.8,0,0,1481.279,0,0,0,0,237148.7,1,0,0.005667922515
C97L38,38,97,-1387500,-1007500,1,0,0,1,0,1,0,13562.8,0,0,304.2544,0,0,0,0,232787.2,1,0,0.006982462199
C98L38,38,98,-1382500,-1007500,1,0,0,1,0,1,0,9577.809,0,0,872.7701,0,0,0,0,228451.8,1,0,0.007840127477
C99L38,38,99,-1377500,-1007500,1,0,0,1,0,1,0,5021.058,0,0,2359.389,0,0,0,0,224144.1,1,0,0.009511326299
C100L38,38,100,-1372500,-1007500,0.99467422,0.00532581,-3e-08,0.9912281,0.00877193,0.985589,0.01441103,1052.274,0,0,4341.749,0,0,0,0,219865.7,1,0.009,0.01703504629
C101L38,38,101,-1367500,-1007500,0.98947681,0.010523,1.9e-07,0.9575891,0.04241071,0.866709,0.13329081,49.88357,0,0,6324.108,0,0,0,0,215618.4,1,0.123,0.03076504584
C102L38,38,102,-1362500,-1007500,0.91416041,0.07894736,0.00689223,0.8787594,0.11434837,0.837406,0.15570177,1937.313,0,0,8306.468,0,0,0,0,211404,1,0.077,0.08640379427
C103L38,38,103,-1357500,-1007500,0.82456104,0.124060126,0.051378834,0.81265627,0.135964896,0.793546,0.155075166,6106.893,0,0,10288.83,0.1228448,0,0,0,207224.5,1,0.031,0.1436924517
C104L38,38,104,-1352500,-1007500,0.634247308,0.27838053,0.087372162,0.62468098,0.287946858,0.611607,0.301020838,10810.91,0,0,12271.19,0.04386632,0,0,0,203082.1,1,0.023,0.27838053
C105L38,38,105,-1347500,-1007500,0.60620337,0.3887842,0.00501243,0.6036971,0.39129047,0.558271,0.43671657,15698.97,0,0,14253.55,0,0,0,0,198979.2,1,0.048,0.3887842
C106L38,38,106,-1342500,-1007500,0.79655618,0.20344379,3e-08,0.77678577,0.2232142,0.716199,0.28380097,20637.96,0,0,16518.13,0,0,0,0,194918.1,1,0.08,0.20344379
C107L38,38,107,-1337500,-1007500,0.94298277,0.05701752,-2.9e-07,0.92888503,0.07111526,0.910088,0.08991229,19027.64,0,0,18969.98,0,0,0,0,190901.6,1,0.033,0.09553491797
C108L38,38,108,-1332500,-1007500,0.995536,0.00446429,-2.9e-07,0.995536,0.00446429,0.995536,0.00446429,15664.68,0,0,21421.83,0,0,0,0,186932.5,1,0,0.08040145782
C109L38,38,109,-1327500,-1007500,0.90570127,0.07863401,0.01566472,0.903195,0.08114028,0.903195,0.08114028,12099.29,0,0,23873.67,0,0,0,0,183014,1,0.003,0.1190385128
C110L38,38,110,-1322500,-1007500,0.99999965,0,3.5e-07,0.99999965,0,0.996492,0.00350765,9869.317,0,0,26325.52,0,0,0,0,179149.3,1,0.004,0.08735302318
C111L38,38,111,-1317500,-1007500,0.95175471,0.04824561,-3.2e-07,0.94799531,0.05200501,0.928885,0.07111532,8522.012,0,0,28777.37,0,0,0,0,175342,1,0.023,0.08832010802
C112L38,38,112,-1312500,-1007500,0.97587713,0.0241228,7e-08,0.97587713,0.0241228,0.974624,0.02537593,6566.428,0,0,31229.22,0,0,0,0,171596,1,0.001,0.06669219093
C113L38,38,113,-1307500,-1007500,0.99999966,0,3.4e-07,0.98628792,0.01371174,0.980867,0.01913266,7020.321,0,0,33681.07,0,0,0,0,167915.3,1,0.019,0.05012290963
C114L38,38,114,-1302500,-1007500,0.88533838,0.11466169,-7e-08,0.8518171,0.14818297,0.825188,0.17481207,6604.551,0,0,35245.86,0.1809576,0,0,0,164304.3,1,0.06,0.1531011367
C21L39,39,21,-1767500,-1012500,0.906328,0,0.093672,0.906328,0,0.906328,0,16889.04,1,0,62448.19,0,0,0,1,592738.7,1,0,0.0008577374738
C22L39,39,22,-1762500,-1012500,0.941103,0,0.058897,0.941103,0,0.941103,0,17654.46,1,0,64881.18,0,0,0,1,587826.1,1,0,0.0009200121568
C23L39,39,23,-1757500,-1012500,0.965242,0,0.034758,0.965242,0,0.965242,0,17912.97,1,0,67597.03,0,0,0,1,582915,1,0,0.001008324373
C24L39,39,24,-1752500,-1012500,0.904762,0,0.095238,0.904762,0,0.904762,0,15472.83,1,0,70556.51,0,0,0,1,578005.4,1,0,0.002385686024
C25L39,39,25,-1747500,-1012500,0.97449,0.0172194,0.0082906,0.97449,0.0172194,0.97449,0.0172194,11505.74,1,0,73583.31,0,0,0,1,573097.3,1,0,0.02430478938
C26L39,39,26,-1742500,-1012500,0.91384694,0.085213036,0.000940024,0.907268,0.091791976,0.907268,0.091791976,6774.031,1,0,76610.11,0,0,0,1,568190.9,1,0.007,0.085213036
C27L39,39,27,-1737500,-1012500,0.78539498,0.2146046,4.2e-07,0.772321,0.22767858,0.772321,0.22767858,2699.383,0.6877988,0,79636.91,0,0,0,0.6877988,563286.1,1,0.013,0.2146046
C28L39,39,28,-1732500,-1012500,0.78759408,0.21240611,-1.9e-07,0.7628447,0.23715549,0.746554,0.25344619,789.7492,0.05220995,0,82663.7,0,0,0,0.05220995,558383,1,0.041,0.21240611
C29L39,39,29,-1727500,-1012500,0.97831641,0.02168367,-8e-08,0.974171,0.02582908,0.974171,0.02582908,1415.173,0,0,81697.76,0,0,0,0,553481.7,1,0.004,0.03225497291
C30L39,39,30,-1722500,-1012500,0.975564,0.00250627,0.02192973,0.975564,0.00250627,0.975564,0.00250627,1932.434,0,0,80687.56,0,0,0,0,548582.1,1,0,0.006496272095
C31L39,39,31,-1717500,-1012500,0.988409,0,0.011591,0.988409,0,0.988409,0,565.7482,0,0,79977.76,0,0,0.0001485639,0.0001485639,543684.4,1,0,0.003132566794
C32L39,39,32,-1712500,-1012500,1,0,0,1,0,1,0,5553.492,0,0,79576.39,0,0,0.1422317,0.1422317,538788.5,1,0,0.002695310969
C33L39,39,33,-1707500,-1012500,0.993421,0,0.006579,0.993421,0,0.993421,0,9729.098,0,0,79465.91,0,0,0.06801258,0.06801258,533894.6,1,0,0.003578181344
C34L39,39,34,-1702500,-1012500,0.964605,0,0.035395,0.964605,0,0.964605,0,10256.77,0,0,79416.64,0,0,0.1269002,0.1269002,529002.6,1,0,0.003704745035
C35L39,39,35,-1697500,-1012500,0.89693,0.00501253,0.09805747,0.89693,0.00501253,0.89693,0.00501253,7086.33,0,0,79367.36,0,0,0.7916066,0.7916066,524112.7,1,0,0.00501253
C36L39,39,36,-1692500,-1012500,0.950255,0.01275511,0.03698989,0.950255,0.01275511,0.950255,0.01275511,3743.878,0,0,79318.09,0,0,1,1,519224.9,1,0,0.01275511
C37L39,39,37,-1687500,-1012500,0.949248,0,0.050752,0.949248,0,0.949248,0,333.0264,0,0,79268.82,0,0.4560941,1,1.4560941,514339.2,1,0,5.536474968e-05
C38L39,39,38,-1682500,-1012500,0.967793,0.03156888,0.00063812,0.96269096,0.03667092,0.952168,0.04719388,1209.897,0,0,79219.55,0,0.8888307,0.2557728,1.1446035,509455.8,2,0.016,0.03156888
C39L39,39,39,-1677500,-1012500,0.98402298,0.00532581,0.01065121,0.98183,0.00751879,0.98183,0.00751879,4490.675,0,0,79170.28,0,1,0,1,504574.6,2,0.002,0.007725019402
C40L39,39,40,-1672500,-1012500,0.990915,0,0.009085,0.990915,0,0.990915,0,7053.811,0,0,79043.03,0,1,0,1,499695.8,2,0,0.00237353693
C41L39,39,41,-1667500,-1012500,1,0,0,1,0,1,0,5692.569,0,0,78687.55,0,1,0,1,494819.4,2,0,0.002340517339
C42L39,39,42,-1662500,-1012500,1,0,0,1,0,1,0,5467.872,0,0,78210.87,0,0.9580334,0.03933045,0.99736385,489945.5,2,0,0.002008528687
C43L39,39,43,-1657500,-1012500,1,0,0,1,0,1,0,8797.154,0,0,77494.31,0,0.208611,0.7869836,0.9955946,485074.2,1,0,0
C44L39,39,44,-1652500,-1012500,1,0,0,1,0,1,0,7031.108,0,0,76577.42,0,0,1,1,480205.5,1,0,0
C45L39,39,45,-1647500,-1012500,1,0,0,1,0,1,0,3007.055,0,0,75476.32,0,0,1,1,475339.5,1,0,0
C46L39,39,46,-1642500,-1012500,0.994674,0.00532581,1.9e-07,0.994674,0.00532581,0.994674,0.00532581,1985.495,0,0,74650.46,0,0,1,1,470476.3,1,0,0.00532581
C47L39,39,47,-1637500,-1012500,1,0,0,1,0,1,0,6984.715,0,0,74150.34,0,0,1,1,465616.1,1,0,0.007425070171
C48L39,39,48,-1632500,-1012500,0.940476556,0.05952382,-3.76e-07,0.921679566,0.07832081,0.921053,0.078947376,11980.84,0,0,73775.82,0,0,0.8155991,0.8155991,460758.8,1,0.019,0.05952382
C49L39,39,49,-1627500,-1012500,0.99624065,0.0037594,-5e-08,0.99060155,0.0093985,0.987782,0.01221805,8361.109,0,0,73401.3,0,0,0,0,455904.7,1,0.008,0.02460765681
C50L39,39,50,-1622500,-1012500,1,0,0,1,0,1,0,4500.915,0,0,73026.78,0,0,0,0,451053.7,1,0,0.01424112455
C51L39,39,51,-1617500,-1012500,1,0,0,1,0,1,0,1179.413,0,0,72276.62,0,0,0,0,446206,1,0,0.004383981855
C52L39,39,52,-1612500,-1012500,1,0,0,1,0,1,0,1510.504,0,0,70805.23,0,0,0,0,441361.7,1,0,0.003591211882
C53L39,39,53,-1607500,-1012500,0.990288,0.00971178,2.2e-07,0.990288,0.00971178,0.990288,0.00971178,4256.491,0,0,69333.83,0,0,0,0,436520.9,1,0,0.01007626618
C54L39,39,54,-1602500,-1012500,1,0,0,1,0,1,0,7805.014,0,0,67676.07,0,0,0,0,431683.7,1,0,0.01745738612
C55L39,39,55,-1597500,-1012500,0.999373,0.000626566,4.34e-07,0.999373,0.000626566,0.999373,0.000626566,11265.72,0,0,65470.4,0,0,0,0,426850.3,1,0,0.02573850596
C56L39,39,56,-1592500,-1012500,0.86543328,0.134566288,4.32e-07,0.84821388,0.151785688,0.83227,0.167729568,15519.79,0,0,63292.67,0,0,0,0,422020.8,1,0.033,0.134566288
C57L39,39,57,-1587500,-1012500,0.83552621,0.1644736,1.9e-07,0.8145362,0.18546361,0.798872,0.20112781,12197.71,0,0,61390.21,0,0,0,0,417195.3,1,0.037,0.1644736
C58L39,39,58,-1582500,-1012500,0.88565187,0.11434829,-1.6e-07,0.8737471,0.12625306,0.844925,0.15507516,9230.193,0,0,59846.08,0,0,0,0,412373.9,1,0.041,0.11434829
C59L39,39,59,-1577500,-1012500,0.88105883,0.117028053,0.001913117,0.86288276,0.135204123,0.830995,0.167091883,6303.494,0,0,58688.57,0,0,0,0,407556.9,1,0.05,0.117028053
C60L39,39,60,-1572500,-1012500,0.919799,0.080200463,5.37e-07,0.90820753,0.091791933,0.903195,0.096804463,1542.822,0,0,57940.86,0,0,0,0,402744.3,1,0.017,0.09308395407
C61L39,39,61,-1567500,-1012500,0.84343122,0.15656887,-9e-08,0.8182399,0.18176019,0.763393,0.23660709,2426.894,0,0,57603.65,0,0,0,0,397936.3,1,0.08,0.15656887
C62L39,39,62,-1562500,-1012500,0.997494,0.002506266,-2.66e-07,0.997494,0.002506266,0.997494,0.002506266,4812.921,0,0,57382.74,0,0,0,0,393133.1,1,0,0.04014613773
C63L39,39,63,-1557500,-1012500,1,0,0,1,0,1,0,8555.25,0,0,57161.82,0,0,0,0,388334.9,1,0,0.01712141696
C64L39,39,64,-1552500,-1012500,0.97305752,0.02694236,1.2e-07,0.9696114,0.03038848,0.965852,0.03414788,12814.49,0,0,56206.96,0,0,0,0,383541.9,1,0.007,0.02694236
C65L39,39,65,-1547500,-1012500,0.99968129,0.000318878,-1.68e-07,0.995217,0.004783168,0.995217,0.004783168,15542.06,0,0,54878.59,0,0,0,0,378754.2,1,0.004,0.009130978515
C66L39,39,66,-1542500,-1012500,0.994674,0.00532581,1.9e-07,0.994674,0.00532581,0.994674,0.00532581,18858.42,0,0,53550.22,0,0,0,0,373972,1,0,0.01217008581
C67L39,39,67,-1537500,-1012500,0.985589,0.014411,0,0.985589,0.014411,0.985589,0.014411,22353.02,0,0,52221.84,0,0,0,0,369195.7,1,0,0.01920417273
C68L39,39,68,-1532500,-1012500,0.990115208,0.009885205,-4.13e-07,0.980548878,0.019451535,0.98023,0.019770413,18272.75,0,0,50941.77,0,0,0,0,364425.3,1,0.01,0.02493180661
C69L39,39,69,-1527500,-1012500,0.895990326,0.10401009,-4.16e-07,0.88439885,0.115601566,0.883459,0.116541416,13859.93,0,0,50062.31,0,0,0,0,359661.1,1,0.013,0.1048715919
C70L39,39,70,-1522500,-1012500,0.76084183,0.23915774,4.3e-07,0.73628821,0.26371136,0.721301,0.27869857,9934.05,0,0,49672.99,0,0,0,0,354903.5,1,0.04,0.23915774
C71L39,39,71,-1517500,-1012500,0.97995,0.02005015,-1.5e-07,0.97995,0.02005015,0.97995,0.02005015,5697.664,0,0,49785.3,0,0,0,0,350152.6,1,0,0.06380590228
C72L39,39,72,-1512500,-1012500,0.953763,0.04623722,-2.2e-07,0.953763,0.04623722,0.953763,0.04623722,1978.383,0,0,50282.86,0,0,0,0,345408.7,1,0,0.05354751879
C73L39,39,73,-1507500,-1012500,0.92324608,0.076754343,-4.23e-07,0.91792027,0.082080153,0.915414,0.084586423,2996.86,0,0,50472.95,0,0,0,0,340672.2,1,0.008,0.076754343
C74L39,39,74,-1502500,-1012500,0.92506427,0.07493622,-4.9e-07,0.9161357,0.08386479,0.907526,0.09247449,6627.625,0,0,49141.71,0,0,0,0,335943.3,1,0.018,0.07503733658
C75L39,39,75,-1497500,-1012500,0.9351505,0.06484954,-4e-08,0.9351505,0.06484954,0.925752,0.07424804,11215.78,0,0,47810.47,0,0,0,0,331222.4,1,0.009,0.07779086532
C76L39,39,76,-1492500,-1012500,0.88721779,0.112781986,2.24e-07,0.86998721,0.130012566,0.844298,0.155701776,15930.98,0,0,46699.56,0,0,0,0,326509.7,1,0.043,0.112781986
C77L39,39,77,-1487500,-1012500,1,0,0,1,0,1,0,16698.37,0,0,46106.11,0,0,0,0,321805.8,1,0,0.02276380472
C78L39,39,78,-1482500,-1012500,1,0,0,1,0,1,0,12021.09,0,0,45875.36,0,0,0,0,317110.9,1,0,0.006511026338
C79L39,39,79,-1477500,-1012500,1,0,0,1,0,1,0,7428.061,0,0,45667.13,0,0,0,0,312425.5,1,0,0.004895216324
C80L39,39,80,-1472500,-1012500,1,0,0,1,0,1,0,2439.037,0,0,44939.02,0,0,0,0,307749.9,1,0,0.005138022644
C81L39,39,81,-1467500,-1012500,1,0,0,1,0,1,0,1445.321,0,0,40879.15,0,0,0,0,303084.8,1,0,0.005495319407
C82L39,39,82,-1462500,-1012500,1,0,0,1,0,1,0,6160.456,0,0,36821.27,0,0,0,0,298430.5,1,0,0.005573995708
C83L39,39,83,-1457500,-1012500,1,0,0,1,0,1,0,11127.15,0,0,32925.4,0,0,0,0,293787.5,1,0,0.007350236778
C84L39,39,84,-1452500,-1012500,0.996554,0.00344612,-1.2e-07,0.996554,0.00344612,0.996554,0.00344612,14953.03,0,0,29347.74,0,0,0,0,289156.4,1,0,0.009595704302
C85L39,39,85,-1447500,-1012500,0.994361,0.0056391,-1e-07,0.994361,0.0056391,0.994361,0.0056391,12990.42,0,0,25869.64,0,0,0,0,284537.9,1,0,0.01076604572
C86L39,39,86,-1442500,-1012500,1,0,0,1,0,1,0,11457.4,0,0,22534.9,0,0,0,0,279932.4,1,0,0.006520866658
C87L39,39,87,-1437500,-1012500,1,0,0,1,0,1,0,7991.399,0,0,19880.33,0,0,0,0,275340.7,1,0,0.0064407861
C88L39,39,88,-1432500,-1012500,0.992347,0.00765306,-6e-08,0.992347,0.00765306,0.992347,0.00765306,5087.322,0,0,17648.56,0,0,0,0,270763.5,1,0,0.0105110231
C89L39,39,89,-1427500,-1012500,1,0,0,1,0,1,0,2882.023,0,0,16132.47,0,0,0,0,266201.5,1,0,0.005817906433
C90L39,39,90,-1422500,-1012500,1,0,0,1,0,1,0,303.7144,0,0,14794.53,0,0,0,0,261655.4,1,0,0.005259504828
C91L39,39,91,-1417500,-1012500,1,0,0,1,0,1,0,833.5379,0,0,13456.58,0,0,0,0,257126.3,1,0,0.005318285961
C92L39,39,92,-1412500,-1012500,1,0,0,1,0,1,0,3022.196,0,0,11928.03,0,0,0,0,252614.9,1,0,0.005636145538
C93L39,39,93,-1407500,-1012500,0.995927,0.00407268,3.2e-07,0.995927,0.00407268,0.995927,0.00407268,6323.084,0,0,10351.87,0,0,0,0,248122.2,1,0,0.008011035186
C94L39,39,94,-1402500,-1012500,1,0,0,1,0,1,0,9021.737,0,0,8775.715,0,0,0,0,243649.3,1,0,0.005896100513
C95L39,39,95,-1397500,-1012500,1,0,0,1,0,1,0,13098.08,0,0,7517.79,0,0,0,0,239197.3,1,0,0.005732667186
C96L39,39,96,-1392500,-1012500,1,0,0,1,0,1,0,16546.43,0,0,6340.766,0,0,0,0,234767.3,1,0,0.005884401444
C97L39,39,97,-1387500,-1012500,1,0,0,1,0,1,0,14014.7,0,0,5163.741,0,0,0,0,230360.7,1,0,0.006818314719
C98L39,39,98,-1382500,-1012500,1,0,0,1,0,1,0,9061.507,0,0,3986.717,0,0,0,0,225978.8,1,0,0.008790744833
C99L39,39,99,-1377500,-1012500,1,0,0,1,0,1,0,4220.188,0,0,2230.845,0,0,0,0,221623,1,0,0.01297963446
C100L39,39,100,-1372500,-1012500,1,0,0,1,0,1,0,1873.25,0,0,248.4856,0,0,0,0,217295,1,0,0.02694966303
C101L39,39,101,-1367500,-1012500,0.89349533,0.09757644,0.00892823,0.88456675,0.10650502,0.868304,0.12276777,4907.585,0,0,1733.874,0,0,0,0,212996.4,1,0.025,0.09757644
C102L39,39,102,-1362500,-1012500,0.82048918,0.11340856,0.06610226,0.8032586,0.13063914,0.762845,0.17105274,6257.236,0,0,3716.233,0,0,0,0,208729.1,1,0.058,0.11340856
C103L39,39,103,-1357500,-1012500,0.86842078,0.10651624,0.02506298,0.86309497,0.11184205,0.844298,0.13063902,9001.597,0,0,5698.593,0,0,0,0,204494.9,1,0.024,0.10651624
C104L39,39,104,-1352500,-1012500,0.94642813,0.04145407,0.0121178,0.94387711,0.04400509,0.931122,0.0567602,12968.78,0,0,7680.952,0,0,0,0,200296.1,1,0.015,0.07627186852
C105L39,39,105,-1347500,-1012500,0.990914546,0.00908522,2.34e-07,0.988095,0.011904766,0.988095,0.011904766,17287.23,0,0,9709,0,0,0,0,196134.9,1,0.003,0.06250859629
C106L39,39,106,-1342500,-1012500,0.90465519,0.09534439,4.2e-07,0.87372406,0.12627552,0.834821,0.16517858,18822.98,0,0,12160.55,0,0,0,0,192013.6,1,0.07,0.1100916208
C107L39,39,107,-1337500,-1012500,0.69392256,0.30607775,-3.1e-07,0.67418572,0.32581459,0.657895,0.34210531,15058.78,0,0,14612.4,0,0,0,0,187935.1,1,0.036,0.30607775
C108L39,39,108,-1332500,-1012500,0.61383897,0.386160678,3.52e-07,0.58992311,0.410076538,0.51977,0.480229648,12215.93,0,0,17064.25,0,0,0,0,183902,1,0.094,0.386160678
C109L39,39,109,-1327500,-1012500,0.44235634,0.557643933,-2.73e-07,0.3959904,0.604009873,0.380013,0.619987273,8698.249,0,0,19516.1,0.2801751,0,0,0,179917.5,1,0.062,0.557643933
C110L39,39,110,-1322500,-1012500,0.63807361,0.36192628,1.1e-07,0.61383891,0.38616098,0.569515,0.43048489,5164.318,0,0,21967.95,0.2860185,0,0,0,175984.8,1,0.069,0.36192628
C111L39,39,111,-1317500,-1012500,0.44768143,0.55231864,-7e-08,0.41729291,0.58270716,0.406328,0.59367207,3530.534,0,0,24419.8,0.1150338,0,0,0,172107.5,1,0.041,0.55231864
C112L39,39,112,-1312500,-1012500,0.90883464,0.09116548,-1.2e-07,0.90350883,0.09649129,0.888158,0.11184212,2139.058,0,0,26871.65,0.02989818,0,0,0,168289.5,1,0.021,0.1624300934
C113L39,39,113,-1307500,-1012500,0.970344,0.029655653,3.47e-07,0.970344,0.029655653,0.970344,0.029655653,2756.768,0,0,29323.5,0.4800699,0,0,0,164534.8,1,0,0.145883048
C114L39,39,114,-1302500,-1012500,0.68922336,0.31077699,-3.5e-07,0.6638474,0.33615295,0.636905,0.36309535,1920.114,0,0,30256.14,0.959275,0,0,0,160848,1,0.052,0.3355240105
C115L39,39,115,-1297500,-1012500,0.58514074,0.41485985,-5.9e-07,0.57111014,0.42889045,0.553253,0.44674759,1310.711,0,0,30421.43,1,0,0,0,157233.7,1,0.032,0.423648887
C116L39,39,116,-1292500,-1012500,0.57362131,0.42637871,-2e-08,0.54323281,0.45676721,0.495927,0.50407302,459.119,0,0,30476.29,1,0,0,0,153697,1,0.078,0.4522013755
C21L40,40,21,-1767500,-1017500,0.339394,0,0.660606,0.339394,0,0.339394,0,20671.96,0.6143354,0,66936.83,0,0,0,0.6143354,591832.2,1,0,0.0002815961401
C22L40,40,22,-1762500,-1017500,0.92185,0,0.07815,0.92185,0,0.92185,0,17416.04,1,0,69212.21,0,0,0,1,586912,1,0,0.0008186446682
C23L40,40,23,-1757500,-1017500,0.994481,0,0.005519,0.994481,0,0.994481,0,14128.91,1,0,71764.34,0,0,0,1,581993.2,1,0,0.001017056003
C24L40,40,24,-1752500,-1017500,0.966826,0,0.033174,0.966826,0,0.966826,0,10990.39,1,0,74564.82,0,0,0,1,577075.7,1,0,0.002490609447
C25L40,40,25,-1747500,-1017500,0.999026,0,0.000974,0.999026,0,0.999026,0,8757.751,1,0,77563.07,0,0,0,1,572159.7,1,0,0.01100606845
C26L40,40,26,-1742500,-1017500,0.991069,0,0.008931,0.991069,0,0.991069,0,4435.295,1,0,80589.87,0,0,0,1,567245.2,1,0,0.03513986394
C27L40,40,27,-1737500,-1017500,0.941558,0.050324686,0.008117314,0.941558,0.050324686,0.941558,0.050324686,526.97,0.9243367,0,83616.67,0,0,0,0.9243367,562332.1,1,0,0.08584888817
C28L40,40,28,-1732500,-1017500,0.86475247,0.113875579,0.021371951,0.86475247,0.113875579,0.841786,0.136842049,3665.563,0.07505115,0,86643.46,0,0,0,0.07505115,557420.7,1,0.023,0.1146989543
C29L40,40,29,-1727500,-1017500,0.993831,0,0.006169,0.993831,0,0.993831,0,5983.798,0,0,86569.79,0,0,0,0,552510.8,1,0,0.03112030218
C30L40,40,30,-1722500,-1017500,0.986603,0.00701754,0.00637946,0.986603,0.00701754,0.986603,0.00701754,2263,0,0,85617.1,0,0,0,0,547602.5,1,0,0.01076717193
C31L40,40,31,-1717500,-1017500,0.980861,0.01913875,2.5e-07,0.980861,0.01913875,0.980861,0.01913875,2339.515,0,0,84948.5,0,0,0.20342,0.20342,542695.9,1,0,0.01913875
C32L40,40,32,-1712500,-1017500,0.96461,0.00162338,0.03376662,0.96461,0.00162338,0.96461,0.00162338,7042.968,0,0,84570.72,0,0,1,1,537791.1,1,0,0.003907662473
C33L40,40,33,-1707500,-1017500,0.974482,0.02264752,0.00287048,0.974482,0.02264752,0.974482,0.02264752,11313.77,0,0,84465.66,0,0,1,1,532888,1,0,0.02264752
C34L40,40,34,-1702500,-1017500,0.97337688,0.026623406,-2.86e-07,0.97337688,0.026623406,0.96526,0.034740286,14040.65,0,0,84416.39,0,0,1,1,527986.7,1,0.008,0.026623406
C35L40,40,35,-1697500,-1017500,0.984689,0.011164238,0.004146762,0.984689,0.011164238,0.984689,0.011164238,10532.83,0,0,84367.12,0,0,1,1,523087.3,1,0,0.011164238
C36L40,40,36,-1692500,-1017500,0.994481,0.00487013,0.00064887,0.994481,0.00487013,0.994481,0.00487013,7386.827,0,0,84317.85,0,0,1,1,518189.8,1,0,0.004906043508
C37L40,40,37,-1687500,-1017500,0.92822933,0.033811809,0.037958861,0.92153077,0.040510369,0.918022,0.044019139,4235.72,0,0,84268.58,0,0,1,1,513294.2,1,0.01,0.033811809
C38L40,40,38,-1682500,-1017500,0.971753,0.01396104,0.01428596,0.971753,0.01396104,0.971753,0.01396104,2418.45,0,0,84219.31,0,0.1873424,0.8275294,1.0148718,508400.8,1,0,0.01396104
C39L40,40,39,-1677500,-1017500,0.99681,0.00191388,0.00127612,0.99681,0.00191388,0.99681,0.00191388,190.9709,0,0,84170.04,0,0.3385316,0.6839679,1.0224995,503509.4,1,0,0.00191388
C40L40,40,40,-1672500,-1017500,0.999043,0.000956938,6.2e-08,0.999043,0.000956938,0.999043,0.000956938,3316.415,0,0,84030.37,0,0.3555152,0.6773264,1.0328416,498620.1,1,0,0.000956938
C41L40,40,41,-1667500,-1017500,0.994481,0,0.005519,0.994481,0,0.994481,0,8087.291,0,0,83674.9,0,0.8196578,0.199501,1.0191588,493733.1,2,0,0.0009279517348
C42L40,40,42,-1662500,-1017500,0.99362,0.00637959,4.1e-07,0.99362,0.00637959,0.99362,0.00637959,10234.06,0,0,83159.26,0,0.3237362,0.6740785,0.9978147,488848.4,1,0,0.00637959
C43L40,40,43,-1657500,-1017500,0.999351,0.000649351,-3.51e-07,0.999351,0.000649351,0.999351,0.000649351,12338.08,0,0,82442.7,0,0,1,1,483966,1,0,0.000649351
C44L40,40,44,-1652500,-1017500,1,0,0,1,0,1,0,7924.595,0,0,81446.57,0,0,1,1,479086.1,1,0,0
C45L40,40,45,-1647500,-1017500,0.994481,0,0.005519,0.994481,0,0.994481,0,2925.376,0,0,80384.01,0,0,1,1,474208.6,1,0,0
C46L40,40,46,-1642500,-1017500,1,0,0,1,0,1,0,2073.844,0,0,79609.07,0,0,1,1,469333.8,1,0,0
C47L40,40,47,-1637500,-1017500,1,0,0,1,0,1,0,7073.063,0,0,79136.3,0,0,1,1,464461.5,1,0,0.009463256859
C48L40,40,48,-1632500,-1017500,0.95023879,0.04976072,4.9e-07,0.93875554,0.06124397,0.931738,0.06826151,10371.34,0,0,78761.77,0,0,0.5932724,0.5932724,459592.1,1,0.019,0.04976072
C49L40,40,49,-1627500,-1017500,0.988197979,0.01180223,-2.09e-07,0.987879,0.012121209,0.987879,0.012121209,5712.877,0,0,78387.25,0,0,0,0,454725.4,1,0,0.02209486645
C50L40,40,50,-1622500,-1017500,1,0,0,1,0,1,0,1621.61,0,0,78012.73,0,0,0,0,449861.7,1,0,0.004679216
C51L40,40,51,-1617500,-1017500,1,0,0,1,0,1,0,2566.855,0,0,77055.22,0,0,0,0,445001.1,1,0,0.003177095149
C52L40,40,52,-1612500,-1017500,1,0,0,1,0,1,0,5808.127,0,0,75583.83,0,0,0,0,440143.5,1,0,0.003626787248
C53L40,40,53,-1607500,-1017500,1,0,0,1,0,1,0,8115.424,0,0,74112.43,0,0,0,0,435289.2,1,0,0.008598187327
C54L40,40,54,-1602500,-1017500,0.998700821,0.0012987,4.79e-07,0.991557961,0.00844156,0.980519,0.019480521,11320.67,0,0,72163.28,0,0,0,0,430438.2,1,0.018,0.02456492761
C55L40,40,55,-1597500,-1017500,0.73588535,0.26411484,-1.9e-07,0.69760783,0.30239236,0.664753,0.33524719,14778.22,0,0,69957.6,0,0,0,0,425590.6,1,0.071,0.26411484
C56L40,40,56,-1592500,-1017500,0.97077966,0.029220776,-4.36e-07,0.9519485,0.048051936,0.920455,0.079545436,14080.92,0,0,67875.05,0,0.004866172,0,0.004866172,420746.6,1,0.05,0.05104400943
C57L40,40,57,-1587500,-1017500,1,0,0,1,0,1,0,9477.266,0,0,66104.59,0,0.4147621,0,0.4147621,415906.3,1,0,0.02854742171
C58L40,40,58,-1582500,-1017500,0.9607655,0.0392344,1e-07,0.95598081,0.04401909,0.95311,0.0468899,5132.988,0,0,64673.12,0,0.7288236,0,0.7288236,411069.8,2,0.008,0.04702383067
C59L40,40,59,-1577500,-1017500,0.99513,0.00487013,-1.3e-07,0.99513,0.00487013,0.99513,0.00487013,2592.718,0,0,63603.52,0,0.269463,0,0.269463,406237.3,1,0,0.02569999714
C60L40,40,60,-1572500,-1017500,0.98851654,0.011483258,2.02e-07,0.98851654,0.011483258,0.981499,0.018500798,247.611,0,0,62914.25,0,0,0,0,401408.9,1,0.007,0.03683372728
C61L40,40,61,-1567500,-1017500,0.88733747,0.11266239,1.4e-07,0.856818,0.14318186,0.818831,0.18116886,4853.861,0,0,62598.77,0,0,0,0,396584.8,1,0.069,0.11266239
C62L40,40,62,-1562500,-1017500,1,0,0,1,0,1,0,8967.846,0,0,62377.85,0,0,0,0,391765,1,0,0.02132973357
C63L40,40,63,-1557500,-1017500,0.997727,0.00227273,2.7e-07,0.997727,0.00227273,0.997727,0.00227273,11830.95,0,0,62156.94,0,0,0,0,386949.9,1,0,0.008078200432
C64L40,40,64,-1552500,-1017500,1,0,0,1,0,1,0,15479.95,0,0,61027.27,0,0,0,0,382139.4,1,0,0.005545531159
C65L40,40,65,-1547500,-1017500,1,0,0,1,0,1,0,19618.41,0,0,59698.9,0,0,0,0,377333.9,1,0,0.006041777096
C66L40,40,66,-1542500,-1017500,0.992982,0.00701754,4.6e-07,0.992982,0.00701754,0.992982,0.00701754,21720.24,0,0,58370.53,0,0,0,0,372533.6,1,0,0.01026608947
C67L40,40,67,-1537500,-1017500,0.98756,0.01244018,-1.8e-07,0.98756,0.01244018,0.98756,0.01244018,19449.83,0,0,57042.16,0,0,0,0,367738.5,1,0,0.01520116162
C68L40,40,68,-1532500,-1017500,0.97467559,0.025324641,-2.31e-07,0.96753273,0.032467501,0.96526,0.034740231,15702.51,0,0,55826.53,0,0,0,0,362949,1,0.009,0.02893885041
C69L40,40,69,-1527500,-1017500,0.99330109,0.006698568,3.42e-07,0.9808609,0.019138758,0.979266,0.020733658,11289.02,0,0,55025.2,0,0,0,0,358165.2,1,0.014,0.03664486088
C70L40,40,70,-1522500,-1017500,0.86298671,0.137012941,3.49e-07,0.85194774,0.148051911,0.822727,0.177272651,7187.176,0,0,54671.22,0,0,0,0,353387.4,1,0.04,0.137012941
C71L40,40,71,-1517500,-1017500,0.91706503,0.08293459,3.8e-07,0.90590075,0.09409887,0.902073,0.09792662,2871.106,0,0,54773.29,0,0,0,0,348615.9,1,0.015,0.08293459
C72L40,40,72,-1512500,-1017500,0.92337653,0.076623341,1.29e-07,0.92045445,0.079545421,0.915909,0.084090871,713.2956,0,0,55255.4,0,0,0,0,343850.8,1,0.007,0.076623341
C73L40,40,73,-1507500,-1017500,0.94067027,0.05933021,-4.8e-07,0.93429069,0.06570979,0.929506,0.07049448,4947.517,0,0,55292.47,0,0,0,0,339092.5,1,0.011,0.05995083623
C74L40,40,74,-1502500,-1017500,0.9999997,0,3e-07,0.9999997,0,0.998701,0.0012987,8898.547,0,0,53961.23,0,0,0,0,334341.3,1,0.001,0.02943286864
C75L40,40,75,-1497500,-1017500,0.93971274,0.06028708,1.8e-07,0.92886744,0.07113238,0.905263,0.09473682,13541.19,0,0,52640.32,0,0,0,0,329597.4,1,0.034,0.06132048279
C76L40,40,76,-1492500,-1017500,0.96714528,0.03285488,-1.6e-07,0.9607657,0.03923446,0.9563,0.04370016,17796.05,0,0,51632.62,0,0,0,0,324861.2,1,0.011,0.0390361141
C77L40,40,77,-1487500,-1017500,1,0,0,1,0,1,0,16247.51,0,0,51096.5,0,0,0,0,320133,1,0,0.01297259835
C78L40,40,78,-1482500,-1017500,1,0,0,1,0,1,0,11265.4,0,0,50870.5,0,0,0,0,315413.2,1,0,0.00527708097
C79L40,40,79,-1477500,-1017500,1,0,0,1,0,1,0,6311.653,0,0,50666.14,0,0,0,0,310702.2,1,0,0.004611033818
C80L40,40,80,-1472500,-1017500,1,0,0,1,0,1,0,1435.539,0,0,47857.49,0,0,0,0,306000.3,1,0,0.004642504242
C81L40,40,81,-1467500,-1017500,1,0,0,1,0,1,0,1717.909,0,0,43824.16,0,0,0,0,301308.1,1,0,0.004718511879
C82L40,40,82,-1462500,-1017500,1,0,0,1,0,1,0,6707.213,0,0,39985.4,0,0,0,0,296625.9,1,0,0.004856429286
C83L40,40,83,-1457500,-1017500,1,0,0,1,0,1,0,11554.14,0,0,36417.89,0,0,0,0,291954.2,1,0,0.005368418952
C84L40,40,84,-1452500,-1017500,0.99362,0.00637959,4.1e-07,0.99362,0.00637959,0.99362,0.00637959,11051.49,0,0,32939.79,0,0,0,0,287293.6,1,0,0.0094177491
C85L40,40,85,-1447500,-1017500,0.992663,0.00733653,4.7e-07,0.992663,0.00733653,0.992663,0.00733653,8205.927,0,0,29561.23,0,0,0,0,282644.6,1,0,0.01058401421
C86L40,40,86,-1442500,-1017500,1,0,0,1,0,1,0,6917.632,0,0,26670.93,0,0,0,0,278007.8,1,0,0.006453155158
C87L40,40,87,-1437500,-1017500,1,0,0,1,0,1,0,4472.732,0,0,24340.84,0,0,0,0,273383.8,1,0,0.006491498888
C88L40,40,88,-1432500,-1017500,0.995455,0.00454545,-4.5e-07,0.995455,0.00454545,0.995455,0.00454545,928.0986,0,0,22318.42,0,0,0,0,268773.2,1,0,0.008464857164
C89L40,40,89,-1427500,-1017500,1,0,0,1,0,1,0,1605.366,0,0,20950.14,0,0,0,0,264176.8,1,0,0.006070144867
C90L40,40,90,-1422500,-1017500,1,0,0,1,0,1,0,4045.383,0,0,19612.19,0,0,0,0,259595.4,1,0,0.005646922099
C91L40,40,91,-1417500,-1017500,1,0,0,1,0,1,0,4915.696,0,0,18249.26,0,0,0,0,255029.6,1,0,0.005712542695
C92L40,40,92,-1412500,-1017500,1,0,0,1,0,1,0,7306.335,0,0,16673.1,0,0,0,0,250480.5,1,0,0.006665581498
C93L40,40,93,-1407500,-1017500,0.998086,0.00191388,1.2e-07,0.998086,0.00191388,0.998086,0.00191388,10090.7,0,0,15096.95,0,0,0,0,245948.8,1,0,0.007869689226
C94L40,40,94,-1402500,-1017500,1,0,0,1,0,1,0,12991.54,0,0,13555.24,0,0,0,0,241435.6,1,0,0.007461103437
C95L40,40,95,-1397500,-1017500,1,0,0,1,0,1,0,16091.86,0,0,12377.28,0,0,0,0,236942,1,0,0.007024334164
C96L40,40,96,-1392500,-1017500,1,0,0,1,0,1,0,19977.89,0,0,11200.25,0,0,0,0,232469.1,1,0,0.007589431461
C97L40,40,97,-1387500,-1017500,1,0,0,1,0,1,0,15387.93,0,0,10023.23,0,0,0,0,228018,1,0,0.01428574764
C98L40,40,98,-1382500,-1017500,0.97033462,0.01435406,0.01531132,0.97033462,0.01435406,0.964593,0.02009568,11067.4,0,0,8803.439,0,0,0,0,223590.2,1,0.006,0.02502963792
C99L40,40,99,-1377500,-1017500,0.89675312,0.033116895,0.070129985,0.88603883,0.043831185,0.87987,0.050000015,7628.006,0,0,6821.079,0,0,0,0,219187,1,0.017,0.04030166027
C100L40,40,100,-1372500,-1017500,0.88708155,0.0724082,0.04051025,0.87591727,0.08357248,0.849123,0.11036675,6624.617,0,0,4838.72,0,0,0,0,214809.9,1,0.038,0.07662736248
C101L40,40,101,-1367500,-1017500,0.73928543,0.1909091,0.06980547,0.7318179,0.19837663,0.687662,0.24253253,8921.022,0,0,2856.36,0,0,0,0,210460.5,1,0.052,0.1909091
C102L40,40,102,-1362500,-1017500,0.93492837,0.040829368,0.024242262,0.93205756,0.043700178,0.910048,0.065709738,10762.94,0,0,874.0009,0,0,0,0,206140.7,1,0.025,0.06317264214
C103L40,40,103,-1357500,-1017500,1,0,0,1,0,1,0,13072.83,0,0,1108.359,0,0,0,0,201852.3,1,0,0.02278474655
C104L40,40,104,-1352500,-1017500,1,0,0,1,0,1,0,16071.85,0,0,3090.718,0,0,0,0,197597.3,1,0,0.01610752675
C105L40,40,105,-1347500,-1017500,1,0,0,1,0,1,0,18787.03,0,0,5351.133,0,0,0,0,193378,1,0,0.01575863956
C106L40,40,106,-1342500,-1017500,0.99999973,0,2.7e-07,0.99999973,0,0.935714,0.06428573,15734.84,0,0,7802.982,0,0,0.0001883423,0.0001883423,189196.8,1,0.064,0.0281925422
C107L40,40,107,-1337500,-1017500,0.99617237,0.00382776,-1.3e-07,0.99617237,0.00382776,0.970335,0.02966513,11894.63,0,0,10254.83,0,0,0.0002233998,0.0002233998,185056.1,1,0.026,0.04934959113
C108L40,40,108,-1332500,-1017500,0.97857118,0.021428551,2.69e-07,0.9256491,0.074350631,0.820779,0.179220731,7996.526,0,0,12706.68,0,0,0,0,180958.9,1,0.158,0.09242552467
C109L40,40,109,-1327500,-1017500,0.7725678,0.22743217,3e-08,0.7304625,0.26953747,0.644338,0.35566197,6033.792,0,0,15158.53,0.7537945,0,0,0,176908.1,1,0.128,0.2379632399
C110L40,40,110,-1322500,-1017500,0.76363628,0.23636368,4e-08,0.69902588,0.30097408,0.616883,0.38311696,2431.418,0,0,17610.38,1,0,0,0,172907,1,0.147,0.2828167592
C111L40,40,111,-1317500,-1017500,0.66634796,0.33365221,-1.7e-07,0.6290274,0.37097277,0.604466,0.39553417,870.8162,0,0,20062.23,1,0,0,0,168959.1,1,0.062,0.3428769511
C112L40,40,112,-1312500,-1017500,0.50845276,0.49154765,-4.1e-07,0.49473669,0.50526372,0.458692,0.54130841,725.3043,0,0,22514.08,0.9814946,0,0,0,165068.3,1,0.05,0.49154765
C113L40,40,113,-1307500,-1017500,0.4269483,0.57305157,1.3e-07,0.416234,0.58376587,0.416234,0.58376587,655.0998,0,0,24542.92,1,0,0,0,161238.6,1,0.011,0.57305157
C114L40,40,114,-1302500,-1017500,0.3534287,0.64657092,3.8e-07,0.3534287,0.64657092,0.332695,0.66730462,3056.258,0,0,25266.42,1,0,0,0,157474.6,1,0.021,0.64657092
C115L40,40,115,-1297500,-1017500,0.4555193,0.544480215,4.85e-07,0.4555193,0.544480215,0.431818,0.568181515,932.5988,0,0,25421.73,1,0,0,0,153781,1,0.024,0.544480215
C116L40,40,116,-1292500,-1017500,0.61116421,0.38883561,1.8e-07,0.58979256,0.41020726,0.567145,0.43285482,3530.679,0,0,25476.59,1,0,0,0,150163.1,1,0.044,0.4746164753
C117L40,40,117,-1287500,-1017500,0.50974006,0.49025932,6.2e-07,0.48084396,0.51915542,0.455844,0.54415538,1898.45,0,0,25531.45,0.8956236,0,0,0,146626.4,1,0.054,0.5655830628
C118L40,40,118,-1282500,-1017500,0.38532713,0.61467348,-6.1e-07,0.35151533,0.64848528,0.325997,0.67400361,497.2291,0,0,25929.57,0.2083646,0.28874,0,0.28874,143177,1,0.059,0.6618817614
C119L40,40,119,-1277500,-1017500,0.36558438,0.63116854,0.00324708,0.33376615,0.66298677,0.314935,0.68181792,2702.377,0,0,26983.06,0,0.0152726,0,0.0152726,139821.4,1,0.051,0.6368370094
C22L41,41,22,-1762500,-1022500,0.654135,0,0.345865,0.654135,0,0.654135,0,13602.96,0.7863238,0,73628.07,0,0,0,0.7863238,586039.1,1,0,0.0005872574001
C23L41,41,23,-1757500,-1022500,0.87213,0,0.12787,0.87213,0,0.87213,0,10537.02,0.9502581,0,76032.12,0,0,0,0.9502581,581112.9,1,0,0.000912727458
C24L41,41,24,-1752500,-1022500,0.992168,0,0.007832,0.992168,0,0.992168,0,7059.705,1,0,78680.84,0,0,0,1,576188,1,0,0.002163588272
C25L41,41,25,-1747500,-1022500,0.982781,0,0.017219,0.982781,0,0.982781,0,4429.917,1,0,81550.39,0,0,0,1,571264.3,1,0,0.01532278854
C26L41,41,26,-1742500,-1022500,0.9376562,0.0623434,4e-07,0.909774,0.0902256,0.909774,0.0902256,2177.16,0.8162279,0,84569.63,0.1563787,0,0,0.8162279,566342,1,0.028,0.09205998814
C27L41,41,27,-1737500,-1022500,0.74872496,0.23501234,0.0162627,0.72576577,0.25797153,0.706952,0.2767853,2294.811,0.3172011,0,87596.43,0.6213837,0,0,0.3172011,561421.1,1,0.042,0.23501234
C28L41,41,28,-1732500,-1022500,0.78070183,0.21647868,0.00281949,0.75657903,0.24060148,0.742168,0.25501251,6148.231,0,0,90623.22,0.06370878,0,0,0,556501.6,1,0.039,0.21647868
C29L41,41,29,-1727500,-1022500,0.96588,0.00892858,0.02519142,0.96588,0.00892858,0.96588,0.00892858,10331.51,0,0,91455.64,0,0,0,0,551583.5,1,0,0.05220124444
C30L41,41,30,-1722500,-1022500,0.97901,0,0.02099,0.97901,0,0.97901,0,2143.7,0,0,90554.37,0,0,0,0,546666.9,1,0,0.02310431922
C31L41,41,31,-1717500,-1022500,0.96741885,0,0.03258115,0.966479,0.00093985,0.966479,0.00093985,1026.765,0,0,89922.49,0,0,0.5890902,0.5890902,541751.8,1,0.001,0.01590727917
C32L41,41,32,-1712500,-1022500,0.92984671,0.056760208,0.013393082,0.89891561,0.087691308,0.884885,0.101721918,4293.256,0,0,89565.69,0,0,1,1,536838.3,1,0.045,0.056760208
C33L41,41,33,-1707500,-1022500,0.92888456,0.07111526,1.8e-07,0.9006891,0.09931072,0.89505,0.10494982,8399.83,0,0,89465.42,0,0,1,1,531926.4,1,0.034,0.07111526
C34L41,41,34,-1702500,-1022500,0.952805758,0.04719383,4.12e-07,0.94674708,0.053252508,0.936543,0.063456588,13067.58,0,0,89416.15,0,0,1,1,527016.2,1,0.016,0.04719383
C35L41,41,35,-1697500,-1022500,0.96271973,0.03728067,-4e-07,0.95112825,0.04887215,0.946429,0.0535714,14440.63,0,0,89366.88,0,0,1,1,522107.7,1,0.016,0.03728067
C36L41,41,36,-1692500,-1022500,0.96524225,0.03475766,9e-08,0.95471929,0.04528062,0.950255,0.04974491,11004.35,0,0,89317.61,0,0,1,1,517200.9,1,0.015,0.03475766
C37L41,41,37,-1687500,-1022500,0.97305723,0.020363409,0.006579361,0.96867127,0.024749369,0.966165,0.027255639,9128.452,0,0,89268.34,0,0,1,1,512296,1,0.007,0.020363409
C38L41,41,38,-1682500,-1022500,0.975128,0.01275511,0.01211689,0.975128,0.01275511,0.975128,0.01275511,5962.22,0,0,89219.07,0,0,1,1,507392.9,1,0,0.01275511
C39L41,41,39,-1677500,-1022500,0.994674,0,0.005326,0.994674,0,0.994674,0,2872.887,0,0,89169.8,0,0,1,1,502491.7,1,0,0
C40L41,41,40,-1672500,-1022500,1,0,0,1,0,1,0,1604.13,0,0,89017.72,0,0,1,1,497592.4,1,0,0
C41L41,41,41,-1667500,-1022500,0.998406,0.00159439,-3.9e-07,0.998406,0.00159439,0.998406,0.00159439,4936.741,0,0,88662.25,0,0.003992178,0.9977393,1.001731478,492695.2,1,0,0.00159439
C42L41,41,42,-1662500,-1022500,1,0,0,1,0,1,0,8602.92,0,0,88107.65,0,0,1,1,487800.1,1,0,0
C43L41,41,43,-1657500,-1022500,0.998087,0.00191327,-2.7e-07,0.998087,0.00191327,0.998087,0.00191327,10842.41,0,0,87391.08,0,0,1,1,482907.1,1,0,0.00191327
C44L41,41,44,-1652500,-1022500,1,0,0,1,0,1,0,6548.356,0,0,86315.72,0,0,0.9972082,0.9972082,478016.4,1,0,0
C45L41,41,45,-1647500,-1022500,0.999362,0.000637755,2.45e-07,0.999362,0.000637755,0.999362,0.000637755,1655.099,0,0,85302.41,0,0,1,1,473127.9,1,0,0.000637755
C46L41,41,46,-1642500,-1022500,0.993421,0.000313283,0.006265717,0.993421,0.000313283,0.993421,0.000313283,3117.529,0,0,84572.55,0,0,1,1,468241.8,1,0,0.000313283
C47L41,41,47,-1637500,-1022500,0.95344387,0.04655618,-5e-08,0.93973217,0.06026788,0.921875,0.07812505,6576.146,0,0,84122.25,0,0,0.8499662,0.8499662,463358.1,1,0.032,0.04655618
C48L41,41,48,-1632500,-1022500,0.86622795,0.13377185,2e-07,0.859649,0.1403508,0.859649,0.1403508,8660.759,0,0,83747.73,0,0,0.1921886,0.1921886,458476.9,1,0.007,0.13377185
C49L41,41,49,-1627500,-1022500,0.999687,0.000313283,-2.83e-07,0.999687,0.000313283,0.999687,0.000313283,3953.016,0,0,83373.21,0,0,0,0,453598.3,1,0,0.01349653765
C50L41,41,50,-1622500,-1022500,1,0,0,1,0,1,0,749.6277,0,0,82998.69,0,0,0,0,448722.4,1,0,0.004516583097
C51L41,41,51,-1617500,-1022500,1,0,0,1,0,1,0,5219.766,0,0,81833.82,0,0,0,0,443849.2,1,0,0.002951047087
C52L41,41,52,-1612500,-1022500,1,0,0,1,0,1,0,9558.298,0,0,80362.42,0,0,0,0,438978.9,1,0,0.003450796687
C53L41,41,53,-1607500,-1022500,1,0,0,1,0,1,0,12676.15,0,0,78856.15,0,0,0,0,434111.5,1,0,0.01164821103
C54L41,41,54,-1602500,-1022500,0.911989433,0.088010178,3.89e-07,0.9110328,0.088966811,0.89477,0.105229611,15013.88,0,0,76650.48,0,0,0,0,429247.2,1,0.017,0.088010178
C55L41,41,55,-1597500,-1022500,0.95050098,0.04949875,2.7e-07,0.94204233,0.0579574,0.910714,0.08928573,13810.86,0,0,74466.68,0,0,0,0,424386.1,1,0.04,0.05508492772
C56L41,41,56,-1592500,-1022500,0.99426,0.0057398,2e-07,0.99426,0.0057398,0.99426,0.0057398,10544.18,0,0,72512.63,0,0.2532558,0,0.2532558,419528.2,1,0,0.02577774495
C57L41,41,57,-1587500,-1022500,1,0,0,1,0,1,0,7041.603,0,0,70858.15,0,1,0,1,414673.7,2,0,0.01219830317
C58L41,41,58,-1582500,-1022500,0.97775655,0.02224309,3.6e-07,0.97775655,0.02224309,0.974937,0.02506264,3023.952,0,0,69524.62,0,1,0,1,409822.6,2,0.003,0.02287531092
C59L41,41,59,-1577500,-1022500,0.998406,0.00159439,-3.9e-07,0.998406,0.00159439,0.998406,0.00159439,1681.111,0,0,68530.78,0,0.1658714,0,0.1658714,404975.2,1,0,0.01103700431
C60L41,41,60,-1572500,-1022500,1,0,0,1,0,1,0,3897.864,0,0,67891.55,0,0,0,0,400131.6,1,0,0.01573233433
C61L41,41,61,-1567500,-1022500,0.92857104,0.07142856,4e-07,0.92538226,0.07461734,0.907844,0.0921556,7294.697,0,0,67593.88,0,0,0,0,395291.9,1,0.021,0.07142856
C62L41,41,62,-1562500,-1022500,1,0,0,1,0,1,0,11426.37,0,0,67372.97,0,0,0,0,390456.2,1,0,0.01445252196
C63L41,41,63,-1557500,-1022500,0.999362,0.000637755,2.45e-07,0.999362,0.000637755,0.999362,0.000637755,15812.31,0,0,67152.06,0,0,0,0,385624.6,1,0,0.005078816177
C64L41,41,64,-1552500,-1022500,1,0,0,1,0,1,0,18878.77,0,0,65847.59,0,0,0,0,380797.5,1,0,0.004640967188
C65L41,41,65,-1547500,-1022500,1,0,0,1,0,1,0,19971.42,0,0,64519.22,0,0,0,0,375974.8,1,0,0.005186752451
C66L41,41,66,-1542500,-1022500,0.994048,0.00595238,-3.8e-07,0.994048,0.00595238,0.994048,0.00595238,17188.93,0,0,63190.84,0,0,0,0,371156.9,1,0,0.0096957139
C67L41,41,67,-1537500,-1022500,0.990915,0.00908521,-2.1e-07,0.990915,0.00908521,0.990915,0.00908521,14874.44,0,0,61862.49,0,0,0,0,366343.8,1,0,0.01335927791
C68L41,41,68,-1532500,-1022500,0.999043,0.000956633,3.67e-07,0.999043,0.000956633,0.999043,0.000956633,12636.38,0,0,60730.05,0,0,0,0,361535.8,1,0,0.01612238051
C69L41,41,69,-1527500,-1022500,0.95394725,0.043546396,0.002506354,0.949248,0.048245646,0.949248,0.048245646,9426.909,0,0,59994.24,0,0,0,0,356733.1,1,0.005,0.04569758053
C70L41,41,70,-1522500,-1022500,0.96492329,0.035076545,1.65e-07,0.960459,0.039540835,0.960459,0.039540835,4581.557,0,0,59669.76,0,0,0,0,351935.9,1,0.004,0.04311487979
C71L41,41,71,-1517500,-1022500,0.996867,0.00313283,1.7e-07,0.996867,0.00313283,0.996867,0.00313283,903.6658,0,0,59763.29,0,0,0,0,347144.3,1,0,0.0241843858
C72L41,41,72,-1512500,-1022500,0.96205362,0.037946388,-8e-09,0.9566327,0.043367308,0.948023,0.051977008,3183.474,0,0,60227.95,0,0,0,0,342358.8,1,0.014,0.04345647491
C73L41,41,73,-1507500,-1022500,0.96679232,0.033208006,-3.26e-07,0.96209307,0.037907256,0.952068,0.047932326,7067.725,0,0,60111.99,0,0,0,0,337579.5,1,0.015,0.04859331661
C74L41,41,74,-1502500,-1022500,0.90401741,0.09598208,5.1e-07,0.87723172,0.12276777,0.855548,0.14445149,11639.24,0,0,58780.75,0,0,0,0,332806.6,1,0.048,0.09598208
C75L41,41,75,-1497500,-1022500,0.94016312,0.05983709,-2.1e-07,0.93703029,0.06296992,0.920113,0.07988721,15778.84,0,0,57498.54,0,0,0,0,328040.6,1,0.02,0.05984027212
C76L41,41,76,-1492500,-1022500,0.979636823,0.02036341,-2.33e-07,0.972744583,0.02725565,0.9599,0.040100233,20078.63,0,0,56577.44,0,0,0,0,323281.6,1,0.02,0.02612805693
C77L41,41,77,-1487500,-1022500,1,0,0,1,0,1,0,15914.05,0,0,56088.61,0,0,0,0,318529.9,1,0,0.008879846918
C78L41,41,78,-1482500,-1022500,1,0,0,1,0,1,0,11113.2,0,0,55865.64,0,0,0,0,313786,1,0,0.00488625773
C79L41,41,79,-1477500,-1022500,1,0,0,1,0,1,0,6614.332,0,0,54835.82,0,0,0,0,309050.2,1,0,0.004575416773
C80L41,41,80,-1472500,-1022500,0.992168,0,0.007832,0.992168,0,0.992168,0,2747.604,0,0,50845.91,0,0,0,0,304322.8,1,0,0.004584796012
C81L41,41,81,-1467500,-1022500,0.986607,0,0.013393,0.986607,0,0.986607,0,1938.782,0,0,47048.73,0,0,0,0,299604.3,1,0,0.004623486335
C82L41,41,82,-1462500,-1022500,1,0,0,1,0,1,0,6840.751,0,0,43488.04,0,0,0,0,294895.1,1,0,0.004785994746
C83L41,41,83,-1457500,-1022500,1,0,0,1,0,1,0,11825.09,0,0,40009.93,0,0,0,0,290195.5,1,0,0.005386757993
C84L41,41,84,-1452500,-1022500,0.989035,0,0.010965,0.989035,0,0.989035,0,7802.888,0,0,36604.79,0,0,0,0,285506.2,1,0,0.005873850353
C85L41,41,85,-1447500,-1022500,0.990602,0,0.009398,0.990602,0,0.990602,0,3984.632,0,0,33576.52,0,0,0,0,280827.6,1,0,0.006853107945
C86L41,41,86,-1442500,-1022500,0.982143,0.015306098,0.002550902,0.982143,0.015306098,0.982143,0.015306098,2070.075,0,0,31060.52,0,0,0,0,276160.3,1,0,0.01580893948
C87L41,41,87,-1437500,-1022500,0.999373,0.000626566,4.34e-07,0.999373,0.000626566,0.999373,0.000626566,280.9017,0,0,28820.15,0,0,0,0,271504.8,1,0,0.009389789958
C88L41,41,88,-1432500,-1022500,1,0,0,1,0,1,0,2595.931,0,0,27105.75,0,0,0,0,266861.8,1,0,0.01013074316
C89L41,41,89,-1427500,-1022500,1,0,0,1,0,1,0,6092.754,0,0,25767.81,0,0,0,0,262231.9,1,0,0.01163218476
C90L41,41,90,-1422500,-1022500,1,0,0,1,0,1,0,8298.053,0,0,24429.86,0,0,0,0,257615.8,1,0,0.01104695895
C91L41,41,91,-1417500,-1022500,1,0,0,1,0,1,0,9743.7,0,0,22994.34,0,0,0,0,253014.4,1,0,0.009901065205
C92L41,41,92,-1412500,-1022500,0.998087,0.00191327,-2.7e-07,0.998087,0.00191327,0.998087,0.00191327,11735.39,0,0,21418.18,0,0,0,0,248428.3,1,0,0.01000612154
C93L41,41,93,-1407500,-1022500,0.98183,0.01817041,-4.1e-07,0.98183,0.01817041,0.98183,0.01817041,14000.86,0,0,19842.02,0,0,0,0,243858.5,1,0,0.02067241114
C94L41,41,94,-1402500,-1022500,1,0,0,1,0,1,0,17159.97,0,0,18413.79,0,0,0,0,239306,1,0,0.0130923765
C95L41,41,95,-1397500,-1022500,0.969707,0.013711733,0.016581267,0.969707,0.013711733,0.969707,0.013711733,19908.2,0,0,17236.76,0,0,0,0,234771.6,1,0,0.02105549664
C96L41,41,96,-1392500,-1022500,0.98089,0.00814536,0.01096464,0.98089,0.00814536,0.98089,0.00814536,22169.03,0,0,16059.74,0,0,0,0,230256.5,1,0,0.01817290004
C97L41,41,97,-1387500,-1022500,0.99872495,0.00127551,-4.6e-07,0.99681168,0.00318878,0.990753,0.00924746,18087.7,0,0,14882.72,0,0,0,0,225761.8,1,0.008,0.02596687292
C98L41,41,98,-1382500,-1022500,0.82456106,0.1356516,0.03978734,0.81923525,0.14097741,0.814536,0.14567666,14589.86,0,0,13393.67,0,0,0,0,221288.9,1,0.01,0.1356516
C99L41,41,99,-1377500,-1022500,0.93622414,0.03762758,0.02614828,0.933992,0.03985972,0.933992,0.03985972,12188.64,0,0,11411.31,0,0,0,0,216838.9,1,0.002,0.05042428891
C100L41,41,100,-1372500,-1022500,0.88001207,0.071741813,0.048246117,0.87343312,0.078320763,0.869987,0.081766883,11587.15,0,0,9428.954,0,0,0,0,212413.4,1,0.01,0.07254379027
C101L41,41,101,-1367500,-1022500,0.79400491,0.182716803,0.023278287,0.78890287,0.187818843,0.733737,0.242984713,13036.91,0,0,7446.595,0,0,0,0,208014,1,0.06,0.182716803
C102L41,41,102,-1362500,-1022500,0.99999993,0,7e-08,0.99749366,0.00250627,0.991228,0.00877193,15560.21,0,0,5464.235,0,0,0,0,203642.3,1,0.009,0.02799684578
C103L41,41,103,-1357500,-1022500,1,0,0,1,0,1,0,17422.39,0,0,3481.876,0,0,0,0,199300.1,1,0,0.00969012267
C104L41,41,104,-1352500,-1022500,1,0,0,1,0,1,0,18477.18,0,0,1458.289,0,0,0,0,194989.4,1,0,0.006670915745
C105L41,41,105,-1347500,-1022500,1,0,0,1,0,1,0,15317.88,0,0,993.5605,0,0,0.2082907,0.2082907,190712.4,1,0,0.005127282205
C106L41,41,106,-1342500,-1022500,1.00000045,0,-4.5e-07,1.00000045,0,0.990753,0.00924745,11752.99,0,0,3445.41,0,0,0.7834322,0.7834322,186471.4,1,0.009,0.002294352187
C107L41,41,107,-1337500,-1022500,1,0,0,1,0,1,0,8712.834,0,0,5897.259,0,0,1,1,182268.9,1,0,0.004334499137
C108L41,41,108,-1332500,-1022500,1.00000004,0,-4e-08,0.99713014,0.0028699,0.994898,0.00510204,5325.464,0,0,8349.109,0.04072439,0,0.9965293,0.9965293,178107.5,1,0.005,0.01887073049
C109L41,41,109,-1327500,-1022500,0.97681727,0.02318296,-2.3e-07,0.97681727,0.02318296,0.974311,0.02568923,1059.301,0,0,10800.96,0.7764259,0,0.7907818,0.7907818,173990.4,1,0.003,0.06721751338
C110L41,41,110,-1322500,-1022500,0.86575219,0.13424746,3.5e-07,0.8329078,0.16709185,0.793367,0.20663265,549.8408,0,0,13252.81,0.6623276,0,0.4107394,0.4107394,169920.6,1,0.072,0.1589430296
C111L41,41,111,-1317500,-1022500,0.6939219,0.30607734,7.6e-07,0.66322015,0.33677909,0.645363,0.35463624,553.6721,0,0,15704.66,0.6615513,0,0.07752008,0.07752008,165901.7,1,0.049,0.30607734
C112L41,41,112,-1312500,-1022500,0.607455946,0.3925435,5.54e-07,0.57236828,0.427631166,0.534461,0.465538446,3087.975,0,0,18156.51,0.819937,0,0,0,161937.4,1,0.073,0.3925435
C113L41,41,113,-1307500,-1022500,0.55963035,0.44037012,-4.7e-07,0.54081653,0.45918394,0.521365,0.47863547,5535.291,0,0,19746.53,0.9823661,0,0.001068266,0.001068266,158031.9,1,0.038,0.4629458546
C114L41,41,114,-1302500,-1022500,0.40538853,0.57612809,0.01848338,0.388158,0.59335862,0.388158,0.59335862,7131.349,0,0,20276.7,0.894126,0,0.004773813,0.004773813,154189.6,1,0.017,0.57612809
C115L41,41,115,-1297500,-1022500,0.3957268,0.58386495,0.02040825,0.3957268,0.58386495,0.389987,0.58960475,5785.171,0,0,20422.03,1,0,0,0,150415.3,1,0.006,0.5863303372
C116L41,41,116,-1292500,-1022500,0.290727,0.709272949,5.1e-08,0.290727,0.709272949,0.290727,0.709272949,7537.932,0,0,20476.89,1,0,0,0,146714.4,1,0,0.709272949
C117L41,41,117,-1287500,-1022500,0.0883291,0.911670823,7.7e-08,0.0883291,0.911670823,0.0883291,0.911670823,4781.165,0,0,20531.75,1,0,0,0,143092.6,1,0,0.911670823
C118L41,41,118,-1282500,-1022500,0.0018797,0.998120566,-2.66e-07,0.0018797,0.998120566,0.0018797,0.998120566,1587.014,0,0,21022.76,0.9664437,0,0,0,139555.9,1,0,0.998120566
C119L41,41,119,-1277500,-1022500,0.08928575,0.91071382,4.3e-07,0.0857781,0.91422147,0.0857781,0.91422147,1146.472,0,0,22100.63,0.5629711,0,0,0,136110.9,1,0.004,0.91071382
C120L41,41,120,-1272500,-1022500,0.75156679,0.23088987,0.01754334,0.75156679,0.23088987,0.744048,0.23840866,716.5599,0,0,23466.99,0.1425163,0,0,0,132765,1,0.008,0.4007709202
C121L41,41,121,-1267500,-1022500,0.7261908,0.27067659,0.00313261,0.70112811,0.29573928,0.683271,0.31359639,790.2496,0,0,25652.79,0,0,0,0,129525.7,1,0.043,0.3627826931
C23L42,42,23,-1757500,-1027500,0.198052,0,0.801948,0.198052,0,0.198052,0,6538.431,0.4332786,0,80384.36,0,0,0,0.4332786,580274.4,1,0,0.0002318476949
C24L42,42,24,-1752500,-1027500,0.999681,0,0.000319,0.999681,0,0.999681,0,4056.692,1,0,82894.13,0,0,0,1,575342.3,1,0,0.003154090131
C25L42,42,25,-1747500,-1027500,1,0,0,1,0,1,0,9.501552,0.9976745,0,85622.59,0,0,0,0.9976745,570411.3,1,0,0.02399528098
C26L42,42,26,-1742500,-1027500,0.80031896,0.18915467,0.01052637,0.75629976,0.23317387,0.73748,0.25199363,1975.942,0.08910415,0,88549.53,0.8807946,0,0,0.08910415,565481.6,1,0.063,0.18915467
C27L42,42,27,-1737500,-1027500,0.447402151,0.54220746,0.010390389,0.400973551,0.58863606,0.379545,0.610064611,4893.906,0,0,91576.19,0.7637089,0,0.2149778,0.2149778,560553.1,1,0.068,0.54220746
C28L42,42,28,-1732500,-1027500,0.58819794,0.39744825,0.01435381,0.57193,0.41371619,0.57193,0.41371619,8753.198,0,0,94602.98,0.001886795,0,0.4697621,0.4697621,555625.9,1,0.016,0.39744825
C29L42,42,29,-1727500,-1027500,0.83798721,0.15876625,0.00324654,0.816234,0.18051946,0.816234,0.18051946,9136.535,0,0,96353.21,0,0,0.08541855,0.08541855,550700,1,0.022,0.15876625
C30L42,42,30,-1722500,-1027500,0.93716088,0.043381179,0.019457941,0.91132356,0.069218499,0.904625,0.075917059,5134.374,0,0,95498.17,0,0,0.5344307,0.5344307,545775.5,1,0.033,0.05653028588
C31L42,42,31,-1717500,-1027500,0.82583701,0.17416268,3.1e-07,0.76905871,0.23094098,0.764593,0.23540669,818.4745,0,0,94899.21,0,0,0.9849787,0.9849787,540852.3,1,0.061,0.17416268
C32L42,42,32,-1712500,-1027500,0.92175327,0.07824668,5e-08,0.89675331,0.10324664,0.885065,0.11493495,2785.916,0,0,94561.19,0,0,1,1,535930.6,1,0.037,0.07824668
C33L42,42,33,-1707500,-1027500,0.91738446,0.08261561,-7e-08,0.89665078,0.10334929,0.877512,0.12248807,7624.994,0,0,94465.18,0,0,1,1,531010.3,1,0.04,0.08261561
C34L42,42,34,-1702500,-1027500,0.94675358,0.05324679,-3.7e-07,0.9399354,0.06006497,0.937338,0.06266237,12583.52,0,0,94415.91,0,0,1,1,526091.5,1,0.009,0.05324679
C35L42,42,35,-1697500,-1027500,1,0,0,1,0,1,0,17565.58,0,0,94366.64,0,0,1,1,521174.3,1,0,0.008495050584
C36L42,42,36,-1692500,-1027500,0.995455,0.004545455,-4.55e-07,0.995455,0.004545455,0.995455,0.004545455,15378,0,0,94317.37,0,0,1,1,516258.6,1,0,0.00718852652
C37L42,42,37,-1687500,-1027500,0.992344,0.0076555,5e-07,0.992344,0.0076555,0.992344,0.0076555,12864.57,0,0,94268.09,0,0,1,1,511344.6,1,0,0.0076555
C38L42,42,38,-1682500,-1027500,0.96461,0,0.03539,0.96461,0,0.96461,0,9206.988,0,0,94218.82,0,0,1,1,506432.3,1,0,9.111095854e-05
C39L42,42,39,-1677500,-1027500,0.944817,0.00350877,0.05167423,0.944817,0.00350877,0.944817,0.00350877,5275.074,0,0,94169.55,0,0,1,1,501521.7,1,0,0.00350877
C40L42,42,40,-1672500,-1027500,0.947368,0,0.052632,0.947368,0,0.947368,0,1745.246,0,0,94005.07,0,0,1,1,496612.9,1,0,0
C41L42,42,41,-1667500,-1027500,1,0,0,1,0,1,0,1694.183,0,0,93649.6,0,0,1,1,491706,1,0,0
C42L42,42,42,-1662500,-1027500,0.997767,0.002232859,1.41e-07,0.997767,0.002232859,0.997767,0.002232859,5601.571,0,0,93056.03,0,0,1,1,486800.9,1,0,0.002232859
C43L42,42,43,-1657500,-1027500,0.96526,0.004220785,0.030519215,0.96526,0.004220785,0.96526,0.004220785,6052.164,0,0,92321.27,0,0,1,1,481897.8,1,0,0.004220785
C44L42,42,44,-1652500,-1027500,1,0,0,1,0,1,0,6412.596,0,0,91188.81,0,0,0.9968958,0.9968958,476996.7,1,0,0
C45L42,42,45,-1647500,-1027500,1,0,0,1,0,1,0,3874.233,0,0,90229.79,0,0,1,1,472097.6,1,0,0
C46L42,42,46,-1642500,-1027500,0.99553388,0.004465708,4.12e-07,0.99362,0.006379588,0.99362,0.006379588,553.9416,0,0,89540.1,0,0,1,1,467200.7,1,0.002,0.007978517308
C47L42,42,47,-1637500,-1027500,0.96331199,0.036688266,-2.56e-07,0.95422108,0.045779176,0.951299,0.048701256,5549.877,0,0,89108.2,0,0,0.8026663,0.8026663,462306,1,0.012,0.036688266
C48L42,42,48,-1632500,-1027500,1,0,0,1,0,1,0,6070.026,0,0,88733.68,0,0,0,0,457413.6,1,0,0.0184307862
C49L42,42,49,-1627500,-1027500,0.98724077,0.01275918,5e-08,0.98724077,0.01275918,0.983732,0.01626795,1969.523,0,0,88359.16,0,0,0,0,452523.6,1,0.004,0.01890544824
C50L42,42,50,-1622500,-1027500,1,0,0,1,0,1,0,2439.113,0,0,87962.48,0,0,0,0,447635.9,1,0,0.005417306492
C51L42,42,51,-1617500,-1027500,1,0,0,1,0,1,0,7146.856,0,0,86612.42,0,0,0,0,442750.8,1,0,0.003017838766
C52L42,42,52,-1612500,-1027500,1,0,0,1,0,1,0,11854.6,0,0,85141.02,0,0,0,0,437868.3,1,0,0.0036565227
C53L42,42,53,-1607500,-1027500,0.999362,0.000637959,4.1e-08,0.999362,0.000637959,0.999362,0.000637959,15974.43,0,0,83343.36,0,0,0,0,432988.5,1,0,0.0122380118
C54L42,42,54,-1602500,-1027500,0.92337646,0.076623396,1.44e-07,0.90941543,0.090584426,0.905844,0.094155856,12376.08,0,0,81137.69,0,0,0,0,428111.4,1,0.018,0.076623396
C55L42,42,55,-1597500,-1027500,1,0,0,1,0,1,0,10038.34,0,0,79033.83,0,0.01006598,0,0.01006598,423237.2,1,0,0.01497133777
C56L42,42,56,-1592500,-1027500,1,0,0,1,0,1,0,6999.137,0,0,77195.48,0,0.6500254,0,0.6500254,418365.9,2,0,0.009835075799
C57L42,42,57,-1587500,-1027500,0.972567899,0.0274322,-9.9e-08,0.97224892,0.027751179,0.970973,0.029027099,3572.512,0,0,75643.49,0,1,0,1,413497.8,2,0.002,0.0274322
C58L42,42,58,-1582500,-1027500,0.967144748,0.03285486,3.92e-07,0.964273938,0.03572567,0.963317,0.036682608,2.365171,0,0,74395.78,0,1,0,1,408632.8,2,0.004,0.03285486
C59L42,42,59,-1577500,-1027500,1,0,0,1,0,1,0,2972.422,0,0,73467.87,0,0.150793,0,0.150793,403771.1,1,0,0.007161135108
C60L42,42,60,-1572500,-1027500,0.999999979,0,2.1e-08,0.999681,0.000318979,0.999681,0.000318979,7435.383,0,0,72871.96,0,0,0,0,398912.9,1,0,0.01318170728
C61L42,42,61,-1567500,-1027500,0.96915591,0.03084415,-6e-08,0.96688318,0.03311688,0.960065,0.03993506,10952.34,0,0,72589,0,0,0,0,394058.2,1,0.009,0.03102638616
C62L42,42,62,-1562500,-1027500,1,0,0,1,0,1,0,14365.36,0,0,72368.09,0,0,0,0,389207.1,1,0,0.01302948009
C63L42,42,63,-1557500,-1027500,1,0,0,1,0,1,0,18267.81,0,0,71996.28,0,0,0,0,384359.9,1,0,0.004634610098
C64L42,42,64,-1552500,-1027500,1,0,0,1,0,1,0,17978.24,0,0,70667.9,0,0,0,0,379516.7,1,0,0.004943121624
C65L42,42,65,-1547500,-1027500,0.984416,0.0155844,-4e-07,0.984416,0.0155844,0.984416,0.0155844,16078.26,0,0,69339.53,0,0,0,0,374677.5,1,0,0.0155844
C66L42,42,66,-1542500,-1027500,1,0,0,1,0,1,0,12941.88,0,0,68011.16,0,0,0,0,369842.7,1,0,0.00739262183
C67L42,42,67,-1537500,-1027500,0.993301,0.006698568,4.32e-07,0.993301,0.006698568,0.993301,0.006698568,10681.26,0,0,66697.12,0,0,0,0,365012.3,1,0,0.01376007191
C68L42,42,68,-1532500,-1027500,0.97499978,0.025000015,2.05e-07,0.970779,0.029220795,0.970779,0.029220795,8316.4,0,0,65648.12,0,0,0,0,360186.5,1,0.004,0.0298012518
C69L42,42,69,-1527500,-1027500,0.88931384,0.10239241,0.00829375,0.87655467,0.11515158,0.871451,0.12025525,5569.244,0,0,64968.04,0,0,0,0,355365.5,1,0.018,0.10239241
C70L42,42,70,-1522500,-1027500,1,0,0,1,0,1,0,2616.03,0,0,64668.52,0,0,0,0,350549.6,1,0,0.01399092225
C71L42,42,71,-1517500,-1027500,1,0,0,1,0,1,0,1495.147,0,0,64754.83,0,0.0533503,0,0.0533503,345738.9,1,0,0.009618499415
C72L42,42,72,-1512500,-1027500,0.997078351,0.002922081,-4.32e-07,0.996429,0.003571432,0.996429,0.003571432,6052.478,0,0,65200.5,0,0.01429552,0,0.01429552,340933.6,1,0.001,0.01707811543
C73L42,42,73,-1507500,-1027500,0.90239221,0.097607719,7.1e-08,0.87719288,0.122807049,0.859649,0.140350929,9919.535,0,0,64931.52,0,0,0,0,336134,1,0.043,0.097607719
C74L42,42,74,-1502500,-1027500,0.84805165,0.15194806,2.9e-07,0.81818157,0.18181814,0.796753,0.20324671,13975.38,0,0,63600.27,0,0,0,0,331340.4,1,0.051,0.15194806
C75L42,42,75,-1497500,-1027500,0.98341323,0.016586918,-1.48e-07,0.98022344,0.019776708,0.971611,0.028389148,18234.51,0,0,62379.17,0,0,0,0,326552.9,1,0.012,0.03190134231
C76L42,42,76,-1492500,-1027500,0.96618794,0.033811798,2.62e-07,0.95406674,0.045932998,0.934609,0.065390738,20515.92,0,0,61531.18,0,0,0.06323169,0.06323169,321771.9,1,0.032,0.033811798
C77L42,42,77,-1487500,-1027500,1,0,0,1,0,1,0,15528.99,0,0,61082,0,0,0.01118246,0.01118246,316997.6,1,0,0.007249425333
C78L42,42,78,-1482500,-1027500,1,0,0,1,0,1,0,10554.41,0,0,60860.78,0,0,0,0,312230.4,1,0,0.004651136962
C79L42,42,79,-1477500,-1027500,1,0,0,1,0,1,0,5625.113,0,0,57879.68,0,0,0,0,307470.7,1,0,0.004582267848
C80L42,42,80,-1472500,-1027500,0.997129,0,0.002871,0.997129,0,0.997129,0,809.9487,0,0,54114.07,0,0,0,0,302718.6,1,0,0.004626591297
C81L42,42,81,-1467500,-1027500,0.986688,0,0.013312,0.986688,0,0.986688,0,3244.429,0,0,50558.19,0,0,0,0,297974.7,1,0,0.004646809759
C82L42,42,82,-1462500,-1027500,0.9563,0,0.0437,0.9563,0,0.9563,0,7791.434,0,0,47080.08,0,0,0,0,293239.3,1,0,0.004660772473
C83L42,42,83,-1457500,-1027500,0.991558,0,0.008442,0.991558,0,0.991558,0,9998.813,0,0,43657.25,0,0,0,0,288512.8,1,0,0.005341368313
C84L42,42,84,-1452500,-1027500,0.989155,0.00637959,0.00446541,0.989155,0.00637959,0.989155,0.00637959,5328.131,0,0,40539.21,0,0,0,0,283795.7,1,0,0.009861106725
C85L42,42,85,-1447500,-1027500,0.992026,0,0.007974,0.992026,0,0.992026,0,789.1616,0,0,37827.24,0,0,0,0,279088.4,1,0,0.01103538405
C86L42,42,86,-1442500,-1027500,0.987987,0,0.012013,0.987987,0,0.987987,0,2777.482,0,0,35521.03,0,0,0,0,274391.5,1,0,0.0176646399
C87L42,42,87,-1437500,-1027500,0.995853,0.00414673,2.7e-07,0.995853,0.00414673,0.995853,0.00414673,4131.113,0,0,33425.16,0,0,0,0,269705.5,1,0,0.02511266878
C88L42,42,88,-1432500,-1027500,0.950974,0.040259776,0.008766224,0.950974,0.040259776,0.950974,0.040259776,6483.585,0,0,31923.42,0,0.001396057,0,0.001396057,265030.9,1,0,0.05094783495
C89L42,42,89,-1427500,-1027500,0.957576,0.032216948,0.010207052,0.957576,0.032216948,0.957576,0.032216948,9664.593,0,0,30585.47,0,0.003999653,0,0.003999653,260368.5,1,0,0.04866874359
C90L42,42,90,-1422500,-1027500,0.90681791,0.038311645,0.054870445,0.90389583,0.041233725,0.897727,0.047402555,12785.44,0,0,29247.53,0,0.08698943,0,0.08698943,255718.8,1,0.009,0.04814524122
C91L42,42,91,-1417500,-1027500,0.95087719,0.032216918,0.016905892,0.94736842,0.035725688,0.938437,0.044657108,14687.25,0,0,27739.41,0,0.01619011,0,0.01619011,251082.6,1,0.012,0.03882041983
C92L42,42,92,-1412500,-1027500,0.990584,0.00941559,4.1e-07,0.990584,0.00941559,0.990584,0.00941559,16082.03,0,0,26163.25,0,0,0,0,246460.6,1,0,0.02064376257
C93L42,42,93,-1407500,-1027500,1,0,0,1,0,1,0,18445.2,0,0,24587.09,0,0,0,0,241853.6,1,0,0.0183255493
C94L42,42,94,-1402500,-1027500,0.86507181,0.07049445,0.06443374,0.86507181,0.07049445,0.862201,0.07336526,20944.35,0,0,23273.28,0,0.1299148,0,0.1299148,237262.5,1,0.003,0.07049445
C95L42,42,95,-1397500,-1027500,0.89967518,0.04350651,0.05681831,0.89610375,0.04707794,0.892857,0.05032469,24160.4,0,0,22096.25,0,0,0,0,232688.4,1,0.007,0.04350651
C96L42,42,96,-1392500,-1027500,0.91738388,0.032854838,0.049761282,0.91738388,0.032854838,0.91547,0.034768718,25136.47,0,0,20919.23,0,0,0,0,228132,1,0.002,0.03354999993
C97L42,42,97,-1387500,-1027500,0.86526021,0.058766186,0.075973604,0.86168878,0.062337616,0.857468,0.066558396,21622.7,0,0,19742.2,0,0,0,0,223594.7,1,0.008,0.058766186
C98L42,42,98,-1382500,-1027500,0.7948966,0.13524718,0.06985622,0.76905933,0.16108445,0.758852,0.17129178,18794.69,0,0,17983.91,0,0,0,0,219077.5,1,0.036,0.13524718
C99L42,42,99,-1377500,-1027500,1.000000026,0,-2.6e-08,0.999026,0.000974026,0.999026,0.000974026,16998.22,0,0,16001.55,0,0,0,0,214581.7,1,0.001,0.02570683894
C100L42,42,100,-1372500,-1027500,1,0,0,1,0,1,0,16572.22,0,0,14019.19,0,0,0,0,210108.6,1,0,0.02126238226
C101L42,42,101,-1367500,-1027500,1,0,0,1,0,1,0,17616.4,0,0,12036.83,0,0,0,0,205659.9,1,0,0.01932872512
C102L42,42,102,-1362500,-1027500,1,0,0,1,0,1,0,17192.38,0,0,10054.47,0,0,0,0,201237,1,0,0.01551863654
C103L42,42,103,-1357500,-1027500,1,0,0,1,0,1,0,15674.64,0,0,8072.11,0,0,0.1004158,0.1004158,196841.8,1,0,0.005696010504
C104L42,42,104,-1352500,-1027500,1,0,0,1,0,1,0,15339.6,0,0,5815.861,0,0,0.6123984,0.6123984,192476.1,1,0,0.001323820309
C105L42,42,105,-1347500,-1027500,1,0,0,1,0,1,0,11406.18,0,0,3364.012,0,0,0.9925948,0.9925948,188142,1,0,0
C106L42,42,106,-1342500,-1027500,1,0,0,1,0,1,0,8285.875,0,0,912.1622,0,0,1,1,183841.7,1,0,0.0001703098884
C107L42,42,107,-1337500,-1027500,1,0,0,1,0,1,0,4828.373,0,0,1539.687,0.2922799,0,1,1,179577.6,1,0,0.009960436676
C108L42,42,108,-1332500,-1027500,0.997403,0.0025974,-4e-07,0.997403,0.0025974,0.997403,0.0025974,2052.654,0,0,3991.537,0.8677051,0,1,1,175352.4,1,0,0.03239790008
C109L42,42,109,-1327500,-1027500,0.993301,0.00669856,4.4e-07,0.993301,0.00669856,0.993301,0.00669856,71.93039,0,0,6443.386,1,0,1,1,171169,1,0,0.05496445636
C110L42,42,110,-1322500,-1027500,0.998701,0.001298702,2.98e-07,0.998701,0.001298702,0.998701,0.001298702,2746.856,0,0,8895.235,1,0,1,1,167030.5,1,0,0.07412598395
C111L42,42,111,-1317500,-1027500,0.89665077,0.103349328,-9.8e-08,0.893142,0.106858098,0.893142,0.106858098,4419.586,0,0,11347.08,0.9979345,0,0.9972476,0.9972476,162940.3,1,0.004,0.1563130411
C112L42,42,112,-1312500,-1027500,0.806379379,0.19362053,9.1e-08,0.79617204,0.203827869,0.766826,0.233173909,5652.632,0,0,13537.83,0.6541662,0,0.8671923,0.8671923,158902.1,1,0.04,0.2383387149
C113L42,42,113,-1307500,-1027500,0.56785722,0.432143311,-5.31e-07,0.54025982,0.459740711,0.522078,0.477922531,9366.095,0,0,14950.14,0.6665456,0,0.630514,0.630514,154920.1,1,0.046,0.432143311
C114L42,42,114,-1302500,-1027500,0.44784716,0.52089335,0.03125949,0.43317415,0.53556636,0.405423,0.56331751,11647.3,0,0,15286.97,0.9793397,0,0.2646433,0.2646433,150998.7,1,0.042,0.52089335
C115L42,42,115,-1297500,-1027500,0.40973994,0.52922115,0.06103891,0.39318151,0.54577958,0.386688,0.55227309,10773.42,0,0,15422.33,1,0,0,0,147142.6,1,0.023,0.5626034015
C116L42,42,116,-1292500,-1027500,0.18883577,0.79043117,0.02073306,0.18883577,0.79043117,0.185327,0.79393994,11669.67,0,0,15477.19,1,0,0,0,143357.3,1,0.004,0.79043117
C117L42,42,117,-1287500,-1027500,0.0545455,0.94545448,2e-08,0.0545455,0.94545448,0.0545455,0.94545448,8183.105,0,0,15532.05,1,0,0,0,139648.3,1,0,0.94545448
C118L42,42,118,-1282500,-1027500,0.07878788,0.919936279,0.001275841,0.076874,0.921850159,0.076874,0.921850159,6460.577,0,0,16140.28,1,0,0,0,136022.1,1,0.002,0.919936279
C119L42,42,119,-1277500,-1027500,0.0386364,0.95974012,0.00162348,0.0386364,0.95974012,0.0386364,0.95974012,5206.864,0,0,17218.21,1,0,0,0,132485.3,1,0,0.95974012
C120L42,42,120,-1272500,-1027500,0.130781,0.8692189,1e-07,0.130781,0.8692189,0.130781,0.8692189,3989.519,0,0,18901.65,0.9927909,0,0,0,129045.4,1,0,0.8692189
C121L42,42,121,-1267500,-1027500,0.46826161,0.53173827,1.2e-07,0.45518346,0.54481642,0.431579,0.56842088,3001.477,0,0,21227.59,0.194006,0,0,0,125710.3,1,0.037,0.53173827
C122L42,42,122,-1262500,-1027500,0.50844176,0.49155824,0,0.44935086,0.55064914,0.442208,0.557792,1844.009,0,0,21880.96,0,0,0,0,122488.5,1,0.066,0.49155824
C123L42,42,123,-1257500,-1027500,0.82200978,0.17799047,-2.5e-07,0.76108479,0.23891546,0.68134,0.31866025,2165.754,0,0,22390.52,0,0,0,0,119389.2,1,0.141,0.2241749116
C124L42,42,124,-1252500,-1027500,0.78896128,0.17759729,0.03344143,0.77240283,0.19415574,0.752273,0.21428557,5971.331,0,0,23573.55,0,0,0,0,116422.2,1,0.037,0.17759729
C23L43,43,23,-1757500,-1032500,0,0,1,0,0,0,0,4441.131,0.03317333,0,84808.07,0,0,0,0.03317333,579477.8,1,0,0
C24L43,43,24,-1752500,-1032500,0.575188,0,0.424812,0.575188,0,0.575188,0,305.2118,0.6769168,0,87190.59,0,0,0,0.6769168,574538.9,1,0,0.003143937391
C25L43,43,25,-1747500,-1032500,0.957589,0.007971945,0.034439055,0.957589,0.007971945,0.957589,0.007971945,2592.053,1,0,89788.59,0,0,0,1,569601,1,0,0.02963832134
C26L43,43,26,-1742500,-1032500,0.81672935,0.18045116,0.00281949,0.80200508,0.19517543,0.773183,0.22399751,6700.748,0.2507029,0,92583.91,0.4787697,0,0.3318121,0.582515,564664.2,1,0.044,0.18045116
C27L43,43,27,-1737500,-1032500,0.92888986,0.06823974,0.0028704,0.90943836,0.08769124,0.89477,0.1023596,8604.988,0,0,95555.95,0.03669079,0,0.9472312,0.9472312,559728.5,1,0.034,0.1091229643
C28L43,43,28,-1732500,-1032500,0.90100219,0.09053878,0.00845903,0.86466139,0.12687958,0.839912,0.15162897,11964.97,0,0,98582.75,0,0,1,1,554794,1,0.061,0.1301650249
C29L43,43,29,-1727500,-1032500,0.720982018,0.27901823,-2.48e-07,0.654017718,0.34598253,0.642857,0.357143248,8204.85,0,0,101260.8,0,0,0.9830977,0.9830977,549860.6,1,0.078,0.27901823
C30L43,43,30,-1722500,-1032500,0.95300738,0.02474937,0.02224325,0.91791968,0.05983707,0.913847,0.06390975,3312.512,0,0,100447.5,0,0,1,1,544928.5,1,0.039,0.05616371998
C31L43,43,31,-1717500,-1032500,0.962093,0.02161654,0.01629046,0.962093,0.02161654,0.962093,0.02161654,1476.158,0,0,99878.25,0,0,1,1,539997.6,1,0,0.02687256565
C32L43,43,32,-1712500,-1032500,0.99426,0.0057398,2e-07,0.99426,0.0057398,0.99426,0.0057398,5137.283,0,0,99557.14,0,0,1,1,535068,1,0,0.01604261014
C33L43,43,33,-1707500,-1032500,0.983083,0.0169173,-3e-07,0.983083,0.0169173,0.983083,0.0169173,9479.976,0,0,99464.94,0,0,1,1,530139.7,1,0,0.0169173
C34L43,43,34,-1702500,-1032500,0.98373738,0.01626275,-1.3e-07,0.97225778,0.02774235,0.969069,0.03093113,13891.85,0,0,99415.66,0,0,1,1,525212.8,1,0.015,0.01626275
C35L43,43,35,-1697500,-1032500,0.954261066,0.04573931,-3.76e-07,0.953321216,0.04667916,0.944236,0.055764376,18506.52,0,0,99366.39,0,0,1,1,520287.2,1,0.01,0.04573931
C36L43,43,36,-1692500,-1032500,0.94866072,0.05133934,-6e-08,0.94068878,0.05931128,0.9375,0.06250006,19885.84,0,0,99317.12,0,0,1,1,515363.1,1,0.011,0.05133934
C37L43,43,37,-1687500,-1032500,0.988722246,0.00814537,0.003132384,0.988722246,0.00814537,0.984023,0.012844616,16083.87,0,0,99267.85,0,0,1,1,510440.5,1,0.005,0.00814537
C38L43,43,38,-1682500,-1032500,0.9467472,0.023915825,0.029336975,0.94164516,0.029017865,0.936862,0.033801025,12318.64,0,0,99218.58,0,0,1,1,505519.4,1,0.01,0.023915825
C39L43,43,39,-1677500,-1032500,0.84429837,0.03132826,0.12437337,0.84053897,0.03508766,0.836153,0.03947363,8605.81,0,0,99169.31,0,0,1,1,500599.9,1,0.008,0.03132826
C40L43,43,40,-1672500,-1032500,0.92261913,0.00125313,0.07612774,0.92261913,0.00125313,0.921366,0.00250626,4934.32,0,0,98992.42,0,0,1,1,495681.9,1,0.001,0.0108927787
C41L43,43,41,-1667500,-1032500,0.977041,0.01530612,0.00765288,0.977041,0.01530612,0.977041,0.01530612,1150.996,0,0,98636.94,0,0,1,1,490765.7,1,0,0.01530612
C42L43,43,42,-1662500,-1032500,0.96804483,0.021929826,0.010025344,0.964912,0.025062656,0.964912,0.025062656,1226.909,0,0,98004.42,0,0,1,1,485851.1,1,0.003,0.021929826
C43L43,43,43,-1657500,-1032500,0.959821,0.000956633,0.039222367,0.959821,0.000956633,0.959821,0.000956633,1887.834,0,0,97190.41,0,0,1,1,480938.3,1,0,0.000956633
C44L43,43,44,-1652500,-1032500,1,0,0,1,0,1,0,1473.408,0,0,96074.51,0,0,0.9969666,0.9969666,476027.3,1,0,0
C45L43,43,45,-1647500,-1032500,0.997449,0,0.002551,0.997449,0,0.997449,0,5136.788,0,0,95164.74,0,0,1,1,471118.2,1,0,0.005153254326
C46L43,43,46,-1642500,-1032500,0.92857126,0.06986223,0.00156651,0.91040083,0.08803266,0.907268,0.09116549,1089.695,0,0,94511.07,0,0,1,1,466211,1,0.021,0.06986223
C47L43,43,47,-1637500,-1032500,0.94068916,0.059311243,-4.03e-07,0.935906,0.064094403,0.935906,0.064094403,3628.549,0,0,94094.16,0,0,0.9590625,0.9590625,461305.8,1,0.005,0.059311243
C48L43,43,48,-1632500,-1032500,1,0,0,1,0,1,0,3413.419,0,0,93719.64,0,0,0.06628857,0.06628857,456402.7,1,0,0.01010348472
C49L43,43,49,-1627500,-1032500,0.964912,0.03508774,2.6e-07,0.964912,0.03508774,0.964912,0.03508774,857.0697,0,0,93345.11,0,0,0,0,451501.7,1,0,0.03508774
C50L43,43,50,-1622500,-1032500,1,0,0,1,0,1,0,4605.11,0,0,92862.41,0,0,0,0,446602.9,1,0,0.005407296693
C51L43,43,51,-1617500,-1032500,1,0,0,1,0,1,0,8914.99,0,0,91391.01,0,0,0,0,441706.3,1,0,0.003116136337
C52L43,43,52,-1612500,-1032500,1,0,0,1,0,1,0,13538.99,0,0,89919.62,0,0,0,0,436812.1,1,0,0.004746898297
C53L43,43,53,-1607500,-1032500,0.996553836,0.003446116,4.8e-08,0.996553836,0.003446116,0.993421,0.006578952,13242.08,0,0,87830.56,0,0,0,0,431920.3,1,0.003,0.01193412182
C54L43,43,54,-1602500,-1032500,0.9885209,0.0114796,-5e-07,0.9885209,0.0114796,0.985651,0.0143495,8986.049,0,0,85642.34,0,0,0,0,427031.1,1,0.003,0.01662979478
C55L43,43,55,-1597500,-1032500,1,0,0,1,0,1,0,5410.536,0,0,83650.5,0,0.1445196,0,0.1445196,422144.4,1,0,0.009227619348
C56L43,43,56,-1592500,-1032500,1,0,0,1,0,1,0,2968.452,0,0,81915.82,0,1,0,1,417260.4,2,0,0.008994863209
C57L43,43,57,-1587500,-1032500,0.96522595,0.034774423,-3.73e-07,0.958647,0.041353373,0.958647,0.041353373,439.8631,0,0,80454.94,0,1,0,1,412379.2,2,0.007,0.034774423
C58L43,43,58,-1582500,-1032500,1,0,0,1,0,1,0,2632.792,0,0,79282.99,0,0.9466497,0,0.9466497,407500.9,2,0,0.01087947618
C59L43,43,59,-1577500,-1032500,0.999043,0.000956633,3.67e-07,0.999043,0.000956633,0.999043,0.000956633,6508.983,0,0,78412.93,0,0.03750188,0,0.03750188,402625.5,1,0,0.007592729564
C60L43,43,60,-1572500,-1032500,1,0,0,1,0,1,0,9988.073,0,0,77854.88,0,0,0,0,397753.3,1,0,0.01597293839
C61L43,43,61,-1567500,-1032500,0.914540633,0.08545915,2.17e-07,0.914540633,0.08545915,0.913584,0.086415783,14141.93,0,0,77584.12,0,0,0,0,392884.2,1,0.001,0.08545915
C62L43,43,62,-1562500,-1032500,1,0,0,1,0,1,0,18018.21,0,0,77363.21,0,0,0,0,388018.5,1,0,0.01538508695
C63L43,43,63,-1557500,-1032500,0.998087,0.00191327,-2.7e-07,0.998087,0.00191327,0.998087,0.00191327,15828.7,0,0,76816.59,0,0,0,0,383156.3,1,0,0.007229554345
C64L43,43,64,-1552500,-1032500,1,0,0,1,0,1,0,13306.56,0,0,75488.22,0,0,0,0,378297.6,1,0,0.007277118448
C65L43,43,65,-1547500,-1032500,0.99426,0.0057398,2e-07,0.99426,0.0057398,0.99426,0.0057398,11990.32,0,0,74159.84,0,0,0,0,373442.7,1,0,0.01210023293
C66L43,43,66,-1542500,-1032500,0.993108,0.006892226,-2.26e-07,0.993108,0.006892226,0.993108,0.006892226,9098.159,0,0,72831.47,0,0,0,0,368591.6,1,0,0.01394505449
C67L43,43,67,-1537500,-1032500,0.976504,0.02349619,-1.9e-07,0.976504,0.02349619,0.976504,0.02349619,6010.18,0,0,71554.47,0,0,0,0,363744.6,1,0,0.02492723666
C68L43,43,68,-1532500,-1032500,0.95025557,0.04974487,-4.4e-07,0.94674792,0.05325252,0.941327,0.05867344,3698.983,0,0,70577.71,0,0,0,0,358901.8,1,0.009,0.04974487
C69L43,43,69,-1527500,-1032500,1,0,0,1,0,1,0,1894.299,0,0,69945.58,0,0,0,0,354063.3,1,0,0.01481018699
C70L43,43,70,-1522500,-1032500,1,0,0,1,0,1,0,1307.595,0,0,69667.46,0,0,0,0,349229.4,1,0,0.01241443645
C71L43,43,71,-1517500,-1032500,1,0,0,1,0,1,0,4412.62,0,0,69747.58,0,0.6462932,0,0.6462932,344400.3,2,0,0.01080853239
C72L43,43,72,-1512500,-1032500,0.99936214,0.000637755,1.05e-07,0.99936214,0.000637755,0.99713,0.002869895,8103.072,0,0,70173.04,0,0.9236271,0,0.9236271,339576.1,2,0.002,0.02060232395
C73L43,43,73,-1507500,-1032500,0.96773168,0.032268173,1.47e-07,0.96491213,0.035087723,0.963659,0.036340853,12527.73,0,0,69751.04,0,0.6380919,0,0.6380919,334757,2,0.004,0.04363050706
C74L43,43,74,-1502500,-1032500,0.997449,0.002551023,-2.3e-08,0.997449,0.002551023,0.997449,0.002551023,16829.77,0,0,68420.14,0,0.2413715,0,0.2413715,329943.3,1,0,0.02510763539
C75L43,43,75,-1497500,-1032500,1,0,0,1,0,1,0,20952.86,0,0,67277.34,0,0,0,0,325135.3,1,0,0.01507818914
C76L43,43,76,-1492500,-1032500,0.99248106,0.00751879,1.5e-07,0.99248106,0.00751879,0.982456,0.01754385,20856.34,0,0,66491.85,0,0,0.5352551,0.5352551,320333.1,1,0.01,0.007908974471
C77L43,43,77,-1487500,-1032500,1,0,0,1,0,1,0,15869.17,0,0,66076.4,0,0,0.5034507,0.5034507,315537.1,1,0,0.002589528913
C78L43,43,78,-1482500,-1032500,1,0,0,1,0,1,0,10893.77,0,0,64921.55,0,0,0,0,310747.5,1,0,0.004427281101
C79L43,43,79,-1477500,-1032500,1,0,0,1,0,1,0,5959.703,0,0,61180.74,0,0,0,0,305964.7,1,0,0.00456143668
C80L43,43,80,-1472500,-1032500,0.97995,0,0.02005,0.97995,0,0.97995,0,1429.255,0,0,57628.34,0,0,0,0,301188.9,1,0,0.004566727623
C81L43,43,81,-1467500,-1032500,0.985332,0,0.014668,0.985332,0,0.985332,0,2907.549,0,0,54150.23,0,0,0,0,296420.5,1,0,0.004689169079
C82L43,43,82,-1462500,-1032500,0.969298,0,0.030702,0.969298,0,0.969298,0,7875.257,0,0,50714.89,0,0,0,0,291659.8,1,0,0.004929454842
C83L43,43,83,-1457500,-1032500,0.981505,0,0.018495,0.981505,0,0.981505,0,8134.715,0,0,47533.91,0,0,0,0,286907.3,1,0,0.007948619994
C84L43,43,84,-1452500,-1032500,1,0,0,1,0,1,0,4238.022,0,0,44687.18,0,0,0,0,282163.3,1,0,0.01187015141
C85L43,43,85,-1447500,-1032500,0.94799527,0.015037589,0.036967141,0.945489,0.017543859,0.945489,0.017543859,615.7705,0,0,42240.71,0,0.01107192,0,0.01107192,277428.4,1,0.003,0.02521290979
C86L43,43,86,-1442500,-1032500,0.898916,0.08035706,0.02072694,0.898916,0.08035706,0.898916,0.08035706,5593.961,0,0,39996.63,0,0.007271594,0,0.007271594,272702.9,1,0,0.08035706
C87L43,43,87,-1437500,-1032500,0.80325853,0.13063904,0.06610243,0.798246,0.13565157,0.798246,0.13565157,8850.27,0,0,38129.8,0,0.5113638,0,0.5113638,267987.3,2,0.005,0.13063904
C88L43,43,88,-1432500,-1032500,0.87213009,0.080994913,0.046874997,0.861926,0.091199003,0.861926,0.091199003,10895.6,0,0,36741.08,0,0.6653722,0,0.6653722,263282.3,2,0.01,0.080994913
C89L43,43,89,-1427500,-1032500,0.7597122,0.19705524,0.04323256,0.7578325,0.19893494,0.748434,0.20833344,13391.92,0,0,35403.14,0,0.8292673,0,0.8292673,258588.3,2,0.011,0.19705524
C90L43,43,90,-1422500,-1032500,0.830357558,0.1479592,0.021683242,0.824298878,0.15401788,0.82398,0.154336758,16733.26,0,0,34060.64,0,0.9589572,0,0.9589572,253906,2,0.006,0.1479592
C91L43,43,91,-1417500,-1032500,0.90319588,0.036027566,0.060776554,0.89191768,0.047305766,0.875627,0.063596446,19478.13,0,0,32484.48,0,0.6694418,0,0.6694418,249236.1,2,0.028,0.04184834254
C92L43,43,92,-1412500,-1032500,0.85714285,0.06919645,0.0736607,0.85714285,0.06919645,0.838648,0.0876913,20722.15,0,0,30908.33,0,0.5008186,0,0.5008186,244579.2,2,0.018,0.06919645
C93L43,43,93,-1407500,-1032500,0.92700496,0.03164156,0.04135348,0.92700496,0.03164156,0.922619,0.03602752,22854.4,0,0,29347.52,0,0.1617114,0,0.1617114,239936.1,1,0.004,0.03732011358
C94L43,43,94,-1402500,-1032500,0.89129036,0.052944859,0.055764781,0.88721768,0.057017539,0.883145,0.061090219,25156.84,0,0,28132.76,0,0.6501899,0,0.6501899,235307.7,2,0.008,0.052944859
C95L43,43,95,-1397500,-1032500,0.915497,0.05102044,0.03348256,0.915497,0.05102044,0.915497,0.05102044,25309.43,0,0,26955.74,0,0.08007522,0,0.08007522,230694.7,1,0,0.05102044
C96L43,43,96,-1392500,-1032500,1,0,0,1,0,1,0,25462.24,0,0,25778.71,0,0,0,0,226098.2,1,0,0.01514862794
C97L43,43,97,-1387500,-1032500,1,0,0,1,0,1,0,22827.25,0,0,24556.5,0,0,0,0,221519.2,1,0,0.01763784867
C98L43,43,98,-1382500,-1032500,1,0,0,1,0,1,0,20596.14,0,0,22574.14,0,0,0,0,216958.8,1,0,0.01653158669
C99L43,43,99,-1377500,-1032500,1,0,0,1,0,1,0,19424.69,0,0,20591.78,0,0,0,0,212418.1,1,0,0.01370858798
C100L43,43,100,-1372500,-1032500,1,0,0,1,0,1,0,18269.32,0,0,18609.42,0,0,0,0,207898.6,1,0,0.006980967808
C101L43,43,101,-1367500,-1032500,1,0,0,1,0,1,0,14784.83,0,0,16627.06,0,0,0.1048729,0.1048729,203401.5,1,0,0.00568483038
C102L43,43,102,-1362500,-1032500,1,0,0,1,0,1,0,12386.06,0,0,14644.7,0,0,0.5709627,0.5709627,198928.4,1,0,0.002013324678
C103L43,43,103,-1357500,-1032500,1,0,0,1,0,1,0,10787.45,0,0,12625.28,0,0,0.9670877,0.9670877,194481.1,1,0,0
C104L43,43,104,-1352500,-1032500,1,0,0,1,0,1,0,10673.57,0,0,10173.43,0,0,1,1,190061.1,1,0,0
C105L43,43,105,-1347500,-1032500,1,0,0,1,0,1,0,8463.297,0,0,7721.584,0,0,1,1,185670.6,1,0,0.0005458830194
C106L43,43,106,-1342500,-1032500,0.999681,0.000318878,1.22e-07,0.999681,0.000318878,0.999681,0.000318878,4335.406,0,0,5269.734,0.03442645,0,1,1,181311.7,1,0,0.006633002926
C107L43,43,107,-1337500,-1032500,0.99999985,0,1.5e-07,0.99999985,0,0.99906,0.00093985,1253.873,0,0,2817.885,0.8756164,0,1,1,176986.7,1,0.001,0.03212632624
C108L43,43,108,-1332500,-1032500,0.93622483,0.06377553,-3.6e-07,0.91103353,0.08896683,0.907207,0.09279336,182.94,0,0,366.0354,1,0,1,1,172698.1,1,0.029,0.07683596426
C109L43,43,109,-1327500,-1032500,0.87781975,0.122180496,-2.46e-07,0.86998767,0.130012576,0.863722,0.136278246,2621.349,0,0,2085.814,1,0,1,1,168448.8,1,0.014,0.122180496
C110L43,43,110,-1322500,-1032500,0.786670588,0.21332901,4.02e-07,0.771045613,0.228953985,0.757015,0.242984598,6478.576,0,0,4537.663,1,0,1,1,164241.8,1,0.03,0.21332901
C111L43,43,111,-1317500,-1032500,0.87593938,0.12406018,4.4e-07,0.87593938,0.12406018,0.869987,0.13001256,9418.386,0,0,6989.513,1,0,1,1,160080.3,1,0.006,0.1341885715
C112L43,43,112,-1312500,-1032500,0.82080172,0.17919803,2.5e-07,0.8173556,0.18264415,0.804511,0.19548875,10216.11,0,0,8741.437,0.3647223,0,1,1,155968.2,1,0.016,0.1889223125
C113L43,43,113,-1307500,-1032500,0.62978279,0.37021645,7.6e-07,0.58258892,0.41741032,0.548469,0.45153024,12654.66,0,0,9976.823,0.4819456,0,0.5518766,0.5518766,151909.2,1,0.081,0.37021645
C114L43,43,114,-1302500,-1032500,0.35244341,0.39880984,0.24874675,0.33208,0.41917325,0.274436,0.47681725,16306.81,0,0,10297.25,1,0,0,0,147908,1,0.078,0.39880984
C115L43,43,115,-1297500,-1032500,0.24553618,0.65274195,0.10172187,0.22991118,0.66836695,0.222577,0.67570113,15769.12,0,0,10422.63,1,0,0,0,143969.2,1,0.023,0.65274195
C116L43,43,116,-1292500,-1032500,0.25125334,0.74185501,0.00689165,0.23934858,0.75375977,0.222118,0.77099035,15166.96,0,0,10477.49,1,0,0,0,140098.1,1,0.029,0.74185501
C117L43,43,117,-1287500,-1032500,0.40051061,0.599490073,-6.83e-07,0.39445194,0.605548743,0.38648,0.613520683,12681.43,0,0,10532.35,1,0,0,0,136300.5,1,0.014,0.6389535183
C118L43,43,118,-1282500,-1032500,0.37249361,0.62562621,0.00188018,0.36497481,0.63314501,0.359649,0.63847082,11441.14,0,0,11257.86,1,0,0,0,132582.8,1,0.013,0.6536116996
C119L43,43,119,-1277500,-1032500,0.1540179,0.818559155,0.027422945,0.151148,0.821429055,0.151148,0.821429055,10101.07,0,0,12371.65,1,0,0,0,128951.7,1,0.003,0.818559155
C120L43,43,120,-1272500,-1032500,0.21271896,0.78696755,0.00031349,0.21271896,0.78696755,0.208333,0.79135351,8093.327,0,0,14474.82,1,0,0,0,125414.9,1,0.004,0.78696755
C121L43,43,121,-1267500,-1032500,0.44016311,0.55983707,-1.8e-07,0.38941121,0.61058897,0.365915,0.63408518,4516.583,0,0,16802.4,0.1419056,0,0,0,121980.5,1,0.074,0.5631265468
C122L43,43,122,-1262500,-1032500,0.54017882,0.4598222,-1.02e-06,0.43463042,0.5653706,0.378508,0.62149302,2877.385,0,0,16880.96,0,0,0,0,118657.5,1,0.162,0.4598222
C123L43,43,123,-1257500,-1032500,0.66635295,0.333646666,3.84e-07,0.55200462,0.447994996,0.41416,0.585839616,679.3283,0,0,17521.86,0,0,0,0,115455.4,1,0.252,0.333646666
C124L43,43,124,-1252500,-1032500,0.94674793,0.0532526,-5.3e-07,0.9298474,0.07015313,0.769133,0.23086753,4119.137,0,0,18826.71,0,0,0,0,112384.7,1,0.178,0.1249016366
C125L43,43,125,-1247500,-1032500,0.9912291,0.00877193,-1.03e-06,0.9266927,0.07330833,0.703008,0.29699303,5302.108,0,0,21108.84,0,0,0,0,109456.2,1,0.288,0.05577826775
C126L43,43,126,-1242500,-1032500,1.00000026,0,-2.6e-07,0.97257683,0.02742343,0.867985,0.13201526,5406.712,0,0,24222.34,0,0,0,0,106681.9,1,0.132,0.02831125143
C24L44,44,24,-1752500,-1037500,0.616268,0,0.383732,0.616268,0,0.616268,0,2146.487,0.5648792,0,91558.51,0,0,0,0.5648792,573777.9,1,0,0.008665626197
C25L44,44,25,-1747500,-1037500,0.97110343,0.028896086,4.84e-07,0.967532,0.032467516,0.967532,0.032467516,6623.887,0.4828325,0,94035.91,0.1212041,0,0.01809911,0.50093161,568833.4,1,0.004,0.04086678105
C26L44,44,26,-1742500,-1037500,0.887399959,0.090909,0.021691041,0.887399959,0.090909,0.886762,0.091546959,9662.609,0.004679151,0,96708.55,0.1408587,0,0.8333517,0.838030851,563889.9,1,0.001,0.090909
C27L44,44,27,-1737500,-1037500,0.946429,0,0.053571,0.946429,0,0.946429,0,13070.79,0,0,99560.71,0,0,1,1,558947.4,1,0,0.0188007798
C28L44,44,28,-1732500,-1037500,0.974163149,0.01722488,0.008611971,0.96459377,0.026794259,0.961085,0.030303029,15597.22,0,0,102562.5,0,0,1,1,554005.9,1,0.013,0.04272309673
C29L44,44,29,-1727500,-1037500,0.73896116,0.2538964,0.00714244,0.7110391,0.28181846,0.707143,0.28571456,8965.19,0,0,105589.3,0,0,1,1,549065.4,1,0.032,0.2538964
C30L44,44,30,-1722500,-1037500,0.94067004,0.059330097,-1.37e-07,0.90877211,0.091228027,0.895056,0.104944137,4239.068,0,0,105401.7,0,0,1,1,544126.1,1,0.046,0.07143204206
C31L44,44,31,-1717500,-1037500,0.978309829,0.00191388,0.019776291,0.976076979,0.00414673,0.975758,0.004465709,487.0537,0,0,104859.3,0,0,1,1,539187.9,1,0.003,0.01387832769
C32L44,44,32,-1712500,-1037500,0.998052,0,0.001948,0.998052,0,0.998052,0,3123.485,0,0,104553.5,0,0,1,1,534250.8,1,0,0
C33L44,44,33,-1707500,-1037500,0.995534,0,0.004466,0.995534,0,0.995534,0,7360.797,0,0,104464.7,0,0,1,1,529314.9,1,0,0
C34L44,44,34,-1702500,-1037500,0.977273,0,0.022727,0.977273,0,0.977273,0,12190.43,0,0,104415.4,0,0,1,1,524380.2,1,0,0
C35L44,44,35,-1697500,-1037500,0.98756,0,0.01244,0.98756,0,0.98756,0,17118.17,0,0,104366.2,0,0,1,1,519446.8,1,0,0.0002596784517
C36L44,44,36,-1692500,-1037500,0.993182156,0.00681819,-3.46e-07,0.99026008,0.009740266,0.987338,0.012662346,22078.43,0,0,104316.9,0,0,1,1,514514.7,1,0.006,0.00681819
C37L44,44,37,-1687500,-1037500,0.96810236,0.031897929,-2.89e-07,0.96363665,0.036363639,0.942903,0.057097289,19382.24,0,0,104267.6,0,0,1,1,509583.8,1,0.025,0.031897929
C38L44,44,38,-1682500,-1037500,0.961363721,0.03571432,0.002921959,0.96071437,0.036363671,0.947078,0.050000041,15603.13,0,0,104218.3,0,0,1,1,504654.4,1,0.014,0.03571432
C39L44,44,39,-1677500,-1037500,0.83955334,0.13971293,0.02073373,0.8089313,0.17033497,0.783094,0.19617227,11930.68,0,0,104169.1,0,0,1,1,499726.3,1,0.056,0.13971293
C40L44,44,40,-1672500,-1037500,0.90941037,0.09059015,-5.2e-07,0.90366875,0.09633177,0.883892,0.11610852,8098.264,0,0,103979.8,0,0,1,1,494799.7,1,0.026,0.09059015
C41L44,44,41,-1667500,-1037500,0.94642849,0.049999962,0.003571548,0.93961031,0.056818142,0.927922,0.068506452,5218.955,0,0,103624.3,0,0,1,1,489874.6,1,0.019,0.049999962
C42L44,44,42,-1662500,-1037500,0.95630011,0.03413079,0.0095691,0.942584,0.0478469,0.942584,0.0478469,3708.46,0,0,102952.8,0,0,1,1,484951,1,0.014,0.03413079
C43L44,44,43,-1657500,-1037500,0.988312,0.009740263,0.001947737,0.988312,0.009740263,0.988312,0.009740263,2936.681,0,0,102059.6,0,0,1,1,480029,1,0,0.009740263
C44L44,44,44,-1652500,-1037500,0.980223,0,0.019777,0.980223,0,0.980223,0,3613.243,0,0,100971.4,0,0,0.996929,0.996929,475108.6,1,0,0
C45L44,44,45,-1647500,-1037500,0.998701,0,0.001299,0.998701,0,0.998701,0,6502.326,0,0,100106.1,0,0,1,1,470189.9,1,0,0.009850927757
C46L44,44,46,-1642500,-1037500,0.86985652,0.130143468,1.2e-08,0.8376396,0.162360388,0.816587,0.183412988,3185.988,0,0,99484.95,0,0,1,1,465272.9,1,0.053,0.130143468
C47L44,44,47,-1637500,-1037500,0.995779,0.00422078,2.2e-07,0.995779,0.00422078,0.995779,0.00422078,1137.361,0,0,99080.11,0,0,1,1,460357.7,1,0,0.01621388537
C48L44,44,48,-1632500,-1037500,1,0,0,1,0,1,0,5671.128,0,0,98705.59,0,0,0.388723,0.388723,455444.4,1,0,0.007203580406
C49L44,44,49,-1627500,-1037500,0.996172,0.00382775,2.5e-07,0.996172,0.00382775,0.996172,0.00382775,2884.977,0,0,98331.07,0,0,0,0,450532.9,1,0,0.007789284505
C50L44,44,50,-1622500,-1037500,1,0,0,1,0,1,0,7193.081,0,0,97641.01,0,0,0,0,445623.5,1,0,0.005497223725
C51L44,44,51,-1617500,-1037500,1,0,0,1,0,1,0,11547.19,0,0,96169.61,0,0,0,0,440716.1,1,0,0.003222265323
C52L44,44,52,-1612500,-1037500,1,0,0,1,0,1,0,13470.68,0,0,94523.44,0,0,0,0,435810.7,1,0,0.005470595536
C53L44,44,53,-1607500,-1037500,0.97256784,0.027432199,-3.9e-08,0.96363642,0.036363619,0.954705,0.045295039,10364.74,0,0,92317.77,0,0,0,0,430907.6,1,0.018,0.027432199
C54L44,44,54,-1602500,-1037500,0.97337629,0.026623357,3.53e-07,0.96980486,0.030194787,0.962662,0.037337647,6967.247,0,0,90197.95,0,0.006118409,0,0.006118409,426006.7,1,0.011,0.026623357
C55L44,44,55,-1597500,-1037500,1,0,0,1,0,1,0,2068.837,0,0,88308.92,0,0.8248159,0,0.8248159,421108.1,2,0,0.005595068835
C56L44,44,56,-1592500,-1037500,1,0,0,1,0,1,0,190.3279,0,0,86667.53,0,1,0,1,416212,2,0,0.007518694966
C57L44,44,57,-1587500,-1037500,0.951196,0.048803779,2.21e-07,0.951196,0.048803779,0.951196,0.048803779,3913.395,0,0,85288.08,0,1,0,1,411318.3,2,0,0.048803779
C58L44,44,58,-1582500,-1037500,1,0,0,1,0,1,0,6448.038,0,0,84183.44,0,0.988869,0,0.988869,406427.3,2,0,0.008391036779
C59L44,44,59,-1577500,-1037500,0.98474,0.0152597,3e-07,0.98474,0.0152597,0.98474,0.0152597,9657.318,0,0,83364.54,0,0.001967247,0,0.001967247,401538.9,1,0,0.01526413392
C60L44,44,60,-1572500,-1037500,0.990431,0.009569379,-3.79e-07,0.990431,0.009569379,0.990431,0.009569379,13480.2,0,0,82839.86,0,0,0,0,396653.3,1,0,0.02000514872
C61L44,44,61,-1567500,-1037500,0.885714,0.114285675,3.25e-07,0.885714,0.114285675,0.885714,0.114285675,13178.51,0,0,82579.24,0,0,0,0,391770.6,1,0,0.114285675
C62L44,44,62,-1562500,-1037500,0.995853,0.00414673,2.7e-07,0.995853,0.00414673,0.995853,0.00414673,13138.89,0,0,82358.32,0,0,0,0,386890.9,1,0,0.01922197767
C63L44,44,63,-1557500,-1037500,1,0,0,1,0,1,0,12016.9,0,0,81636.9,0,0,0,0,382014.3,1,0,0.01076397516
C64L44,44,64,-1552500,-1037500,0.977033,0.02296655,4.5e-07,0.977033,0.02296655,0.977033,0.02296655,8840.016,0,0,80308.53,0,0,0,0,377140.9,1,0,0.03422263794
C65L44,44,65,-1547500,-1037500,0.984416,0.015584411,-4.11e-07,0.984416,0.015584411,0.984416,0.015584411,7026.802,0,0,78980.16,0,0,0,0,372270.9,1,0,0.03056312463
C66L44,44,66,-1542500,-1037500,0.970016,0.029984039,-3.9e-08,0.970016,0.029984039,0.970016,0.029984039,4950.516,0,0,77651.78,0,0,0,0,367404.4,1,0,0.03847909592
C67L44,44,67,-1537500,-1037500,0.975439,0.024561398,-3.98e-07,0.975439,0.024561398,0.975439,0.024561398,2046.778,0,0,76430.23,0,0,0,0,362541.5,1,0,0.02649192531
C68L44,44,68,-1532500,-1037500,0.98798678,0.012012986,2.34e-07,0.983766,0.016233766,0.983766,0.016233766,253.4383,0,0,75516.56,0,0,0,0,357682.4,1,0.004,0.01850584995
C69L44,44,69,-1527500,-1037500,0.984051,0.015948968,3.2e-08,0.984051,0.015948968,0.984051,0.015948968,2062.302,0,0,74926.11,0,0,0,0,352827.2,1,0,0.02072872451
C70L44,44,70,-1522500,-1037500,0.992208,0.007792205,-2.05e-07,0.992208,0.007792205,0.992208,0.007792205,4017.285,0,0,74666.54,0,0,0,0,347976.1,1,0,0.02102218234
C71L44,44,71,-1517500,-1037500,0.97543858,0.024561409,1.1e-08,0.97543858,0.024561409,0.969059,0.030940989,7958.492,0,0,74741.3,0,0.1495481,0,0.1495481,343129.3,1,0.006,0.03692407939
C72L44,44,72,-1512500,-1037500,0.92694766,0.07305194,4e-07,0.92240221,0.07759739,0.91461,0.0853896,11345.53,0,0,75145.59,0,0.9573036,0,0.9573036,338287,2,0.012,0.07305194
C73L44,44,73,-1507500,-1037500,0.908133938,0.09186604,2.2e-08,0.907495979,0.092503999,0.907177,0.092822978,15117.96,0,0,74570.56,0,1,0,1,333449.3,2,0.001,0.09186604
C74L44,44,74,-1502500,-1037500,1,0,0,1,0,1,0,19231.15,0,0,73255.68,0,0.9313606,0,0.9313606,328616.5,2,0,0.01176542733
C75L44,44,75,-1497500,-1037500,1,0,0,1,0,1,0,23687.99,0,0,72189.47,0,0.4757116,0.004360151,0.480071751,323788.7,1,0,0.005446773661
C76L44,44,76,-1492500,-1037500,1,0,0,1,0,1,0,20581.54,0,0,71457.99,0,0.03567687,0.8582383,0.89391517,318966.3,1,0,0
C77L44,44,77,-1487500,-1037500,1,0,0,1,0,1,0,15581.79,0,0,71071.47,0,0,0.9931459,0.9931459,314149.4,1,0,0
C78L44,44,78,-1482500,-1037500,1,0,0,1,0,1,0,10582.27,0,0,68248.32,0,0,0.1742181,0.1742181,309338.3,1,0,0.002986740965
C79L44,44,79,-1477500,-1037500,1,0,0,1,0,1,0,5583.599,0,0,64698.49,0,0,0,0,304533.3,1,0,0.004476634233
C80L44,44,80,-1472500,-1037500,0.96236,0,0.03764,0.96236,0,0.96236,0,599.2596,0,0,61220.38,0,0,0,0,299734.7,1,0,0.004526557879
C81L44,44,81,-1467500,-1037500,0.996104,0,0.003896,0.996104,0,0.996104,0,3367.503,0,0,57775.81,0,0,0,0,294942.8,1,0,0.004847968829
C82L44,44,82,-1462500,-1037500,1,0,0,1,0,1,0,7809.913,0,0,54548.3,0,0,0,0,290157.9,1,0,0.006054963882
C83L44,44,83,-1457500,-1037500,0.958766,0.000974026,0.040259974,0.958766,0.000974026,0.958766,0.000974026,6554.682,0,0,51604.16,0,0.02257521,0,0.02257521,285380.4,1,0,0.0107925418
C84L44,44,84,-1452500,-1037500,0.89665082,0.05326947,0.05007971,0.88803838,0.06188191,0.878469,0.07145129,1657.396,0,0,48994.5,0,0.1625886,0,0.1625886,280610.6,1,0.018,0.05326947
C85L44,44,85,-1447500,-1037500,0.86730454,0.0558214,0.07687406,0.86411475,0.05901119,0.860287,0.06283894,2803.357,0,0,46701.22,0,0.6166324,0,0.6166324,275849,2,0.007,0.0558214
C86L44,44,86,-1442500,-1037500,0.89350616,0.04545459,0.06103925,0.887662,0.05129875,0.887662,0.05129875,6865.642,0,0,44568.72,0,0.7692324,0,0.7692324,271096,2,0.006,0.04575455208
C87L44,44,87,-1437500,-1037500,0.967144979,0.01562995,0.017225071,0.966826,0.015948929,0.966826,0.015948929,11499.21,0,0,42901.31,0,0.9439548,0,0.9439548,266352,2,0,0.03130286217
C88L44,44,88,-1432500,-1037500,0.991883,0.00584416,0.00227284,0.991883,0.00584416,0.991883,0.00584416,15309.83,0,0,41558.75,0,1,0,1,261617.6,2,0,0.03056249211
C89L44,44,89,-1427500,-1037500,1,0,0,1,0,1,0,17660.09,0,0,40220.8,0,1,0,1,256893.2,2,0,0.02750360941
C90L44,44,90,-1422500,-1037500,1,0,0,1,0,1,0,20411.75,0,0,38805.72,0,1,0,1,252179.4,2,0,0.02513335839
C91L44,44,91,-1417500,-1037500,1,0,0,1,0,1,0,23801.92,0,0,37229.56,0,1,0,1,247476.9,2,0,0.02032996403
C92L44,44,92,-1412500,-1037500,0.930195,0.036038961,0.033766039,0.930195,0.036038961,0.930195,0.036038961,23060.99,0,0,35653.4,0,0.9519261,0,0.9519261,242786.2,2,0,0.03615891339
C93L44,44,93,-1407500,-1037500,0.902392,0.048803808,0.048804192,0.902392,0.048803808,0.902392,0.048803808,21897.99,0,0,34170.69,0,0.819014,0,0.819014,238108.2,2,0,0.048803808
C94L44,44,94,-1402500,-1037500,1,0,0,1,0,1,0,20833.89,0,0,32992.25,0,0.9801694,0,0.9801694,233443.5,2,0,0.01481026219
C95L44,44,95,-1397500,-1037500,1,0,0,1,0,1,0,20310,0,0,31815.23,0,0.08457623,0,0.08457623,228793,1,0,0.011210793
C96L44,44,96,-1392500,-1037500,1,0,0,1,0,1,0,20489.58,0,0,30638.2,0,0,0,0,224157.5,1,0,0.008742752073
C97L44,44,97,-1387500,-1037500,1,0,0,1,0,1,0,18790.24,0,0,29146.74,0,0,0,0,219538,1,0,0.006463560964
C98L44,44,98,-1382500,-1037500,1,0,0,1,0,1,0,16005.96,0,0,27164.38,0,0,0,0,214935.5,1,0,0.006260497137
C99L44,44,99,-1377500,-1037500,1,0,0,1,0,1,0,14467.49,0,0,25182.02,0,0,0.1094603,0.1094603,210351.2,1,0,0.005085634308
C100L44,44,100,-1372500,-1037500,1,0,0,1,0,1,0,14574.84,0,0,23199.66,0,0,0.5779452,0.5779452,205786.3,1,0,0.001525747975
C101L44,44,101,-1367500,-1037500,1,0,0,1,0,1,0,11244.01,0,0,21217.3,0,0,0.969581,0.969581,201242,1,0,0
C102L44,44,102,-1362500,-1037500,1,0,0,1,0,1,0,7826.299,0,0,19234.94,0,0,1,1,196719.9,1,0,0
C103L44,44,103,-1357500,-1037500,1,0,0,1,0,1,0,6063.118,0,0,16982.85,0,0,1,1,192221.4,1,0,0
C104L44,44,104,-1352500,-1037500,1,0,0,1,0,1,0,5882.176,0,0,14531.01,0,0,1,1,187748.3,1,0,0.0002376951789
C105L44,44,105,-1347500,-1037500,0.997767,0.00223285,1.5e-07,0.997767,0.00223285,0.997767,0.00223285,4775.128,0,0,12079.16,0,0,1,1,183302.4,1,0,0.0041438625
C106L44,44,106,-1342500,-1037500,0.956169,0.043831235,-2.35e-07,0.956169,0.043831235,0.956169,0.043831235,1547.678,0,0,9627.306,0,0,1,1,178885.8,1,0,0.043831235
C107L44,44,107,-1337500,-1037500,0.91036697,0.08963314,-1.1e-07,0.90047861,0.0995215,0.894418,0.10558211,755.7527,0,0,7175.457,0.3767689,0,1,1,174500.6,1,0.016,0.08963314
C108L44,44,108,-1332500,-1037500,0.91038985,0.08961028,-1.3e-07,0.89837686,0.10162327,0.891234,0.10876613,1813.484,0,0,4723.608,1,0,1,1,170149.4,1,0.019,0.09116197434
C109L44,44,109,-1327500,-1037500,0.941945299,0.058054209,4.92e-07,0.93237592,0.067623588,0.9311,0.068899508,2980.815,0,0,2271.758,1,0,1,1,165834.8,1,0.011,0.08067550449
C110L44,44,110,-1322500,-1037500,0.9782471,0.021753251,-3.51e-07,0.974351,0.025649351,0.974351,0.025649351,7542.365,0,0,180.0913,1,0,1,1,161559.7,1,0.004,0.06176454187
C111L44,44,111,-1317500,-1037500,0.985008,0.01499202,-2e-08,0.985008,0.01499202,0.985008,0.01499202,12445.45,0,0,2532.732,1,0,1,1,157327.3,1,0,0.06197018873
C112L44,44,112,-1312500,-1037500,0.97799,0.02200958,4.2e-07,0.97799,0.02200958,0.97799,0.02200958,15059.4,0,0,3945.046,0.973577,0,1,1,153141.2,1,0,0.09370641412
C113L44,44,113,-1307500,-1037500,0.6879869,0.31201294,1.6e-07,0.66753236,0.33246748,0.615909,0.38409084,16809.43,0,0,4987.101,0.6848445,0,0.3906433,0.3906433,149005.4,1,0.072,0.31201294
C114L44,44,114,-1302500,-1037500,0.55151549,0.42488075,0.02360376,0.52280729,0.45358895,0.466986,0.50941024,17421.24,0,0,5307.531,1,0,0,0,144923.9,1,0.085,0.4464455424
C115L44,44,115,-1297500,-1037500,0.29967553,0.57045412,0.12987035,0.2678574,0.60227225,0.253247,0.61688265,16103.24,0,0,5422.931,1,0,0,0,140901.8,1,0.046,0.57045412
C116L44,44,116,-1292500,-1037500,0.30781518,0.61467289,0.07751193,0.2893144,0.63317367,0.280064,0.64242407,15191.18,0,0,5477.792,1,0,0,0,136944,1,0.028,0.61467289
C117L44,44,117,-1287500,-1037500,0.416882961,0.55941594,0.023701099,0.410389451,0.56590945,0.405844,0.570454901,14457.1,0,0,5532.654,1,0,0,0,133056.4,1,0.011,0.5596445145
C118L44,44,118,-1282500,-1037500,0.69952152,0.29346117,0.00701731,0.69696969,0.296013,0.692185,0.30079769,11410.89,0,0,6375.432,1,0,0,0,129245.4,1,0.007,0.3899087695
C119L44,44,119,-1277500,-1037500,0.55973986,0.4009744,0.03928574,0.54967493,0.41103933,0.53961,0.42110426,9532.797,0,0,7722.065,1,0,0,0,125517.8,1,0.02,0.4578816753
C120L44,44,120,-1272500,-1037500,0.25263151,0.74736867,-1.8e-07,0.23763949,0.76236069,0.229665,0.77033518,8531.761,0,0,10049.62,1,0,0,0,121881.4,1,0.023,0.74736867
C121L44,44,121,-1267500,-1037500,0.33492827,0.66507161,1.2e-07,0.31834135,0.68165853,0.308453,0.69154688,6226.005,0,0,11888.32,0.2896881,0,0,0,118344.5,1,0.026,0.66507161
C122L44,44,122,-1262500,-1037500,0.6685061,0.33149341,4.9e-07,0.61460997,0.38538954,0.578571,0.42142851,5068.737,0,0,11880.97,0,0,0,0,114916.4,1,0.09,0.3884127184
C123L44,44,123,-1257500,-1037500,0.53556586,0.4644341,4e-08,0.4832533,0.51674666,0.394577,0.60542296,2216.55,0,0,12657.53,0,0,0,0,111607.1,1,0.141,0.4644341
C124L44,44,124,-1252500,-1037500,0.7876627,0.2123377,-4e-07,0.7305198,0.2694806,0.613312,0.3866884,2486.707,0,0,14254.03,0,0,0,0,108427.3,1,0.174,0.2224675184
C125L44,44,125,-1247500,-1037500,0.80095727,0.19904309,-3.6e-07,0.76076591,0.23923445,0.713876,0.28612436,421.4157,0,0,17155.64,0,0,0,0,105389,1,0.087,0.19904309
C126L44,44,126,-1242500,-1037500,0.99999985,0,1.5e-07,0.99999985,0,0.919805,0.08019485,1571.109,0,0,20867.54,0,0,0,0,102504.6,1,0.08,0.03405598789
C127L44,44,127,-1237500,-1037500,1,0,0,1,0,1,0,5191.586,0,0,24998.58,0,0,0,0,99787.53,1,0,0.01183789504
C128L44,44,128,-1232500,-1037500,1,0,0,1,0,1,0,7623.499,0,0,29180.15,0,0,0,0,97251.76,1,0,0.01350118955
C129L44,44,129,-1227500,-1037500,0.99138783,0.00861244,-2.7e-07,0.99138783,0.00861244,0.988836,0.01116427,6780.077,0,0,33361.71,0,0,0,0,94911.85,1,0.003,0.01962670841
C24L45,45,24,-1752500,-1042500,0.472431,0,0.527569,0.472431,0,0.472431,0,5719.406,0.02152333,0,95988.14,0,0,0,0.02152333,573059.6,1,0,0.01112046723
C25L45,45,25,-1747500,-1042500,0.88711721,0.112882678,1.12e-07,0.864158,0.135841888,0.864158,0.135841888,9179.038,0,0,98354.03,0.2931192,0,0.3324271,0.3324271,568108.8,1,0.023,0.112882678
C26L45,45,26,-1742500,-1042500,0.99373483,0.006265666,-4.96e-07,0.990602,0.009398496,0.990602,0.009398496,13222.35,0,0,100912.4,0.0008007451,0,1,1,563158.9,1,0.003,0.01704027707
C27L45,45,27,-1737500,-1042500,0.989796,0.00127551,0.00892849,0.989796,0.00127551,0.989796,0.00127551,16733.6,0,0,103648.9,0,0,1,1,558209.9,1,0,0.00331806078
C28L45,45,28,-1732500,-1042500,0.95927335,0.01409775,0.0266289,0.948935,0.0244361,0.948935,0.0244361,15323.42,0,0,106549.9,0,0,1,1,553261.9,1,0.01,0.02480809539
C29L45,45,29,-1727500,-1042500,0.96683689,0.033163309,-1.99e-07,0.93750014,0.062500059,0.935268,0.064732199,10660.45,0,0,109569.1,0,0,1,1,548314.7,1,0.032,0.06196019642
C30L45,45,30,-1722500,-1042500,0.76378498,0.233396026,0.002818994,0.70770726,0.289473746,0.686404,0.310777006,6500.682,0,0,110359.9,0,0,1,1,543368.6,1,0.077,0.233396026
C31L45,45,31,-1717500,-1042500,0.99561383,0.00438597,2e-07,0.992481,0.0075188,0.992481,0.0075188,1820.375,0,0,109842.1,0,0,1,1,538423.4,1,0.003,0.02554772748
C32L45,45,32,-1712500,-1042500,0.987245,0,0.012755,0.987245,0,0.987245,0,2216.17,0,0,109550.2,0,0,1,1,533479.2,1,0,0
C33L45,45,33,-1707500,-1042500,0.991541,0,0.008459,0.991541,0,0.991541,0,6939.528,0,0,109464.4,0,0,1,1,528536.1,1,0,0
C34L45,45,34,-1702500,-1042500,1,0,0,1,0,1,0,11891.29,0,0,109415.2,0,0,1,1,523594.1,1,0,0
C35L45,45,35,-1697500,-1042500,1,0,0,1,0,1,0,16871.52,0,0,109365.9,0,0,1,1,518653.2,1,0,0
C36L45,45,36,-1692500,-1042500,0.988202,0,0.011798,0.988202,0,0.988202,0,21860.79,0,0,109316.6,0,0,1,1,513713.5,1,0,0
C37L45,45,37,-1687500,-1042500,0.996867,0,0.003133,0.996867,0,0.996867,0,22616,0,0,109267.4,0,0,1,1,508774.9,1,0,0
C38L45,45,38,-1682500,-1042500,0.972258,0,0.027742,0.972258,0,0.972258,0,18982.49,0,0,109218.1,0,0,1,1,503837.5,1,0,0.006300436124
C39L45,45,39,-1677500,-1042500,0.8934833,0.026629116,0.079887584,0.88283167,0.037280746,0.876566,0.043546416,15156.78,0,0,109168.8,0,0,1,1,498901.4,1,0.017,0.02665494163
C40L45,45,40,-1672500,-1042500,0.93107749,0.05858389,0.01033862,0.9235587,0.06610268,0.921679,0.06798238,11957.84,0,0,108967.1,0,0,1,1,493966.5,1,0.009,0.05858389
C41L45,45,41,-1667500,-1042500,0.945472,0.00350765,0.05102035,0.945472,0.00350765,0.945472,0.00350765,9879.007,0,0,108611.6,0,0,1,1,489033,1,0,0.01093587184
C42L45,45,42,-1662500,-1042500,0.974937,0.02255636,0.00250664,0.974937,0.02255636,0.974937,0.02255636,8707.443,0,0,107901.2,0,0,1,1,484100.9,1,0,0.02255636
C43L45,45,43,-1657500,-1042500,0.989477,0.010522963,3.7e-08,0.989477,0.010522963,0.989477,0.010522963,7849.158,0,0,106928.7,0,0,1,1,479170.1,1,0,0.010522963
C44L45,45,44,-1652500,-1042500,1,0,0,1,0,1,0,8598.844,0,0,105877.9,0,0,0.9969946,0.9969946,474240.8,1,0,0
C45L45,45,45,-1647500,-1042500,0.99585492,0.00414541,-3.3e-07,0.990434,0.00956633,0.990434,0.00956633,9128.994,0,0,105053.1,0,0,1,1,469313,1,0.005,0.02377050346
C46L45,45,46,-1642500,-1042500,0.9078943,0.09210523,4.7e-07,0.90538803,0.0946115,0.886591,0.11340853,4752.786,0,0,104461.3,0,0,1,1,464386.7,1,0.021,0.09210523
C47L45,45,47,-1637500,-1042500,0.97895391,0.018494918,0.002551172,0.97034421,0.027104618,0.960459,0.036989828,2475.053,0,0,104066.1,0,0,1,1,459462.1,1,0.018,0.03418085979
C48L45,45,48,-1632500,-1042500,1,0,0,1,0,1,0,5648.123,0,0,103691.5,0,0,0.3281201,0.3281201,454539.1,1,0,0.00632120053
C49L45,45,49,-1627500,-1042500,0.982456,0.0175439,1e-07,0.982456,0.0175439,0.982456,0.0175439,7451.792,0,0,103317,0,0,0,0,449617.7,1,0,0.0175439
C50L45,45,50,-1622500,-1042500,1,0,0,1,0,1,0,9947.187,0,0,102419.6,0,0,0,0,444698.2,1,0,0.004246338165
C51L45,45,51,-1617500,-1042500,1,0,0,1,0,1,0,13869.53,0,0,100948.2,0,0,0,0,439780.4,1,0,0.003685862465
C52L45,45,52,-1612500,-1042500,1,0,0,1,0,1,0,10411.04,0,0,99010.65,0,0,0,0,434864.6,1,0,0.007938656076
C53L45,45,53,-1607500,-1042500,0.98120336,0.01879699,-3.5e-07,0.97149158,0.02850877,0.956454,0.04354635,6411.815,0,0,96819.09,0,0,0,0,429950.6,1,0.025,0.01959514022
C54L45,45,54,-1602500,-1042500,0.998087,0.00191327,-2.7e-07,0.998087,0.00191327,0.998087,0.00191327,3686.254,0,0,94798.37,0,0.09605444,0,0.09605444,425038.7,1,0,0.01029250059
C55L45,45,55,-1597500,-1042500,1,0,0,1,0,1,0,57.82707,0,0,93002.83,0,0.9925502,0,0.9925502,420128.8,2,0,0.004955571405
C56L45,45,56,-1592500,-1042500,1,0,0,1,0,1,0,3265.315,0,0,91445.73,0,1,0,1,415221.1,2,0,0.005705020825
C57L45,45,57,-1587500,-1042500,1,0,0,1,0,1,0,7069.46,0,0,90139.43,0,1,0,1,410315.7,2,0,0.005870322625
C58L45,45,58,-1582500,-1042500,1,0,0,1,0,1,0,10307.17,0,0,89094.96,0,0.672849,0,0.672849,405412.5,2,0,0.006558015035
C59L45,45,59,-1577500,-1042500,0.997449,0.00255102,-2e-08,0.997449,0.00255102,0.997449,0.00255102,13483.86,0,0,88321.61,0,0,0,0,400511.7,1,0,0.006608789763
C60L45,45,60,-1572500,-1042500,0.996867,0.00313283,1.7e-07,0.996867,0.00313283,0.996867,0.00313283,10714.52,0,0,87826.54,0,0,0,0,395613.5,1,0,0.01233715219
C61L45,45,61,-1567500,-1042500,0.999681,0.000318878,1.22e-07,0.999681,0.000318878,0.999681,0.000318878,8334.039,0,0,87574.35,0,0,0,0,390717.8,1,0,0.0118833141
C62L45,45,62,-1562500,-1042500,0.999373,0.000626566,4.34e-07,0.999373,0.000626566,0.999373,0.000626566,8143.137,0,0,87353.44,0,0,0,0,385824.7,1,0,0.0147747976
C63L45,45,63,-1557500,-1042500,0.939732,0.06026791,9e-08,0.939732,0.06026791,0.939732,0.06026791,7556.933,0,0,86457.22,0,0,0,0,380934.5,1,0,0.06026791
C64L45,45,64,-1552500,-1042500,0.96303255,0.0369674,5e-08,0.960213,0.03978695,0.960213,0.03978695,5070.535,0,0,85128.84,0,0,0,0,376047.1,1,0.003,0.04286436981
C65L45,45,65,-1547500,-1042500,0.76626316,0.233737513,-6.73e-07,0.75478357,0.245217103,0.745855,0.254145673,2175.952,0,0,83800.47,0,0,0,0,371162.7,1,0.02,0.233737513
C66L45,45,66,-1542500,-1042500,0.974937,0.0250627,3e-07,0.974937,0.0250627,0.974937,0.0250627,1790.756,0,0,82473.92,0,0,0,0,366281.5,1,0,0.03497820538
C67L45,45,67,-1537500,-1042500,0.97337075,0.02662908,1.7e-07,0.96240583,0.037594,0.959273,0.04072683,1713.075,0,0,81321.08,0,0.1227936,0,0.1227936,361403.5,1,0.014,0.02662908
C68L45,45,68,-1532500,-1042500,0.999362,0.000637755,2.45e-07,0.999362,0.000637755,0.999362,0.000637755,4530.215,0,0,80462.96,0,0.1550149,0,0.1550149,356528.9,1,0,0.01043692381
C69L45,45,69,-1527500,-1042500,0.98245653,0.017543863,-3.93e-07,0.98026355,0.019736843,0.977444,0.022556393,6632.425,0,0,79909.06,0,0.01807588,0,0.01807588,351657.8,1,0.005,0.02199317393
C70L45,45,70,-1522500,-1042500,0.942601953,0.05739795,9.7e-08,0.930165733,0.06983417,0.919005,0.080994903,8218.809,0,0,79665.73,0,0,0.163485,0.163485,346790.4,1,0.024,0.05739795
C71L45,45,71,-1517500,-1042500,0.8677941,0.132205492,4.08e-07,0.85808232,0.141917272,0.845551,0.154448592,11087.61,0,0,79735.81,0,0,0.01187326,0.01187326,341926.8,1,0.022,0.132205492
C72L45,45,72,-1512500,-1042500,0.89094406,0.109056171,-2.31e-07,0.883291,0.116709231,0.883291,0.116709231,14909.7,0,0,80118.14,0,0.4654176,0.3558087,0.8212263,337067.1,1,0.008,0.109056171
C73L45,45,73,-1507500,-1042500,1,0,0,1,0,1,0,18376.14,0,0,79390.08,0,1,0.1778707,1.1778707,332211.7,2,0,0.02562153073
C74L45,45,74,-1502500,-1042500,1,0,0,1,0,1,0,22168.58,0,0,78111.93,0,0.9946587,0.005736266,1.000394966,327360.6,2,0,0.01054479024
C75L45,45,75,-1497500,-1042500,1,0,0,1,0,1,0,22757.11,0,0,77112.9,0,0.398217,0.5997992,0.9980162,322514.1,1,0,0.0002844248686
C76L45,45,76,-1492500,-1042500,1,0,0,1,0,1,0,18516.28,0,0,76428.55,0,0,1,1,317672.3,1,0,0
C77L45,45,77,-1487500,-1042500,1,0,0,1,0,1,0,14754.39,0,0,75316.56,0,0,1,1,312835.5,1,0,0
C78L45,45,78,-1482500,-1042500,1,0,0,1,0,1,0,10940.64,0,0,71768.64,0,0,0.6735197,0.6735197,308003.9,1,0,0
C79L45,45,79,-1477500,-1042500,1,0,0,1,0,1,0,6634.272,0,0,68290.53,0,0,0,0,303177.7,1,0,0.004371090357
C80L45,45,80,-1472500,-1042500,0.954261,0,0.045739,0.954261,0,0.954261,0,1645.632,0,0,64838.95,0,0.002062691,0,0.002062691,298357.3,1,0,0.004553079306
C81L45,45,81,-1467500,-1042500,0.956633,0,0.043367,0.956633,0,0.956633,0,2950.12,0,0,61575.66,0,0.0523672,0,0.0523672,293542.9,1,0,0.005637048479
C82L45,45,82,-1462500,-1042500,0.95896,0,0.04104,0.95896,0,0.95896,0,7654.051,0,0,58557.95,0,0.554356,0,0.554356,288734.8,2,0,0.007152489875
C83L45,45,83,-1457500,-1042500,0.91996178,0.018494858,0.061543362,0.916773,0.021683638,0.916773,0.021683638,6481.847,0,0,55825.67,0,0.5617263,0,0.5617263,283933.4,2,0.003,0.02105059629
C84L45,45,84,-1452500,-1042500,0.92073912,0.041666663,0.037594217,0.92073912,0.041666663,0.917293,0.045112783,2186.198,0,0,53420.9,0,0.8609619,0,0.8609619,279138.9,2,0.003,0.041666663
C85L45,45,85,-1447500,-1042500,0.999687,0.000313283,-2.83e-07,0.999687,0.000313283,0.999687,0.000313283,2419.647,0,0,51174.8,0,1,0,1,274351.7,2,0,0.01508244137
C86L45,45,86,-1442500,-1042500,1,0,0,1,0,1,0,7410.729,0,0,49224.09,0,1,0,1,269572.3,2,0,0.01154287378
C87L45,45,87,-1437500,-1042500,0.986216,0,0.013784,0.986216,0,0.986216,0,12401.81,0,0,47714.36,0,1,0,1,264801,2,0,0.009226903287
C88L45,45,88,-1432500,-1042500,0.969069,0,0.030931,0.969069,0,0.969069,0,17392.89,0,0,46376.41,0,1,0,1,260038.3,2,0,0.007420730961
C89L45,45,89,-1427500,-1042500,1,0,0,1,0,1,0,22072.1,0,0,45038.47,0,1,0,1,255284.7,2,0,0.007123261025
C90L45,45,90,-1422500,-1042500,1,0,0,1,0,1,0,20740.11,0,0,43550.79,0,1,0,1,250540.7,2,0,0.006833501273
C91L45,45,91,-1417500,-1042500,0.993108,0,0.006892,0.993108,0,0.993108,0,19697.28,0,0,41974.63,0,1,0,1,245806.8,2,0,0.008156050791
C92L45,45,92,-1412500,-1042500,0.966199,0.00318878,0.03061222,0.966199,0.00318878,0.966199,0.00318878,18312.28,0,0,40398.47,0,1,0,1,241083.7,2,0,0.01155937089
C93L45,45,93,-1407500,-1042500,1,0,0,1,0,1,0,17093.47,0,0,39028.76,0,1,0,1,236371.9,2,0,0.01009313759
C94L45,45,94,-1402500,-1042500,1,0,0,1,0,1,0,15999.38,0,0,37851.74,0,1,0,1,231672.3,2,0,0.008409479943
C95L45,45,95,-1397500,-1042500,1,0,0,1,0,1,0,15310.96,0,0,36674.71,0,0.4917858,0,0.4917858,226985.5,1,0,0.006029680758
C96L45,45,96,-1392500,-1042500,1,0,0,1,0,1,0,15534.47,0,0,35497.69,0,0,0,0,222312.3,1,0,0.005659882866
C97L45,45,97,-1387500,-1042500,1,0,0,1,0,1,0,14509.88,0,0,33736.97,0,0,0.1141459,0.1141459,217653.6,1,0,0.004583269892
C98L45,45,98,-1382500,-1042500,1,0,0,1,0,1,0,11755.01,0,0,31754.61,0,0,0.5849277,0.5849277,213010.5,1,0,0.001194760108
C99L45,45,99,-1377500,-1042500,1,0,0,1,0,1,0,9554.989,0,0,29772.25,0,0,0.9719761,0.9719761,208383.8,1,0,0
C100L45,45,100,-1372500,-1042500,1,0,0,1,0,1,0,9716.761,0,0,27789.89,0,0,1,1,203774.8,1,0,0
C101L45,45,101,-1367500,-1042500,1,0,0,1,0,1,0,8921.579,0,0,25807.53,0,0,1,1,199184.6,1,0,0
C102L45,45,102,-1362500,-1042500,1,0,0,1,0,1,0,4311.19,0,0,23792.28,0,0,1,1,194614.7,1,0,0
C103L45,45,103,-1357500,-1042500,1,0,0,1,0,1,0,1681.339,0,0,21340.43,0,0,1,1,190066.4,1,0,0.004091353909
C104L45,45,104,-1352500,-1042500,1,0,0,1,0,1,0,1891.372,0,0,18888.58,0,0,1,1,185541.3,1,0,0.006143762849
C105L45,45,105,-1347500,-1042500,0.9645995,0.035401,-5e-07,0.95802055,0.04197995,0.955201,0.0447995,1177.051,0,0,16436.73,0,0,1,1,181041.3,1,0.009,0.035401
C106L45,45,106,-1342500,-1042500,0.988838798,0.01116072,4.82e-07,0.98628778,0.013711738,0.983099,0.016900518,1475.083,0,0,13984.88,0.007043476,0,1,1,176568.1,1,0.006,0.01523324573
C107L45,45,107,-1337500,-1042500,0.994361,0.0056391,-1e-07,0.994361,0.0056391,0.994361,0.0056391,3844.908,0,0,11533.03,0.8115282,0,1,1,172123.9,1,0,0.03261662617
C108L45,45,108,-1332500,-1042500,1,0,0,1,0,1,0,6546.375,0,0,9081.18,1,0,1,1,167711.1,1,0,0.03485566069
C109L45,45,109,-1327500,-1042500,1,0,0,1,0,1,0,7269.387,0,0,6629.33,1,0,1,1,163332,1,0,0.03248642068
C110L45,45,110,-1322500,-1042500,0.998724,0.00127551,4.9e-07,0.998724,0.00127551,0.998724,0.00127551,10042.21,0,0,4177.481,1,0,1,1,158989.7,1,0,0.03124795179
C111L45,45,111,-1317500,-1042500,0.995301,0.004699253,-2.53e-07,0.995301,0.004699253,0.995301,0.004699253,14101.35,0,0,2263.66,1,0,1,1,154687,1,0,0.03486560717
C112L45,45,112,-1312500,-1042500,0.97587739,0.0241228,-1.9e-07,0.97243127,0.02756892,0.969925,0.03007519,16826.95,0,0,851.3458,1,0,1,1,150427.4,1,0.006,0.06919313324
C113L45,45,113,-1307500,-1042500,0.8179212,0.18207905,-2.5e-07,0.805485,0.19451525,0.805485,0.19451525,15749.41,0,0,2.620906,0.9934462,0,0.4392517,0.4392517,146214.8,1,0.012,0.2100910536
C114L45,45,114,-1302500,-1042500,0.46804551,0.53195523,-7.4e-07,0.42199291,0.57800783,0.390038,0.60996274,12823.41,0,0,317.8088,1,0,0,0,142053.2,1,0.078,0.53195523
C115L45,45,115,-1297500,-1042500,0.4693882,0.44355889,0.08705291,0.3832912,0.52965589,0.334184,0.57876309,11193.64,0,0,423.2322,1,0,0,0,137947.4,1,0.135,0.4452719331
C116L45,45,116,-1292500,-1042500,0.26096451,0.569862216,0.169173274,0.2499996,0.580827126,0.234962,0.595864726,10262.34,0,0,478.0934,1,0,0,0,133902.3,1,0.026,0.569862216
C117L45,45,117,-1287500,-1042500,0.26977066,0.45216793,0.27806141,0.24330382,0.47863477,0.235013,0.48692559,10073.46,0,0,532.9546,1,0,0,0,129923.8,1,0.035,0.45216793
C118L45,45,118,-1282500,-1042500,0.86058885,0.13377194,0.00563921,0.86058885,0.13377194,0.859649,0.13471179,7387.694,0,0,1493.007,1,0,0,0,126018,1,0.001,0.2304833385
C119L45,45,119,-1277500,-1042500,0.877551,0.12244904,-4e-08,0.877551,0.12244904,0.877551,0.12244904,5077.275,0,0,3296.844,1,0,0,0,122192,1,0,0.2485600877
C120L45,45,120,-1272500,-1042500,0.3082709,0.69172898,1.2e-07,0.30482478,0.6951751,0.295113,0.70488688,3549.314,0,0,5624.421,1,0,0,0,118453.6,1,0.013,0.69172898
C121L45,45,121,-1267500,-1042500,0.15256938,0.84743111,-4.9e-07,0.15256938,0.84743111,0.146617,0.85338349,1995.211,0,0,6888.324,0.9253742,0,0,0,114811.2,1,0.006,0.84743111
C122L45,45,122,-1262500,-1042500,0.61894085,0.381058615,5.35e-07,0.6125633,0.387436165,0.589923,0.410076465,137.5553,0,0,6880.975,0.09712143,0,0,0,111274.2,1,0.029,0.4354704095
C123L45,45,123,-1257500,-1042500,0.71929825,0.28070158,1.7e-07,0.71177945,0.28822038,0.685777,0.31422283,540.0917,0,0,7793.19,0,0,0,0,107853.2,1,0.034,0.3179643421
C124L45,45,124,-1252500,-1042500,0.63903012,0.360969808,7.2e-08,0.59056082,0.409439108,0.543048,0.456951928,317.932,0,0,10095.05,0,0,0,0,104559.4,1,0.096,0.360969808
C125L45,45,125,-1247500,-1042500,0.78320758,0.21679148,9.4e-07,0.77819505,0.22180401,0.753759,0.24624006,1295.91,0,0,13894.19,0,0,0,0,101405.2,1,0.029,0.21679148
C126L45,45,126,-1242500,-1042500,0.972577,0.027423455,-4.55e-07,0.972577,0.027423455,0.972577,0.027423455,373.1494,0,0,18075.75,0,0,0,0,98404.13,1,0,0.05762941937
C127L45,45,127,-1237500,-1042500,0.99812053,0.0018797,-2.3e-07,0.993108,0.00689223,0.993108,0.00689223,1735.376,0,0,22257.32,0,0,0,0,95570.54,1,0.005,0.01613114366
C128L45,45,128,-1232500,-1042500,0.99999992,0,8e-08,0.99999992,0,0.994579,0.00542092,3469.188,0,0,26438.89,0,0,0,0,92919.76,1,0.005,0.0126417926
C129L45,45,129,-1227500,-1042500,0.93201716,0.0679825,3.4e-07,0.91948583,0.08051383,0.916353,0.08364666,2079.636,0,0,30620.46,0,0,0,0,90467.87,1,0.016,0.0679825
C130L45,45,130,-1222500,-1042500,0.99279495,0.00720552,-4.7e-07,0.91384755,0.08615292,0.911028,0.08897247,1356.723,0,0,34802.03,0,0,0,0,88231.46,1,0.082,0.02042408366
C131L45,45,131,-1217500,-1042500,1,0,0,1,0,1,0,124.6835,0,0,38983.59,0,0,0,0,86227.28,1,0,0.01502908454
C24L46,46,24,-1752500,-1047500,0.588198,0,0.411802,0.588198,0,0.588198,0,10142.48,0,0,100471.3,0,0.2239474,0,0.2239474,572384,1,0,0.01339674684
C25L46,46,25,-1747500,-1047500,0.8496754,0.14383124,0.00649336,0.8496754,0.14383124,0.847078,0.14642864,12664.26,0,0,102734,0.2802003,0.1030234,0.3220329,0.4250563,567427.3,1,0.003,0.14383124
C26L46,46,26,-1742500,-1047500,0.967464,0,0.032536,0.967464,0,0.967464,0,16211.59,0,0,105185.9,0,0,1,1,562471.5,1,0,0.01062406107
C27L46,46,27,-1737500,-1047500,0.997403,0.0025974,-4e-07,0.997403,0.0025974,0.997403,0.0025974,20138.66,0,0,107814,0,0,1,1,557516.4,1,0,0.0025974
C28L46,46,28,-1732500,-1047500,0.996491,0,0.003509,0.996491,0,0.996491,0,15265.18,0,0,110605.8,0,0,1,1,552562.1,1,0,0.01264877983
C29L46,46,29,-1727500,-1047500,0.87175323,0.12824676,1e-08,0.85454543,0.14545456,0.850974,0.14902599,10286.52,0,0,113549.3,0,0,1,1,547608.6,1,0.021,0.12824676
C30L46,46,30,-1722500,-1047500,0.72089319,0.279107,-1.9e-07,0.692504,0.30749619,0.677193,0.32280719,5347.829,0,0,115321.8,0,0,1,1,542656,1,0.044,0.279107
C31L46,46,31,-1717500,-1047500,1,0,0,1,0,1,0,576.0577,0,0,114826.3,0,0,1,1,537704.3,1,0,0.02466802526
C32L46,46,32,-1712500,-1047500,0.819805,0,0.180195,0.819805,0,0.819805,0,3309.546,0,0,114547.1,0,0,1,1,532753.5,1,0,0
C33L46,46,33,-1707500,-1047500,0.997448,0,0.002552,0.997448,0,0.997448,0,8254.685,0,0,114464.2,0,0,1,1,527803.6,1,0,0
C34L46,46,34,-1702500,-1047500,1,0,0,1,0,1,0,12134.72,0,0,114414.9,0,0,1,1,522854.6,1,0,0
C35L46,46,35,-1697500,-1047500,1,0,0,1,0,1,0,15412.15,0,0,114365.7,0,0,1,1,517906.7,1,0,0
C36L46,46,36,-1692500,-1047500,0.996104,0,0.003896,0.996104,0,0.996104,0,19437.53,0,0,114316.4,0,0,1,1,512959.7,1,0,0
C37L46,46,37,-1687500,-1047500,1,0,0,1,0,1,0,23834.86,0,0,114267.1,0,0,1,1,508013.8,1,0,0
C38L46,46,38,-1682500,-1047500,0.977273,0,0.022727,0.977273,0,0.977273,0,22223.28,0,0,114217.9,0,0,1,1,503069,1,0,0
C39L46,46,39,-1677500,-1047500,0.973525,0.00637958,0.02009542,0.973525,0.00637958,0.973525,0.00637958,18898.04,0,0,114168.6,0,0,1,1,498125.2,1,0,0.00637958
C40L46,46,40,-1672500,-1047500,0.82998423,0.024880409,0.145135361,0.82137179,0.033492849,0.818182,0.036682639,16396.19,0,0,113954.5,0,0,1,1,493182.6,1,0.012,0.024880409
C41L46,46,41,-1667500,-1047500,0.934416,0.00779221,0.05779179,0.934416,0.00779221,0.934416,0.00779221,14551.29,0,0,113566.1,0,0,1,1,488241.2,1,0,0.007910236423
C42L46,46,42,-1662500,-1047500,0.990112,0.0092504,0.0006376,0.990112,0.0092504,0.990112,0.0092504,13707.17,0,0,112849.6,0,0,1,1,483301,1,0,0.0092504
C43L46,46,43,-1657500,-1047500,0.990584,0.001623375,0.007792625,0.990584,0.001623375,0.990584,0.001623375,12826.12,0,0,111799.1,0,0,1,1,478362,1,0,0.001623375
C44L46,46,44,-1652500,-1047500,0.98437,0.005422647,0.010207353,0.98437,0.005422647,0.98437,0.005422647,13412.36,0,0,110792.8,0,0,0.9969346,0.9969346,473424.3,1,0,0.005846495158
C45L46,46,45,-1647500,-1047500,0.993506985,0.006493507,-4.92e-07,0.981818675,0.018181817,0.981494,0.018506492,11817.67,0,0,110004.8,0,0,1,1,468487.9,1,0.012,0.04882285109
C46L46,46,46,-1642500,-1047500,0.71196142,0.28803804,5.4e-07,0.66730427,0.33269519,0.65614,0.34385946,8631.339,0,0,109439.8,0,0,0.8238966,0.8238966,463552.8,1,0.056,0.28803804
C47L46,46,47,-1637500,-1047500,0.961363726,0.038636371,-9.7e-08,0.9603897,0.039610397,0.923052,0.076948097,7470.823,0,0,109052,0,0,0.7959587,0.7959587,458619.2,1,0.038,0.07568076227
C48L46,46,48,-1632500,-1047500,0.99744784,0.002551829,3.31e-07,0.99617192,0.003827749,0.994896,0.005103669,9035.535,0,0,108677.5,0,0,0.006327937,0.006327937,453687,1,0.003,0.01965261013
C49L46,46,49,-1627500,-1047500,1,0,0,1,0,1,0,12358.61,0,0,108303,0,0,0,0,448756.4,1,0,0.006633364227
C50L46,46,50,-1622500,-1047500,0.993831,0.00616883,1.7e-07,0.993831,0.00616883,0.993831,0.00616883,14005.45,0,0,107198.2,0,0,0,0,443827.3,1,0,0.007836458872
C51L46,46,51,-1617500,-1047500,1,0,0,1,0,1,0,12149.45,0,0,105703.5,0,0,0,0,438899.8,1,0,0.004763168883
C52L46,46,52,-1612500,-1047500,0.999026,0.000974026,-2.6e-08,0.999026,0.000974026,0.999026,0.000974026,7508.902,0,0,103497.9,0,0,0,0,433973.9,1,0,0.01255696962
C53L46,46,53,-1607500,-1047500,0.94545499,0.054545488,-4.78e-07,0.9422652,0.057735278,0.913557,0.086443478,3414.73,0,0,101365.7,0,0,0,0,429049.8,1,0.032,0.054545488
C54L46,46,54,-1602500,-1047500,1,0,0,1,0,1,0,596.1705,0,0,99437.37,0,0.4897785,0,0.4897785,424127.4,1,0,0.01128885038
C55L46,46,55,-1597500,-1047500,1,0,0,1,0,1,0,2757.905,0,0,97727.1,0,1,0,1,419206.9,2,0,0.003816283963
C56L46,46,56,-1592500,-1047500,1,0,0,1,0,1,0,6980.441,0,0,96246.46,0,1,0,1,414288.3,2,0,0.003345590288
C57L46,46,57,-1587500,-1047500,1,0,0,1,0,1,0,10290.92,0,0,95006.19,0,1,0,1,409371.6,2,0,0.003436906482
C58L46,46,58,-1582500,-1047500,1,0,0,1,0,1,0,13250.8,0,0,94015.8,0,0.8232523,0,0.8232523,404457,2,0,0.003582654399
C59L46,46,59,-1577500,-1047500,1,0,0,1,0,1,0,9894.074,0,0,93283.26,0,0.00989572,0,0.00989572,399544.5,1,0,0.003893134083
C60L46,46,60,-1572500,-1047500,1,0,0,1,0,1,0,6471.064,0,0,92814.66,0,0,0,0,394634.2,1,0,0.004366881687
C61L46,46,61,-1567500,-1047500,1,0,0,1,0,1,0,3842.429,0,0,92569.47,0,0,0,0,389726.2,1,0,0.0064061124
C62L46,46,62,-1562500,-1047500,0.976715,0.0232855,-5e-07,0.976715,0.0232855,0.976715,0.0232855,3160.825,0,0,92348.56,0,0,0,0,384820.6,1,0,0.0233229897
C63L46,46,63,-1557500,-1047500,0.987338,0.0126623,-3e-07,0.987338,0.0126623,0.987338,0.0126623,3304.681,0,0,91277.53,0,0,0,0,379917.4,1,0,0.01939239612
C64L46,46,64,-1552500,-1047500,0.994258,0.00574163,3.7e-07,0.994258,0.00574163,0.994258,0.00574163,1036.091,0,0,89949.16,0,0,0,0,375016.8,1,0,0.02549634568
C65L46,46,65,-1547500,-1047500,1,0,0,1,0,1,0,1997.926,0,0,88620.78,0,0.02508013,0,0.02508013,370118.8,1,0,0.02028035337
C66L46,46,66,-1542500,-1047500,1,0,0,1,0,1,0,2564.232,0,0,87312.56,0,0.2070958,0,0.2070958,365223.6,1,0,0.01947788664
C67L46,46,67,-1537500,-1047500,1,0,0,1,0,1,0,5136.185,0,0,86224.44,0,0.9643022,0,0.9643022,360331.3,2,0,0.008864876139
C68L46,46,68,-1532500,-1047500,0.993182,0.00681818,-1.8e-07,0.993182,0.00681818,0.993182,0.00681818,8392.952,0,0,85415.6,0,1,0,1,355442,2,0,0.01301224967
C69L46,46,69,-1527500,-1047500,0.976076938,0.023923448,-3.86e-07,0.976076938,0.023923448,0.97512,0.024880386,10926.14,0,0,84894.03,0,0.9683872,0,0.9683872,350555.8,2,0.001,0.02462633148
C70L46,46,70,-1522500,-1047500,0.962013161,0.037987,-1.61e-07,0.956818351,0.04318181,0.956169,0.043831161,12915.1,0,0,84665.03,0,0.1487452,0.7722033,0.9209485,345672.9,1,0.006,0.037987
C71L46,46,71,-1517500,-1047500,0.992344,0.007655498,5.02e-07,0.992344,0.007655498,0.992344,0.007655498,15021.66,0,0,84730.97,0,0,0.6885642,0.6885642,340793.3,1,0,0.0276154726
C72L46,46,72,-1512500,-1047500,0.832468,0.167532,0,0.832468,0.167532,0.832468,0.167532,18158.52,0,0,85091.17,0,0.0131182,1,1.0131182,335917.3,1,0,0.167532
C73L46,46,73,-1507500,-1047500,0.968102,0.0318979,1e-07,0.968102,0.0318979,0.968102,0.0318979,21937.65,0,0,84209.61,0,0.5541444,0.4303422,0.9844866,331045,2,0,0.03322348524
C74L46,46,74,-1502500,-1047500,1,0,0,1,0,1,0,25429.19,0,0,82985.26,0,0.5818335,0.4578068,1.0396403,326176.5,2,0,0.002967573305
C75L46,46,75,-1497500,-1047500,1,0,0,1,0,1,0,20841.61,0,0,82045.59,0,0,1,1,321312.1,1,0,0
C76L46,46,76,-1492500,-1047500,1,0,0,1,0,1,0,16104.01,0,0,81402.72,0,0,1,1,316452,1,0,0
C77L46,46,77,-1487500,-1047500,1,0,0,1,0,1,0,11589.03,0,0,78838.79,0,0,1,1,311596.2,1,0,0
C78L46,46,78,-1482500,-1047500,1,0,0,1,0,1,0,7684.29,0,0,75360.68,0,0,0.9947456,0.9947456,306745.1,1,0,0
C79L46,46,79,-1477500,-1047500,0.998701,0,0.001299,0.998701,0,0.998701,0,4488.121,0,0,71903.64,0,0,0.1857238,0.1857238,301898.8,1,0,0.00302269963
C80L46,46,80,-1472500,-1047500,0.939713,0,0.060287,0.939713,0,0.939713,0,190.5826,0,0,68612,0,0.4514272,0,0.4514272,297057.7,1,0,0.004848752936
C81L46,46,81,-1467500,-1047500,0.957792,0,0.042208,0.957792,0,0.957792,0,3346.611,0,0,65536.85,0,0.9610835,0,0.9610835,292221.9,2,0,0.007516869852
C82L46,46,82,-1462500,-1047500,0.89378,0.02009566,0.08612434,0.89378,0.02009566,0.89378,0.02009566,8088.396,0,0,62710.05,0,1,0,1,287391.7,2,0,0.02009566
C83L46,46,83,-1457500,-1047500,0.934416,0.008441561,0.057142439,0.934416,0.008441561,0.934416,0.008441561,7202.326,0,0,60166.62,0,1,0,1,282567.4,2,0,0.01472260923
C84L46,46,84,-1452500,-1047500,1,0,0,1,0,1,0,2472.854,0,0,57881.41,0,1,0,1,277749.3,2,0,0.008723466801
C85L46,46,85,-1447500,-1047500,0.986284,0,0.013716,0.986284,0,0.986284,0,3114.347,0,0,55727.02,0,1,0,1,272937.8,2,0,0.007429091565
C86L46,46,86,-1442500,-1047500,0.997078,0,0.002922,0.997078,0,0.997078,0,7702.216,0,0,53941.19,0,1,0,1,268133.2,2,0,0.00564887772
C87L46,46,87,-1437500,-1047500,0.988836,0,0.011164,0.988836,0,0.988836,0,12533.34,0,0,52532.02,0,1,0,1,263335.8,2,0,0.00540453433
C88L46,46,88,-1432500,-1047500,1,0,0,1,0,1,0,17459.81,0,0,51194.08,0,1,0,1,258546.1,2,0,0.005412440086
C89L46,46,89,-1427500,-1047500,1,0,0,1,0,1,0,18737.62,0,0,49856.13,0,1,0,1,253764.6,2,0,0.005493760867
C90L46,46,90,-1422500,-1047500,1,0,0,1,0,1,0,16091.28,0,0,48295.86,0,1,0,1,248991.6,2,0,0.005960001837
C91L46,46,91,-1417500,-1047500,0.948325,0,0.051675,0.948325,0,0.948325,0,14722.76,0,0,46719.71,0,1,0,1,244227.7,2,0,0.005915794075
C92L46,46,92,-1412500,-1047500,0.999351,0,0.000649,0.999351,0,0.999351,0,13743.01,0,0,45153.18,0,1,0,1,239473.4,2,0,0.006299978677
C93L46,46,93,-1407500,-1047500,1,0,0,1,0,1,0,12230.62,0,0,43888.25,0,1,0,1,234729.3,2,0,0.005980193915
C94L46,46,94,-1402500,-1047500,1,0,0,1,0,1,0,11239.07,0,0,42711.22,0,1,0,1,229996.1,2,0,0.005714061278
C95L46,46,95,-1397500,-1047500,1,0,0,1,0,1,0,10312.84,0,0,41534.2,0,0.9164139,0.007455964,0.923869864,225274.4,2,0,0.005377639123
C96L46,46,96,-1392500,-1047500,1,0,0,1,0,1,0,10621.52,0,0,40309.56,0,0.006443009,0.5784348,0.584877809,220565,1,0,0.001206230801
C97L46,46,97,-1387500,-1047500,1,0,0,1,0,1,0,9941.649,0,0,38327.2,0,0,0.974273,0.974273,215868.7,1,0,0
C98L46,46,98,-1382500,-1047500,1,0,0,1,0,1,0,8031.123,0,0,36344.84,0,0,1,1,211186.3,1,0,0
C99L46,46,99,-1377500,-1047500,1,0,0,1,0,1,0,4825.699,0,0,34362.49,0,0,1,1,206518.7,1,0,0
C100L46,46,100,-1372500,-1047500,1,0,0,1,0,1,0,5138.578,0,0,32380.13,0,0,1,1,201867.1,1,0,0
C101L46,46,101,-1367500,-1047500,1,0,0,1,0,1,0,6652.953,0,0,30397.77,0,0,1,1,197232.6,1,0,0
C102L46,46,102,-1362500,-1047500,1,0,0,1,0,1,0,2914.571,0,0,28149.85,0,0,1,1,192616.3,1,0,0.0005143156437
C103L46,46,103,-1357500,-1047500,0.984051,0.01594896,4e-08,0.984051,0.01594896,0.984051,0.01594896,151.5211,0,0,25698,0,0,1,1,188019.7,1,0,0.01594896
C104L46,46,104,-1352500,-1047500,0.89383151,0.106168841,-3.51e-07,0.887338,0.112662351,0.887338,0.112662351,558.6196,0,0,23246.15,0,0,1,1,183444.2,1,0.006,0.106168841
C105L46,46,105,-1347500,-1047500,0.99872439,0.00127592,-3.1e-07,0.99330175,0.00669856,0.989474,0.01052631,193.1976,0,0,20794.3,0,0,1,1,178891.4,1,0.009,0.007779579054
C106L46,46,106,-1342500,-1047500,0.9902601,0.00974026,-3.6e-07,0.986364,0.01363636,0.986364,0.01363636,3150.592,0,0,18342.45,0.3200068,0,1,1,174363,1,0.004,0.01569231652
C107L46,46,107,-1337500,-1047500,1,0,0,1,0,1,0,7346.697,0,0,15890.6,1,0,1,1,169861.2,1,0,0.02460796665
C108L46,46,108,-1332500,-1047500,1,0,0,1,0,1,0,10851.68,0,0,13438.75,1,0,1,1,165388,1,0,0.02489630979
C109L46,46,109,-1327500,-1047500,1,0,0,1,0,1,0,12083.2,0,0,10986.9,1,0,1,1,160945.7,1,0,0.0248969348
C110L46,46,110,-1322500,-1047500,1,0,0,1,0,1,0,13957.25,0,0,8562.873,1,0,1,1,156537.2,1,0,0.02616967913
C111L46,46,111,-1317500,-1047500,0.992344,0.007655499,5.01e-07,0.992344,0.007655499,0.992344,0.007655499,13731.09,0,0,7060.051,1,0,1,1,152165.2,1,0,0.03498374074
C112L46,46,112,-1312500,-1047500,0.989474,0.01052631,-3.1e-07,0.989474,0.01052631,0.989474,0.01052631,11962.48,0,0,5647.737,1,0,1,1,147833,1,0,0.05068375018
C113L46,46,113,-1307500,-1047500,0.95974043,0.040259712,-1.42e-07,0.956169,0.043831142,0.956169,0.043831142,11593.78,0,0,4992.343,1,0,0.9257061,0.9257061,143544.2,1,0.004,0.1047450514
C114L46,46,114,-1302500,-1047500,0.77830928,0.22169059,1.3e-07,0.74992008,0.25007979,0.721212,0.27878787,8682.187,0,0,4671.913,1,0,0.0768076,0.0768076,139302.9,1,0.057,0.2440310137
C115L46,46,115,-1297500,-1047500,0.63506496,0.36461064,0.0003244,0.56720778,0.43246782,0.525974,0.4737016,6408.242,0,0,4576.467,1,0,0,0,135113.5,1,0.109,0.36461064
C116L46,46,116,-1292500,-1047500,0.63604433,0.18437007,0.1795856,0.54704913,0.27336527,0.533652,0.2867624,5464.367,0,0,4521.606,1,0,0,0,130981,1,0.102,0.2376974791
C117L46,46,117,-1287500,-1047500,0.559739995,0.27077872,0.169481285,0.54448022,0.286038495,0.523701,0.306817715,5814.523,0,0,4466.744,1,0,0,0,126910.9,1,0.036,0.27077872
C118L46,46,118,-1282500,-1047500,0.97799083,0.011483257,0.010525913,0.97799083,0.011483257,0.975439,0.014035087,3462.624,0,0,3389.418,1,0,0,0,122909.4,1,0.003,0.1286466182
C119L46,46,119,-1277500,-1047500,0.95551905,0.044480491,4.59e-07,0.953571,0.046428541,0.953571,0.046428541,385.1253,0,0,1128.355,1,0,0,0,118983.5,1,0.002,0.1575009158
C120L46,46,120,-1272500,-1047500,0.4207338,0.57926644,-2.4e-07,0.4095695,0.59043074,0.401914,0.59808624,905.1699,0,0,1199.222,0.8501212,0,0,0,115140.9,1,0.019,0.57926644
C121L46,46,121,-1267500,-1047500,0.3955345,0.60446606,-5.6e-07,0.39106879,0.60893177,0.387879,0.61212156,1136.526,0,0,1888.329,0.3565433,0,0,0,111390.2,1,0.008,0.60446606
C122L46,46,122,-1262500,-1047500,0.101948,0.89805243,-4.3e-07,0.101948,0.89805243,0.101948,0.89805243,2188.969,0,0,1880.98,0.004760338,0,0,0,107741.1,1,0,0.89805243
C123L46,46,123,-1257500,-1047500,0.803828,0.196172469,-4.69e-07,0.803828,0.196172469,0.803828,0.196172469,2277.277,0,0,3082.897,0,0,0,0,104204.1,1,0,0.302608337
C124L46,46,124,-1252500,-1047500,0.80389565,0.19610387,4.8e-07,0.76915543,0.23084409,0.741558,0.25844152,4182.982,0,0,6971.361,0.1202648,0,0,0,100791.1,1,0.062,0.2355810347
C125L46,46,125,-1247500,-1047500,0.7974484,0.20255176,-1.6e-07,0.712281,0.28771916,0.619139,0.38086116,4200.357,0,0,11152.93,0.007942538,0,0,0,97515.11,1,0.178,0.20255176
C126L46,46,126,-1242500,-1047500,0.91980557,0.08019484,-4.1e-07,0.89220814,0.10779227,0.851299,0.14870141,2310.712,0,0,15334.5,0,0,0,0,94390.41,1,0.069,0.09457626397
C127L46,46,127,-1237500,-1047500,0.99425824,0.005741626,1.34e-07,0.98819763,0.011802236,0.982456,0.017543866,888.217,0,0,19516.06,0,0,0,0,91432.51,1,0.012,0.02182987797
C128L46,46,128,-1232500,-1047500,0.99480483,0.0051948,3.7e-07,0.99480483,0.0051948,0.988636,0.01136363,989.9124,0,0,23697.63,0,0,0,0,88658.1,1,0.006,0.01680460625
C129L46,46,129,-1227500,-1047500,0.995215,0.004784689,3.11e-07,0.995215,0.004784689,0.995215,0.004784689,1821.161,0,0,27879.2,0,0,0,0,86084.91,1,0,0.01738650553
C130L46,46,130,-1222500,-1047500,0.9830941,0.016905908,-8e-09,0.969378,0.030622008,0.969378,0.030622008,897.2583,0,0,32060.77,0,0,0,0,83731.51,1,0.014,0.0261488182
C131L46,46,131,-1217500,-1047500,0.96071431,0.03928569,0,0.9516234,0.0483766,0.936039,0.063961,3166.2,0,0,36242.34,0,0,0,0,81616.91,1,0.025,0.04452592133
C132L46,46,132,-1212500,-1047500,0.99393933,0.006060609,6.1e-08,0.9866028,0.013397139,0.983413,0.016586939,2086.931,0,0,40423.9,0,0,0,0,79760.1,1,0.011,0.04196548807
C133L46,46,133,-1207500,-1047500,0.99350688,0.0064935,-3.8e-07,0.99350688,0.0064935,0.98539,0.01461038,604.5314,0,0,44339.65,0,0,0,0,78179.46,1,0.008,0.0803067964
C134L46,46,134,-1202500,-1047500,0.83636361,0.16363633,6e-08,0.815311,0.18468894,0.815311,0.18468894,4051.047,0,0,48096.83,0,0,0,0,76892.02,1,0.021,0.1991585079
C22L47,47,22,-1762500,-1052500,0,0,1,0,0,0,0,9279.735,0,0,101142.6,0,0,0,0,581677.7,1,0,0
C23L47,47,23,-1757500,-1052500,0.501913,0,0.498087,0.501913,0,0.501913,0,11552.44,0,0,103030.3,0,0.5080085,0,0.5080085,576714.2,2,0,0.001417329651
C24L47,47,24,-1752500,-1052500,0.942356,0,0.057644,0.942356,0,0.942356,0,14726.27,0,0,105001.2,0,0.9819936,0,0.9819936,571751.4,2,0,0.01327516393
C25L47,47,25,-1747500,-1052500,0.86065002,0.06887755,0.07047243,0.84502502,0.08450255,0.842474,0.08705357,16880.96,0,0,107168.3,0.0002342778,0.828986,0.15701,0.985996,566789.2,2,0.018,0.06887755
C26L47,47,26,-1742500,-1052500,0.983396,0.00093985,0.01566415,0.983396,0.00093985,0.983396,0.00093985,19698.78,0,0,109520.9,0,0.4561745,0.531565,0.9877395,561827.7,1,0,0.008977142936
C27L47,47,27,-1737500,-1052500,1,0,0,1,0,1,0,20493.26,0,0,112047.4,0,0.02329353,0.9676107,0.99090423,556866.8,1,0,0
C28L47,47,28,-1732500,-1052500,0.983083,0,0.016917,0.983083,0,0.983083,0,15497.88,0,0,114736.3,0,0,1,1,551906.7,1,0,0.01573298179
C29L47,47,29,-1727500,-1052500,0.82174772,0.17825255,-2.7e-07,0.75892892,0.24107135,0.753508,0.24649227,10502.5,0,0,117576.4,0,0,1,1,546947.3,1,0.068,0.17825255
C30L47,47,30,-1722500,-1052500,0.91666691,0.083333333,-2.43e-07,0.88627839,0.113721853,0.880326,0.119674243,5507.121,0,0,120286.9,0,0,1,1,541988.7,1,0.036,0.083333333
C31L47,47,31,-1717500,-1052500,0.98558912,0.01441103,-1.5e-07,0.98558912,0.01441103,0.982143,0.01785715,511.7431,0,0,119811.9,0,0,1,1,537030.8,1,0.003,0.02492124858
C32L47,47,32,-1712500,-1052500,0.891582,0.000318878,0.108099122,0.891582,0.000318878,0.891582,0.000318878,1907.108,0,0,119544.3,0,0,1,1,532073.7,1,0,0.001031256572
C33L47,47,33,-1707500,-1052500,0.989348,0,0.010652,0.989348,0,0.989348,0,5371.96,0,0,119464,0,0,1,1,527117.4,1,0,0
C34L47,47,34,-1702500,-1052500,1,0,0,1,0,1,0,8364.287,0,0,119414.7,0,0,1,1,522162,1,0,0
C35L47,47,35,-1697500,-1052500,1,0,0,1,0,1,0,12658.76,0,0,119365.4,0,0,1,1,517207.4,1,0,0
C36L47,47,36,-1692500,-1052500,0.974171,0,0.025829,0.974171,0,0.974171,0,17335.72,0,0,119316.2,0,0,1,1,512253.7,1,0,0
C37L47,47,37,-1687500,-1052500,0.95708,0,0.04292,0.95708,0,0.95708,0,22154.23,0,0,119266.9,0,0,1,1,507300.9,1,0,0
C38L47,47,38,-1682500,-1052500,0.984056,0,0.015944,0.984056,0,0.984056,0,23312.69,0,0,119217.6,0,0,1,1,502349.1,1,0,0
C39L47,47,39,-1677500,-1052500,0.985276,0,0.014724,0.985276,0,0.985276,0,23120.21,0,0,119168.3,0,0,1,1,497398.2,1,0,0
C40L47,47,40,-1672500,-1052500,0.905702,0.012844613,0.081453387,0.905702,0.012844613,0.905702,0.012844613,21006.54,0,0,118941.8,0,0,1,1,492448.3,1,0,0.012844613
C41L47,47,41,-1667500,-1052500,0.865115,0.01690049,0.11798451,0.865115,0.01690049,0.865115,0.01690049,19334.09,0,0,118514.5,0,0,1,1,487499.4,1,0,0.01690049
C42L47,47,42,-1662500,-1052500,0.943922,0.02130321,0.03477479,0.943922,0.02130321,0.943922,0.02130321,18685.81,0,0,117798,0,0,1,1,482551.5,1,0,0.02130321
C43L47,47,43,-1657500,-1052500,0.992666,0,0.007334,0.992666,0,0.992666,0,17815.99,0,0,116678.8,0,0,1,1,477604.8,1,0,0
C44L47,47,44,-1652500,-1052500,0.968672,0,0.031328,0.968672,0,0.968672,0,18242.59,0,0,115715,0,0.04929899,0.9153089,0.96460789,472659.2,1,0,0.009516492212
C45L47,47,45,-1647500,-1052500,0.91135166,0.08290812,0.00574022,0.87627512,0.11798466,0.860969,0.13329078,15575.02,0,0,114960.8,0,0.05282106,0.8848187,0.93763976,467714.7,1,0.05,0.09630370973
C46L47,47,46,-1642500,-1052500,0.45269373,0.54730617,1e-07,0.41979913,0.58020077,0.404135,0.5958649,13191.17,0,0,114420.2,0,0.0009965569,0.04789526,0.0488918169,462771.4,1,0.049,0.54730617
C47L47,47,47,-1637500,-1052500,0.8211099,0.17889036,-2.6e-07,0.773916,0.22608426,0.703763,0.29623726,12466.59,0,0,114038,0,0,0.08147838,0.08147838,457829.4,1,0.117,0.17889036
C48L47,47,48,-1632500,-1052500,0.95958636,0.04041354,1e-07,0.93483696,0.06516294,0.865288,0.1347119,13467.76,0,0,113663.5,0,0,0,0,452888.6,1,0.094,0.04495128592
C49L47,47,49,-1627500,-1052500,0.995927,0.004072686,3.14e-07,0.995927,0.004072686,0.995927,0.004072686,16036.06,0,0,113288.9,0,0,0,0,447949.2,1,0,0.008949732008
C50L47,47,50,-1622500,-1052500,0.998087,0.00191327,-2.7e-07,0.998087,0.00191327,0.998087,0.00191327,15943.28,0,0,111976.8,0,0,0,0,443011.1,1,0,0.004992635504
C51L47,47,51,-1617500,-1052500,0.99436068,0.0056391,2.2e-07,0.99436068,0.0056391,0.990288,0.00971178,11040.52,0,0,110190.7,0,0,0,0,438074.4,1,0.004,0.008125355967
C52L47,47,52,-1612500,-1052500,0.9821428,0.017857143,5.7e-08,0.97831627,0.021683673,0.976403,0.023596943,6156.394,0,0,107996.6,0,0,0,0,433139.2,1,0.006,0.02147247848
C53L47,47,53,-1607500,-1052500,0.90758118,0.09241848,3.4e-07,0.88220527,0.11779439,0.863095,0.13690466,1272.266,0,0,105953.1,0,0,0,0,428205.4,1,0.044,0.09241848
C54L47,47,54,-1602500,-1052500,1,0,0,1,0,1,0,3581.581,0,0,104109.8,0,0.6965084,0,0.6965084,423273.2,2,0,0.01074500244
C55L47,47,55,-1597500,-1052500,1,0,0,1,0,1,0,6471.975,0,0,102477.5,0,1,0,1,418342.7,2,0,0.00363420121
C56L47,47,56,-1592500,-1052500,1,0,0,1,0,1,0,9690.61,0,0,101066.5,0,1,0,1,413413.8,2,0,0.003202666585
C57L47,47,57,-1587500,-1052500,1,0,0,1,0,1,0,13935.19,0,0,99886.11,0,1,0,1,408486.6,2,0,0.003251053636
C58L47,47,58,-1582500,-1052500,1,0,0,1,0,1,0,10673.34,0,0,98944.59,0,0.789563,0,0.789563,403561.2,2,0,0.00332417177
C59L47,47,59,-1577500,-1052500,1,0,0,1,0,1,0,6245.483,0,0,98248.8,0,0,0,0,398637.7,1,0,0.003418167485
C60L47,47,60,-1572500,-1052500,1,0,0,1,0,1,0,2840.054,0,0,97804,0,0,0,0,393716.1,1,0,0.003796519864
C61L47,47,61,-1567500,-1052500,0.995217,0.00478316,-1.6e-07,0.995217,0.00478316,0.995217,0.00478316,426.4344,0,0,97564.59,0,0,0,0,388796.5,1,0,0.008279692389
C62L47,47,62,-1562500,-1052500,0.98089,0.0191103,-3e-07,0.98089,0.0191103,0.98089,0.0191103,1137.167,0,0,97343.67,0,0,0,0,383879,1,0,0.0191103
C63L47,47,63,-1557500,-1052500,0.985969,0.014030633,3.67e-07,0.985969,0.014030633,0.985969,0.014030633,1435.726,0,0,96097.84,0,0.217916,0,0.217916,378963.6,1,0,0.01593661052
C64L47,47,64,-1552500,-1052500,0.989662,0.01033834,-3.4e-07,0.989662,0.01033834,0.989662,0.01033834,3233.372,0,0,94769.47,0,0.709712,0,0.709712,374050.5,2,0,0.01371657007
C65L47,47,65,-1547500,-1052500,0.986926,0.01307397,3e-08,0.986926,0.01307397,0.986926,0.01307397,5466.688,0,0,93441.1,0,0.911441,0,0.911441,369139.7,2,0,0.01482401813
C66L47,47,66,-1542500,-1052500,1,0,0,1,0,1,0,7349.859,0,0,92168.44,0,0.9932298,0,0.9932298,364231.4,2,0,0.009560001744
C67L47,47,67,-1537500,-1052500,0.989348,0.0106516,4e-07,0.989348,0.0106516,0.989348,0.0106516,9375.634,0,0,91138.31,0,1,0,1,359325.5,2,0,0.0259545223
C68L47,47,68,-1532500,-1052500,0.993941,0.00605867,3.3e-07,0.993941,0.00605867,0.993941,0.00605867,12202.01,0,0,90373.46,0,1,0,1,354422.3,2,0,0.02456597965
C69L47,47,69,-1527500,-1052500,0.999687,0.000313283,-2.83e-07,0.999687,0.000313283,0.999687,0.000313283,15393.53,0,0,89880.66,0,1,0,1,349521.9,2,0,0.01991576595
C70L47,47,70,-1522500,-1052500,1,0,0,1,0,1,0,17688.66,0,0,89664.4,0,0.3745634,0.6768264,1.0513898,344624.3,1,0,0.003701796419
C71L47,47,71,-1517500,-1052500,1,0,0,1,0,1,0,19398.15,0,0,89726.67,0,0,1,1,339729.7,1,0,0.007424729124
C72L47,47,72,-1512500,-1052500,1,0,0,1,0,1,0,21964.68,0,0,90066.89,0,0,1,1,334838.2,1,0,0.007304805121
C73L47,47,73,-1507500,-1052500,1,0,0,1,0,1,0,25229.51,0,0,89032.06,0,0.4614147,0.8207006,1.2821153,329949.9,1,0,0.007632109003
C74L47,47,74,-1502500,-1052500,1,0,0,1,0,1,0,24067.23,0,0,87872.82,0,0.07791717,1,1.07791717,325065.1,1,0,0
C75L47,47,75,-1497500,-1052500,1,0,0,1,0,1,0,19758,0,0,86985.96,0,0,1,1,320183.8,1,0,0
C76L47,47,76,-1492500,-1052500,1,0,0,1,0,1,0,15027.49,0,0,85908.94,0,0,1,1,315306.2,1,0,0
C77L47,47,77,-1487500,-1052500,1,0,0,1,0,1,0,10039.52,0,0,82430.83,0,0,1,1,310432.6,1,0,0
C78L47,47,78,-1482500,-1052500,1,0,0,1,0,1,0,5075.273,0,0,78969.48,0,0,1,1,305563,1,0,0
C79L47,47,79,-1477500,-1052500,1,0,0,1,0,1,0,614.1851,0,0,75654.81,0,0.2448283,0.5740391,0.8188674,300697.7,1,0,0.001535758716
C80L47,47,80,-1472500,-1052500,0.986216,0,0.013784,0.986216,0,0.986216,0,320.5716,0,0,72533.6,0,0.983499,0,0.983499,295836.8,2,0,0.006693518467
C81L47,47,81,-1467500,-1052500,0.96014041,0.00797194,0.03188765,0.955995,0.01211735,0.955995,0.01211735,4709.769,0,0,69631.85,0,1,0,1,290980.7,2,0.004,0.01324646994
C82L47,47,82,-1462500,-1052500,0.935463566,0.03352134,0.031015094,0.935463566,0.03352134,0.934837,0.034147906,9535.666,0,0,66978.11,0,1,0,1,286129.6,2,0.001,0.03352134
C83L47,47,83,-1457500,-1052500,1.00000027,0,-2.7e-07,1.00000027,0,0.998087,0.00191327,9503.248,0,0,64601.09,0,1,0,1,281283.7,2,0.002,0.008155339791
C84L47,47,84,-1452500,-1052500,1,0,0,1,0,1,0,6674.821,0,0,62353.75,0,1,0,1,276443.2,2,0,0.005735050356
C85L47,47,85,-1447500,-1052500,0.993421,0,0.006579,0.993421,0,0.993421,0,6985.324,0,0,60350.15,0,1,0,1,271608.6,2,0,0.005189037705
C86L47,47,86,-1442500,-1052500,1,0,0,1,0,1,0,10094.47,0,0,58705.13,0,1,0,1,266780,2,0,0.00518692117
C87L47,47,87,-1437500,-1052500,1,0,0,1,0,1,0,14293.49,0,0,57349.69,0,1,0,1,261957.9,2,0,0.005195939611
C88L47,47,88,-1432500,-1052500,1,0,0,1,0,1,0,15889.37,0,0,56011.74,0,1,0,1,257142.5,2,0,0.005293457019
C89L47,47,89,-1427500,-1052500,1,0,0,1,0,1,0,13895.34,0,0,54617.1,0,1,0,1,252334.4,2,0,0.005844180535
C90L47,47,90,-1422500,-1052500,0.998406,0.00159439,-3.9e-07,0.998406,0.00159439,0.998406,0.00159439,11734.82,0,0,53040.94,0,1,0,1,247533.8,2,0,0.007243551414
C91L47,47,91,-1417500,-1052500,0.950188,0.0093985,0.0404135,0.950188,0.0093985,0.950188,0.0093985,9774.288,0,0,51464.78,0,0.9698217,0,0.9698217,242741.3,2,0,0.01124238231
C92L47,47,92,-1412500,-1052500,1,0,0,1,0,1,0,9143.32,0,0,49951.66,0,1,0,1,237957.3,2,0,0.006090669829
C93L47,47,93,-1407500,-1052500,1,0,0,1,0,1,0,7288.256,0,0,48747.73,0,1,0,1,233182.4,2,0,0.00564467284
C94L47,47,94,-1402500,-1052500,1,0,0,1,0,1,0,6243.523,0,0,47570.71,0,1,0,1,228417.2,2,0,0.005414296819
C95L47,47,95,-1397500,-1052500,1,0,0,1,0,1,0,5318.251,0,0,46393.69,0,0.4184924,0.3807149,0.7992073,223662.1,1,0,0.002518587629
C96L47,47,96,-1392500,-1052500,1,0,0,1,0,1,0,5857.796,0,0,44899.8,0,0,1,1,218918,1,0,0
C97L47,47,97,-1387500,-1052500,1,0,0,1,0,1,0,5946.025,0,0,42917.44,0,0,1,1,214185.6,1,0,0
C98L47,47,98,-1382500,-1052500,1,0,0,1,0,1,0,3483.159,0,0,40935.08,0,0,1,1,209465.5,1,0,0
C99L47,47,99,-1377500,-1052500,1,0,0,1,0,1,0,1073.802,0,0,38952.72,0,0,1,1,204758.8,1,0,0
C100L47,47,100,-1372500,-1052500,0.996241,0.0037594,-4e-07,0.996241,0.0037594,0.996241,0.0037594,1076.942,0,0,36970.36,0,0.0004526426,1,1.000452643,200066.3,1,0,0.0037594
C101L47,47,101,-1367500,-1052500,1,0,0,1,0,1,0,2129.686,0,0,34959.27,0,0,1,1,195389,1,0,0
C102L47,47,102,-1362500,-1052500,1,0,0,1,0,1,0,1874.387,0,0,32507.42,0,0,1,1,190728.2,1,0,0.001577813975
C103L47,47,103,-1357500,-1052500,0.96710565,0.03289473,-3.8e-07,0.96334625,0.03665413,0.958647,0.04135338,2715.119,0,0,30055.57,0,0,1,1,186084.9,1,0.008,0.03289473
C104L47,47,104,-1352500,-1052500,1,0,0,1,0,1,0,4658.762,0,0,27603.72,0,0,1,1,181460.6,1,0,0.006009559899
C105L47,47,105,-1347500,-1052500,1,0,0,1,0,1,0,4425.189,0,0,25151.87,0,0,1,1,176856.7,1,0,0.005053624974
C106L47,47,106,-1342500,-1052500,0.99426,0.0057398,2e-07,0.99426,0.0057398,0.99426,0.0057398,5961.218,0,0,22700.02,0.4665601,0,1,1,172274.9,1,0,0.0143496759
C107L47,47,107,-1337500,-1052500,1,0,0,1,0,1,0,9752.017,0,0,20248.17,1,0,1,1,167717,1,0,0.02391712128
C108L47,47,108,-1332500,-1052500,1,0,0,1,0,1,0,14190.27,0,0,17796.32,1,0,1,1,163185,1,0,0.02460460914
C109L47,47,109,-1327500,-1052500,1,0,0,1,0,1,0,14061.1,0,0,15344.47,1,0,1,1,158681.2,1,0,0.02653901338
C110L47,47,110,-1322500,-1052500,1,0,0,1,0,1,0,12077.58,0,0,13268.76,1,0,1,1,154207.9,1,0,0.0286596127
C111L47,47,111,-1317500,-1052500,0.984023,0.01597744,-4.4e-07,0.984023,0.01597744,0.984023,0.01597744,9216.416,0,0,11856.44,1,0,1,1,149767.9,1,0,0.04088430956
C112L47,47,112,-1312500,-1052500,0.94360893,0.05639098,9e-08,0.93984953,0.06015038,0.934837,0.06516291,7283.925,0,0,10457.2,1,0,0.5463677,0.5463677,145364.3,1,0.009,0.07509847844
C113L47,47,113,-1307500,-1052500,0.94196376,0.05803576,4.8e-07,0.89126226,0.10873726,0.873724,0.12627552,6637.533,0,0,9982.065,1,0,0.4716854,0.4716854,141000.4,1,0.068,0.09356359725
C114L47,47,114,-1302500,-1052500,0.91478661,0.08521297,4.2e-07,0.85338311,0.14661647,0.812343,0.18765658,5181.806,0,0,9661.635,1,0,0.03898246,0.03898246,136680.2,1,0.102,0.1273978329
C115L47,47,115,-1297500,-1052500,0.95312514,0.046556118,0.000318742,0.9282527,0.071428558,0.872768,0.126913258,1648.325,0,0,9576.166,1,0,0,0,132407.8,1,0.08,0.110374138
C116L47,47,116,-1292500,-1052500,0.9915416,0.007518796,0.000939604,0.9470554,0.052004996,0.886905,0.112155396,1223.113,0,0,9521.305,1,0,0,0,128188.1,1,0.105,0.1000648628
C117L47,47,117,-1287500,-1052500,0.80867378,0.18686223,0.00446399,0.79528092,0.20025509,0.774235,0.22130101,1369.883,0,0,9349.769,1,0,0,0,124026.4,1,0.034,0.1891479926
C118L47,47,118,-1282500,-1052500,0.89317034,0.10620306,0.0006266,0.8715538,0.1278196,0.840852,0.1585214,144.9676,0,0,7881.13,1,0,0,0,119928.7,1,0.052,0.1582214946
C119L47,47,119,-1277500,-1052500,0.61639005,0.223851933,0.159758017,0.59661964,0.243622343,0.580038,0.260203983,1105.22,0,0,5553.554,0.6513705,0,0,0,115901.9,1,0.036,0.223851933
C120L47,47,120,-1272500,-1052500,0.687656566,0.01284461,0.299498824,0.68703,0.013471176,0.68703,0.013471176,5171.025,0,0,3270.623,0.009420809,0,0,0,111953.6,1,0.001,0.100794233
C121L47,47,121,-1267500,-1052500,0.677005,0.1400376,0.1829574,0.677005,0.1400376,0.677005,0.1400376,4747.611,0,0,3111.666,0,0,0,0,108092.4,1,0,0.2369075869
C122L47,47,122,-1262500,-1052500,0.0813138,0.87308709,0.04559911,0.0813138,0.87308709,0.0813138,0.87308709,686.6579,0,0,3092.303,0,0,0,0,104327.9,1,0,0.87308709
C123L47,47,123,-1257500,-1052500,0.39473712,0.60401005,0.00125283,0.39473712,0.60401005,0.391291,0.60745617,2611.382,0,0,48.53626,0,0,0,0,100671.1,1,0.003,0.60401005
C124L47,47,124,-1252500,-1052500,0.916773228,0.08322698,-2.08e-07,0.898916038,0.10108417,0.893814,0.106186208,7416.371,0,0,4230.104,0.1483873,0,0,0,97134.02,1,0.023,0.2169124893
C125L47,47,125,-1247500,-1052500,0.67919801,0.32080191,8e-08,0.6409775,0.35902242,0.575188,0.42481192,8891.765,0,0,8411.672,0.5162693,0,0,0,93730.32,1,0.104,0.32080191
C126L47,47,126,-1242500,-1052500,0.940369735,0.05963015,1.15e-07,0.93271667,0.067283215,0.908482,0.091517885,6353.215,0,0,12593.24,0,0,0,0,90475,1,0.032,0.08186671554
C127L47,47,127,-1237500,-1052500,0.98872138,0.0112782,4.2e-07,0.982769,0.01723058,0.982769,0.01723058,5849.842,0,0,16774.81,0,0,0,0,87384.67,1,0.006,0.0285436576
C128L47,47,128,-1232500,-1052500,0.9882015,0.011798481,1.9e-08,0.973852,0.026147981,0.973852,0.026147981,3154.651,0,0,20956.38,0,0,0,0,84477.42,1,0.014,0.02248815276
C129L47,47,129,-1227500,-1052500,0.988409,0.01159148,-4.8e-07,0.988409,0.01159148,0.988409,0.01159148,3844.785,0,0,25137.94,0.06721931,0,0,0,81772.78,1,0,0.02754704713
C130L47,47,130,-1222500,-1052500,0.98778183,0.01221804,1.3e-07,0.98778183,0.01221804,0.984649,0.01535087,5512.827,0,0,29319.51,0.04202142,0,0,0,79291.5,1,0.003,0.03338352497
C131L47,47,131,-1217500,-1052500,0.9783163,0.02168368,2e-08,0.97353314,0.02646684,0.971301,0.02869898,6452.446,0,0,33476.76,0.0603636,0,0,0,77055.15,1,0.007,0.04623159193
C132L47,47,132,-1212500,-1052500,0.82988726,0.17011283,-9e-08,0.82863413,0.17136596,0.827381,0.17261909,6973.015,0,0.3333333,37292.86,0.06132417,0,0,0,75085.62,1,0.003,0.17011283
C133L47,47,133,-1207500,-1052500,0.77838,0.2216195,5e-07,0.77838,0.2216195,0.77838,0.2216195,5599.005,0,0.3333333,41028.76,0,0,0,0,73404.39,1,0,0.2216195
C134L47,47,134,-1202500,-1052500,0.63565168,0.36434875,-4.3e-07,0.6221805,0.37781993,0.608396,0.39160443,7102.143,0,0.3333333,44459.89,0,0,0,0,72031.65,1,0.027,0.36434875
C135L47,47,135,-1197500,-1052500,0.545599555,0.43622394,0.018176505,0.480229655,0.50159384,0.466199,0.515624495,10926.7,0,0.5,47891.02,0,0,0,0,70985.3,1,0.079,0.43622394
C136L47,47,136,-1192500,-1052500,0.43358349,0.47055078,0.09586573,0.37249329,0.53164098,0.336779,0.56735527,13936.68,0,0.5,51322.15,0.2295574,0,0,0,70279.91,1,0.097,0.47055078
C22L48,48,22,-1762500,-1057500,0.0056391,0,0.9943609,0.0056391,0,0.0056391,0,14177.93,0,0,105772.5,0,0.005608842,0,0.005608842,581098.2,1,0,5.871962089e-06
C23L48,48,23,-1757500,-1057500,0.718112,0,0.281888,0.718112,0,0.718112,0,15780.38,0,0,107660.3,0,0.7560037,0,0.7560037,576129.7,2,0,0.00131050174
C24L48,48,24,-1752500,-1057500,0.96052612,0.00657895,0.03289493,0.95708,0.01002507,0.95708,0.01002507,18517.46,0,0,109571.9,0,1,0,1,571161.8,2,0.003,0.008713255568
C25L48,48,25,-1747500,-1057500,0.93176,0.000637755,0.067602245,0.93176,0.000637755,0.93176,0.000637755,21308.32,0,0,111650.4,0,1,0,1,566194.4,2,0,0.005667044667
C26L48,48,26,-1742500,-1057500,1,0,0,1,0,1,0,23732.03,0,0,113910.5,0,1,0,1,561227.7,2,0,0.005130791296
C27L48,48,27,-1737500,-1057500,0.9980868,0.00191327,-7e-08,0.99426027,0.0057398,0.992347,0.00765307,20967.38,0,0,116341.7,0,0.1827251,0.7808793,0.9636044,556261.5,1,0.006,0.00191327
C28L48,48,28,-1732500,-1057500,0.989662,0,0.010338,0.989662,0,0.989662,0,16098.24,0,0,118933.5,0,0,1,1,551295.9,1,0,0.01035245661
C29L48,48,29,-1727500,-1057500,0.86766572,0.13233418,1e-07,0.84279322,0.15720668,0.830357,0.1696429,11343.53,0,0,121675.7,0,0,1,1,546331,1,0.037,0.13233418
C30L48,48,30,-1722500,-1057500,0.95081505,0.04918547,-5.2e-07,0.93703055,0.06296997,0.934211,0.06578952,6942.481,0,0,124558.2,0,0,1,1,541366.7,1,0.017,0.05013178235
C31L48,48,31,-1717500,-1057500,0.98966127,0.010338349,3.81e-07,0.972744,0.027255619,0.972744,0.027255619,3627.062,0,0,124798.6,0,0,1,1,536403.1,1,0.017,0.0154864779
C32L48,48,32,-1712500,-1057500,0.96396712,0.02869903,0.00733385,0.95599518,0.03667097,0.948661,0.04400515,220.9416,0,0,124541.8,0,0,1,1,531440.1,1,0.015,0.02869903
C33L48,48,33,-1707500,-1057500,0.81954855,0.05482454,0.12562691,0.816729,0.05764409,0.816729,0.05764409,1545.359,0,0,124463.7,0,0,1,1,526477.9,1,0.003,0.05482454
C34L48,48,34,-1702500,-1057500,1,0,0,1,0,1,0,6515.214,0,0,124414.5,0,0,1,1,521516.4,1,0,0
C35L48,48,35,-1697500,-1057500,0.997494,0,0.002506,0.997494,0,0.997494,0,11486.43,0,0,124365.2,0,0,1,1,516555.6,1,0,0
C36L48,48,36,-1692500,-1057500,0.979911,0,0.020089,0.979911,0,0.979911,0,16467.36,0,0,124315.9,0,0,1,1,511595.6,1,0,0
C37L48,48,37,-1687500,-1057500,0.963659,0,0.036341,0.963659,0,0.963659,0,17862.8,0,0,124266.6,0,0,1,1,506636.4,1,0,0
C38L48,48,38,-1682500,-1057500,0.961416,0,0.038584,0.961416,0,0.961416,0,18436.44,0,0,124217.4,0,0,1,1,501677.9,1,0,0
C39L48,48,39,-1677500,-1057500,0.990915,0,0.009085,0.990915,0,0.990915,0,19865.71,0,0,124168.1,0,0,1,1,496720.3,1,0,0
C40L48,48,40,-1672500,-1057500,0.998434,0.00156642,-4.2e-07,0.998434,0.00156642,0.998434,0.00156642,21860.88,0,0,123929.2,0,0,1,1,491763.6,1,0,0.00156642
C41L48,48,41,-1667500,-1057500,0.973852,0.01403062,0.01211738,0.973852,0.01403062,0.973852,0.01403062,24204.83,0,0,123462.9,0,0,1,1,486807.8,1,0,0.01403062
C42L48,48,42,-1662500,-1057500,0.977757,0.004385962,0.017857038,0.977757,0.004385962,0.977757,0.004385962,23550.72,0,0,122672.6,0,0,1,1,481852.8,1,0,0.004385962
C43L48,48,43,-1657500,-1057500,0.990434,0,0.009566,0.990434,0,0.990434,0,22810.3,0,0,121568.3,0,0.1347664,0.8646289,0.9993953,476898.9,1,0,0.00381961751
C44L48,48,44,-1652500,-1057500,0.95645335,0.0435464,2.5e-07,0.95300723,0.04699252,0.946115,0.05388475,22597.84,0,0,120643.6,0,0.9227276,0.08301377,1.00574137,471945.8,2,0.01,0.0435464
C45L48,48,45,-1647500,-1057500,0.87404316,0.12595671,1.3e-07,0.8606503,0.13934957,0.853635,0.14636487,19801.22,0,0,119920.4,0,0.7675053,0.2080424,0.9755477,466993.8,2,0.02,0.12595671
C46L48,48,46,-1642500,-1057500,0.94517573,0.054824483,-2.13e-07,0.92387252,0.076127693,0.87688,0.123120213,17986.49,0,0,119402.3,0,0.1899411,0,0.1899411,462042.8,1,0.068,0.08965287155
C47L48,48,47,-1637500,-1057500,0.8676662,0.13233421,-4.1e-07,0.8278065,0.17219391,0.756378,0.24362241,17462.53,0,0,119023.9,0,0,0,0,457092.9,1,0.111,0.13233421
C48L48,48,48,-1632500,-1057500,0.99122808,0.00877193,-1e-08,0.99122808,0.00877193,0.983396,0.01660401,18196.71,0,0,118649.4,0,0,0,0,452144.1,1,0.008,0.02919608918
C49L48,48,49,-1627500,-1057500,0.998747,0.00125313,-1.3e-07,0.998747,0.00125313,0.998747,0.00125313,17135.65,0,0,118226.8,0,0,0,0,447196.4,1,0,0.007821946753
C50L48,48,50,-1622500,-1057500,1,0,0,1,0,1,0,12965.15,0,0,116755.4,0,0,0,0,442249.9,1,0,0.004438639747
C51L48,48,51,-1617500,-1057500,1,0,0,1,0,1,0,9620.801,0,0,114677.9,0,0,0,0,437304.6,1,0,0.004973893676
C52L48,48,52,-1612500,-1057500,0.9920276,0.007971938,4.62e-07,0.9920276,0.007971938,0.980548,0.019451538,5934.434,0,0,112535.9,0,0,0,0,432360.6,1,0.011,0.01373316637
C53L48,48,53,-1607500,-1057500,0.99279468,0.00720551,-1.9e-07,0.99279468,0.00720551,0.988722,0.01127819,1522.402,0,0,110576.3,0,0,0,0,427417.9,1,0.004,0.01320814422
C54L48,48,54,-1602500,-1057500,1,0,0,1,0,1,0,2862.549,0,0,108811.4,0,0.5399994,0,0.5399994,422476.5,2,0,0.008101780849
C55L48,48,55,-1597500,-1057500,1,0,0,1,0,1,0,7858.638,0,0,107250.7,0,1,0,1,417536.5,2,0,0.003474079287
C56L48,48,56,-1592500,-1057500,1,0,0,1,0,1,0,12857.77,0,0,105903.3,0,1,0,1,412598,2,0,0.003239592555
C57L48,48,57,-1587500,-1057500,1,0,0,1,0,1,0,12150.25,0,0,104777.4,0,1,0,1,407661,2,0,0.003280549906
C58L48,48,58,-1582500,-1057500,1,0,0,1,0,1,0,7466.146,0,0,103880.2,0,0.9967835,0,0.9967835,402725.5,2,0,0.003338542369
C59L48,48,59,-1577500,-1057500,1,0,0,1,0,1,0,3722.655,0,0,103217.7,0,0.5638231,0,0.5638231,397791.6,2,0,0.003426331375
C60L48,48,60,-1572500,-1057500,1,0,0,1,0,1,0,443.7557,0,0,102794.4,0,0.1531127,0,0.1531127,392859.4,1,0,0.003779226702
C61L48,48,61,-1567500,-1057500,1,0,0,1,0,1,0,4213.967,0,0,102559.7,0,0,0,0,387929,1,0,0.004760794082
C62L48,48,62,-1562500,-1057500,1,0,0,1,0,1,0,5787.962,0,0,102246.5,0,0,0,0,383000.3,1,0,0.005770462199
C63L48,48,63,-1557500,-1057500,0.996173,0.00382653,4.7e-07,0.996173,0.00382653,0.996173,0.00382653,6363.676,0,0,100918.2,0,0.1976531,0,0.1976531,378073.5,1,0,0.008753202416
C64L48,48,64,-1552500,-1057500,0.993108,0.00689223,-2.3e-07,0.993108,0.00689223,0.993108,0.00689223,7335.115,0,0,99589.79,0,0.7735722,0,0.7735722,373148.7,2,0,0.01241986315
C65L48,48,65,-1547500,-1057500,0.990753,0.00924745,-4.5e-07,0.990753,0.00924745,0.990753,0.00924745,9901.71,0,0,98261.41,0,0.9760693,0,0.9760693,368225.9,2,0,0.02140379535
C66L48,48,66,-1542500,-1057500,1,0,0,1,0,1,0,12303.7,0,0,97038.95,0,0.9499737,0,0.9499737,363305.2,2,0,0.02183403179
C67L48,48,67,-1537500,-1057500,0.955201,0.044799513,-5.13e-07,0.955201,0.044799513,0.955201,0.044799513,13742.81,0,0,96061.07,0,0.7674754,0.01259548,0.78007088,358386.7,2,0,0.0613245553
C68L48,48,68,-1532500,-1057500,0.75860967,0.241390105,2.25e-07,0.75860967,0.241390105,0.752551,0.247448775,16195.63,0,0,95335.72,0,0.8084958,0.1533529,0.9618487,353470.5,2,0.006,0.241390105
C69L48,48,69,-1527500,-1057500,1,0,0,1,0,1,0,19271.68,0,0,94868.7,0,1,0,1,348556.6,2,0,0.02379161036
C70L48,48,70,-1522500,-1057500,1,0,0,1,0,1,0,22105.72,0,0,94663.83,0,0.4160563,0.5770992,0.9931555,343645.3,1,0,0.00132812933
C71L48,48,71,-1517500,-1057500,1,0,0,1,0,1,0,23990.4,0,0,94722.82,0,0,1,1,338736.5,1,0,0
C72L48,48,72,-1512500,-1057500,1,0,0,1,0,1,0,26174.73,0,0,95045.16,0,0,1,1,333830.5,1,0,0
C73L48,48,73,-1507500,-1057500,1,0,0,1,0,1,0,23585.53,0,0,93871.12,0,0,1,1,328927.3,1,0,0
C74L48,48,74,-1502500,-1057500,1,0,0,1,0,1,0,20690.8,0,0,92772.36,0,0,1,1,324027,1,0,0
C75L48,48,75,-1497500,-1057500,1,0,0,1,0,1,0,17002.49,0,0,91932.78,0,0,1,1,319129.8,1,0,0
C76L48,48,76,-1492500,-1057500,1,0,0,1,0,1,0,12985.82,0,0,89500.98,0,0,1,1,314235.9,1,0,0
C77L48,48,77,-1487500,-1057500,1,0,0,1,0,1,0,8674.199,0,0,86036.17,0,0,1,1,309345.4,1,0,0
C78L48,48,78,-1482500,-1057500,1,0,0,1,0,1,0,5407.005,0,0,82702.45,0,0,1,1,304458.4,1,0,0.007789232896
C79L48,48,79,-1477500,-1057500,0.980548,0,0.019452,0.980548,0,0.980548,0,1159.781,0,0,79543.49,0,0.2842486,0.7408743,1.0251229,299575.1,1,0,0.01262889628
C80L48,48,80,-1472500,-1057500,0.95269397,0.01378446,0.03352157,0.92073912,0.04573931,0.917293,0.04918543,3730.307,0,0,76580.94,0,0.6587858,0.3470631,1.0058489,294695.8,2,0.035,0.02188493207
C81L48,48,81,-1467500,-1057500,0.930804,0.01403062,0.05516538,0.930804,0.01403062,0.930804,0.01403062,7232.558,0,0,73838.42,0,1,0,1,289820.6,2,0,0.01781046191
C82L48,48,82,-1462500,-1057500,0.990602,0.000626566,0.008771434,0.990602,0.000626566,0.990602,0.000626566,11497.6,0,0,71341.32,0,1,0,1,284949.7,2,0,0.008280671779
C83L48,48,83,-1457500,-1057500,0.985013,0,0.014987,0.985013,0,0.985013,0,13369.74,0,0,69061.6,0,1,0,1,280083.3,2,0,0.006621990377
C84L48,48,84,-1452500,-1057500,0.974937,0,0.025063,0.974937,0,0.974937,0,11532.19,0,0,66892.68,0,1,0,1,275221.8,2,0,0.005017156789
C85L48,48,85,-1447500,-1057500,0.974311,0,0.025689,0.974311,0,0.974311,0,11714.65,0,0,65029.08,0,1,0,1,270365.3,2,0,0.004957916011
C86L48,48,86,-1442500,-1057500,1,0,0,1,0,1,0,13837.43,0,0,63505.37,0,1,0,1,265514.1,2,0,0.005135858727
C87L48,48,87,-1437500,-1057500,1,0,0,1,0,1,0,14194.06,0,0,62167.36,0,1,0,1,260668.6,2,0,0.005200078058
C88L48,48,88,-1432500,-1057500,1,0,0,1,0,1,0,11949.27,0,0,60829.41,0,1,0,1,255828.9,2,0,0.00532820438
C89L48,48,89,-1427500,-1057500,1,0,0,1,0,1,0,9135.145,0,0,59362.17,0,1,0,1,250995.6,2,0,0.006413218155
C90L48,48,90,-1422500,-1057500,0.984056,0.008609693,0.007334307,0.984056,0.008609693,0.984056,0.008609693,7947.381,0.04324581,0,57786.01,0,0.9623831,0,1.00562891,246169,2,0,0.01345892078
C91L48,48,91,-1417500,-1057500,0.952694,0.000313283,0.046992717,0.952694,0.000313283,0.952694,0.000313283,4930.883,0.6925771,0,56209.85,0,0.3025611,0,0.9951382,241349.4,1,0,0.008815905689
C92L48,48,92,-1412500,-1057500,1,0,0,1,0,1,0,4496.598,0.05137247,0,54786.2,0,0.9392259,0,0.99059837,236537.2,2,0,0.008037841696
C93L48,48,93,-1407500,-1057500,1,0,0,1,0,1,0,2565.836,0,0,53607.22,0,1,0,1,231733.1,2,0,0.005484876803
C94L48,48,94,-1402500,-1057500,1,0,0,1,0,1,0,1283.163,0.00308067,0,52430.2,0,0.8259537,0.05201831,0.88105268,226937.4,2,0,0.004745027561
C95L48,48,95,-1397500,-1057500,1,0,0,1,0,1,0,428.6717,0,0,51253.17,0,0.01557318,0.9047596,0.92033278,222150.7,1,0,0
C96L48,48,96,-1392500,-1057500,1,0,0,1,0,1,0,2366.527,0,0,49490.03,0,0,1,1,217373.6,1,0,0
C97L48,48,97,-1387500,-1057500,1,0,0,1,0,1,0,1967.111,0,0,47507.67,0,0,1,1,212606.8,1,0,0
C98L48,48,98,-1382500,-1057500,1,0,0,1,0,1,0,92.42014,0,0,45525.31,0,0.4012677,1,1.4012677,207850.9,1,0,0
C99L48,48,99,-1377500,-1057500,1,0,0,1,0,1,0,568.5268,0,0,43542.95,0,0.8984524,1,1.8984524,203106.7,2,0,0
C100L48,48,100,-1372500,-1057500,1,0,0,1,0,1,0,2549.999,0,0,41560.59,0,0.9666928,1,1.9666928,198375.1,2,0,0
C101L48,48,101,-1367500,-1057500,0.992985,0.00701531,-3.1e-07,0.992985,0.00701531,0.992985,0.00701531,2194.261,0,0,39316.84,0,0.1293712,1,1.1293712,193657,1,0,0.00701531
C102L48,48,102,-1362500,-1057500,0.984336,0.015664203,-2.03e-07,0.984336,0.015664203,0.984336,0.015664203,1845.851,0,0,36864.99,0,0,1,1,188953.5,1,0,0.015664203
C103L48,48,103,-1357500,-1057500,0.998434,0.00156642,-4.2e-07,0.998434,0.00156642,0.998434,0.00156642,4418.208,0,0,34413.14,0,0,1,1,184265.5,1,0,0.001638704549
C104L48,48,104,-1352500,-1057500,1,0,0,1,0,1,0,8300.738,0,0,31961.29,0,0,1,1,179594.3,1,0,0.0001630832041
C105L48,48,105,-1347500,-1057500,1,0,0,1,0,1,0,9375.484,0,0,29509.44,0,0,1,1,174941.3,1,0,0.0002365007693
C106L48,48,106,-1342500,-1057500,1,0,0,1,0,1,0,10190.85,0,0,27057.59,0.6663747,0,1,1,170308,1,0,0.01514042501
C107L48,48,107,-1337500,-1057500,1,0,0,1,0,1,0,13031.01,0,0,24605.75,1,0,1,1,165696,1,0,0.02382262072
C108L48,48,108,-1332500,-1057500,0.995536,0.004464283,-2.83e-07,0.995536,0.004464283,0.995536,0.004464283,13446.43,0,0,22153.9,1,0,1,1,161107.2,1,0,0.02732607529
C109L48,48,109,-1327500,-1057500,0.993421,0.00657895,5e-08,0.993421,0.00657895,0.993421,0.00657895,9929.315,0,0,19740.77,1,0,1,1,156543.6,1,0,0.03157266143
C110L48,48,110,-1322500,-1057500,0.955357313,0.04464284,-1.53e-07,0.949298633,0.05070152,0.948342,0.051658153,7584.47,0,0,18065.15,1,0,1,1,152007.4,1,0.007,0.05507498699
C111L48,48,111,-1317500,-1057500,0.97775661,0.022243086,3.04e-07,0.97775661,0.022243086,0.964912,0.035087696,5495.745,0,0,16652.83,1,0,0.8114714,0.8114714,147501.2,1,0.013,0.0486622728
C112L48,48,112,-1312500,-1057500,0.999373,0.000626566,4.34e-07,0.999373,0.000626566,0.999373,0.000626566,2762.077,0,0,15362.87,1,0,0.005227031,0.005227031,143027.8,1,0,0.05373369916
C113L48,48,113,-1307500,-1057500,0.86798423,0.132015338,4.32e-07,0.837372,0.162627568,0.795599,0.204400568,1701.877,0,0,14971.79,1,0,0,0,138590.4,1,0.072,0.1332875108
C114L48,48,114,-1302500,-1057500,0.89724349,0.10275684,-3.3e-07,0.87969963,0.1203007,0.838033,0.16196733,1238.116,0,0,14651.36,1,0,0,0,134192.6,1,0.059,0.1155296513
C115L48,48,115,-1297500,-1057500,0.995217,0.004783163,-1.63e-07,0.995217,0.004783163,0.995217,0.004783163,683.9989,0,0,14575.86,0.9490289,0,0,0,129838.4,1,0,0.05376137772
C116L48,48,116,-1292500,-1057500,0.99060118,0.0093985,3.2e-07,0.97556358,0.0244361,0.925125,0.07487468,2643.119,0,0,14521,0.9730433,0,0,0,125532.3,1,0.065,0.06566142379
C117L48,48,117,-1287500,-1057500,0.84598171,0.15401788,4.1e-07,0.821747,0.17825259,0.787946,0.21205359,1534.788,0,0,14232.19,1,0,0,0,121279.5,1,0.058,0.1544409385
C118L48,48,118,-1282500,-1057500,0.9617798,0.03822056,-3.6e-07,0.95927353,0.04072683,0.931078,0.06892236,3663.177,0,0,12306.33,1,0,0,0,117085.7,1,0.031,0.1135816339
C119L48,48,119,-1277500,-1057500,0.66932447,0.27774228,0.05293325,0.6476408,0.29942595,0.595026,0.35204075,5491.813,0,0,9978.753,0.940935,0,0,0,112957.6,1,0.074,0.27774228
C120L48,48,120,-1272500,-1057500,0.32236837,0.15570179,0.52192984,0.29887217,0.17919799,0.278822,0.19924816,4342.08,0,0,8170.388,0.3677895,0,0,0,108902.6,1,0.044,0.15570179
C121L48,48,121,-1267500,-1057500,0.37625266,0.12218052,0.50156682,0.369987,0.12844618,0.369987,0.12844618,1267.414,0,0,8111.66,0.1350125,0,0,0,104929.2,1,0.006,0.1279970591
C122L48,48,122,-1262500,-1057500,0.1728315,0.035395398,0.791773102,0.1562499,0.051976998,0.15338,0.054846898,991.6091,0,0,6874.289,0,0,0,0,101047,1,0.019,0.05959369043
C123L48,48,123,-1257500,-1057500,0.03289478,0.8020055,0.16509972,0.02976195,0.80513833,0.0250627,0.80983758,3298.789,0,0,2692.721,0,0,0,0,97266.85,1,0.008,0.8020055
C124L48,48,124,-1252500,-1057500,0.248724,0.4958546,0.2554214,0.248724,0.4958546,0.248724,0.4958546,8142.323,0,0,1488.847,0,0,0,0,93601.25,1,0,0.4958546
C125L48,48,125,-1247500,-1057500,0.381579,0.02380952,0.59461148,0.381579,0.02380952,0.381579,0.02380952,13092.06,0,0,5670.415,0,0,0,0,90064.14,1,0,0.07036700408
C126L48,48,126,-1242500,-1057500,0.869579283,0.040497405,0.089923312,0.865115,0.044961688,0.865115,0.044961688,11033.35,0,0,9851.983,0,0,0,0,86671.23,1,0.004,0.08779867251
C127L48,48,127,-1237500,-1057500,0.97117808,0.0263158,0.00250612,0.96804525,0.02944863,0.963346,0.03414788,9956.724,0,0,14033.55,0.2671265,0,0,0,83440.14,1,0.008,0.06062304352
C128L48,48,128,-1232500,-1057500,0.997768,0,0.002232,0.997768,0,0.997768,0,7811.505,0,0,18215.12,0.6912906,0,0,0,80390.36,1,0,0.04733491794
C129L48,48,129,-1227500,-1057500,0.95018788,0.047619016,0.002193104,0.930451,0.067355896,0.930451,0.067355896,8234.195,0,0,22396.69,0.9571756,0,0,0,77543.31,1,0.02,0.07515293843
C130L48,48,130,-1222500,-1057500,0.88314576,0.11058892,0.00626532,0.87750666,0.11622802,0.871241,0.12249368,10477.17,0,0,26429.97,0.7554561,0,0,0,74922.08,1,0.012,0.11058892
C131L48,48,131,-1217500,-1057500,0.89923477,0.09885209,0.00191314,0.88424753,0.11383933,0.880421,0.11766586,11101.5,0,0.5,30246.07,0.8664378,0,0,0,72551.17,1,0.019,0.1101881364
C132L48,48,132,-1212500,-1057500,0.97337142,0.025062693,0.001565887,0.971805,0.026629113,0.971805,0.026629113,11643.73,0,0.5,33960.69,0.1898726,0,0,0,70455.85,1,0.002,0.08465120143
C133L48,48,133,-1207500,-1057500,0.713329,0.28603341,0.00063759,0.713329,0.28603341,0.713329,0.28603341,10593.48,0,1,37391.82,0,0,0,0,68661.35,1,0,0.28603341
C134L48,48,134,-1202500,-1057500,0.841792,0.03916043,0.11904757,0.841792,0.03916043,0.841792,0.03916043,11454.65,0,1,40822.95,0,0,0,0,67191.77,1,0,0.1468172101
C135L48,48,135,-1197500,-1057500,0.52582862,0.396046295,0.078125085,0.4697062,0.452168715,0.449298,0.472576915,14148.68,0,1,44254.08,0.02448841,0,0,0,66068.82,1,0.077,0.396046295
C136L48,48,136,-1192500,-1057500,0.4658523,0.48057608,0.05357162,0.3928573,0.55357108,0.357143,0.58928538,15301.14,0,1,47685.21,0.8583765,0,0,0,65310.36,1,0.109,0.48057608
C137L48,48,137,-1187500,-1057500,0.48852079,0.51147923,-2e-08,0.42091869,0.57908133,0.378508,0.62149202,15236.53,0,1,51116.34,0.7641848,0,0,0,64929.17,1,0.11,0.516442965
C138L48,48,138,-1182500,-1057500,0.6970554,0.30294487,-2.7e-07,0.5529451,0.44705517,0.425752,0.57424827,13736.12,0,1,54547.47,0.2848041,0,0,0,64931.89,1,0.271,0.3930814223
C139L48,48,139,-1177500,-1057500,0.4871557,0.51284493,-6.3e-07,0.47869706,0.52130357,0.445489,0.55451163,12165.11,0,1,57969.86,0.008859791,0,0,0,65318.49,1,0.042,0.51284493
C21L49,49,21,-1767500,-1062500,0.326635,0,0.673365,0.326635,0,0.326635,0,16352.76,0,0,108514.7,0,0.3554788,0,0.3554788,585534.7,1,0,0.0003000655058
C22L49,49,22,-1762500,-1062500,0.889314,0,0.110686,0.889314,0,0.889314,0,19128.87,0,0,110402.5,0,0.9116405,0,0.9116405,580561.2,2,0,0.0009157697707
C23L49,49,23,-1757500,-1062500,0.989935,0,0.010065,0.989935,0,0.989935,0,20345.04,0,0,112290.2,0,1,0,1,575588.1,2,0,0.001449698184
C24L49,49,24,-1752500,-1062500,0.974163,0,0.025837,0.974163,0,0.974163,0,22625.81,0,0,114178.7,0,1,0,1,570615.4,2,0,0.001643582019
C25L49,49,25,-1747500,-1062500,0.989286,0,0.010714,0.989286,0,0.989286,0,25516.03,0,0,116174.7,0,1,0,1,565643.3,2,0,0.001780604674
C26L49,49,26,-1742500,-1062500,0.996172,0,0.003828,0.996172,0,0.996172,0,27144.91,0,0,118348.4,0,1,0,1,560671.6,2,0,0.001489496399
C27L49,49,27,-1737500,-1062500,0.996753,0,0.003247,0.996753,0,0.996753,0,22502.64,0,0,120690.3,0,0.3017525,0.6774345,0.979187,555700.5,1,0,0
C28L49,49,28,-1732500,-1062500,0.988517,0,0.011483,0.988517,0,0.988517,0,18052.45,0,0,123190.7,0,0,1,1,550729.9,1,0,0.001915045312
C29L49,49,29,-1727500,-1062500,0.97857143,0.013311687,0.008116883,0.975,0.016883117,0.975,0.016883117,13979.03,0,0,125840.1,0,0,1,1,545759.8,1,0.004,0.02252970582
C30L49,49,30,-1722500,-1062500,0.86921824,0.13078145,3.1e-07,0.7910683,0.20893139,0.780223,0.21977669,9912.368,0,0,128629.4,0,0,1,1,540790.2,1,0.089,0.13078145
C31L49,49,31,-1717500,-1062500,0.99999983,0,1.7e-07,0.99999983,0,0.997448,0.00255183,6082.988,0,0,129786.4,0,0,1,1,535821.3,1,0.003,0.01126311111
C32L49,49,32,-1712500,-1062500,1,0,0,1,0,1,0,2753.242,0,0,129539.4,0,0,1,1,530852.9,1,0,0.0005967022646
C33L49,49,33,-1707500,-1062500,0.986603,0,0.013397,0.986603,0,0.986603,0,1639.951,0,0,129463.5,0,0,1,1,525885.1,1,0,0
C34L49,49,34,-1702500,-1062500,0.996753,0.000649351,0.002597649,0.996753,0.000649351,0.996753,0.000649351,6349.485,0,0,129414.2,0,0,1,1,520917.9,1,0,0.000649351
C35L49,49,35,-1697500,-1062500,0.996172,0,0.003828,0.996172,0,0.996172,0,11303.8,0,0,129364.9,0,0,1,1,515951.4,1,0,0
C36L49,49,36,-1692500,-1062500,1,0,0,1,0,1,0,13796.22,0,0,129315.7,0,0,1,1,510985.5,1,0,0
C37L49,49,37,-1687500,-1062500,0.97799,0,0.02201,0.97799,0,0.97799,0,12864.69,0,0,129266.4,0,0,1,1,506020.3,1,0,0
C38L49,49,38,-1682500,-1062500,0.96039,0,0.03961,0.96039,0,0.96039,0,13650.03,0,0,129217.1,0,0,1,1,501055.8,1,0,0
C39L49,49,39,-1677500,-1062500,0.965869,0.003508769,0.030622231,0.965869,0.003508769,0.965869,0.003508769,15156.57,0,0,129167.9,0,0,1,1,496092,1,0,0.003508769
C40L49,49,40,-1672500,-1062500,0.941627,0,0.058373,0.941627,0,0.941627,0,17389.97,0,0,128916.5,0,0,1,1,491128.9,1,0,0
C41L49,49,41,-1667500,-1062500,1,0,0,1,0,1,0,19573.1,0,0,128411.3,0,0,1,1,486166.6,1,0,0
C42L49,49,42,-1662500,-1062500,0.99681,0,0.00319,0.99681,0,0.99681,0,21543.21,0,0,127541.7,0,0,1,1,481205.1,1,0,0
C43L49,49,43,-1657500,-1062500,1,0,0,1,0,1,0,21612.63,0,0,126466.5,0,0.5918525,0.3756703,0.9675228,476244.4,2,0,0.008830703041
C44L49,49,44,-1652500,-1062500,0.91355663,0.08644332,5e-08,0.907815,0.09218495,0.907815,0.09218495,22066.31,0,0,125577.8,0,1,0,1,471284.5,2,0.006,0.08644332
C45L49,49,45,-1647500,-1062500,1,0,0,1,0,1,0,23391.44,0,0,124883.2,0,0.7900372,0,0.7900372,466325.4,2,0,0.02138599256
C46L49,49,46,-1642500,-1062500,0.994258,0.005422649,0.000319351,0.994258,0.005422649,0.994258,0.005422649,22869.65,0,0,124385.8,0,0.0005852437,0,0.0005852437,461367.3,1,0,0.03278930511
C47L49,49,47,-1637500,-1062500,0.93084408,0.069155831,8.9e-08,0.9175324,0.082467511,0.889935,0.110064911,22459.89,0,0,124009.9,0,0,0,0,456410,1,0.041,0.069155831
C48L49,49,48,-1632500,-1062500,1,0,0,1,0,1,0,19521.91,0,0,123635.4,0,0,0,0,451453.7,1,0,0.02440478488
C49L49,49,49,-1627500,-1062500,0.988836,0.01116428,-2.8e-07,0.988836,0.01116428,0.988836,0.01116428,15189.83,0,0,123005.4,0,0,0,0,446498.4,1,0,0.01471329931
C50L49,49,50,-1622500,-1062500,1,0,0,1,0,1,0,10546.49,0,0,121370.8,0,0,0,0,441544.1,1,0,0.007877288042
C51L49,49,51,-1617500,-1062500,0.996491,0.00350877,2.3e-07,0.996491,0.00350877,0.996491,0.00350877,5974.367,0,0,119174.6,0,0,0,0,436590.8,1,0,0.007945086919
C52L49,49,52,-1612500,-1062500,1,0,0,1,0,1,0,2987.839,0,0,117112.7,0,0,0,0,431638.6,1,0,0.006167297369
C53L49,49,53,-1607500,-1062500,1,0,0,1,0,1,0,124.0177,0,0,115231,0,0.1334875,0,0.1334875,426687.5,1,0,0.004224836747
C54L49,49,54,-1602500,-1062500,1,0,0,1,0,1,0,4706.832,0,0,113538.4,0,0.9866645,0,0.9866645,421737.6,2,0,0.00366609909
C55L49,49,55,-1597500,-1062500,1,0,0,1,0,1,0,9213.196,0,0,112043.6,0,1,0,1,416788.8,2,0,0.003778152117
C56L49,49,56,-1592500,-1062500,1,0,0,1,0,1,0,13727.6,0,0,110754.5,0,1,0,1,411841.4,2,0,0.003751280341
C57L49,49,57,-1587500,-1062500,1,0,0,1,0,1,0,10091.09,0,0,109678.4,0,1,0,1,406895.1,2,0,0.003821004269
C58L49,49,58,-1582500,-1062500,1,0,0,1,0,1,0,5537.615,0,0,108821.6,0,1,0,1,401950.3,2,0,0.003425265657
C59L49,49,59,-1577500,-1062500,1,0,0,1,0,1,0,1425.144,0,0,108189.4,0,1,0,1,397006.8,2,0,0.003822125209
C60L49,49,60,-1572500,-1062500,1,0,0,1,0,1,0,2999.723,0,0,107785.6,0,0.9937693,0,0.9937693,392064.7,2,0,0.0049638156
C61L49,49,61,-1567500,-1062500,1,0,0,1,0,1,0,7046.221,0,0,107554.8,0,0.538645,0,0.538645,387124.1,2,0,0.006021544055
C62L49,49,62,-1562500,-1062500,1,0,0,1,0,1,0,10754.44,0,0,107066.8,0,0,0,0,382185.1,1,0,0.006960535611
C63L49,49,63,-1557500,-1062500,1,0,0,1,0,1,0,11316.55,0,0,105738.5,0,0,0,0,377247.6,1,0,0.01131917234
C64L49,49,64,-1552500,-1062500,1,0,0,1,0,1,0,11889.61,0,0,104410.1,0,8.908653e-05,0,8.908653e-05,372311.9,1,0,0.01874222164
C65L49,49,65,-1547500,-1062500,0.970455,0.029545407,-4.07e-07,0.970455,0.029545407,0.970455,0.029545407,14253.81,0,0,103087,0,0.02950138,0.04469022,0.0741916,367377.8,1,0,0.04742378169
C66L49,49,66,-1542500,-1062500,0.825518,0.17448206,-6e-08,0.825518,0.17448206,0.825518,0.17448206,16575.74,0,0,101922,0,0.5344262,0.1409211,0.6753473,362445.6,2,0,0.17448206
C67L49,49,67,-1537500,-1062500,0.93365185,0.066347728,4.22e-07,0.931419,0.068580578,0.931419,0.068580578,18338.76,0,0,100991.4,0,0.4213085,0.04307219,0.46438069,357515.3,1,0.002,0.07813086029
C68L49,49,68,-1532500,-1062500,0.85487051,0.14512938,1.1e-07,0.848377,0.15162289,0.848377,0.15162289,20542.02,0,0,100301.7,0,0.1858357,0.6862034,0.8720391,352586.9,1,0.006,0.14512938
C69L49,49,69,-1527500,-1062500,1,0,0,1,0,1,0,23125.9,0,0,99857.94,0,0.9928932,0.01033324,1.00322644,347660.6,2,0,0.02291093536
C70L49,49,70,-1522500,-1062500,1,0,0,1,0,1,0,26342.1,0,0,99663.33,0,0.6304069,0.3570139,0.9874208,342736.4,2,0,0.002257990537
C71L49,49,71,-1517500,-1062500,1,0,0,1,0,1,0,25935.57,0,0,99719.35,0,0,1,1,337814.5,1,0,0
C72L49,49,72,-1512500,-1062500,1,0,0,1,0,1,0,22281.29,0,0,99999.41,0,0,1,1,332894.8,1,0,0
C73L49,49,73,-1507500,-1062500,1,0,0,1,0,1,0,19242.09,0,0,98726.22,0,0,1,1,327977.6,1,0,0
C74L49,49,74,-1502500,-1062500,1,0,0,1,0,1,0,16929,0,0,97682.09,0,0,1,1,323063,1,0,0
C75L49,49,75,-1497500,-1062500,1,0,0,1,0,1,0,13709.94,0,0,96571.13,0,0,1,1,318150.9,1,0,0
C76L49,49,76,-1492500,-1062500,1,0,0,1,0,1,0,9946.737,0,0,93103.53,0,0,1,1,313241.7,1,0,0
C77L49,49,77,-1487500,-1062500,1,0,0,1,0,1,0,6847.216,0,0,89753.77,0,0,1,1,308335.4,1,0,0.007505994399
C78L49,49,78,-1482500,-1062500,0.93748034,0.042424209,0.020095451,0.92791096,0.051993589,0.911962,0.067942549,1869.376,0,0,86563.34,0,0,0.9359513,0.9359513,303432.2,1,0.026,0.04436805928
C79L49,49,79,-1477500,-1062500,0.77045441,0.162012951,0.067532639,0.72597391,0.206493451,0.716883,0.215584361,1316.888,0,0,83550.49,0,0,0.5644916,0.5644916,298532.1,1,0.054,0.162012951
C80L49,49,80,-1472500,-1062500,0.889633249,0.04848483,0.061881921,0.878468979,0.0596491,0.87815,0.059968079,4878.442,0,0,80735.1,0,0.7669703,0.1095135,0.8764838,293635.5,2,0.011,0.04851809913
C81L49,49,81,-1467500,-1062500,0.982143,0.00519481,0.01266219,0.982143,0.00519481,0.982143,0.00519481,9492.108,0,0,78138.52,0,1,0,1,288742.4,2,0,0.01240041661
C82L49,49,82,-1462500,-1062500,1,0,0,1,0,1,0,14199.7,0,0,75781.28,0,1,0,1,283853,2,0,0.006143765584
C83L49,49,83,-1457500,-1062500,0.963312,0,0.036688,0.963312,0,0.963312,0,17809.78,0,0,73533.12,0,1,0,1,278967.5,2,0,0.004948326388
C84L49,49,84,-1452500,-1062500,0.97193,0,0.02807,0.97193,0,0.97193,0,16475.12,0,0,71493.15,0,1,0,1,274086.1,2,0,0.004924908668
C85L49,49,85,-1447500,-1062500,1,0,0,1,0,1,0,16603.35,0,0,69752.57,0,1,0,1,269209.1,2,0,0.005086230729
C86L49,49,86,-1442500,-1062500,0.984416,0,0.015584,0.984416,0,0.984416,0,13438.11,0,0,68322.97,0,1,0,1,264336.8,2,0,0.005068076421
C87L49,49,87,-1437500,-1062500,1,0,0,1,0,1,0,9966.056,0,0,66985.02,0,1,0,1,259469.2,2,0,0.005215062991
C88L49,49,88,-1432500,-1062500,1,0,0,1,0,1,0,7825.165,0,0,65647.08,0,1,0,1,254606.8,2,0,0.005347519192
C89L49,49,89,-1427500,-1062500,1,0,0,1,0,1,0,4879.796,0,0,64107.24,0,1,0,1,249749.8,2,0,0.006418804417
C90L49,49,90,-1422500,-1062500,0.977922,0.01298701,0.00909099,0.977922,0.01298701,0.977922,0.01298701,3310.646,0.2465042,0,62531.09,0,0.76791,0,1.0144142,244898.6,2,0,0.01547214817
C91L49,49,91,-1417500,-1062500,0.951196,0.044976117,0.003827883,0.951196,0.044976117,0.951196,0.044976117,882.7818,0.9804424,0,60961.81,0,0.02403438,0,1.00447678,240053.5,1,0,0.044976117
C92L49,49,92,-1412500,-1062500,1,0,0,1,0,1,0,608.0814,0.8818889,0,59643.73,0,0.1182449,0,1.0001338,235214.9,1,0,0.007655595833
C93L49,49,93,-1407500,-1062500,1,0,0,1,0,1,0,1194.929,0.725678,0,58466.71,0,0.2726383,0.4608976,1.4592139,230383.2,1,0,0.002145704141
C94L49,49,94,-1402500,-1062500,1,0,0,1,0,1,0,1617.923,0.2837993,0,57289.68,0,0.02366201,0.9102973,1.21775861,225558.8,1,0,0
C95L49,49,95,-1397500,-1062500,0.999675,0,0.000325,0.999675,0,0.999675,0,951.5836,0,0,56062.63,0,0,1,1,220742.2,1,0,0
C96L49,49,96,-1392500,-1062500,1,0,0,1,0,1,0,618.5863,0,0,54080.27,0,0,1,1,215933.9,1,0,0
C97L49,49,97,-1387500,-1062500,1,0,0,1,0,1,0,197.1506,0,0,52097.91,0,0,1,1,211134.6,1,0,0
C98L49,49,98,-1382500,-1062500,1,0,0,1,0,1,0,998.4609,0,0,50115.55,0,0.04623858,1,1.04623858,206344.8,1,0,0
C99L49,49,99,-1377500,-1062500,1,0,0,1,0,1,0,453.2091,0,0,48133.19,0,0.8422816,1,1.8422816,201565.2,2,0,0
C100L49,49,100,-1372500,-1062500,1,0,0,1,0,1,0,4633.046,0,0,46126.26,0,0.6591213,1,1.6591213,196796.5,2,0,0
C101L49,49,101,-1367500,-1062500,1,0,0,1,0,1,0,6758.09,0,0,43674.41,0,0,1,1,192039.7,1,0,0
C102L49,49,102,-1362500,-1062500,1,0,0,1,0,1,0,6181.734,0,0,41222.56,0,0,1,1,187295.4,1,0,0
C103L49,49,103,-1357500,-1062500,1,0,0,1,0,1,0,8821.678,0,0,38770.71,0,0,1,1,182564.9,1,0,0
C104L49,49,104,-1352500,-1062500,1,0,0,1,0,1,0,11457.4,0,0,36318.87,0,0,1,1,177849.1,1,0,0
C105L49,49,105,-1347500,-1062500,1,0,0,1,0,1,0,14360.26,0,0,33867.02,0,0,1,1,173149.2,1,0,0.0003757299919
C106L49,49,106,-1342500,-1062500,0.998052,0.00194805,-5e-08,0.998052,0.00194805,0.998052,0.00194805,14905.4,0,0,31415.17,0.7791311,0,1,1,168466.6,1,0,0.01877419206
C107L49,49,107,-1337500,-1062500,1,0,0,1,0,1,0,13590.69,0,0,28963.32,1,0,1,1,163802.8,1,0,0.02403984702
C108L49,49,108,-1332500,-1062500,1,0,0,1,0,1,0,10020.29,0,0,26511.47,1,0,1,1,159159.4,1,0,0.02512609136
C109L49,49,109,-1327500,-1062500,0.99362,0.00637958,4.2e-07,0.99362,0.00637958,0.99362,0.00637958,6436.131,0,0,24340.58,1,0,1,1,154538.2,1,0,0.03220417026
C110L49,49,110,-1322500,-1062500,0.972078026,0.02792207,-9.6e-08,0.971104,0.028896096,0.971104,0.028896096,2898.424,0,0,22861.54,1,0,1,1,149941.4,1,0.001,0.04797953223
C111L49,49,111,-1317500,-1062500,0.96714466,0.032854859,4.81e-07,0.96491181,0.035087709,0.962041,0.037958519,1017.375,0,0,21449.22,1,0,0.5456875,0.5456875,145371.1,1,0.005,0.05948274917
C112L49,49,112,-1312500,-1062500,0.9795855,0.02041467,-1.7e-07,0.9795855,0.02041467,0.97193,0.02807017,248.731,0,0,20314.59,1,0,0,0,140830.1,1,0.008,0.07371478838
C113L49,49,113,-1307500,-1062500,0.875649436,0.12435059,-2.6e-08,0.85616893,0.143831096,0.835065,0.164935026,3239.294,0,0,19961.51,1,0,0,0,136321.2,1,0.041,0.1326089052
C114L49,49,114,-1302500,-1062500,0.96172288,0.038277509,-3.89e-07,0.96172288,0.038277509,0.944498,0.055502389,2839.97,0,0,19643.71,1,0,0,0,131847.8,1,0.017,0.08184743399
C115L49,49,115,-1297500,-1062500,0.991558,0.008441557,4.43e-07,0.991558,0.008441557,0.991558,0.008441557,5538.192,0,0,19575.56,0.6450086,0,0,0,127413.4,1,0,0.04195925236
C116L49,49,116,-1292500,-1062500,0.951515219,0.048484888,-1.07e-07,0.94577359,0.054226517,0.939394,0.060606107,7600.669,0,0,19520.7,0.3785671,0,0,0,123022.5,1,0.012,0.06984949222
C117L49,49,117,-1287500,-1062500,0.87922064,0.12077918,1.8e-07,0.85974011,0.14025971,0.842857,0.15714282,6258.222,0,0,19059.11,0.7220342,0,0,0,118679.8,1,0.036,0.12201673
C118L49,49,118,-1282500,-1062500,0.95725657,0.042743245,1.85e-07,0.94545434,0.054545475,0.903987,0.096012815,7365.098,0,0,16731.53,0.6690225,0,0,0,114390.8,1,0.053,0.09233171472
C119L49,49,119,-1277500,-1062500,0.8350653,0.110389656,0.054545044,0.8350653,0.110389656,0.823377,0.122077956,6415.668,0,0,14424.44,0.5747526,0,0,0,110161.7,1,0.012,0.1275501825
C120L49,49,120,-1272500,-1062500,0.66634771,0.17511965,0.15853264,0.63923451,0.20223285,0.600319,0.24114836,2616.068,0,0,13145.86,0.8197336,0,0,0,105999.8,1,0.066,0.1752773539
C121L49,49,121,-1267500,-1062500,0.3684209,0.093779886,0.537799214,0.366826,0.095374786,0.366826,0.095374786,487.4926,0,0,13111.65,0.4754351,0,0,0,101913.2,1,0.002,0.093779886
C122L49,49,122,-1262500,-1062500,0.581494,0.0038961,0.4146099,0.581494,0.0038961,0.581494,0.0038961,1799.879,0,0,9615.546,0,0,0,0,97911.5,1,0,0.07677580593
C123L49,49,123,-1257500,-1062500,0.40319,0.570334639,0.026475361,0.40319,0.570334639,0.40319,0.570334639,6005.925,0,0,5433.978,0,0,0,0,94005.41,1,0,0.570334639
C124L49,49,124,-1252500,-1062500,0.063961,0.62012973,0.31590927,0.063961,0.62012973,0.063961,0.62012973,9783.891,0,0,1252.41,0,0,0,0,90207.38,1,0,0.62012973
C125L49,49,125,-1247500,-1062500,0.445295,0.288676359,0.266028641,0.445295,0.288676359,0.445295,0.288676359,14330.11,0,0,2929.158,0,0,0,0,86531.64,1,0,0.3043260248
C126L49,49,126,-1242500,-1062500,0.64999971,0.13603899,0.2139613,0.6435062,0.1425325,0.635714,0.1503247,15909.32,0,0.25,7110.726,0,0,0,0,82994.45,1,0.014,0.1821264382
C127L49,49,127,-1237500,-1062500,0.82488027,0.17511958,1.5e-07,0.81786273,0.18213712,0.813716,0.18628385,14324.74,0,0.2,11292.29,0.2009118,0,0,0,79614.28,1,0.011,0.1871638537
C128L49,49,128,-1232500,-1062500,0.87694784,0.12305197,1.9e-07,0.86071408,0.13928573,0.857792,0.14220781,12727.16,0,0.5,15473.86,0.5151036,0,0,0,76411.95,1,0.019,0.132425614
C129L49,49,129,-1227500,-1062500,0.9145139,0.08548641,-3.1e-07,0.90111677,0.09888354,0.897608,0.10239231,12990.88,0,0.5,19383.17,0.4072878,0,0,0,73410.77,1,0.017,0.09231221962
C130L49,49,130,-1222500,-1062500,0.9661886,0.033811819,-4.19e-07,0.9543864,0.045614019,0.945136,0.054864419,14977.77,0,0.5,23199.27,0.01203798,0,0,0,70636.36,1,0.021,0.05410234666
C131L49,49,131,-1217500,-1062500,0.96980569,0.030194807,-4.97e-07,0.96590959,0.034090907,0.956494,0.043506497,15959.31,0,0.5,26892.62,0.8235255,0,0,0,68116.44,1,0.013,0.06648042146
C132L49,49,132,-1212500,-1062500,0.985327,0.013078159,0.001594841,0.985327,0.013078159,0.985327,0.013078159,16331.87,0,1,30323.75,0.6452468,0,0,0,65880.22,1,0,0.07686329191
C133L49,49,133,-1207500,-1062500,0.732792,0.25616931,0.01103869,0.732792,0.25616931,0.732792,0.25616931,15588.5,0,1,33754.88,0.0009202,0,0,0,63957.46,1,0,0.25616931
C134L49,49,134,-1202500,-1062500,0.63126,0.3432219,0.0255181,0.63126,0.3432219,0.63126,0.3432219,13940.64,0,1,37186.01,0,0,0,0,62377.17,1,0,0.3432219
C135L49,49,135,-1197500,-1062500,0.68831119,0.2435061,0.06818271,0.66136313,0.27045416,0.643506,0.28831129,11193.08,0,1,40617.14,0.003167989,0,0,0,61165.88,1,0.045,0.2780178996
C136L49,49,136,-1192500,-1062500,0.46826117,0.5288677,0.00287113,0.38373167,0.6133972,0.333014,0.66411487,10306.74,0,1,44048.27,0.9690463,0,0,0,60345.83,1,0.135,0.5288677
C137L49,49,137,-1187500,-1062500,0.38993496,0.6058446,0.00422044,0.33376613,0.66201343,0.290909,0.70487056,10932.94,0,1,47479.4,1,0,0,0,59933.07,1,0.099,0.6058446
C138L49,49,138,-1182500,-1062500,0.47974509,0.51674605,0.00350886,0.4124405,0.58405064,0.34386,0.65263114,8877.678,0,1,50902.65,1,0,0,0,59936.02,1,0.136,0.5283168268
C139L49,49,139,-1177500,-1062500,0.4966508,0.49984044,0.00350876,0.3875599,0.60893134,0.293461,0.70303024,7556.39,0,1,54319.54,0.4027387,0,0,0,60354.63,1,0.203,0.49984044
C140L49,49,140,-1172500,-1062500,0.63733793,0.35909066,0.00357141,0.603247,0.39318159,0.555195,0.44123359,6148.688,0,0.5,57736.44,0,0,0,0,61180.35,1,0.082,0.3612635602
C141L49,49,141,-1167500,-1062500,0.845295139,0.154385879,0.000318982,0.817862959,0.181818059,0.817225,0.182456018,3785.186,0,0.5,55756.61,0,0,0,0,62397.03,1,0.028,0.2393984843
C20L50,50,20,-1772500,-1067500,0,0,1,0,0,0,0,11215.63,0,0,111255.4,0,0.004377297,0,0.004377297,590022.7,1,0,0
C21L50,50,21,-1767500,-1067500,0.807957,0,0.192043,0.807957,0,0.807957,0,16034.37,0,0,113159.8,0,0.8104216,0,0.8104216,585044.5,2,0,0.000796118844
C22L50,50,22,-1762500,-1067500,0.957393,0,0.042607,0.957393,0,0.957393,0,20938.28,0,0,115032.4,0,1,0,1,580066.8,2,0,0.001162055093
C23L50,50,23,-1757500,-1067500,0.966199,0,0.033801,0.966199,0,0.966199,0,25076.3,0,0,116920.2,0,1,0,1,575089.4,2,0,0.002116710424
C24L50,50,24,-1752500,-1067500,0.964599,0,0.035401,0.964599,0,0.964599,0,26959.74,0,0,118807.9,0,1,0,1,570112.4,2,0,0.002188372258
C25L50,50,25,-1747500,-1067500,0.985969,0,0.014031,0.985969,0,0.985969,0,29575.1,0,0,120736.6,0,1,0,1,565135.8,2,0,0.002126330771
C26L50,50,26,-1742500,-1067500,0.995614,0,0.004386,0.995614,0,0.995614,0,29216.16,0,0,122829.6,0,1,0,1,560159.7,2,0,0.00125199806
C27L50,50,27,-1737500,-1067500,0.992666,0,0.007334,0.992666,0,0.992666,0,24962.1,0,0,125087.6,0,0.3954147,0.5733239,0.9687386,555183.9,1,0,0
C28L50,50,28,-1732500,-1067500,1,0,0,1,0,1,0,21038.74,0,0,127501.8,0,0,1,1,550208.7,1,0,0
C29L50,50,29,-1727500,-1067500,0.993622,0,0.006378,0.993622,0,0.993622,0,16833.14,0,0,130063.4,0,0,1,1,545233.8,1,0,0.009279946924
C30L50,50,30,-1722500,-1067500,0.87687993,0.1096491,0.01347097,0.87092755,0.11560148,0.868108,0.11842103,12060.94,0,0,132764,0,0,1,1,540259.4,1,0.009,0.1096491
C31L50,50,31,-1717500,-1067500,0.992794,0.00720551,4.9e-07,0.992794,0.00720551,0.992794,0.00720551,7170.996,0,0,134775,0,0,1,1,535285.6,1,0,0.01419427744
C32L50,50,32,-1712500,-1067500,0.99139,0.00860969,3.1e-07,0.99139,0.00860969,0.99139,0.00860969,2359.282,0,0,134537.2,0,0,1,1,530312.2,1,0,0.00860969
C33L50,50,33,-1707500,-1067500,1,0,0,1,0,1,0,2444.254,0,0,134463.2,0,0,1,1,525339.3,1,0,0
C34L50,50,34,-1702500,-1067500,0.986926,0,0.013074,0.986926,0,0.986926,0,7113.673,0,0,134414,0,0,1,1,520366.9,1,0,0
C35L50,50,35,-1697500,-1067500,0.985589,0,0.014411,0.985589,0,0.985589,0,10595.17,0,0,134364.7,0,0,1,1,515395,1,0,0
C36L50,50,36,-1692500,-1067500,0.948342,0,0.051658,0.948342,0,0.948342,0,8952.187,0,0,134315.4,0,0,1,1,510423.7,1,0,0
C37L50,50,37,-1687500,-1067500,0.995301,0,0.004699,0.995301,0,0.995301,0,7869.006,0,0,134266.2,0,0,1,1,505453,1,0,0
C38L50,50,38,-1682500,-1067500,0.984375,0,0.015625,0.984375,0,0.984375,0,9030.239,0,0,134216.9,0,0,1,1,500482.9,1,0,0
C39L50,50,39,-1677500,-1067500,0.968985,0,0.031015,0.968985,0,0.968985,0,10714.34,0,0,134167.6,0,0,1,1,495513.3,1,0,0
C40L50,50,40,-1672500,-1067500,0.953947,0,0.046053,0.953947,0,0.953947,0,13144.28,0,0,133903.9,0,0,1,1,490544.4,1,0,0
C41L50,50,41,-1667500,-1067500,0.952806,0,0.047194,0.952806,0,0.952806,0,14951.73,0,0,133359.7,0,0,1,1,485576.1,1,0,0
C42L50,50,42,-1662500,-1067500,0.965226,0,0.034774,0.965226,0,0.965226,0,17040.53,0,0,132411,0,0.3200217,0.5786047,0.8986264,480608.5,1,0,0.002658633165
C43L50,50,43,-1657500,-1067500,0.97640343,0.023596988,-4.18e-07,0.969707,0.030293418,0.969707,0.030293418,16614.5,0,0,131372.3,0,0.9947174,0.0002456927,0.9949630927,475641.5,2,0.007,0.02527406025
C44L50,50,44,-1652500,-1067500,0.96397249,0.03602755,-4e-08,0.954574,0.04542604,0.954574,0.04542604,17200.52,0,0,130517.1,0,1,0,1,470675.3,2,0.009,0.03602755
C45L50,50,45,-1647500,-1067500,1,0,0,1,0,1,0,18675.33,0,0,129848.8,0,0.6135395,0,0.6135395,465709.8,2,0,0.01082981523
C46L50,50,46,-1642500,-1067500,0.995927,0.00407268,3.2e-07,0.995927,0.00407268,0.995927,0.00407268,21050.83,0,0,129370.5,0,0,0,0,460745,1,0,0.02454748434
C47L50,50,47,-1637500,-1067500,0.85491053,0.145089343,1.27e-07,0.851084,0.148915873,0.851084,0.148915873,21790.96,0,0,128995.8,0,0,0,0,455781,1,0.004,0.145089343
C48L50,50,48,-1632500,-1067500,0.96898542,0.03101503,-4.5e-07,0.967419,0.03258145,0.967419,0.03258145,17129.92,0,0,128621.3,0,0,0,0,450817.7,1,0.002,0.04623686058
C49L50,50,49,-1627500,-1067500,0.959273,0.0407268,2e-07,0.959273,0.0407268,0.959273,0.0407268,12660.31,0,0,127784,0,0,0,0,445855.4,1,0,0.0407268
C50L50,50,50,-1622500,-1067500,0.996492,0.00350765,3.5e-07,0.996492,0.00350765,0.996492,0.00350765,8547.239,0,0,125858,0,0,0,0,440893.8,1,0,0.0104357122
C51L50,50,51,-1617500,-1067500,0.958333,0.04166665,3.5e-07,0.958333,0.04166665,0.958333,0.04166665,4113.245,0,0,123707.9,0,0,0,0,435933.1,1,0,0.04166665
C52L50,50,52,-1612500,-1067500,0.997768,0.00223214,-1.4e-07,0.997768,0.00223214,0.997768,0.00223214,508.649,0,0,121722.8,0,0,0,0,430973.4,1,0,0.006733119651
C53L50,50,53,-1607500,-1067500,1,0,0,1,0,1,0,3044.336,0,0,119913.4,0,0.6288542,0,0.6288542,426014.6,2,0,0.003327655762
C54L50,50,54,-1602500,-1067500,1,0,0,1,0,1,0,6950.18,0,0,118287.9,0,1,0,1,421056.7,2,0,0.003165786446
C55L50,50,55,-1597500,-1067500,1,0,0,1,0,1,0,11245.62,0,0,116853.9,0,1,0,1,416099.9,2,0,0.003708502024
C56L50,50,56,-1592500,-1067500,0.98852,0.0114796,4e-07,0.98852,0.0114796,0.98852,0.0114796,13440.09,0,0,115618.4,0,1,0,1,411144.1,2,0,0.0114796
C57L50,50,57,-1587500,-1067500,1,0,0,1,0,1,0,8651.441,0,0,114588,0,1,0,1,406189.4,2,0,0.00429724002
C58L50,50,58,-1582500,-1067500,0.999373,0.000626566,4.34e-07,0.999373,0.000626566,0.999373,0.000626566,3862.789,0,0,113768.2,0,1,0,1,401235.8,2,0,0.004233356064
C59L50,50,59,-1577500,-1067500,1,0,0,1,0,1,0,925.8626,0,0,113163.6,0,1,0,1,396283.4,2,0,0.004500903614
C60L50,50,60,-1572500,-1067500,1,0,0,1,0,1,0,5453.711,0,0,112777.7,0,1,0,1,391332.2,2,0,0.01820576025
C61L50,50,61,-1567500,-1067500,0.994579,0.005420923,7.7e-08,0.994579,0.005420923,0.994579,0.005420923,9727.896,0,0,112549.9,0,1,0,1,386382.3,2,0,0.04253893777
C62L50,50,62,-1562500,-1067500,0.999373,0.000626566,4.34e-07,0.999373,0.000626566,0.999373,0.000626566,13866.29,0,0,111887.2,0,0.9359849,0,0.9359849,381433.6,2,0,0.04165749737
C63L50,50,63,-1557500,-1067500,0.995855,0.00414541,-4.1e-07,0.995855,0.00414541,0.995855,0.00414541,16297.95,0,0,110558.8,0,0.4350454,0,0.4350454,376486.3,1,0,0.03677151274
C64L50,50,64,-1552500,-1067500,0.898183,0.1018171,-1e-07,0.898183,0.1018171,0.898183,0.1018171,16700.95,0,0,109230.4,0,2.258005e-08,0.06998878,0.06998880258,371540.5,1,0,0.1018171
C65L50,50,65,-1547500,-1067500,0.86989829,0.13010207,-3.6e-07,0.86798502,0.13201534,0.865434,0.13456636,18499.2,0,0,107928,0,0,0.6593898,0.6593898,366596,1,0.004,0.13010207
C66L50,50,66,-1542500,-1067500,0.87186713,0.12813288,-1e-08,0.87186713,0.12813288,0.870614,0.12938601,21045.53,0,0,106815.9,0,0.5354386,0.9792584,1.514697,361653.2,2,0.001,0.12813288
C67L50,50,67,-1537500,-1067500,0.98527532,0.01472432,3.6e-07,0.9714909,0.02850874,0.958333,0.04166664,23103.14,0,0,105928.3,0,0.9149052,0.8436975,1.7586027,356711.9,2,0.027,0.03178351799
C68L50,50,68,-1532500,-1067500,1,0,0,1,0,1,0,24922.97,0,0,105271,0,0.7176377,1,1.7176377,351772.3,2,0,0.008718017325
C69L50,50,69,-1527500,-1067500,1,0,0,1,0,1,0,27353.53,0,0,104848.2,0,0.7339541,0.3424903,1.0764444,346834.4,2,0,0.008751107636
C70L50,50,70,-1522500,-1067500,1,0,0,1,0,1,0,26403.81,0,0,104662.9,0,0.6784998,0.3175675,0.9960673,341898.3,2,0,0.001966190517
C71L50,50,71,-1517500,-1067500,1,0,0,1,0,1,0,22968.99,0,0,104716.2,0,0,1,1,336964.1,1,0,0
C72L50,50,72,-1512500,-1067500,1,0,0,1,0,1,0,18915.48,0,0,104818.9,0,0,1,1,332031.8,1,0,0
C73L50,50,73,-1507500,-1067500,1,0,0,1,0,1,0,15218.33,0,0,103595.1,0,0,0.8595627,0.8595627,327101.7,1,0,0
C74L50,50,74,-1502500,-1067500,1,0,0,1,0,1,0,12415.46,0,0,102600.5,0,0,0.1751774,0.1751774,322173.6,1,0,0.002742982564
C75L50,50,75,-1497500,-1067500,1,0,0,1,0,1,0,10298.91,0,0,100171.4,0,0,0.1904172,0.1904172,317247.9,1,0,0.003364886315
C76L50,50,76,-1492500,-1067500,1,0,0,1,0,1,0,6850.21,0,0,96807.98,0,0,0.2951682,0.2951682,312324.4,1,0,0.008306812222
C77L50,50,77,-1487500,-1067500,0.99999994,0,6e-08,0.99585453,0.00414541,0.992028,0.00797194,2964.898,0,0,93590.9,0,0,0.6797401,0.6797401,307403.5,1,0.008,0.0360066028
C78L50,50,78,-1482500,-1067500,0.81735561,0.14818304,0.03446135,0.78790701,0.17763164,0.771303,0.19423565,1268.29,0,0,90535.79,0,0,0.85998,0.85998,302485.1,1,0.046,0.14818304
C79L50,50,79,-1477500,-1067500,0.85523003,0.12468109,0.02008888,0.82302341,0.15688771,0.803253,0.17665812,3186.74,0,0,87659.58,0,0,0.05168489,0.05168489,297569.5,1,0.052,0.1260886541
C80L50,50,80,-1472500,-1067500,1,0,0,1,0,1,0,7864.67,0,0,84980.43,0,0.4709157,0,0.4709157,292656.7,1,0,0.03178218337
C81L50,50,81,-1467500,-1067500,0.989158,0,0.010842,0.989158,0,0.989158,0,11845.83,0,0,82517.55,0,0.9908089,0,0.9908089,287747,2,0,0.009398746528
C82L50,50,82,-1462500,-1067500,0.969612,0,0.030388,0.969612,0,0.969612,0,16053.92,0,0,80241.79,0,1,0,1,282840.4,2,0,0.005268652094
C83L50,50,83,-1457500,-1067500,0.907844,0,0.092156,0.907844,0,0.907844,0,20618.75,0,0,78062.54,0,1,0,1,277937.1,2,0,0.004553924443
C84L50,50,84,-1452500,-1067500,0.932331,0,0.067669,0.932331,0,0.932331,0,17588.93,0,0,76144.01,0,1,0,1,273037.3,2,0,0.00469615553
C85L50,50,85,-1447500,-1067500,0.994987,0,0.005013,0.994987,0,0.994987,0,13506.79,0,0,74512.16,0,1,0,1,268141.3,2,0,0.005072824157
C86L50,50,86,-1442500,-1067500,0.99713,0,0.00287,0.99713,0,0.99713,0,9671.308,0,0,73140.63,0,1,0,1,263249.1,2,0,0.005148097389
C87L50,50,87,-1437500,-1067500,1,0,0,1,0,1,0,6659.532,0,0,71802.69,0,1,0,1,258361.1,2,0,0.005232165597
C88L50,50,88,-1432500,-1067500,1,0,0,1,0,1,0,3013.971,0,0,70428.48,0,1,0,1,253477.4,2,0,0.005341932514
C89L50,50,89,-1427500,-1067500,1,0,0,1,0,1,0,1290.594,0.1643598,0,68852.32,0,0.8447142,0,1.009074,248598.4,2,0,0.00602126127
C90L50,50,90,-1422500,-1067500,1,0,0,1,0,1,0,640.7847,0.854243,0,67276.16,0,0.1583589,0,1.0126019,243724.3,1,0,0.008148942823
C91L50,50,91,-1417500,-1067500,1,0,0,1,0,1,0,165.8695,1,0,65747.25,0,0,0,1,238855.3,1,0,0.00820871468
C92L50,50,92,-1412500,-1067500,1,0,0,1,0,1,0,3353.43,1,0,64503.22,0,0,0.02563083,1.02563083,233991.9,1,0,0.007156928482
C93L50,50,93,-1407500,-1067500,1,0,0,1,0,1,0,5179.61,0.9150901,0,63326.2,0,0,0.9386713,1.8537614,229134.4,1,0,0
C94L50,50,94,-1402500,-1067500,1,0,0,1,0,1,0,5391.746,0.0193209,0,62149.17,0,0,1,1.0193209,224283.1,1,0,0
C95L50,50,95,-1397500,-1067500,1,0,0,1,0,1,0,5927.761,0,0,60652.86,0,0,1,1,219438.6,1,0,0
C96L50,50,96,-1392500,-1067500,1,0,0,1,0,1,0,3566.727,0,0,58670.5,0,0,1,1,214601.1,1,0,0
C97L50,50,97,-1387500,-1067500,1,0,0,1,0,1,0,1193.573,0,0,56688.14,0,0,1,1,209771.3,1,0,0
C98L50,50,98,-1382500,-1067500,1,0,0,1,0,1,0,4595.742,0,0,54705.78,0,0,1,1,204949.6,1,0,0
C99L50,50,99,-1377500,-1067500,1,0,0,1,0,1,0,5412.083,0,0,52723.42,0,0.1478799,1,1.1478799,200136.7,1,0,0
C100L50,50,100,-1372500,-1067500,0.994987,0.00501253,4.7e-07,0.994987,0.00501253,0.994987,0.00501253,7273.942,0,0,50483.84,0,0.1159004,1,1.1159004,195333.2,1,0,0.00501253
C101L50,50,101,-1367500,-1067500,1,0,0,1,0,1,0,11210.56,0,0,48031.99,0,0,1,1,190539.8,1,0,0
C102L50,50,102,-1362500,-1067500,1,0,0,1,0,1,0,11080.95,0,0,45580.14,0,0,1,1,185757.3,1,0,0
C103L50,50,103,-1357500,-1067500,1,0,0,1,0,1,0,12817.62,0,0,43128.29,0,0,1,1,180986.5,1,0,0
C104L50,50,104,-1352500,-1067500,1,0,0,1,0,1,0,15499.66,0,0,40676.44,0,0,1,1,176228.5,1,0,0
C105L50,50,105,-1347500,-1067500,1,0,0,1,0,1,0,17294.9,0,0,38224.59,0.582609,0,1,1,171484.2,1,0,0.01272058629
C106L50,50,106,-1342500,-1067500,1,0,0,1,0,1,0,13106.22,0,0,35772.74,1,0,1,1,166754.8,1,0,0.02285584546
C107L50,50,107,-1337500,-1067500,1,0,0,1,0,1,0,9667.16,0,0,33320.89,1,0,1,1,162041.8,1,0,0.02391230035
C108L50,50,108,-1332500,-1067500,0.996492,0.003507658,3.42e-07,0.996492,0.003507658,0.996492,0.003507658,6675.251,0,0,30920.43,1,0,1,1,157346.4,1,0,0.02677177047
C109L50,50,109,-1327500,-1067500,1,0,0,1,0,1,0,3296.207,0,0,29072.84,1,0,1,1,152670.4,1,0,0.02743103027
C110L50,50,110,-1322500,-1067500,0.986607,0.01339286,1.4e-07,0.986607,0.01339286,0.986607,0.01339286,383.6672,0,0,27657.93,1,0,0.8834059,0.8834059,148015.5,1,0,0.03965060229
C111L50,50,111,-1317500,-1067500,0.96334612,0.03665412,-2.4e-07,0.96334612,0.03665412,0.9599,0.04010024,2460.35,0,0,26245.62,1,0,0.2007967,0.2007967,143383.9,1,0.003,0.07070917381
C112L50,50,112,-1312500,-1067500,0.91510039,0.084899763,-1.53e-07,0.89473695,0.105263203,0.87594,0.124060153,3788.393,0,0,25285.31,1,0,0,0,138777.9,1,0.039,0.1138636452
C113L50,50,113,-1307500,-1067500,0.78411953,0.21588006,4.1e-07,0.75446387,0.24553572,0.73852,0.26147959,7056.357,0,0,24951.23,1,0,0,0,134200,1,0.046,0.21588006
C114L50,50,114,-1302500,-1067500,0.97995025,0.020050133,-3.83e-07,0.97995025,0.020050133,0.975251,0.024749383,7547.715,0,0,24639.17,0.9826019,0,0,0,129653.4,1,0.005,0.06468921508
C115L50,50,115,-1297500,-1067500,0.995855,0.004145408,-4.08e-07,0.995855,0.004145408,0.995855,0.004145408,9687.077,0,0,24575.26,0.06207979,0,0,0,125141.4,1,0,0.02274713498
C116L50,50,116,-1292500,-1067500,0.98934874,0.010651621,-3.61e-07,0.98590262,0.014097741,0.975251,0.024749361,11814.96,0,0,24520.4,0,0,0,0,120667.8,1,0.014,0.03828211319
C117L50,50,117,-1287500,-1067500,0.807716955,0.19228315,-1.05e-07,0.807716955,0.19228315,0.797194,0.202806105,10796.96,0,0,23484.3,0,0,0,0,116237.1,1,0.011,0.19228315
C118L50,50,118,-1282500,-1067500,0.996867,0.00313283,1.7e-07,0.996867,0.00313283,0.996867,0.00313283,6192.073,0,0,21156.73,0,0,0,0,111854.5,1,0,0.0383812638
C119L50,50,119,-1277500,-1067500,0.999043,0.000956633,3.67e-07,0.999043,0.000956633,0.999043,0.000956633,2288.271,0,0,19082,0,0,0,0,107525.7,1,0,0.03078770417
C120L50,50,120,-1272500,-1067500,0.642857,0.015037549,0.342105451,0.642857,0.015037549,0.642857,0.015037549,195.2729,0,0,18134.82,0.5190832,0,0,0,103257.6,1,0,0.04205349155
C121L50,50,121,-1267500,-1067500,0.75626592,0.08270682,0.16102726,0.72180473,0.11716801,0.691103,0.14786974,3244.284,0,0,16538.37,0.6747464,0,0,0,99057.99,1,0.065,0.09213532757
C122L50,50,122,-1262500,-1067500,0.9142219,0.06122453,0.02455357,0.8867984,0.08864803,0.825255,0.15019143,1468.905,0,0,12356.8,0.2293314,0,0,0,94935.97,1,0.089,0.10239145
C123L50,50,123,-1257500,-1067500,0.82832082,0.059523846,0.112155334,0.81203012,0.075814546,0.808584,0.079260666,6059.249,0,0,8175.235,0.0500352,0,0,0,90902.11,1,0.02,0.1395538605
C124L50,50,124,-1252500,-1067500,0.509566,0.402423168,0.088010832,0.509566,0.402423168,0.509566,0.402423168,10877.14,0,0,3993.667,0,0,0,0,86968.66,1,0,0.402423168
C125L50,50,125,-1247500,-1067500,0.23903542,0.7453008,0.01566378,0.23903542,0.7453008,0.237469,0.74686722,15808.54,0,0.3333333,187.9009,0,0,0,0,83149.87,1,0.002,0.7453008
C126L50,50,126,-1242500,-1067500,0.31122402,0.688775211,7.69e-07,0.31122402,0.688775211,0.293048,0.706951231,20772.76,0,0.5,4369.469,0,0,0,0,79462.29,1,0.018,0.688775211
C127L50,50,127,-1237500,-1067500,0.66760668,0.332393132,1.88e-07,0.66760668,0.332393132,0.663534,0.336465812,18872.18,0,1,8520.278,0,0,0,0,75925.02,1,0.004,0.3604352522
C128L50,50,128,-1232500,-1067500,0.978954,0.0210459,1e-07,0.978954,0.0210459,0.978954,0.0210459,17690.16,0,1,12336.38,0,0,0,0,72560.07,1,0,0.1269807135
C129L50,50,129,-1227500,-1067500,0.998434,0.00156642,-4.2e-07,0.998434,0.00156642,0.998434,0.00156642,17880.83,0,1,16152.48,0,0,0,0,69392.49,1,0,0.0881636271
C130L50,50,130,-1222500,-1067500,1,0,0,1,0,1,0,17869.3,0,1,19824.55,0,0,0,0,66450.52,1,0,0.05451974016
C131L50,50,131,-1217500,-1067500,1,0,0,1,0,1,0,16755.29,0,1,23255.68,0.3292319,0,0,0,63765.39,1,0,0.04761787813
C132L50,50,132,-1212500,-1067500,0.99060136,0.009398493,1.47e-07,0.98746853,0.012531323,0.982456,0.017543853,16905.08,0,1,26686.81,0.8982084,0,0,0,61370.83,1,0.008,0.06973421878
C133L50,50,133,-1207500,-1067500,0.99713,0.0028699,1e-07,0.99713,0.0028699,0.99713,0.0028699,13946.78,0,1,30117.94,0.03165311,0,0,0,59302.05,1,0,0.08953523321
C134L50,50,134,-1202500,-1067500,0.729637,0.27036355,-5.5e-07,0.729637,0.27036355,0.729637,0.27036355,10645.96,0,1,33549.07,0,0,0,0,57594.16,1,0,0.27036355
C135L50,50,135,-1197500,-1067500,0.82334233,0.17665823,-5.6e-07,0.813776,0.18622456,0.813776,0.18622456,6883.985,0,1,36980.2,0.01047506,0,0,0,56280.02,1,0.01,0.2554852336
C136L50,50,136,-1192500,-1067500,0.60463623,0.39536315,6.2e-07,0.52098965,0.47900973,0.479323,0.52067638,5322.877,0,1,40411.33,0.745464,0,0,0,55387.68,1,0.125,0.4020050422
C137L50,50,137,-1187500,-1067500,0.4390944,0.56090588,-2.8e-07,0.3912627,0.60873758,0.369579,0.63042128,6672.744,0,1,43835.44,1,0,0,0,54937.68,1,0.07,0.56090588
C138L50,50,138,-1182500,-1067500,0.37468634,0.62531343,2.3e-07,0.32800708,0.67199269,0.320175,0.67982477,4064.672,0,1,47252.33,0.9957539,0,0,0,54940.91,1,0.055,0.62531343
C139L50,50,139,-1177500,-1067500,0.52005025,0.47995,-2.5e-07,0.41572695,0.5842733,0.367168,0.63283225,2837.917,0,0.5,50669.23,0.315148,0,0,0,55397.27,1,0.153,0.47995
C140L50,50,140,-1172500,-1067500,0.78061242,0.219387755,-1.75e-07,0.71588022,0.284119955,0.679847,0.320153175,1240.396,0,0.5,54086.12,0,0,0,0,56295.75,1,0.101,0.2819844524
C141L50,50,141,-1167500,-1067500,0.66353393,0.33396034,0.00250573,0.64943618,0.34805809,0.623747,0.37374727,337.4517,0,0.5,55968.76,0,0,0,0,57615.67,1,0.04,0.3611039477
C142L50,50,142,-1162500,-1067500,0.41358413,0.5835457,0.00287017,0.37627549,0.62085434,0.361926,0.63520383,1925.479,0,0.5,50973.26,0,0,0,0,59328.91,1,0.052,0.5835457
C143L50,50,143,-1157500,-1067500,0.72712989,0.27067717,0.00219294,0.7033204,0.29448666,0.645363,0.35244406,3210.229,0,0.5,45978.34,0,0,0,0,61402.55,1,0.082,0.3166713057
C144L50,50,144,-1152500,-1067500,0.8788264,0.11798473,0.00318887,0.8396044,0.15720673,0.788584,0.20822713,2297.71,0,0.5,40984.65,0,0,0,0,63801.47,1,0.09,0.1700065153
C19L51,51,19,-1777500,-1072500,0,0,1,0,0,0,0,5742.292,0,0,113821,0,0,0,0,594560.8,1,0,0
C20L51,51,20,-1772500,-1072500,0.542857,0,0.457143,0.542857,0,0.542857,0,10719.03,0,0,115791.5,0,0.5654426,0,0.5654426,589578.6,2,0,0.0004634840826
C21L51,51,21,-1767500,-1072500,0.986284,0,0.013716,0.986284,0,0.986284,0,15696.01,0,0,117834,0,1,0,1,584596.7,2,0,0.0009869661111
C22L51,51,22,-1762500,-1072500,0.976715,0.000956938,0.022328062,0.976715,0.000956938,0.976715,0.000956938,20680.32,0,0,119662.3,0,1,0,1,579615.1,2,0,0.002206573661
C23L51,51,23,-1757500,-1072500,0.956494,0.0025974,0.0409086,0.956494,0.0025974,0.956494,0.0025974,25670.73,0,0,121550.1,0,1,0,1,574633.8,2,0,0.004420851932
C24L51,51,24,-1752500,-1072500,0.931738,0.01818182,0.05008018,0.931738,0.01818182,0.931738,0.01818182,30664.26,0,0,123437.9,0,1,0,1,569652.8,2,0,0.01818182
C25L51,51,25,-1747500,-1072500,0.973701,0,0.026299,0.973701,0,0.973701,0,33315.18,0,0,125331.9,0,1,0,1,564672.2,2,0,0.002579875597
C26L51,51,26,-1742500,-1072500,0.981499,0,0.018501,0.981499,0,0.981499,0,28803.76,0,0,127349.4,0,1,0,1,559691.9,2,0,0.001307546883
C27L51,51,27,-1737500,-1072500,0.985065,0,0.014935,0.985065,0,0.985065,0,24482.89,0,0,129528.6,0,0.5300733,0.03441155,0.56448485,554712,2,0,0.001723444491
C28L51,51,28,-1732500,-1072500,0.990431,0,0.009569,0.990431,0,0.990431,0,20198.04,0,0,131861.5,0,0,0.6463583,0.6463583,549732.4,1,0,0.004343268112
C29L51,51,29,-1727500,-1072500,0.97012963,0.029870131,2.39e-07,0.96818158,0.031818181,0.958766,0.041233761,16033.87,0,0,134340.1,0,0,1,1,544753.2,1,0.011,0.029870131
C30L51,51,30,-1722500,-1072500,0.97799021,0.022009558,2.32e-07,0.96969675,0.030303018,0.965869,0.034130768,12240.55,0,0,136956.4,0,0,1,1,539774.4,1,0.012,0.02235156183
C31L51,51,31,-1717500,-1072500,1,0,0,1,0,1,0,7384.172,0,0,139702.7,0,0,1,1,534796,1,0,0.00631169357
C32L51,51,32,-1712500,-1072500,0.95324675,0.04675324,1e-08,0.95,0.04999999,0.95,0.04999999,2489.499,0,0,139535.2,0,0,1,1,529818,1,0.003,0.04675324
C33L51,51,33,-1707500,-1072500,0.997129,0,0.002871,0.997129,0,0.997129,0,2405.175,0,0,139463,0,0,1,1,524840.5,1,0,0
C34L51,51,34,-1702500,-1072500,1,0,0,1,0,1,0,7299.848,0,0,139413.7,0,0,1,1,519863.3,1,0,0
C35L51,51,35,-1697500,-1072500,0.985965,0,0.014035,0.985965,0,0.985965,0,6854.211,0,0,139364.5,0,0,1,1,514886.6,1,0,0
C36L51,51,36,-1692500,-1072500,0.999026,0,0.000974,0.999026,0,0.999026,0,4019.78,0,0,139315.2,0,0,1,1,509910.4,1,0,0
C37L51,51,37,-1687500,-1072500,0.961085,0,0.038915,0.961085,0,0.961085,0,2888.276,0,0,139265.9,0,0,1,1,504934.6,1,0,0
C38L51,51,38,-1682500,-1072500,0.815909,0,0.184091,0.815909,0,0.815909,0,4076.844,0,0,139216.6,0,0,1,1,499959.3,1,0,0
C39L51,51,39,-1677500,-1072500,0.897608,0,0.102392,0.897608,0,0.897608,0,6251.969,0,0,139167.4,0,0,1,1,494984.5,1,0,0
C40L51,51,40,-1672500,-1072500,1,0,0,1,0,1,0,8590.758,0,0,138891.2,0,0,1,1,490010.2,1,0,0
C41L51,51,41,-1667500,-1072500,0.999026,0,0.000974,0.999026,0,0.999026,0,10415.34,0,0,138308.1,0,0.1114528,0.8963119,1.0077647,485036.4,1,0,0
C42L51,51,42,-1662500,-1072500,1,0,0,1,0,1,0,12225.01,0,0,137286.5,0,0.8985415,0.05068165,0.94922315,480063.2,2,0,0.007791014768
C43L51,51,43,-1657500,-1072500,0.93051916,0.06948051,3.3e-07,0.93051916,0.06948051,0.924675,0.07532467,11617.97,0,0,136285,0,1,0,1,475090.6,2,0.006,0.06948051
C44L51,51,44,-1652500,-1072500,1,0,0,1,0,1,0,12393.34,0,0,135460.8,0,0.9829632,0,0.9829632,470118.5,2,0,0.0100511066
C45L51,51,45,-1647500,-1072500,1,0,0,1,0,1,0,14155.43,0,0,134817,0,0.1182434,0,0.1182434,465147,1,0,0.005976111155
C46L51,51,46,-1642500,-1072500,1,0,0,1,0,1,0,17158.25,0,0,134356.3,0,0,0,0,460176.2,1,0,0.01906929332
C47L51,51,47,-1637500,-1072500,0.841883,0.15811686,1.4e-07,0.841883,0.15811686,0.841883,0.15811686,20645.36,0,0,133981.8,0,0,0,0,455206,1,0,0.15811686
C48L51,51,48,-1632500,-1072500,0.89728879,0.102711399,-1.89e-07,0.89728879,0.102711399,0.894099,0.105901189,15766.61,0,0,133607.3,0,0,0,0,450236.4,1,0.003,0.102711399
C49L51,51,49,-1627500,-1072500,1,0,0,1,0,1,0,10824.7,0,0,132550.9,0,0,0,0,445267.5,1,0,0.01706477495
C50L51,51,50,-1622500,-1072500,0.993182,0.00681818,-1.8e-07,0.993182,0.00681818,0.993182,0.00681818,5980.165,0,0,130353,0,0,0,0,440299.4,1,0,0.01165650433
C51L51,51,51,-1617500,-1072500,0.996172,0.00382775,2.5e-07,0.996172,0.00382775,0.996172,0.00382775,1494.569,0,0,128275.9,0,0,0,0,435331.9,1,0,0.007881212833
C52L51,51,52,-1612500,-1072500,1,0,0,1,0,1,0,2115.92,0,0,126362.6,0,0,0,0,430365.2,1,0,0.005277900332
C53L51,51,53,-1607500,-1072500,1,0,0,1,0,1,0,6474.555,0,0,124620.6,0,0.8336266,0,0.8336266,425399.3,2,0,0.003231679293
C54L51,51,54,-1602500,-1072500,1,0,0,1,0,1,0,10029.48,0,0,123057.3,0,1,0,1,420434.2,2,0,0.003131335954
C55L51,51,55,-1597500,-1072500,1,0,0,1,0,1,0,13791.64,0,0,121679.4,0,1,0,1,415470,2,0,0.003816525354
C56L51,51,56,-1592500,-1072500,1,0,0,1,0,1,0,12512.29,0,0,120493.5,0,1,0,1,410506.6,2,0,0.004360005613
C57L51,51,57,-1587500,-1072500,0.989474,0.010526317,-3.17e-07,0.989474,0.010526317,0.989474,0.010526317,7512.401,0,0,119505.1,0,1,0,1,405544.1,2,0,0.01057654498
C58L51,51,58,-1582500,-1072500,1,0,0,1,0,1,0,2512.949,0,0,118719.3,0,1,0,1,400582.5,2,0,0.004116784226
C59L51,51,59,-1577500,-1072500,1,0,0,1,0,1,0,2364.2,0,0,118140,0,1,0,1,395621.9,2,0,0.005278172963
C60L51,51,60,-1572500,-1072500,0.997129,0.00287081,1.9e-07,0.997129,0.00287081,0.997129,0.00287081,7152.852,0,0,117770.4,0,0.9616055,0,0.9616055,390662.3,2,0,0.02772823
C61L51,51,61,-1567500,-1072500,0.72987,0.27012978,2.2e-07,0.72987,0.27012978,0.72987,0.27012978,11941.5,0,0,117545.1,0,0.4418448,0.005772427,0.447617227,385703.8,1,0,0.27012978
C62L51,51,62,-1562500,-1072500,0.56236062,0.43763982,-4.4e-07,0.54322188,0.45677856,0.541308,0.45869244,16499.82,0,0,116707.5,0,0.3069998,0.07501235,0.38201215,380746.3,1,0.021,0.43763982
C63L51,51,63,-1557500,-1072500,0.977272351,0.022727291,3.58e-07,0.976623,0.023376642,0.976623,0.023376642,20854.05,0,0,115379.1,0,0.3034729,0.4450332,0.7485061,375790,1,0.001,0.0475175456
C64L51,51,64,-1552500,-1072500,0.95949,0.040510379,-3.79e-07,0.95949,0.040510379,0.95949,0.040510379,21598.16,0,0,114050.7,0,0,0.9430114,0.9430114,370834.8,1,0,0.040510379
C65L51,51,65,-1547500,-1072500,0.989935,0.0100649,1e-07,0.989935,0.0100649,0.989935,0.0100649,23016.93,0,0,112783,0,0.2764283,1,1.2764283,365880.9,1,0,0.0219295389
C66L51,51,66,-1542500,-1072500,0.985965,0.01403507,-7e-08,0.985965,0.01403507,0.985965,0.01403507,25358.98,0,0,111719.2,0,0.9881916,1,1.9881916,360928.2,2,0,0.01858996553
C67L51,51,67,-1537500,-1072500,1,0,0,1,0,1,0,27742.13,0,0,110870.8,0,1,1,2,355976.9,2,0,0.004510777262
C68L51,51,68,-1532500,-1072500,1,0,0,1,0,1,0,29472.02,0,0,110243,0,0.8561207,1,1.8561207,351026.9,2,0,0
C69L51,51,69,-1527500,-1072500,1,0,0,1,0,1,0,26716.91,0,0,109839.3,0,0.1259801,0.8851898,1.0111699,346078.4,1,0,0
C70L51,51,70,-1522500,-1072500,1,0,0,1,0,1,0,22793,0,0,109662.5,0,0.4092652,0.5879407,0.9972059,341131.4,1,0,1.132045186e-05
C71L51,51,71,-1517500,-1072500,1,0,0,1,0,1,0,19371.34,0,0,109713.4,0,0,0.989759,0.989759,336185.9,1,0,0
C72L51,51,72,-1512500,-1072500,1,0,0,1,0,1,0,15899.16,0,0,109645.3,0,0,0.5650151,0.5650151,331242.1,1,0,9.666598501e-05
C73L51,51,73,-1507500,-1072500,1,0,0,1,0,1,0,11955.62,0,0,108475.9,0,0,0.08773874,0.08773874,326300,1,0,0.0033951336
C74L51,51,74,-1502500,-1072500,1,0,0,1,0,1,0,8169.393,0,0,107239.7,0,0,0,0,321359.6,1,0,0.004260862389
C75L51,51,75,-1497500,-1072500,1,0,0,1,0,1,0,5871.947,0,0,103864.5,0,0,0,0,316421.2,1,0,0.005654966218
C76L51,51,76,-1492500,-1072500,0.77543886,0.00223285,0.22232829,0.77256805,0.00510366,0.757576,0.02009571,3407.553,0,0,100624.6,0,0,0,0,311484.7,1,0.018,0.01707912145
C77L51,51,77,-1487500,-1072500,0.34448091,0.037337626,0.618181464,0.33863675,0.043181786,0.309416,0.072402536,18.90443,0,0,97533.45,0,0,0.007742172,0.007742172,306550.3,1,0.035,0.04014196386
C78L51,51,78,-1482500,-1072500,0.318979199,0.26220069,0.418820111,0.30622002,0.274959869,0.276236,0.304943889,2725.918,0,0,94605.74,0.259607,0,0.2229153,0.2229153,301618,1,0.043,0.26220069
C79L51,51,79,-1477500,-1072500,0.79967563,0.177922031,0.022402339,0.7737016,0.203896061,0.763312,0.214285661,5303.612,0,0,91857.05,0.4304618,0,0.02884762,0.02884762,296688,1,0.036,0.177922031
C80L51,51,80,-1472500,-1072500,0.986283979,0.013716109,-8.8e-08,0.986283979,0.013716109,0.985965,0.014035088,9455.805,0,0,89303.92,0.09667937,0,0,0,291760.4,1,0,0.04041765726
C81L51,51,81,-1467500,-1072500,1,0,0,1,0,1,0,14166.73,0.1100453,0,86961.47,0,0.2314626,0,0.3415079,286835.3,1,0,0.009131623703
C82L51,51,82,-1462500,-1072500,0.992663,0,0.007337,0.992663,0,0.992663,0,18890.43,0.2430856,0,84712.74,0,0.7577706,0,1.0008562,281912.8,2,0,0.005303541092
C83L51,51,83,-1457500,-1072500,0.972078,0,0.027922,0.972078,0,0.972078,0,19205.36,0,0,82646.23,0,1,0,1,276993.2,2,0,0.00486525171
C84L51,51,84,-1452500,-1072500,0.966188,0,0.033812,0.966188,0,0.966188,0,15431.19,0,0,80836.57,0,1,0,1,272076.4,2,0,0.004875936217
C85L51,51,85,-1447500,-1072500,1,0,0,1,0,1,0,10900.49,0,0,79301.34,0,1,0,1,267162.7,2,0,0.00511108725
C86L51,51,86,-1442500,-1072500,1,0,0,1,0,1,0,6471.772,0,0,77958.3,0,1,0,1,262252.3,2,0,0.005185365577
C87L51,51,87,-1437500,-1072500,0.99681,0,0.00319,0.99681,0,0.99681,0,2701.99,0,0,76620.35,0,1,0,1,257345.3,2,0,0.005248684352
C88L51,51,88,-1432500,-1072500,0.998377,0,0.001623,0.998377,0,0.998377,0,734.4454,0.03706976,0,75173.55,0,0.9585647,0,0.99563446,252442,2,0,0.005429749436
C89L51,51,89,-1427500,-1072500,1,0,0,1,0,1,0,321.9412,0.7316348,0,73597.39,0,0.2726015,0,1.0042363,247542.6,1,0,0.005568165193
C90L51,51,90,-1422500,-1072500,1,0,0,1,0,1,0,3781.858,1,0,72021.23,0,0,0,1,242647.2,1,0,0.005681128664
C91L51,51,91,-1417500,-1072500,1,0,0,1,0,1,0,3607.63,1,0,70562.45,0,0,0,1,237756.3,1,0,0.005511818633
C92L51,51,92,-1412500,-1072500,1,0,0,1,0,1,0,7094.553,1,0,69362.71,0,0,0.2968103,1.2968103,232869.9,1,0,0.003110245306
C93L51,51,93,-1407500,-1072500,1,0,0,1,0,1,0,9165.874,0.5639352,0,68185.68,0,0,1,1.5639352,227988.5,1,0,0
C94L51,51,94,-1402500,-1072500,1,0,0,1,0,1,0,8278.551,0,0,67008.66,0,0,1,1,223112.3,1,0,0
C95L51,51,95,-1397500,-1072500,1,0,0,1,0,1,0,3494.563,0,0,65243.09,0,0,1,1,218241.7,1,0,0
C96L51,51,96,-1392500,-1072500,1,0,0,1,0,1,0,994.9388,0,0,63260.74,0,0,1,1,213377.2,1,0,0
C97L51,51,97,-1387500,-1072500,1,0,0,1,0,1,0,1617.909,0,0,61278.38,0,0,1,1,208519,1,0,0
C98L51,51,98,-1382500,-1072500,1,0,0,1,0,1,0,6561.422,0,0,59296.02,0,0,1,1,203667.7,1,0,0
C99L51,51,99,-1377500,-1072500,1,0,0,1,0,1,0,10370.96,0,0,57293.26,0,0,1,1,198823.7,1,0,0
C100L51,51,100,-1372500,-1072500,0.994258,0.00574163,3.7e-07,0.994258,0.00574163,0.994258,0.00574163,11522.51,0,0,54841.41,0,0,1,1,193987.7,1,0,0.00574163
C101L51,51,101,-1367500,-1072500,1,0,0,1,0,1,0,14336.48,0,0,52389.56,0,0,1,1,189160.2,1,0,0
C102L51,51,102,-1362500,-1072500,1,0,0,1,0,1,0,16042.47,0,0,49937.71,0,0,1,1,184341.9,1,0,0
C103L51,51,103,-1357500,-1072500,1,0,0,1,0,1,0,17287.71,0,0,47485.86,0,0,1,1,179533.5,1,0,0
C104L51,51,104,-1352500,-1072500,1,0,0,1,0,1,0,16781.26,0,0,45034.01,0.2590529,0,1,1,174735.9,1,0,0.004866927888
C105L51,51,105,-1347500,-1072500,1,0,0,1,0,1,0,13608.08,0,0,42582.16,0.9415732,0,1,1,169950,1,0,0.02008600765
C106L51,51,106,-1342500,-1072500,1,0,0,1,0,1,0,10464.06,0,0,40130.31,0.9088294,0,1,1,165176.7,1,0,0.02033544391
C107L51,51,107,-1337500,-1072500,1,0,0,1,0,1,0,6128.316,0,0,37678.46,0.8743775,0,1,1,160417.3,1,0,0.0197980982
C108L51,51,108,-1332500,-1072500,0.998052,0.00194805,-5e-08,0.998052,0.00194805,0.998052,0.00194805,2642.494,0,0,35480.12,0.8399256,0,1,1,155672.9,1,0,0.02107073985
C109L51,51,109,-1327500,-1072500,0.988198,0.0118022,-2e-07,0.988198,0.0118022,0.988198,0.0118022,65.07297,0,0,33866.64,0.8117137,0,1,1,150945.1,1,0,0.02765709363
C110L51,51,110,-1322500,-1072500,0.993182,0.006818182,-1.82e-07,0.993182,0.006818182,0.993182,0.006818182,3604.197,0,0,32454.32,1,0,0.2057343,0.2057343,146235.3,1,0,0.03897935922
C111L51,51,111,-1317500,-1072500,0.997767,0.00223285,1.5e-07,0.997767,0.00223285,0.997767,0.00223285,6966.478,0,0,31072.47,0.8673131,0,0,0,141545.5,1,0,0.05817772284
C112L51,51,112,-1312500,-1072500,0.79649092,0.20350886,2.2e-07,0.77097253,0.22902725,0.748325,0.25167478,8215.239,0,0,30265.69,0.7013115,0,0,0,136877.6,1,0.048,0.20350886
C113L51,51,113,-1307500,-1072500,0.93701291,0.062986971,1.19e-07,0.91883109,0.081168791,0.890909,0.109090881,10758.32,0,0,29940.95,0.6664917,0,0,0,132234,1,0.046,0.1066677994
C114L51,51,114,-1302500,-1072500,1,0,0,1,0,1,0,12484.81,0,0,29636.16,0.5613922,0,0,0,127617.3,1,0,0.04772747632
C115L51,51,115,-1297500,-1072500,1,0,0,1,0,1,0,14007.4,0,0,29574.96,0,0,0,0,123030.6,1,0,0.01748074604
C116L51,51,116,-1292500,-1072500,0.97543816,0.02456143,4.1e-07,0.95087677,0.04912282,0.947368,0.05263159,12472.7,0,0,29520.1,0,0,0,0,118477.4,1,0.028,0.05239103983
C117L51,51,117,-1287500,-1072500,0.90422091,0.095779265,-1.75e-07,0.89350663,0.106493545,0.882143,0.117857175,8209.639,0,0,27909.5,0,0,0,0,113961.6,1,0.022,0.095779265
C118L51,51,118,-1282500,-1072500,1,0,0,1,0,1,0,4191.174,0,0,25601.4,0,0,0,0,109487.9,1,0,0.03497826086
C119L51,51,119,-1277500,-1072500,1,0,0,1,0,1,0,884.193,0,0,23878.46,0,0,0,0,105061.7,1,0,0.01288954106
C120L51,51,120,-1272500,-1072500,0.996172,0.003827759,2.41e-07,0.996172,0.003827759,0.996172,0.003827759,3420.203,0,0,23128.55,0.8231597,0,0,0,100689.2,1,0,0.03645407475
C121L51,51,121,-1267500,-1072500,0.93716073,0.006379586,0.056459684,0.93046217,0.013078146,0.917703,0.025837316,1664.727,0,0,19279.63,1,0,0,0,96377.7,1,0.019,0.04553817438
C122L51,51,122,-1262500,-1072500,0.96915613,0.024025966,0.006817904,0.96915613,0.024025966,0.964286,0.028896096,2196.353,0,0,15098.06,1,0,0,0,92135.85,1,0.005,0.06569037184
C123L51,51,123,-1257500,-1072500,0.95342923,0.04657094,-1.7e-07,0.9400321,0.05996807,0.894737,0.10526317,6528.475,0,0,10916.49,0.8439926,0,0,0,87973.69,1,0.059,0.09963099832
C124L51,51,124,-1252500,-1072500,0.80941562,0.065909136,0.124675244,0.77110396,0.104220796,0.746104,0.129220756,11330.21,0,0.3333333,6734.924,0.1287888,0,0,0,83903.06,1,0.063,0.1551079701
C125L51,51,125,-1247500,-1072500,0.336842,0.60382797,0.05933003,0.336842,0.60382797,0.336842,0.60382797,16191.23,0,0.5,2553.356,0,0,0,0,79937.96,1,0,0.60382797
C126L51,51,126,-1242500,-1072500,0.0431818,0.94935053,0.00746767,0.0431818,0.94935053,0.0431818,0.94935053,21066.94,0,1,1473.485,0,0,0,0,76094.88,1,0,0.94935053
C127L51,51,127,-1237500,-1072500,0.761085,0.238915,0,0.761085,0.238915,0.761085,0.238915,20757.94,0,1,5289.586,0,0,0,0,72393.27,1,0,0.3777539077
C128L51,51,128,-1232500,-1072500,0.267532,0.732468,0,0.267532,0.732468,0.267532,0.732468,17480.15,0,1,9105.687,0,0,0,0,68855.93,1,0,0.732468
C129L51,51,129,-1227500,-1072500,0.745774,0.254226,0,0.745774,0.254226,0.745774,0.254226,14746.47,0,1,12756.47,0,0,0,0,65509.49,1,0,0.2815535655
C130L51,51,130,-1222500,-1072500,0.85933,0.14066971,2.9e-07,0.85933,0.14066971,0.85933,0.14066971,12943.59,0,1,16187.6,0,0,0,0,62384.67,1,0,0.1768988468
C131L51,51,131,-1217500,-1072500,0.837013,0.162987026,-2.6e-08,0.837013,0.162987026,0.837013,0.162987026,11790.49,0,1,19618.73,0.02147343,0,0,0,59516.4,1,0,0.1634517943
C132L51,51,132,-1212500,-1072500,0.998724,0.00127592,8e-08,0.998724,0.00127592,0.998724,0.00127592,11943.68,0,1,23049.86,0.1100923,0,0,0,56943.44,1,0,0.04601547339
C133L51,51,133,-1207500,-1072500,0.998701,0.0012987,3e-07,0.998701,0.0012987,0.998701,0.0012987,10174.21,0,1,26480.99,0,0,0,0,54707.49,1,0,0.06949994249
C134L51,51,134,-1202500,-1072500,0.511005,0.48899548,-4.8e-07,0.511005,0.48899548,0.511005,0.48899548,6888.31,0,1,29912.12,0,0,0,0,52851.33,1,0,0.48899548
C135L51,51,135,-1197500,-1072500,0.66201308,0.33798666,2.6e-07,0.659091,0.34090874,0.659091,0.34090874,3666.519,0,1,33343.25,0,0,0,0,51416.12,1,0.003,0.33798666
C136L51,51,136,-1192500,-1072500,0.757895,0.2421056,-6e-07,0.757895,0.2421056,0.757895,0.2421056,461.5376,0,1,36768.22,0.001607473,0,0,0,50437.8,1,0,0.277114628
C137L51,51,137,-1187500,-1072500,0.75519459,0.24480529,1.2e-07,0.74805173,0.25194815,0.745779,0.25422088,1672.987,0,1,40185.12,0.3105587,0,0,0,49943.22,1,0.009,0.2826017663
C138L51,51,138,-1182500,-1072500,0.77256765,0.22743227,8e-08,0.77129173,0.22870819,0.767145,0.23285492,181.9541,0,0.5,43602.01,0.2518402,0,0,0,49946.77,1,0.005,0.3073350682
C139L51,51,139,-1177500,-1072500,0.64848497,0.3515149,1.3e-07,0.61786297,0.3821369,0.587241,0.41275887,2020.529,0,0.5,47018.91,0.03628242,0,0,0,50448.32,1,0.061,0.3735724258
C140L51,51,140,-1172500,-1072500,0.48961056,0.51039006,-6.2e-07,0.47467551,0.52532511,0.468182,0.53181862,3606.75,0,0.5,50435.8,0,0,0,0,51433.33,1,0.021,0.51039006
C141L51,51,141,-1167500,-1072500,0.736842,0.263158017,-1.7e-08,0.736842,0.263158017,0.736842,0.263158017,4971.919,0,0.5,53852.7,0,0,0,0,52874.77,1,0,0.3276295712
C142L51,51,142,-1162500,-1072500,0.255844,0.74415551,4.9e-07,0.255844,0.74415551,0.255844,0.74415551,6715.628,0,1,51430.34,0,0,0,0,54736.6,1,0,0.74415551
C143L51,51,143,-1157500,-1072500,0.841786,0.158213768,2.32e-07,0.841786,0.158213768,0.841786,0.158213768,7486.43,0,1,46484.56,0,0,0,0,56977.62,1,0,0.2781231882
C144L51,51,144,-1152500,-1072500,0.67175283,0.32824715,2e-08,0.665584,0.33441598,0.654545,0.34545498,7134.809,0,0.5,41551.75,0.5325191,0,0,0,59555.05,1,0.017,0.32824715
C145L51,51,145,-1147500,-1072500,0.8555025,0.14449761,-1.1e-07,0.7878789,0.21212121,0.725359,0.27464111,7339.606,0,0,36626.51,0.4884808,0,0,0,62427.22,1,0.13,0.1950038502
C146L51,51,146,-1142500,-1072500,0.87857141,0.12077912,0.00064947,0.82889616,0.17045437,0.746104,0.25324653,3910.973,0,0,31701.27,0.0957203,0,0,0,65555.41,1,0.132,0.204503153
C19L52,52,19,-1777500,-1077500,0.525689,0,0.474311,0.525689,0,0.525689,0,5922.047,0,0,118469.9,0,0.5061011,0,0.5061011,594162.2,2,0,0.0004128020916
C20L52,52,20,-1772500,-1077500,0.981505,0,0.018495,0.981505,0,0.981505,0,10900.74,0,0,120364.3,0,0.9988412,0,0.9988412,589176.6,2,0,0.0008372420503
C21L52,52,21,-1767500,-1077500,0.987782,0,0.012218,0.987782,0,0.987782,0,15892.82,0,0,122433.7,0,1,0,1,584191.3,2,0,0.0009964617144
C22L52,52,22,-1762500,-1077500,0.98183,0,0.01817,0.98183,0,0.98183,0,20888.69,0,0,124296.3,0,1,0,1,579206.2,2,0,0.001750038311
C23L52,52,23,-1757500,-1077500,0.980548,0.011160733,0.008291267,0.980548,0.011160733,0.980548,0.011160733,25886.16,0,0,126180,0,1,0,1,574221.3,2,0,0.011160733
C24L52,52,24,-1752500,-1077500,0.946115,0.01002506,0.04385994,0.946115,0.01002506,0.946115,0.01002506,30884.44,0,0,128067.8,0,1,0,1,569236.8,2,0,0.01002506
C25L52,52,25,-1747500,-1077500,0.975765,0,0.024235,0.975765,0,0.975765,0,31139.82,0,0,129955.6,0,1,0,1,564252.5,2,0,0.00294733745
C26L52,52,26,-1742500,-1077500,0.987782,0,0.012218,0.987782,0,0.987782,0,26837.44,0,0,131903.9,0,1,0,1,559268.5,2,0,0.001374960418
C27L52,52,27,-1737500,-1077500,0.828444,0,0.171556,0.828444,0,0.828444,0,22157.07,0,0,134009.1,0,0.7184034,0,0.7184034,554284.7,2,0,0.001868724863
C28L52,52,28,-1732500,-1077500,0.776316,0,0.223684,0.776316,0,0.776316,0,17626.44,0,0,136265.3,0,0,0.1061672,0.1061672,549301.3,1,0,0.02207104659
C29L52,52,29,-1727500,-1077500,0.80963057,0.10108424,0.08928519,0.80420965,0.10650516,0.800702,0.11001281,13397.71,0,0,138665.1,0,0,0.7498157,0.7498157,544318.2,1,0.009,0.10108424
C30L52,52,30,-1722500,-1077500,0.9520681,0.04511279,0.00281911,0.946429,0.05075189,0.946429,0.05075189,9097.442,0,0,141201.3,0,0,1,1,539335.4,1,0.006,0.04860173149
C31L52,52,31,-1717500,-1077500,0.984023,0,0.015977,0.984023,0,0.984023,0,5189.149,0,0,143866.6,0,0,1,1,534352.9,1,0,0.00640965427
C32L52,52,32,-1712500,-1077500,0.997449,0,0.002551,0.997449,0,0.997449,0,2657.656,0,0,144533.3,0,0,1,1,529370.7,1,0,0
C33L52,52,33,-1707500,-1077500,0.959273,0,0.040727,0.959273,0,0.959273,0,975.1612,0,0,144462.8,0,0,1,1,524388.9,1,0,0
C34L52,52,34,-1702500,-1077500,0.963648,0,0.036352,0.963648,0,0.963648,0,3595.26,0,0,144413.5,0,0,1,1,519407.4,1,0,0
C35L52,52,35,-1697500,-1077500,0.995614,0,0.004386,0.995614,0,0.995614,0,2244.267,0,0,144364.2,0,0,1,1,514426.3,1,0,0
C36L52,52,36,-1692500,-1077500,1,0,0,1,0,1,0,401.1588,0,0,144314.9,0,0.01572399,1,1.01572399,509445.5,1,0,0
C37L52,52,37,-1687500,-1077500,0.957707,0,0.042293,0.957707,0,0.957707,0,1522.641,0,0,144265.7,0,0,1,1,504465.2,1,0,0
C38L52,52,38,-1682500,-1077500,0.817283,0,0.182717,0.817283,0,0.817283,0,53.15969,0,0,144216.4,0,0,1,1,499485.2,1,0,0
C39L52,52,39,-1677500,-1077500,0.967732,0,0.032268,0.967732,0,0.967732,0,1963.975,0,0,144167.1,0,0,1,1,494505.6,1,0,0
C40L52,52,40,-1672500,-1077500,0.958647,0,0.041353,0.958647,0,0.958647,0,3774.799,0,0,143878.5,0,0.3687691,0.7770887,1.1458578,489526.5,1,0,0
C41L52,52,41,-1667500,-1077500,0.98852,0,0.01148,0.98852,0,0.98852,0,5876.372,0,0,143256.5,0,0.9891536,0.0263519,1.0155055,484547.7,2,0,0.003544830885
C42L52,52,42,-1662500,-1077500,0.980263,0.0056391,0.0140979,0.980263,0.0056391,0.980263,0.0056391,7585.671,0,0,142170.7,0,1,0,1,479569.5,2,0,0.01288004015
C43L52,52,43,-1657500,-1077500,0.97608382,0.02391584,3.4e-07,0.97608382,0.02391584,0.967793,0.03220666,6622.68,0,0,141203.8,0,1,0,1,474591.6,2,0.008,0.02391584
C44L52,52,44,-1652500,-1077500,0.994674,0,0.005326,0.994674,0,0.994674,0,7588.572,0,0,140408.4,0,0.8405958,0,0.8405958,469614.3,2,0,0.009136529521
C45L52,52,45,-1647500,-1077500,0.990115,0,0.009885,0.990115,0,0.990115,0,10096.22,0,0,139787.5,0,0,0,0,464637.4,1,0,0.004068504811
C46L52,52,46,-1642500,-1077500,1,0,0,1,0,1,0,13596.12,0,0,139342.3,0,0,0,0,459661.1,1,0,0.0128172318
C47L52,52,47,-1637500,-1077500,0.98852,0.0114796,4e-07,0.98852,0.0114796,0.98852,0.0114796,17552.68,0,0,138967.7,0,0.08505989,0,0.08505989,454685.2,1,0,0.02867528283
C48L52,52,48,-1632500,-1077500,0.89880972,0.10119048,-2e-07,0.88972451,0.11027569,0.882519,0.1174812,15070.37,0,0,138593.2,0,0.03340331,0,0.03340331,449709.9,1,0.016,0.10119048
C49L52,52,49,-1627500,-1077500,1,0,0,1,0,1,0,10081.75,0,0,137038.1,0,0,0,0,444735.1,1,0,0.01383218234
C50L52,52,50,-1622500,-1077500,1,0,0,1,0,1,0,5115.389,0,0,134881.3,0,0,0,0,439761,1,0,0.004218523232
C51L52,52,51,-1617500,-1077500,1,0,0,1,0,1,0,451.1573,0,0,132875,0,0,0,0,434787.4,1,0,0.003586102129
C52L52,52,52,-1612500,-1077500,1,0,0,1,0,1,0,2985.008,0,0,131028.8,0,0.2627978,0,0.2627978,429814.4,1,0,0.003277523317
C53L52,52,53,-1607500,-1077500,1,0,0,1,0,1,0,7738.683,0,0,129349.7,0,0.9967327,0,0.9967327,424842,2,0,0.00312884608
C54L52,52,54,-1602500,-1077500,1,0,0,1,0,1,0,12651.82,0,0,127844.2,0,1,0,1,419870.4,2,0,0.003170995531
C55L52,52,55,-1597500,-1077500,1,0,0,1,0,1,0,16520.51,0,0,126518.6,0,1,0,1,414899.4,2,0,0.003458910508
C56L52,52,56,-1592500,-1077500,0.996173,0.003188775,0.000638225,0.996173,0.003188775,0.996173,0.003188775,11531.79,0,0,125378.4,0,1,0,1,409929.1,2,0,0.005684206555
C57L52,52,57,-1587500,-1077500,0.999687,0.000313283,-2.83e-07,0.999687,0.000313283,0.999687,0.000313283,6560.272,0,0,124428.8,0,1,0,1,404959.5,2,0,0.004376145783
C58L52,52,58,-1582500,-1077500,1,0,0,1,0,1,0,1734.49,0,0,123674.3,0,1,0,1,399990.7,2,0,0.006756132479
C59L52,52,59,-1577500,-1077500,1,0,0,1,0,1,0,2890.614,0,0,123118.3,0,1,0,1,395022.6,2,0,0.008822679699
C60L52,52,60,-1572500,-1077500,0.99937325,0.000626566,1.84e-07,0.99561385,0.004385966,0.994674,0.005325816,7517.806,0,0,122763.7,0,0.8418068,0.1649657,1.0067725,390055.4,2,0.005,0.02808179883
C61L52,52,61,-1567500,-1077500,0.842156018,0.157844,-1.8e-08,0.842156018,0.157844,0.839605,0.160395018,12317.17,0,0,122540.2,0,0.1522285,0.7332802,0.8855087,385089.1,1,0.003,0.157844
C62L52,52,62,-1562500,-1077500,0.914787,0.085213,0,0.914787,0.085213,0.914787,0.085213,17231.01,0,0,121527.8,0,0,0.8678845,0.8678845,380123.6,1,0,0.08978524174
C63L52,52,63,-1557500,-1077500,1,0,0,1,0,1,0,22183.39,0,0,120199.4,0,0,1,1,375159,1,0,0.02514974354
C64L52,52,64,-1552500,-1077500,1,0,0,1,0,1,0,26533.74,0,0,118871.2,0,0.1384954,1,1.1384954,370195.4,1,0,0.001184858733
C65L52,52,65,-1547500,-1077500,1,0,0,1,0,1,0,27700.87,0,0,117650.1,0,0.9311798,1,1.9311798,365232.8,2,0,2.521063926e-05
C66L52,52,66,-1542500,-1077500,1,0,0,1,0,1,0,29675.52,0,0,116630.6,0,1,1,2,360271.2,2,0,0
C67L52,52,67,-1537500,-1077500,1,0,0,1,0,1,0,28283.74,0,0,115818.3,0,1,1,2,355310.7,2,0,0
C68L52,52,68,-1532500,-1077500,1,0,0,1,0,1,0,25573.65,0,0,115217.4,0,0.9248602,1,1.9248602,350351.4,2,0,0
C69L52,52,69,-1527500,-1077500,1,0,0,1,0,1,0,23623.15,0,0,114831.3,0,0.3054946,1,1.3054946,345393.2,1,0,0
C70L52,52,70,-1522500,-1077500,1,0,0,1,0,1,0,19795.99,0,0,114662.1,0,0.2423803,0.4178417,0.660222,340436.2,1,0,0.0007587935807
C71L52,52,71,-1517500,-1077500,1,0,0,1,0,1,0,15735.59,0,0,114710.8,0,0.02042905,0.001562,0.02199105,335480.5,1,0,0.003832469419
C72L52,52,72,-1512500,-1077500,1,0,0,1,0,1,0,12382.9,0,0,114486.6,0,0,0,0,330526.1,1,0,0.004058630081
C73L52,52,73,-1507500,-1077500,1,0,0,1,0,1,0,8831.323,0,0,113367.1,0,0,0,0,325573.1,1,0,0.004229613323
C74L52,52,74,-1502500,-1077500,1,0,0,1,0,1,0,5117.085,0,0,110922.8,0,0,0,0,320621.6,1,0,0.004760146974
C75L52,52,75,-1497500,-1077500,0.803571,0,0.196429,0.803571,0,0.803571,0,1248.869,0,0,107663.1,0,0,0,0,315671.6,1,0,0.004955304243
C76L52,52,76,-1492500,-1077500,0.0485589,0,0.9514411,0.0485589,0,0.0485589,0,975.483,0,0,104541,0,0,0,0,310723.2,1,0,0.001566125931
C77L52,52,77,-1487500,-1077500,0.00510204,0.00127551,0.99362245,0.00510204,0.00127551,0.00510204,0.00127551,3349.434,0,0,101569.1,0,0,0,0,305776.5,1,0,0.00127551
C78L52,52,78,-1482500,-1077500,0.632206016,0.0554511,0.312342884,0.629386466,0.05827065,0.615602,0.072055116,6849.45,0,0,98761.14,0.07067392,0,0,0,300831.5,1,0.017,0.08028206138
C79L52,52,79,-1477500,-1077500,0.83290866,0.16709185,-5.1e-07,0.8182403,0.18176021,0.751276,0.24872451,9581.774,0,0,96131.34,0.6354464,0,0,0,295888.4,1,0.082,0.16709185
C80L52,52,80,-1472500,-1077500,0.9624057,0.03759399,3.1e-07,0.960526,0.03947369,0.960526,0.03947369,12373.13,0.00295901,0,93694.75,0.3805762,0,0,0.00295901,290947.3,1,0.002,0.05428459136
C81L52,52,81,-1467500,-1077500,0.996811,0.00318878,2.2e-07,0.996811,0.00318878,0.996811,0.00318878,16259.71,0.7217317,0,91421.98,0,0,0,0.7217317,286008.2,1,0,0.01134913463
C82L52,52,82,-1462500,-1077500,1,0,0,1,0,1,0,19444.72,0.8549013,0,89235.02,0,0.163725,0,1.0186263,281071.2,1,0,0.005332354211
C83L52,52,83,-1457500,-1077500,0.997768,0,0.002232,0.997768,0,0.997768,0,16051.01,0.1577489,0,87275.66,0,0.8339193,0,0.9916682,276136.5,2,0,0.005001287771
C84L52,52,84,-1452500,-1077500,1,0,0,1,0,1,0,12276.73,0,0,85563.96,0,1,0,1,271204.2,2,0,0.005057674298
C85L52,52,85,-1447500,-1077500,1,0,0,1,0,1,0,8366.233,0,0,84113.91,0,1,0,1,266274.5,2,0,0.005123453392
C86L52,52,86,-1442500,-1077500,1,0,0,1,0,1,0,5288.605,0.00784556,0,82775.96,0,0.985665,0,0.99351056,261347.4,2,0,0.005215074788
C87L52,52,87,-1437500,-1077500,1,0,0,1,0,1,0,398.0652,0,0,81438.02,0,1,0,1,256423.1,2,0,0.005604078536
C88L52,52,88,-1432500,-1077500,1,0,0,1,0,1,0,2326.147,0.08708083,0,79918.62,0,0.9135321,0,1.00061293,251501.8,2,0,0.005781914765
C89L52,52,89,-1427500,-1077500,0.997807,0.00219298,2e-08,0.997807,0.00219298,0.997807,0.00219298,4489.944,0.8916054,0,78342.47,0,0.1073751,0,0.9989805,246583.7,1,0,0.006996730383
C90L52,52,90,-1422500,-1077500,1,0,0,1,0,1,0,7201.52,1,0,76771.58,0,0,0,1,241668.9,1,0,0.005559616161
C91L52,52,91,-1417500,-1077500,1,0,0,1,0,1,0,8480.762,1,0,75401.71,0,0,0,1,236757.7,1,0,0.005220070751
C92L52,52,92,-1412500,-1077500,1,0,0,1,0,1,0,10451.84,1,0,74222.19,0,0,0.6293184,1.6293184,231850.3,1,0,0.0006145832822
C93L52,52,93,-1407500,-1077500,1,0,0,1,0,1,0,13067.07,0.1934594,0,73045.17,0,0,1,1.1934594,226947,1,0,0
C94L52,52,94,-1402500,-1077500,1,0,0,1,0,1,0,8149.591,0,0,71815.69,0,0,1,1,222047.9,1,0,0
C95L52,52,95,-1397500,-1077500,1,0,0,1,0,1,0,3232.143,0,0,69833.33,0,0,1,1,217153.5,1,0,0
C96L52,52,96,-1392500,-1077500,1,0,0,1,0,1,0,1350.316,0,0,67850.97,0,0,1,1,212264,1,0,0
C97L52,52,97,-1387500,-1077500,1,0,0,1,0,1,0,4975.753,0,0,65868.61,0,0,1,1,207379.7,1,0,0
C98L52,52,98,-1382500,-1077500,1,0,0,1,0,1,0,8209.338,0,0,63886.25,0,0,1,1,202501.1,1,0,0
C99L52,52,99,-1377500,-1077500,0.998724,0.00127551,4.9e-07,0.998724,0.00127551,0.998724,0.00127551,12650.23,0,0,61650.83,0,0,1,1,197628.6,1,0,0.00127551
C100L52,52,100,-1372500,-1077500,1,0,0,1,0,1,0,16205.74,0,0,59198.98,0,0,1,1,192762.6,1,0,0
C101L52,52,101,-1367500,-1077500,1,0,0,1,0,1,0,18313.73,0,0,56747.13,0,0,1,1,187903.6,1,0,0
C102L52,52,102,-1362500,-1077500,0.996867,0.00313283,1.7e-07,0.996867,0.00313283,0.996867,0.00313283,19224.16,0,0,54295.28,0,0,1,1,183052.2,1,0,0.00313283
C103L52,52,103,-1357500,-1077500,1,0,0,1,0,1,0,16128.16,0,0,51843.43,0,0,1,1,178209,1,0,0
C104L52,52,104,-1352500,-1077500,1,0,0,1,0,1,0,13057.81,0,0,49391.58,0,0,1,1,173374.8,1,0,0
C105L52,52,105,-1347500,-1077500,0.992481,0.0075188,2e-07,0.992481,0.0075188,0.992481,0.0075188,9773.586,0,0,46939.73,0,0,1,1,168550.2,1,0,0.0075188
C106L52,52,106,-1342500,-1077500,1,0,0,1,0,1,0,6696.401,0,0,44487.88,0,0,1,1,163736.2,1,0,0.0005178451966
C107L52,52,107,-1337500,-1077500,1,0,0,1,0,1,0,3467.684,0,0,42100.45,0,0,1,1,158933.6,1,0,0.0006617264666
C108L52,52,108,-1332500,-1077500,1,0,0,1,0,1,0,388.49,0,0,40144.8,0,0,1,1,154143.6,1,0,0.001899277414
C109L52,52,109,-1327500,-1077500,0.99216798,0.00783208,-6e-08,0.989975,0.01002506,0.989975,0.01002506,4382.171,0,0,38663.03,0,0,1,1,149367.3,1,0.002,0.008638990017
C110L52,52,110,-1322500,-1077500,0.991709,0.00829083,1.7e-07,0.991709,0.00829083,0.991709,0.00829083,6958.968,0,0,37250.71,0,0,0.3139547,0.3139547,144606.2,1,0,0.0198704417
C111L52,52,111,-1317500,-1077500,0.9730574,0.02694234,2.6e-07,0.9730574,0.02694234,0.969298,0.03070174,10646.91,0,0,35946.67,0,0,0,0,139861.7,1,0.004,0.05601172352
C112L52,52,112,-1312500,-1077500,0.77287008,0.22650351,0.00062641,0.76629113,0.23308246,0.765038,0.23433559,13051.73,0,0,35251.62,0,0,0,0,135135.7,1,0.008,0.22650351
C113L52,52,113,-1307500,-1077500,0.760842,0.23915812,-1.2e-07,0.760842,0.23915812,0.760842,0.23915812,14884.99,0,0,34930.67,0,0,0,0,130430.1,1,0,0.23915812
C114L52,52,114,-1302500,-1077500,1,0,0,1,0,1,0,17457.75,0,0,34634.01,0,0,0,0,125747.2,1,0,0.02573385327
C115L52,52,115,-1297500,-1077500,1,0,0,1,0,1,0,13674.27,0,0,34574.66,0,0,0,0,121089.7,1,0,0.0249748707
C116L52,52,116,-1292500,-1077500,0.92261935,0.07738102,-3.7e-07,0.91948652,0.08051385,0.912281,0.08771937,9163.04,0,0,34519.8,0,0,0,0,116460.6,1,0.01,0.08461057432
C117L52,52,117,-1287500,-1077500,0.74617358,0.25382656,-1.4e-07,0.73820164,0.2617985,0.705995,0.29400514,5559.035,0,0,32334.7,0,0,0,0,111863.4,1,0.04,0.25382656
C118L52,52,118,-1282500,-1077500,0.996867,0.00313283,1.7e-07,0.996867,0.00313283,0.996867,0.00313283,2223.255,0,0,30190.9,0,0,0,0,107302.3,1,0,0.03106530631
C119L52,52,119,-1277500,-1077500,0.999681,0.000318878,1.22e-07,0.999681,0.000318878,0.999681,0.000318878,1332.995,0,0,28744.38,0,0,0,0,102782,1,0,0.01090463803
C120L52,52,120,-1272500,-1077500,1,0,0,1,0,1,0,4897.964,0,0,26202.45,0.2232373,0,0,0,98308.11,1,0,0.01676147101
C121L52,52,121,-1267500,-1077500,0.995613793,0.004385966,2.41e-07,0.992480963,0.007518796,0.988095,0.011904759,1823.096,0,0,22020.88,0.6787129,0,0,0,93887.37,1,0.008,0.03412501292
C122L52,52,122,-1262500,-1077500,0.97767808,0.022321469,4.51e-07,0.97257604,0.027423509,0.967474,0.032525549,694.9691,0,0,17839.32,0.9132838,0,0,0,89527.6,1,0.01,0.05537344164
C123L52,52,123,-1257500,-1077500,0.93734292,0.06265666,4.2e-07,0.93734292,0.06265666,0.921992,0.07800758,5692.367,0,0.3333333,13657.75,0.3362124,0,0,0,85238.17,1,0.015,0.081264554
C124L52,52,124,-1252500,-1077500,0.917092245,0.08290823,-4.75e-07,0.908482555,0.09151792,0.902105,0.097895475,10689.76,0,0.5,9476.181,0.09392253,0,0,0,81030.24,1,0.015,0.1372512815
C125L52,52,125,-1247500,-1077500,0.65413485,0.34586515,0,0.653195,0.346805,0.653195,0.346805,15687.16,0,1,5573.309,0,0,0,0,76917.19,1,0.001,0.3620246884
C126L52,52,126,-1242500,-1077500,0.22098172,0.779017943,3.37e-07,0.21460416,0.785395503,0.209821,0.790178663,20684.56,0,1,1757.208,0,0,0,0,72915.07,1,0.011,0.779017943
C127L52,52,127,-1237500,-1077500,0.387845,0.61215498,2e-08,0.387845,0.61215498,0.387845,0.61215498,17683.93,0,1,2058.894,0,0,0,0,69043.19,1,0,0.61215498
C128L52,52,128,-1232500,-1077500,0.4598219,0.54017877,-6.7e-07,0.4598219,0.54017877,0.456952,0.54304867,13690.1,0,1,5688.402,0,0,0,0,65324.69,1,0.003,0.5463628289
C129L52,52,129,-1227500,-1077500,0.629073,0.37092726,-2.6e-07,0.629073,0.37092726,0.629073,0.37092726,10548.72,0,1,9119.532,0,0,0,0,61787.29,1,0,0.4300838703
C130L52,52,130,-1222500,-1077500,0.428571,0.57142868,3.2e-07,0.428571,0.57142868,0.428571,0.57142868,8094.601,0,1,12550.66,0,0,0,0,58463.87,1,0,0.57142868
C131L52,52,131,-1217500,-1077500,0.781569,0.218431018,-1.8e-08,0.781569,0.218431018,0.781569,0.218431018,6876.886,0,1,15981.79,0,0,0,0,55392.94,1,0,0.218431018
C132L52,52,132,-1212500,-1077500,1,0,0,1,0,1,0,7037.128,0,1,19412.92,0,0,0,0,52618.74,1,0,0.05604773988
C133L52,52,133,-1207500,-1077500,1,0,0,1,0,1,0,5965.539,0,1,22844.05,0,0,0,0,50190.49,1,0,0.08239951299
C134L52,52,134,-1202500,-1077500,0.8370931,0.16290728,-3.8e-07,0.82174223,0.17825815,0.81485,0.18515038,3843.004,0,0.5,26275.18,0.2751908,0,0,0,48160.56,1,0.022,0.2241313391
C135L52,52,135,-1197500,-1077500,0.411033,0.588966068,9.32e-07,0.411033,0.588966068,0.411033,0.588966068,113.2634,0,0.5,29701.01,0,0,0,0,46581.04,1,0,0.588966068
C136L52,52,136,-1192500,-1077500,0.89567654,0.104323349,1.11e-07,0.88314521,0.116854679,0.87406,0.125939889,2910.378,0,0.5,33117.9,0,0,0,0,45498.88,1,0.022,0.1886239447
C137L52,52,137,-1187500,-1077500,0.97257665,0.027423478,-1.28e-07,0.97257665,0.027423478,0.969069,0.030931128,3326.77,0,0.5,36534.8,0,0,0,0,44949.99,1,0.004,0.1458495591
C138L52,52,138,-1182500,-1077500,0.85839623,0.141603916,-1.46e-07,0.8552634,0.144736746,0.851504,0.148496146,4109.563,0,0.5,39951.69,0.1182209,0,0,0,44953.93,1,0.007,0.2605272447
C139L52,52,139,-1177500,-1077500,0.20426114,0.79573982,-9.6e-07,0.20144159,0.79855937,0.186404,0.81359696,6878.974,0,0.5,43368.59,0.8858021,0,0,0,45510.54,1,0.018,0.79573982
C140L52,52,140,-1172500,-1077500,0.82302314,0.176977195,-3.35e-07,0.82302314,0.176977195,0.820791,0.179209335,8195.989,0,1,46785.48,0.15223,0,0,0,46600.04,1,0.002,0.3208453162
C141L52,52,141,-1167500,-1077500,0.85025055,0.149749376,7.4e-08,0.85025055,0.149749376,0.847431,0.152568926,9570.836,0,1,50202.38,0,0,0,0,48186.28,1,0.003,0.3223498277
C142L52,52,142,-1162500,-1077500,0.440689,0.55931109,-9e-08,0.440689,0.55931109,0.440689,0.55931109,11454.61,0,0.5,52263.63,0,0,0,0,50222.22,1,0,0.55931109
C143L52,52,143,-1157500,-1077500,0.32926025,0.670739496,2.54e-07,0.324561,0.675438746,0.324561,0.675438746,11851.17,0,0.5,47338.39,0.1262106,0,0,0,52655.73,1,0.005,0.670739496
C144L52,52,144,-1152500,-1077500,0.72991062,0.27008923,1.5e-07,0.70982135,0.2901785,0.68463,0.31536985,7899.306,0,0.3333333,42413.15,0.9835445,0,0,0,55434.46,1,0.045,0.3022984445
C145L52,52,145,-1147500,-1077500,0.93796948,0.06203,5.2e-07,0.91979905,0.08020043,0.888784,0.11121548,5022.599,0,0,37487.91,1,0,0,0,58509.26,1,0.049,0.1611044582
C146L52,52,146,-1142500,-1077500,0.50637788,0.48469346,0.00892866,0.40912018,0.58195116,0.373087,0.61798434,931.307,0,0,32562.67,0.978935,0,0,0,61835.97,1,0.133,0.48469346
C147L52,52,147,-1137500,-1077500,0.366540908,0.63345852,5.72e-07,0.356202566,0.643796862,0.355576,0.644423428,1337.157,0,0,27637.43,0.3574916,0,0,0,65376.16,1,0.011,0.63345852
C148L52,52,148,-1132500,-1077500,0.039787,0.96021275,2.5e-07,0.039787,0.96021275,0.039787,0.96021275,1524.48,0,0,22712.19,0.2348443,0,0,0,69097,1,0,0.96021275
C149L52,52,149,-1127500,-1077500,0.221939,0.77806082,1.8e-07,0.221939,0.77806082,0.221939,0.77806082,2414.021,0,0,17786.95,0.05125695,0,0,0,72970.88,1,0,0.794027427
C18L53,53,18,-1782500,-1082500,0.000974026,0,0.999025974,0.000974026,0,0.000974026,0,2278.234,0,0,121501.4,0,0,0,0,598794.2,1,0,7.0871053e-07
C19L53,53,19,-1777500,-1082500,0.345774,0,0.654226,0.345774,0,0.345774,0,7120.553,0,0,123146.4,0,0.3251928,0,0.3251928,593805.4,1,0,0.0002722659353
C20L53,53,20,-1772500,-1082500,0.341234,0,0.658766,0.341234,0,0.341234,0,11962.87,0,0,124969.9,0,0.3316254,0,0.3316254,588816.8,1,0,0.0002915530575
C21L53,53,21,-1767500,-1082500,0.303349,0,0.696651,0.303349,0,0.303349,0,16805.19,0,0,126964.2,0,0.2828222,0,0.2828222,583828.4,1,0,0.0002971347187
C22L53,53,22,-1762500,-1082500,0.255821,0,0.744179,0.255821,0,0.255821,0,21647.51,0,0,128954.6,0,0.234019,0,0.234019,578840.2,1,0,0.0004823278909
C23L53,53,23,-1757500,-1082500,0.205195,0,0.794805,0.205195,0,0.205195,0,26504.69,0,0,130810,0,0.1875338,0,0.1875338,573852.2,1,0,0.0006611951102
C24L53,53,24,-1752500,-1082500,0.147368,0.001275918,0.851356082,0.147368,0.001275918,0.147368,0.001275918,31404.69,0,0,132697.8,0,0.1385915,0,0.1385915,568864.4,1,0,0.001275918
C25L53,53,25,-1747500,-1082500,0.107792,0,0.892208,0.107792,0,0.107792,0,28960.64,0,0,134585.5,0,0.08982124,0,0.08982124,563876.8,1,0,0.0002779428418
C26L53,53,26,-1742500,-1082500,0.0510367,0,0.9489633,0.0510367,0,0.0510367,0,24376.14,0,0,136489.6,0,0.05209172,0,0.05209172,558889.4,1,0,7.220493656e-05
C29L53,53,29,-1727500,-1082500,0.0162338,0.007142855,0.976623345,0.0162338,0.007142855,0.0162338,0.007142855,11033.3,0,0,143034.2,0,0,0.02062159,0.02062159,543928.7,1,0,0.007142855
C30L53,53,30,-1722500,-1082500,0.370016,0.04178626,0.58819774,0.370016,0.04178626,0.370016,0.04178626,6459.574,0,0,145494.2,0,0,0.3909469,0.3909469,538942.3,1,0,0.04178626
C31L53,53,31,-1717500,-1082500,0.57193,0.012759178,0.415310822,0.57193,0.012759178,0.57193,0.012759178,2231.989,0,0,148082.3,0,0,0.5925047,0.5925047,533956.1,1,0,0.01284833459
C32L53,53,32,-1712500,-1082500,0.766234,0.00876623,0.22499977,0.766234,0.00876623,0.766234,0.00876623,124.0903,0,0,149531.5,0,0,0.754719,0.754719,528970.2,1,0,0.00876623
C33L53,53,33,-1707500,-1082500,0.93205783,0.011483248,0.056458922,0.929506,0.014035078,0.929506,0.014035078,2398.497,0,0,149462.5,0,0.1294019,0.970234,1.0996359,523984.6,1,0.003,0.011483248
C34L53,53,34,-1702500,-1082500,0.963961,0,0.036039,0.963961,0,0.963961,0,429.1147,0,0,149413.2,0,0.1417037,1,1.1417037,518999.2,1,0,0
C35L53,53,35,-1697500,-1082500,0.877831,0,0.122169,0.877831,0,0.877831,0,500.9444,0,0,149364,0,0.6584838,0.9719882,1.630472,514014.2,2,0,0.001793581802
C36L53,53,36,-1692500,-1082500,0.892857,0,0.107143,0.892857,0,0.892857,0,3300.001,0,0,149314.7,0,0.8937935,0.6770552,1.5708487,509029.4,2,0,0.003713895413
C37L53,53,37,-1687500,-1082500,0.904306,0,0.095694,0.904306,0,0.904306,0,5454.349,0,0,149265.4,0,0.3150716,0.6953851,1.0104567,504044.9,1,0,0.002553561965
C38L53,53,38,-1682500,-1082500,0.833442,0,0.166558,0.833442,0,0.833442,0,3974.886,0,0,149216.2,0,0.5966561,0.4193018,1.0159579,499060.7,2,0,0.001307852547
C39L53,53,39,-1677500,-1082500,0.970973,0,0.029027,0.970973,0,0.970973,0,2155.546,0,0,149166.9,0,0.2341138,0.8591854,1.0932992,494076.9,1,0,0
C40L53,53,40,-1672500,-1082500,0.973525,0,0.026475,0.973525,0,0.973525,0,522.4422,0,0,148865.9,0,0.8980033,0.08102831,0.97903161,489093.4,2,0,0.001944391023
C41L53,53,41,-1667500,-1082500,0.977922,0.002597401,0.019480599,0.977922,0.002597401,0.977922,0.002597401,1515.198,0,0,148154.7,0,1,0,1,484110.2,2,0,0.008282876125
C42L53,53,42,-1662500,-1082500,0.979585,0.020414679,3.21e-07,0.979585,0.020414679,0.979585,0.020414679,2848.414,0,0,147062.6,0,1,0,1,479127.4,2,0,0.02111936474
C43L53,53,43,-1657500,-1082500,0.96038918,0.03961041,4.1e-07,0.95649308,0.04350651,0.953571,0.04642859,1627.39,0,0,146128.1,0,1,0,1,474144.9,2,0.007,0.03961041
C44L53,53,44,-1652500,-1082500,1,0,0,1,0,1,0,3037.018,0,0,145359.7,0,0.8503984,0,0.8503984,469162.8,2,0,0.006952053372
C45L53,53,45,-1647500,-1082500,0.998701,0.0012987,3e-07,0.998701,0.0012987,0.998701,0.0012987,6593.81,0,0,144760,0,0.01014865,0,0.01014865,464181.1,1,0,0.006600586299
C46L53,53,46,-1642500,-1082500,0.993939,0.00606061,3.9e-07,0.993939,0.00606061,0.993939,0.00606061,10658.11,0,0,144328.2,0,0,0,0,459199.8,1,0,0.01076919997
C47L53,53,47,-1637500,-1082500,0.983442,0.01655843,-4.3e-07,0.983442,0.01655843,0.983442,0.01655843,15240.89,0,0,143953.7,0,0,0,0,454218.9,1,0,0.02198926156
C48L53,53,48,-1632500,-1082500,0.993301,0.00669856,4.4e-07,0.993301,0.00669856,0.993301,0.00669856,15283.59,0,0,143579.2,0,0,0,0,449238.4,1,0,0.01538174312
C49L53,53,49,-1627500,-1082500,1,0,0,1,0,1,0,10398.04,0,0,141531.7,0,0,0,0,444258.4,1,0,0.01000961441
C50L53,53,50,-1622500,-1082500,1,0,0,1,0,1,0,5714.061,0,0,139441.8,0,0,0,0,439278.8,1,0,0.003447012068
C51L53,53,51,-1617500,-1082500,1,0,0,1,0,1,0,1739.743,0,0,137502.1,0,0,0,0,434299.7,1,0,0.003210636442
C52L53,53,52,-1612500,-1082500,1,0,0,1,0,1,0,2961.49,0,0,135718.9,0,0.025036,0,0.025036,429321.1,1,0,0.003413059617
C53L53,53,53,-1607500,-1082500,1,0,0,1,0,1,0,7898.899,0,0,134098.5,0,0.9007364,0,0.9007364,424343,2,0,0.003598630122
C54L53,53,54,-1602500,-1082500,1,0,0,1,0,1,0,12884.67,0,0,132646.9,0,1,0,1,419365.3,2,0,0.003554441827
C55L53,53,55,-1597500,-1082500,1,0,0,1,0,1,0,15624.98,0,0,131369.7,0,1,0,1,414388.3,2,0,0.004217115453
C56L53,53,56,-1592500,-1082500,0.998377,0.001623377,-3.77e-07,0.998377,0.001623377,0.998377,0.001623377,10734.85,0,0,130272,0,1,0,1,409411.8,2,0,0.005085677439
C57L53,53,57,-1587500,-1082500,1,0,0,1,0,1,0,6008.257,0,0,129358.4,0,1,0,1,404435.9,2,0,0.004455721336
C58L53,53,58,-1582500,-1082500,1,0,0,1,0,1,0,1371.606,0,0,128632.8,0,1,0,1,399460.5,2,0,0.007807901019
C59L53,53,59,-1577500,-1082500,0.943506,0.05649348,5.2e-07,0.943506,0.05649348,0.943506,0.05649348,3267.017,0,0,128098.3,0,0.986849,0,0.986849,394485.8,2,0,0.05649348
C60L53,53,60,-1572500,-1082500,0.97416246,0.025837317,2.23e-07,0.97416246,0.025837317,0.965869,0.034130777,8147.148,0,0,127757.5,0,0.963626,0,0.963626,389511.8,2,0.008,0.03106868675
C61L53,53,61,-1567500,-1082500,1.000000425,0,-4.25e-07,1.000000425,0,0.996429,0.003571425,13117.87,0,0,127535.3,0,0.7531794,0.5044935,1.2576729,384538.4,2,0.004,0.01396099538
C62L53,53,62,-1562500,-1082500,1,0,0,1,0,1,0,18104.73,0,0,126348.1,0,0.1432893,1,1.1432893,379565.7,1,0,0.008850691547
C63L53,53,63,-1557500,-1082500,1,0,0,1,0,1,0,23097.27,0,0,125019.7,0,0.2125025,1,1.2125025,374593.8,1,0,0.001067655186
C64L53,53,64,-1552500,-1082500,1,0,0,1,0,1,0,28092.46,0,0,123700.9,0,0.8594132,1,1.8594132,369622.6,2,0,0
C65L53,53,65,-1547500,-1082500,1,0,0,1,0,1,0,26453.21,0,0,122527.9,0,1,1,2,364652.1,2,0,0
C66L53,53,66,-1542500,-1082500,1,0,0,1,0,1,0,25182.22,0,0,121549.4,0,1,1,2,359682.6,2,0,0
C67L53,53,67,-1537500,-1082500,1,0,0,1,0,1,0,24487.71,0,0,120770.1,0,1,1,2,354713.8,2,0,0
C68L53,53,68,-1532500,-1082500,1,0,0,1,0,1,0,21299.98,0,0,120194,0,1,0.9944837,1.9944837,349746,2,0,0
C69L53,53,69,-1527500,-1082500,1,0,0,1,0,1,0,18913.77,0,0,119823.9,0,1,0.5652028,1.5652028,344779.1,2,0,1.188400643e-05
C70L53,53,70,-1522500,-1082500,1,0,0,1,0,1,0,16923.93,0,0,119661.7,0,1,0.002593159,1.002593159,339813.1,2,0,0.003861405107
C71L53,53,71,-1517500,-1082500,1,0,0,1,0,1,0,13037.21,0,0,119708.4,0,0.8316177,0,0.8316177,334848.2,2,0,0.004123503136
C72L53,53,72,-1512500,-1082500,1,0,0,1,0,1,0,8700.363,0,0,119340.9,0,0.3141971,0,0.3141971,329884.3,1,0,0.004269671188
C73L53,53,73,-1507500,-1082500,1,0,0,1,0,1,0,5605.704,0,0,117982.7,0,0.2729724,0,0.2729724,324921.6,1,0,0.004358307736
C74L53,53,74,-1502500,-1082500,0.840909,0,0.159091,0.840909,0,0.840909,0,1789.165,0,0,114705.7,0,0.03445566,0,0.03445566,319960,1,0,0.004055911846
C75L53,53,75,-1497500,-1082500,0.142903,0,0.857097,0.142903,0,0.142903,0,1356.559,0,0,111556.5,0,0,0,0,314999.6,1,0,0.002632785909
C77L53,53,77,-1487500,-1082500,0.27305213,0.067532481,0.659415389,0.255195,0.085389611,0.255195,0.085389611,5962.443,0,0,105687.3,0,0,0,0,305082.7,1,0.018,0.067532481
C78L53,53,78,-1482500,-1082500,0.950239,0.03540671,0.01435429,0.950239,0.03540671,0.950239,0.03540671,10106.42,0,0,102991.6,0,0,0,0,300126.3,1,0,0.06029983305
C79L53,53,79,-1477500,-1082500,0.994805,0.00519481,1.9e-07,0.994805,0.00519481,0.994805,0.00519481,13813.26,0,0,100472.6,0.0445609,0,0,0,295171.4,1,0,0.02726660264
C80L53,53,80,-1472500,-1082500,0.97639546,0.02360446,8e-08,0.97384363,0.02615629,0.968102,0.03189792,16333.29,0.401925,0,98141.66,0.1175919,0,0,0.401925,290218,1,0.008,0.0318691159
C81L53,53,81,-1467500,-1082500,1,0,0,1,0,1,0,18193.54,1,0,95892.54,0,0,0,1,285266.3,1,0,0.008481474037
C82L53,53,82,-1462500,-1082500,1,0,0,1,0,1,0,15304.74,1,0,93805.81,0,0,0,1,280316.3,1,0,0.005281029208
C83L53,53,83,-1457500,-1082500,1,0,0,1,0,1,0,12393.48,0.9098983,0,91943.9,0,0.07979398,0,0.98969228,275368,1,0,0.005016937566
C84L53,53,84,-1452500,-1082500,1,0,0,1,0,1,0,9117.903,0.5245646,0,90320.72,0,0.4478047,0,0.9723693,270421.7,1,0,0.005067861696
C85L53,53,85,-1447500,-1082500,0.997448,0,0.002552,0.997448,0,0.997448,0,5708.797,0.312672,0,88931.57,0,0.6617456,0,0.9744176,265477.4,2,0,0.005121568867
C86L53,53,86,-1442500,-1082500,1,0,0,1,0,1,0,1366.065,0.871597,0,87593.63,0,0.1216564,0,0.9932534,260535.3,1,0,0.005243795418
C87L53,53,87,-1437500,-1082500,1,0,0,1,0,1,0,370.5527,0.6326386,0,86239.85,0,0.3410648,0,0.9737034,255595.3,1,0,0.005934599541
C88L53,53,88,-1432500,-1082500,0.991883,0.008116886,1.14e-07,0.991883,0.008116886,0.991883,0.008116886,4196.316,0.8609105,0,84663.7,0,0.1311882,0,0.9920987,250657.8,1,0,0.0104876779
C89L53,53,89,-1427500,-1082500,1,0,0,1,0,1,0,8710.018,1,0,83087.54,0,0,0,1,245722.8,1,0,0.006215116389
C90L53,53,90,-1422500,-1082500,1,0,0,1,0,1,0,11156.52,1,0,81548.96,0,0,0,1,240790.4,1,0,0.005586048296
C91L53,53,91,-1417500,-1082500,1,0,0,1,0,1,0,13447.37,1,0,80258.71,0,0,0.02466801,1.02466801,235861,1,0,0.004949161895
C92L53,53,92,-1412500,-1082500,1,0,0,1,0,1,0,14769.88,0.8228924,0,79081.68,0,0,0.9371585,1.7600509,230934.5,1,0,0
C93L53,53,93,-1407500,-1082500,1,0,0,1,0,1,0,11704.79,9.122428e-05,0,77904.66,0,0,1,1.000091224,226011.3,1,0,0
C94L53,53,94,-1402500,-1082500,1,0,0,1,0,1,0,6889.498,0,0,76405.92,0,0,1,1,221091.5,1,0,0
C95L53,53,95,-1397500,-1082500,1,0,0,1,0,1,0,2709.934,0,0,74423.56,0,0,1,1,216175.4,1,0,0
C96L53,53,96,-1392500,-1082500,1,0,0,1,0,1,0,1146.441,0,0,72441.2,0,0,1,1,211263.3,1,0,0
C97L53,53,97,-1387500,-1082500,1,0,0,1,0,1,0,5694.305,0,0,70458.84,0,0,1,1,206355.3,1,0,0
C98L53,53,98,-1382500,-1082500,1,0,0,1,0,1,0,10544.07,0,0,68460.25,0,0,1,1,201451.9,1,0,0
C99L53,53,99,-1377500,-1082500,1,0,0,1,0,1,0,15216.96,0,0,66008.4,0,0,1,1,196553.4,1,0,0
C100L53,53,100,-1372500,-1082500,1,0,0,1,0,1,0,19344.02,0,0,63556.55,0,0,1,1,191660.1,1,0,0
C101L53,53,101,-1367500,-1082500,1,0,0,1,0,1,0,19164.41,0,0,61104.7,0,0,1,1,186772.4,1,0,0
C102L53,53,102,-1362500,-1082500,1,0,0,1,0,1,0,15599.97,0,0,58652.85,0,0,1,1,181890.9,1,0,0
C103L53,53,103,-1357500,-1082500,1,0,0,1,0,1,0,12233.02,0,0,56201,0,0,1,1,177015.9,1,0,0
C104L53,53,104,-1352500,-1082500,0.997078,0.00292208,-8e-08,0.997078,0.00292208,0.997078,0.00292208,9130.332,0,0,53749.15,0,0,1,1,172148.2,1,0,0.00292208
C105L53,53,105,-1347500,-1082500,1,0,0,1,0,1,0,5987.382,0,0,51297.3,0,0,1,1,167288.2,1,0,0
C106L53,53,106,-1342500,-1082500,0.998377,0.00162338,-3.8e-07,0.998377,0.00162338,0.998377,0.00162338,3071.69,0,0,48847.28,0,0,1,1,162436.8,1,0,0.00162338
C107L53,53,107,-1337500,-1082500,1,0,0,1,0,1,0,199.7683,0,0,46639.19,0,0,1,1,157594.6,1,0,0
C108L53,53,108,-1332500,-1082500,0.99026,0.00974026,-2.6e-07,0.99026,0.00974026,0.99026,0.00974026,3387.521,0,0,44881.75,0,0,1,1,152762.6,1,0,0.00974026
C109L53,53,109,-1327500,-1082500,0.985646,0.01435409,-9e-08,0.985646,0.01435409,0.985646,0.01435409,6780.313,0,0,43459.42,0,0,1,1,147941.8,1,0,0.01435409
C110L53,53,110,-1322500,-1082500,1,0,0,1,0,1,0,10866.91,0,0,42047.1,0,0,0.1488288,0.1488288,143133.2,1,0,0.03037319434
C111L53,53,111,-1317500,-1082500,0.903986979,0.093141899,0.002871122,0.903668,0.093460878,0.903668,0.093460878,14016.28,0,0,40851.29,0,0,0,0,138338.3,1,0,0.100127607
C112L53,53,112,-1312500,-1082500,0.87783085,0.12153109,0.00063806,0.86889944,0.1304625,0.860287,0.13907494,17712.24,0,0,40240.83,0,0,0,0,133558.3,1,0.018,0.1257686802
C113L53,53,113,-1307500,-1082500,0.999026,0.000974026,-2.6e-08,0.999026,0.000974026,0.999026,0.000974026,19349.94,0,0,39920.4,0,0,0,0,128795.1,1,0,0.04103976783
C114L53,53,114,-1302500,-1082500,1,0,0,1,0,1,0,17803.5,0,0,39632.41,0,0,0,0,124050.5,1,0,0.02275727932
C115L53,53,115,-1297500,-1082500,1,0,0,1,0,1,0,12803.92,0,0,39574.36,0,0,0,0,119326.8,1,0,0.03647354345
C116L53,53,116,-1292500,-1082500,0.7910686,0.208931398,2e-09,0.7588517,0.241148298,0.738756,0.261243998,7804.877,0,0,39087.48,0,0,0,0,114626.5,1,0.052,0.208931398
C117L53,53,117,-1287500,-1082500,0.91655849,0.083441607,-9.7e-08,0.88668841,0.113311687,0.834091,0.165909097,2809.238,0,0,36780.42,0,0,0,0,109952.7,1,0.082,0.09713783553
C118L53,53,118,-1282500,-1082500,0.999681,0.000318979,2.1e-08,0.999681,0.000318979,0.999681,0.000318979,1125.01,0,0,34893.39,0,0,0,0,105308.8,1,0,0.02812136423
C119L53,53,119,-1277500,-1082500,1,0,0,1,0,1,0,3485.06,0,0,33125.28,0,0,0,0,100699.1,1,0,0.01149123761
C120L53,53,120,-1272500,-1082500,0.98979311,0.010207338,-4.48e-07,0.97990475,0.020095698,0.976077,0.023923448,5128.221,0,0,28943.71,0,0,0,0,96128.35,1,0.014,0.01846775177
C121L53,53,121,-1267500,-1082500,0.97703391,0.02296652,-4.3e-07,0.96363681,0.03636362,0.960766,0.03923443,2138.355,0,0,24762.14,0.001472195,0,0,0,91602.48,1,0.016,0.04079823497
C122L53,53,122,-1262500,-1082500,0.95649383,0.043506541,-3.71e-07,0.950325,0.049675371,0.950325,0.049675371,2667.83,0,0.3333333,20580.57,0.06311853,0,0,0,87128.46,1,0.006,0.0613483977
C123L53,53,123,-1257500,-1082500,0.993301,0.006698568,4.32e-07,0.993301,0.006698568,0.993301,0.006698568,7345.581,0,0.5,16451.14,0,0,0,0,82714.7,1,0,0.08244984641
C124L53,53,124,-1252500,-1082500,0.908117,0.09188308,-8e-08,0.908117,0.09188308,0.908117,0.09188308,11786.46,0,1,12620.1,0,0,0,0,78371.4,1,0,0.1791599694
C125L53,53,125,-1247500,-1082500,0.893142,0.106858008,-8e-09,0.893142,0.106858008,0.893142,0.106858008,16458.74,0,1,8804.001,0,0,0,0,74110.93,1,0,0.2540635746
C126L53,53,126,-1242500,-1082500,0.871429,0.128571476,-4.76e-07,0.871429,0.128571476,0.871429,0.128571476,18302.32,0,1,4987.9,0,0,0,0,69948.44,1,0,0.3017703557
C127L53,53,127,-1237500,-1082500,0.311962,0.68803784,1.6e-07,0.311962,0.68803784,0.311962,0.68803784,15009.67,0,1,1379.67,0,0,0,0,65902.49,1,0,0.68803784
C128L53,53,128,-1232500,-1082500,0.18863668,0.81136355,-2.3e-07,0.18409123,0.815909,0.175325,0.82467523,10783.78,0,1,2051.46,0,0,0,0,61995.9,1,0.013,0.81136355
C129L53,53,129,-1227500,-1082500,0.143541,0.85645955,-5.5e-07,0.143541,0.85645955,0.143541,0.85645955,6629.142,0,1,5482.59,0,0,0,0,58256.72,1,0,0.85645955
C130L53,53,130,-1222500,-1082500,0.722807,0.277192849,1.51e-07,0.722807,0.277192849,0.722807,0.277192849,3625.659,0,1,8913.72,0,0,0,0,54719.28,1,0,0.3615143407
C131L53,53,131,-1217500,-1082500,1,0,0,1,0,1,0,2246.378,0,1,12344.85,0,0,0,0,51425.23,1,0,0.1454945177
C132L53,53,132,-1212500,-1082500,0.92759125,0.07240832,4.3e-07,0.9237635,0.07623607,0.916108,0.08389157,2152.697,0,1,15775.98,0.1492473,0,0,0,48424.25,1,0.011,0.1395582309
C133L53,53,133,-1207500,-1082500,0.81980488,0.180194935,1.85e-07,0.80357108,0.196428735,0.776623,0.223376815,1920.515,0,0.5,19207.11,0.3807012,0,0,0,45774.03,1,0.043,0.2323494189
C134L53,53,134,-1202500,-1082500,0.68293451,0.31706531,1.8e-07,0.65614028,0.34385954,0.644976,0.35502382,948.1428,0,0.5,22633.79,0.4461507,0,0,0,43538.67,1,0.038,0.3513641764
C135L53,53,135,-1197500,-1082500,0.65194781,0.34805233,-1.4e-07,0.6454543,0.35454584,0.632792,0.36720814,3049.961,0,0.5,26050.69,0,0,0,0,41784.81,1,0.019,0.3800389374
C136L53,53,136,-1192500,-1082500,0.64720874,0.3527913,-4e-08,0.63317365,0.36682639,0.627751,0.37224904,6791.216,0,0.5,29467.58,0.194724,0,0,0,40574.92,1,0.019,0.355064951
C137L53,53,137,-1187500,-1082500,0.825649,0.174350626,3.74e-07,0.825649,0.174350626,0.825649,0.174350626,8326.527,0,0.5,32884.48,0,0,0,0,39958.45,1,0,0.2651120099
C138L53,53,138,-1182500,-1082500,0.21818171,0.78181807,2.2e-07,0.21818171,0.78181807,0.213716,0.78628378,8693.777,0,0.5,36301.37,0.518301,0,0,0,39962.88,1,0.004,0.78181807
C139L53,53,139,-1177500,-1082500,0.301435588,0.6985651,-6.88e-07,0.30047865,0.699522038,0.295056,0.704944688,10865.53,0,1,39718.27,1,0,0,0,40588,1,0.006,0.6985651
C140L53,53,140,-1172500,-1082500,0.29740243,0.70259786,-2.9e-07,0.293831,0.70616929,0.293831,0.70616929,12922.4,0,1,43135.16,0.7767192,0,0,0,41805.98,1,0.004,0.70259786
C141L53,53,141,-1167500,-1082500,0.39457685,0.605423009,1.41e-07,0.392344,0.607655859,0.392344,0.607655859,14437.72,0,0.5,46550.15,0.01167716,0,0,0,43567.12,1,0.002,0.6098528498
C142L53,53,142,-1162500,-1082500,0.0405844,0.95941523,3.7e-07,0.0405844,0.95941523,0.0405844,0.95941523,12927.41,0,0.5,49900.27,0,0,0,0,45808.82,1,0,0.95941523
C143L53,53,143,-1157500,-1082500,0.483572318,0.51642721,4.72e-07,0.47495988,0.525039648,0.473046,0.526953528,9850.765,0,0.3333333,46794.18,0.311387,0,0,0,48464.44,1,0.011,0.5240308096
C144L53,53,144,-1152500,-1082500,0.67175337,0.32824671,-8e-08,0.63051961,0.36948047,0.596104,0.40389608,5367.406,0,0.3333333,42208.28,1,0,0,0,51469.95,1,0.076,0.3431252138
C145L53,53,145,-1147500,-1082500,0.93748051,0.062519935,-4.45e-07,0.9330148,0.066985645,0.915152,0.084848445,881.8847,0,0,37658.01,1,0,0,0,54767.78,1,0.022,0.1755337577
C146L53,53,146,-1142500,-1082500,0.912337611,0.074350646,0.013311743,0.905519425,0.081168832,0.888961,0.097727257,2017.043,0,0,33107.73,1,0,0,0,58308.35,1,0.023,0.2326113721
C147L53,53,147,-1137500,-1082500,0.27623583,0.7237641,7e-08,0.23859625,0.76140368,0.211164,0.78883593,5440.298,0,0,28498.84,0.9971024,0,0,0,62050.13,1,0.065,0.7237641
C148L53,53,148,-1132500,-1082500,0.08931422,0.91068619,-4.1e-07,0.0803828,0.91961761,0.0803828,0.91961761,394.6364,0,0,23573.6,0.9936178,0,0,0,65958.87,1,0.009,0.91068619
C149L53,53,149,-1127500,-1082500,0.0834416,0.916558966,-5.66e-07,0.0834416,0.916558966,0.0834416,0.916558966,4496.26,0,0,18648.36,0.9715572,0,0,0,70006.61,1,0,0.916558966
C150L53,53,150,-1122500,-1082500,0.15693733,0.84306229,3.8e-07,0.14673,0.85326962,0.14673,0.85326962,9177.347,0,0,13668.06,0.682381,0,0,0,74170.61,1,0.01,0.84306229
C151L53,53,151,-1117500,-1082500,0.24772711,0.75227281,8e-08,0.21396086,0.78603906,0.192857,0.80714292,13526.88,0,0,8668.064,0.3378124,0,0,0,78432.35,1,0.055,0.75227281
C33L54,54,33,-1707500,-1087500,0.0388471,0,0.9611529,0.0388471,0,0.0388471,0,6413.048,0,0,154462.3,0,0.03615667,0.03196389,0.06812056,523627.8,1,0,0.000262771823
C34L54,54,34,-1702500,-1087500,0.358737,0.014668376,0.626594624,0.358737,0.014668376,0.358737,0.014668376,2099.665,0,0,154413,0,0.359091,0.3482367,0.7073277,518639,1,0,0.014668376
C35L54,54,35,-1697500,-1087500,0.280702,0.01221804,0.70707996,0.280702,0.01221804,0.280702,0.01221804,2465.362,0,0,154363.7,0,0.3246583,0.2729385,0.5975968,513650.4,1,0,0.01221804
C36L54,54,36,-1692500,-1087500,0.138074,0.01020409,0.85172191,0.138074,0.01020409,0.138074,0.01020409,7031.438,0,0,154314.5,0,0.2151473,0,0.2151473,508662.1,1,0,0.01020409
C37L54,54,37,-1687500,-1087500,0.3007514,0.012218046,0.687030554,0.296992,0.015977446,0.296992,0.015977446,9980.956,0,0,154265.2,0,0.4294483,0,0.4294483,503674,1,0.004,0.012218046
C38L54,54,38,-1682500,-1087500,0.702168,0.010204083,0.287627917,0.702168,0.010204083,0.702168,0.010204083,8363.666,0,0,154215.9,0,0.9191538,0,0.9191538,498686.1,2,0,0.01139601358
C39L54,54,39,-1677500,-1087500,0.769737,0,0.230263,0.769737,0,0.769737,0,6033.128,0,0,154166.6,0,1,0,1,493698.5,2,0,0.004597409249
C40L54,54,40,-1672500,-1087500,0.846805,0,0.153195,0.846805,0,0.846805,0,4335.474,0,0,153853.2,0,1,0,1,488711.1,2,0,0.002836107994
C41L54,54,41,-1667500,-1087500,0.908801,0,0.091199,0.908801,0,0.908801,0,3059.849,0,0,153023.8,0,1,0,1,483724,2,0,0.00821405599
C42L54,54,42,-1662500,-1087500,0.856516,0.06203015,0.08145385,0.856516,0.06203015,0.856516,0.06203015,1011.726,0,0,151961.6,0,1,0,1,478737.1,2,0,0.06203015
C43L54,54,43,-1657500,-1087500,0.961735,0,0.038265,0.961735,0,0.961735,0,2902.931,0,0,151057.4,0,1,0,1,473750.5,2,0,0.01059434354
C44L54,54,44,-1652500,-1087500,0.98183,0,0.01817,0.98183,0,0.98183,0,191.1866,0,0,150314.2,0,0.4831036,0,0.4831036,468764.3,1,0,0.005918373478
C45L54,54,45,-1647500,-1087500,0.978954,0.02104589,1.1e-07,0.978954,0.02104589,0.978954,0.02104589,4209.979,0,0,149734.3,0,0,0,0,463778.3,1,0,0.02104589
C46L54,54,46,-1642500,-1087500,0.968672,0.03132828,-2.8e-07,0.968672,0.03132828,0.968672,0.03132828,8522.198,0,0,149314.2,0,0,0,0,458792.6,1,0,0.03132828
C47L54,54,47,-1637500,-1087500,1,0,0,1,0,1,0,12333.41,0,0,148939.6,0,0,0,0,453807.2,1,0,0.01090172084
C48L54,54,48,-1632500,-1087500,0.966479,0.03352128,-2.8e-07,0.966479,0.03352128,0.966479,0.03352128,15164.06,0,0,148218.2,0,0,0,0,448822.2,1,0,0.03352128
C49L54,54,49,-1627500,-1087500,1,0,0,1,0,1,0,10332.56,0,0,146055.8,0,0,0,0,443837.5,1,0,0.007739655977
C50L54,54,50,-1622500,-1087500,1,0,0,1,0,1,0,5376.775,0,0,144031.6,0,0,0,0,438853.1,1,0,0.003347099239
C51L54,54,51,-1617500,-1087500,1,0,0,1,0,1,0,1008.746,0,0,142154.4,0,0.1246949,0,0.1246949,433869.1,1,0,0.003220707419
C52L54,54,52,-1612500,-1087500,0.993941,0.00605867,3.3e-07,0.993941,0.00605867,0.993941,0.00605867,2578.914,0,0,140430.3,0,0.4742704,0,0.4742704,428885.5,1,0,0.00667038057
C53L54,54,53,-1607500,-1087500,0.995927,0.00407268,3.2e-07,0.995927,0.00407268,0.995927,0.00407268,7465.325,0,0,138864.9,0,0.9939809,0,0.9939809,423902.2,2,0,0.005798642477
C54L54,54,54,-1602500,-1087500,0.995217,0.00350765,0.00127535,0.995217,0.00350765,0.995217,0.00350765,12442.32,0,0,137463.7,0,1,0,1,418919.4,2,0,0.005458812572
C55L54,54,55,-1597500,-1087500,0.996241,0.002192983,0.001566017,0.996241,0.002192983,0.996241,0.002192983,14767.37,0,0,136231.7,0,1,0,1,413937,2,0,0.005301478328
C56L54,54,56,-1592500,-1087500,0.986607,0.01339286,1.4e-07,0.986607,0.01339286,0.986607,0.01339286,10149.48,0,0,135173.4,0,1,0,1,408955,2,0,0.01339286
C57L54,54,57,-1587500,-1087500,1,0,0,1,0,1,0,5785.825,0,0,134293.2,0,1,0,1,403973.4,2,0,0.004768463378
C58L54,54,58,-1582500,-1087500,1,0,0,1,0,1,0,932.6817,0,0,133594.3,0,0.991886,0,0.991886,398992.3,2,0,0.008295613289
C59L54,54,59,-1577500,-1087500,0.969388,0.0306122,-2e-07,0.969388,0.0306122,0.969388,0.0306122,4008.978,0,0,133079.8,0,0.959463,0,0.959463,394011.7,2,0,0.0306122
C60L54,54,60,-1572500,-1087500,0.994987,0.00501253,4.7e-07,0.994987,0.00501253,0.994987,0.00501253,9007.807,0,0,132751.8,0,1,0,1,389031.6,2,0,0.01219531337
C61L54,54,61,-1567500,-1087500,1,0,0,1,0,1,0,14007.47,0,0,132496.8,0,1,0.005420869,1.005420869,384052,2,0,0.005464862192
C62L54,54,62,-1562500,-1087500,1,0,0,1,0,1,0,19007.31,0,0,131168.4,0,0.9635277,0.6787005,1.6422282,379073,2,0,0
C63L54,54,63,-1557500,-1087500,1,0,0,1,0,1,0,23867.35,0,0,129840,0,0.9139419,1,1.9139419,374094.4,2,0,0
C64L54,54,64,-1552500,-1087500,1,0,0,1,0,1,0,24328.53,0,0,128543.5,0,1,1,2,369116.5,2,0,0
C65L54,54,65,-1547500,-1087500,1,0,0,1,0,1,0,21823.13,0,0,127415.1,0,1,1,2,364139.2,2,0,0
C66L54,54,66,-1542500,-1087500,1,0,0,1,0,1,0,20263.78,0,0,126474.4,0,1,1,2,359162.5,2,0,0
C67L54,54,67,-1537500,-1087500,1,0,0,1,0,1,0,19874.42,0,0,125725.7,0,1,1,2,354186.5,2,0,0
C68L54,54,68,-1532500,-1087500,1,0,0,1,0,1,0,17417.43,0,0,125172.4,0,1,0.7168796,1.7168796,349211.2,2,0,0
C69L54,54,69,-1527500,-1087500,1,0,0,1,0,1,0,14401.67,0,0,124817,0,1,0,1,344236.5,2,0,0.003758265749
C70L54,54,70,-1522500,-1087500,1,0,0,1,0,1,0,12645.25,0,0,124661.4,0,1,0,1,339262.6,2,0,0.004054292666
C71L54,54,71,-1517500,-1087500,1,0,0,1,0,1,0,9896.958,0,0,124706.2,0,1,0,1,334289.5,2,0,0.004214983644
C72L54,54,72,-1512500,-1087500,1,0,0,1,0,1,0,6596.611,0,0,124206.8,0,0.9977862,0,0.9977862,329317.2,2,0,0.004286232609
C73L54,54,73,-1507500,-1087500,0.526629,0,0.473371,0.526629,0,0.526629,0,1940.235,0,0,121751.5,0,0.4132366,0,0.4132366,324345.8,1,0,0.002298794118
C74L54,54,74,-1502500,-1087500,0.026148,0,0.973852,0.026148,0,0.026148,0,56.31805,0,0,118578.7,0,0.004710059,0,0.004710059,319375.3,1,0,0.000128760847
C76L54,54,76,-1492500,-1087500,0.17669155,0.04730575,0.7760027,0.17669155,0.04730575,0.173872,0.0501253,7922.095,0,0,112631.5,0,0,0,0,309437,1,0.003,0.04730575
C77L54,54,77,-1487500,-1087500,0.74681169,0.05899235,0.19419596,0.738202,0.06760204,0.738202,0.06760204,10148.3,0,0,109878.7,0,0,0,0,304469.4,1,0.009,0.05932993708
C78L54,54,78,-1482500,-1087500,1,0,0,1,0,1,0,13033.44,0.0635105,0,107288.4,0,0,0,0.0635105,299502.9,1,0,0.02096483727
C79L54,54,79,-1477500,-1087500,1,0,0,1,0,1,0,16933.79,0.324772,0,104872.6,0,0,0,0.324772,294537.5,1,0,0.00936690971
C80L54,54,80,-1472500,-1087500,1,0,0,1,0,1,0,18562.93,0.950299,0,102602.2,0,0,0,0.950299,289573.3,1,0,0.006898432829
C81L54,54,81,-1467500,-1087500,1,0,0,1,0,1,0,14696.89,1,0,100409.3,0,0,0,1,284610.3,1,0,0.006227341614
C82L54,54,82,-1462500,-1087500,1,0,0,1,0,1,0,11169.39,1,0,98418.34,0,0,0,1,279648.7,1,0,0.005066311977
C83L54,54,83,-1457500,-1087500,1,0,0,1,0,1,0,8730.267,1,0,96645.34,0,0,0,1,274688.4,1,0,0.005019267156
C84L54,54,84,-1452500,-1087500,1,0,0,1,0,1,0,5394.382,1,0,95102.43,0,0,0,1,269729.7,1,0,0.005076821758
C85L54,54,85,-1447500,-1087500,1,0,0,1,0,1,0,2700.148,1,0,93749.24,0,0,0,1,264772.4,1,0,0.00514436963
C86L54,54,86,-1442500,-1087500,1,0,0,1,0,1,0,1701.554,1,0,92411.3,0,0,0,1,259816.9,1,0,0.005264630915
C87L54,54,87,-1437500,-1087500,1,0,0,1,0,1,0,2812.036,1,0,90984.93,0,0,0,1,254863,1,0,0.005979285605
C88L54,54,88,-1432500,-1087500,0.992347,0.007653068,-6.8e-08,0.992347,0.007653068,0.992347,0.007653068,7220.755,1,0,89408.77,0,0,0,1,249911,1,0,0.01069950378
C89L54,54,89,-1427500,-1087500,0.99906,0.00093985,1.5e-07,0.99906,0.00093985,0.99906,0.00093985,11067.07,1,0,87832.61,0,0,0,1,244960.9,1,0,0.007171657864
C90L54,54,90,-1422500,-1087500,1,0,0,1,0,1,0,15342.5,1,0,86351.56,0,0,0,1,240012.9,1,0,0.00591104758
C91L54,54,91,-1417500,-1087500,1,0,0,1,0,1,0,17191.85,1,0,85118.19,0,0,0.2943346,1.2943346,235067.2,1,0,0.003013378577
C92L54,54,92,-1412500,-1087500,1,0,0,1,0,1,0,12986.22,0.4525078,0,83941.17,0,0,1,1.4525078,230123.7,1,0,0
C93L54,54,93,-1407500,-1087500,1,0,0,1,0,1,0,9577.286,0,0,82764.14,0,0,1,1,225182.8,1,0,0
C94L54,54,94,-1402500,-1087500,1,0,0,1,0,1,0,6080.251,0,0,80996.16,0,0,1,1,220244.5,1,0,0
C95L54,54,95,-1397500,-1087500,1,0,0,1,0,1,0,1823.083,0,0,79013.8,0,0,1,1,215309,1,0,0
C96L54,54,96,-1392500,-1087500,1,0,0,1,0,1,0,1644.944,0,0,77031.44,0,0,1,1,210376.7,1,0,0
C97L54,54,97,-1387500,-1087500,1,0,0,1,0,1,0,6642.217,0,0,75049.08,0,0,1,1,205447.5,1,0,0
C98L54,54,98,-1382500,-1087500,1,0,0,1,0,1,0,11640.67,0,0,72817.82,0,0,1,1,200521.9,1,0,0
C99L54,54,99,-1377500,-1087500,1,0,0,1,0,1,0,16640.05,0,0,70365.97,0,0,1,1,195600.1,1,0,0
C100L54,54,100,-1372500,-1087500,1,0,0,1,0,1,0,17719.53,0,0,67914.12,0,0,1,1,190682.3,1,0,0
C101L54,54,101,-1367500,-1087500,1,0,0,1,0,1,0,14995.22,0,0,65462.27,0,0,1,1,185769,1,0,0
C102L54,54,102,-1362500,-1087500,1,0,0,1,0,1,0,12203.89,0,0,63010.42,0,0,1,1,180860.3,1,0,0
C103L54,54,103,-1357500,-1087500,1,0,0,1,0,1,0,8569.13,0,0,60558.58,0,0,1,1,175956.9,1,0,0
C104L54,54,104,-1352500,-1087500,1,0,0,1,0,1,0,5452.079,0,0,58106.73,0,0,1,1,171059,1,0,0
C105L54,54,105,-1347500,-1087500,1,0,0,1,0,1,0,2385.452,0,0,55654.88,0,0,1,1,166167.2,1,0,0
C106L54,54,106,-1342500,-1087500,1,0,0,1,0,1,0,945.5978,0,0,53280.61,0,0,1,1,161282,1,0,0
C107L54,54,107,-1337500,-1087500,0.989662,0.0103383,-3e-07,0.989662,0.0103383,0.989662,0.0103383,3684.332,0,0,51263.83,0,0,1,1,156404.1,1,0,0.0103383
C108L54,54,108,-1332500,-1087500,0.99649214,0.00350765,2.1e-07,0.99426,0.00573979,0.99426,0.00573979,6704.471,0,0,49668.12,0,0,1,1,151534.1,1,0.002,0.005508014089
C109L54,54,109,-1327500,-1087500,0.99091518,0.00908521,-3.9e-07,0.98026355,0.01973684,0.977444,0.02255639,10266.19,0,0,48255.81,0,0,1,1,146672.9,1,0.013,0.01393777254
C110L54,54,110,-1322500,-1087500,0.998406,0.00159439,-3.9e-07,0.998406,0.00159439,0.998406,0.00159439,13740.83,0,0,46850.6,0,0,0.2168046,0.2168046,141821.4,1,0,0.03755965766
C111L54,54,111,-1317500,-1087500,0.66384661,0.33270626,0.00344713,0.6566411,0.33991177,0.638784,0.35776887,17779.73,0,0,45776.55,0,0,0,0,136980.5,1,0.025,0.33270626
C112L54,54,112,-1312500,-1087500,0.90413516,0.09523809,0.00062675,0.8843983,0.11497495,0.855263,0.14411025,21082.82,0,0,45230.55,0,0,0,0,132151.4,1,0.049,0.09523809
C113L54,54,113,-1307500,-1087500,1,0,0,1,0,1,0,20984.14,0,0,44910.12,0,0,0,0,127335.6,1,0,0.0198671134
C114L54,54,114,-1302500,-1087500,1,0,0,1,0,1,0,16571.38,0,0,44631.17,0,0,0,0,122534.5,1,0,0.01581199277
C115L54,54,115,-1297500,-1087500,0.985651,0.0143495,-5e-07,0.985651,0.0143495,0.985651,0.0143495,12430.74,0,0,44574.06,0,0,0,0,117750,1,0,0.05760141379
C116L54,54,116,-1292500,-1087500,0.72525055,0.27005048,0.00469897,0.70238083,0.2929202,0.699248,0.29605303,7971.074,0,0,43512.68,0,0,0,0,112984.2,1,0.026,0.27005048
C117L54,54,117,-1287500,-1087500,0.969706355,0.030293381,2.64e-07,0.9457905,0.054209236,0.907844,0.092155736,3072.268,0,0,41338.33,0,0,0,0,108239.4,1,0.062,0.07321247608
C118L54,54,118,-1282500,-1087500,0.998120383,0.0018797,-8.3e-08,0.9978071,0.002192983,0.933584,0.066416083,1878.425,0,0,39668.71,0,0,0,0,103518.7,1,0.065,0.02997175028
C119L54,54,119,-1277500,-1087500,0.98788282,0.012117353,-1.73e-07,0.9681124,0.031887773,0.911671,0.088329173,6529.873,0,0,35866.53,0,0,0,0,98825.51,1,0.076,0.03082184167
C120L54,54,120,-1272500,-1087500,0.98872145,0.011278202,3.48e-07,0.97712997,0.022869682,0.972744,0.027255652,4992.237,0,0,31684.97,0,0,0,0,94163.88,1,0.016,0.03400678884
C121L54,54,121,-1267500,-1087500,0.99154182,0.008458642,-4.62e-07,0.93421094,0.065789522,0.927632,0.072368462,497.4932,0,0,27503.4,0,0,0,0,89538.76,1,0.064,0.04783768372
C122L54,54,122,-1262500,-1087500,0.728635388,0.27136485,-2.38e-07,0.727041,0.272959238,0.727041,0.272959238,3299.709,0,0.5,23483.28,0,0,0,0,84956.13,1,0.002,0.27136485
C123L54,54,123,-1257500,-1087500,1,0,0,1,0,1,0,7759.403,0,1,19666.9,0,0,0,0,80423.24,1,0,0.1000766657
C124L54,54,124,-1252500,-1087500,0.30038302,0.699617598,-6.18e-07,0.30038302,0.699617598,0.297832,0.702168618,12499.24,0,1,15850.79,0,0,0,0,75949.01,1,0.003,0.699617598
C125L54,54,125,-1247500,-1087500,0.162281,0.8377191,-1e-07,0.162281,0.8377191,0.162281,0.8377191,16197.13,0,1,12034.69,0,0,0,0,71544.43,1,0,0.8377191
C126L54,54,126,-1242500,-1087500,0.40720702,0.5927935,-5.2e-07,0.404656,0.59534452,0.404656,0.59534452,13598.57,0,1,8447.742,0,0,0,0,67223.21,1,0.003,0.5927935
C127L54,54,127,-1237500,-1087500,0.61497453,0.38502518,2.9e-07,0.60588932,0.39411039,0.591165,0.40883471,11836.54,0,1,5016.612,0,0,0,0,63002.49,1,0.024,0.4398209002
C128L54,54,128,-1232500,-1087500,0.24776788,0.752232483,-3.63e-07,0.24521686,0.754783503,0.231824,0.768176363,7947.029,0,1,1585.482,0,0,0,0,58903.89,1,0.016,0.752232483
C129L54,54,129,-1227500,-1087500,0.2963661,0.70363379,1.1e-07,0.2926067,0.70739319,0.290727,0.70927289,4067.898,0,1,1845.648,0,0,0,0,54954.73,1,0.006,0.70363379
C130L54,54,130,-1222500,-1087500,0.177632,0.82236855,-5.5e-07,0.177632,0.82236855,0.177632,0.82236855,339.0907,0,1,5276.778,0,0,0,0,51189.61,1,0,0.82236855
C131L54,54,131,-1217500,-1087500,0.75063777,0.24936235,-1.2e-07,0.73692604,0.26307408,0.731824,0.26817612,2683.896,0,1,8707.907,0.2277108,0,0,0,47652.18,1,0.019,0.3346076895
C132L54,54,132,-1212500,-1087500,0.63439816,0.36560173,1.1e-07,0.618734,0.38126589,0.60213,0.39786989,2692.886,0,0.5,12139.04,0.6697916,0,0,0,44396.89,1,0.032,0.36560173
C133L54,54,133,-1207500,-1087500,0.54559914,0.4544009,-4e-08,0.52742308,0.47257696,0.517219,0.48278104,2900.915,0,0.5,15566.58,0.08684535,0,0,0,41490.22,1,0.028,0.4544009
C134L54,54,134,-1202500,-1087500,0.20520015,0.794799416,4.34e-07,0.18859619,0.811403376,0.177318,0.822681566,4168.809,0,0.5,18983.48,0,0,0,0,39010.15,1,0.028,0.794799416
C135L54,54,135,-1197500,-1087500,0.5022321,0.4977675,4e-07,0.5022321,0.4977675,0.486926,0.5130736,6873.586,0,1,22400.37,0.1402038,0,0,0,37042.49,1,0.015,0.5037814457
C136L54,54,136,-1192500,-1087500,0.34179192,0.65820843,-3.5e-07,0.3079573,0.69204305,0.29104,0.70896035,10043.03,0,1,25817.26,0.5754302,0,0,0,35672.12,1,0.051,0.65820843
C137L54,54,137,-1187500,-1087500,0.82398,0.17602053,-5.3e-07,0.82398,0.17602053,0.82398,0.17602053,13326.28,0,1,29234.16,0.03252842,0,0,0,34969.33,1,0,0.3537118188
C138L54,54,138,-1182500,-1087500,0.26221838,0.73778186,-2.4e-07,0.256266,0.74373424,0.256266,0.74373424,13550.36,0,1,32651.05,0.8994171,0,0,0,34974.39,1,0.006,0.73778186
C139L54,54,139,-1177500,-1087500,0.13690454,0.86309563,-1.7e-07,0.13439827,0.8656019,0.131892,0.86810817,13587.43,0,1,36067.95,1,0,0,0,35687,1,0.005,0.86309563
C140L54,54,140,-1172500,-1087500,0.18112214,0.8188773,5.6e-07,0.17028031,0.82971913,0.163265,0.83673444,13978.22,0,0.5,39484.84,1,0,0,0,37066.38,1,0.018,0.8188773
C141L54,54,141,-1167500,-1087500,0.14223053,0.85776943,4e-08,0.14223053,0.85776943,0.137218,0.86278196,11626.7,0,0.5,42838.46,0.4644775,0,0,0,39041.9,1,0.005,0.85776943
C142L54,54,142,-1162500,-1087500,0.0969388,0.90306167,-4.7e-07,0.0969388,0.90306167,0.0969388,0.90306167,8447.471,0,0.5,46188.58,0,0,0,0,41528.6,1,0,0.90306167
C143L54,54,143,-1157500,-1087500,0.66196737,0.3380329,-2.7e-07,0.6519423,0.34805797,0.637218,0.36278227,5858.141,0,0.5,45138.68,0.1079434,0,0,0,44440.73,1,0.025,0.400425746
C144L54,54,144,-1152500,-1087500,0.61575226,0.38424746,2.8e-07,0.5679206,0.43207912,0.501913,0.49808672,2782.8,0,0,40365.89,0.8403579,0,0,0,47700.44,1,0.114,0.38424746
C145L54,54,145,-1147500,-1087500,0.86090275,0.1290727,0.01002455,0.82675485,0.1632206,0.750627,0.23934845,439.613,0,0,35655.43,1,0,0,0,51241.45,1,0.11,0.2022530267
C146L54,54,146,-1142500,-1087500,0.59183645,0.40624993,0.00191362,0.5752548,0.42283158,0.548469,0.44961738,4509.731,0,0,31035.7,1,0,0,0,55009.46,1,0.043,0.4172164675
C147L54,54,147,-1137500,-1087500,0.21679234,0.78320829,-6.3e-07,0.19924848,0.80075215,0.187657,0.81234363,5388.474,0,0,26485.02,1,0,0,0,58960.96,1,0.029,0.78320829
C148L54,54,148,-1132500,-1087500,0.10213028,0.89786948,2.4e-07,0.0924185,0.90758126,0.0924185,0.90758126,1160.514,0,0,21934.74,1,0,0,0,63061.46,1,0.01,0.89786948
C149L54,54,149,-1127500,-1087500,0.18718096,0.81281869,3.5e-07,0.18080341,0.81919624,0.176658,0.82334165,3815.242,0,0,17384.47,1,0,0,0,67283.74,1,0.011,0.81281869
C150L54,54,150,-1122500,-1087500,0.3060775,0.69392147,1.03e-06,0.28038825,0.71961072,0.275689,0.72430997,8416.938,0,0,12834.19,1,0,0,0,71606.26,1,0.03,0.7074806449
C151L54,54,151,-1117500,-1087500,0.38711693,0.61288275,3.2e-07,0.28380053,0.71619915,0.264349,0.73565068,13202.65,0,0,8283.919,1,0,0,0,76011.91,1,0.123,0.64489398
C152L54,54,152,-1112500,-1087500,0.48339573,0.50657935,0.01002492,0.31453613,0.67543895,0.294486,0.69548908,12648.78,0,0,3662.548,0.8942492,0,0,0,80487.04,1,0.189,0.5566297735
C153L54,54,153,-1107500,-1087500,0.65019084,0.34980878,3.8e-07,0.56345618,0.43654344,0.556122,0.44387762,9146.97,0,0,1337.449,0.4196138,0,0,0,85020.69,1,0.094,0.4338729063
C154L54,54,154,-1102500,-1087500,0.65977414,0.3402256,2.6e-07,0.62186684,0.3781329,0.585526,0.41447374,5993.358,0,0,6337.446,0.1709927,0,0,0,89603.98,1,0.074,0.378964598
C38L55,55,38,-1682500,-1092500,0.22792243,0.013311692,0.758765878,0.224351,0.016883122,0.224351,0.016883122,12813.48,0,0,159215.7,0,0.2708415,0,0.2708415,498361.3,1,0.004,0.013311692
C39L55,55,39,-1677500,-1092500,0.4870809,0.006379584,0.506539516,0.485486,0.007974484,0.485486,0.007974484,10477.87,0,0,159166.4,0,0.6619864,0,0.6619864,493370.4,2,0.002,0.006692223745
C40L55,55,40,-1672500,-1092500,0.647209,0,0.352791,0.647209,0,0.647209,0,9332.192,0,0,158818.2,0,1,0,1,488379.7,2,0,0.002264582819
C41L55,55,41,-1667500,-1092500,0.812013,0,0.187987,0.812013,0,0.812013,0,7140.384,0,0,157896.2,0,1,0,1,483389.1,2,0,0.006746549733
C42L55,55,42,-1662500,-1092500,0.911324,0.04593301,0.04274299,0.911324,0.04593301,0.911324,0.04593301,6006.969,0,0,156866.9,0,1,0,1,478398.8,2,0,0.04593301
C43L55,55,43,-1657500,-1092500,0.901299,0,0.098701,0.901299,0,0.901299,0,6801.792,0,0,155991.2,0,1,0,1,473408.7,2,0,0.007767940419
C44L55,55,44,-1652500,-1092500,0.884848,0,0.115152,0.884848,0,0.884848,0,2322.096,0,0,155271.6,0,0.6047156,0,0.6047156,468418.7,2,0,0.004420543721
C45L55,55,45,-1647500,-1092500,1,0,0,1,0,1,0,1471.515,0,0,154710.3,0,0,0,0,463429,1,0,0.007906827953
C46L55,55,46,-1642500,-1092500,0.985646,0.014354069,-6.9e-08,0.985646,0.014354069,0.985646,0.014354069,5538.446,0,0,154300.1,0,0,0,0,458439.5,1,0,0.01659557114
C47L55,55,47,-1637500,-1092500,0.997078,0.00292208,-8e-08,0.997078,0.00292208,0.997078,0.00292208,10210.98,0,0,153925.6,0,0,0,0,453450.3,1,0,0.01406581747
C48L55,55,48,-1632500,-1092500,0.945136,0.05486441,-4.1e-07,0.945136,0.05486441,0.945136,0.05486441,13048.03,0,0,152710.7,0,0,0,0,448461.3,1,0,0.05486441
C49L55,55,49,-1627500,-1092500,1,0,0,1,0,1,0,8500.746,0,0,150609.9,0,0,0,0,443472.5,1,0,0.009266474536
C50L55,55,50,-1622500,-1092500,1,0,0,1,0,1,0,3986.456,0,0,148647.7,0,0,0,0,438484,1,0,0.004108711275
C51L55,55,51,-1617500,-1092500,1,0,0,1,0,1,0,33.60401,0,0,146829.6,0,0.1969895,0,0.1969895,433495.8,1,0,0.003292713383
C52L55,55,52,-1612500,-1092500,1,0,0,1,0,1,0,4483.92,0,0,145161.1,0,0.7810601,0,0.7810601,428507.8,2,0,0.003470278903
C53L55,55,53,-1607500,-1092500,1,0,0,1,0,1,0,9463.231,0,0,143647.3,0,1,0,1,423520.1,2,0,0.003611446861
C54L55,55,54,-1602500,-1092500,1,0,0,1,0,1,0,13749.28,0,0,142293.1,0,1,0,1,418532.7,2,0,0.003574342127
C55L55,55,55,-1597500,-1092500,1,0,0,1,0,1,0,12173.6,0,0,141103.2,0,1,0,1,413545.6,2,0,0.004085943635
C56L55,55,56,-1592500,-1092500,1,0,0,1,0,1,0,8051.23,0,0,140081.8,0,1,0,1,408558.9,2,0,0.004388994883
C57L55,55,57,-1587500,-1092500,1,0,0,1,0,1,0,3649.381,0,0,139232.6,0,1,0,1,403572.4,2,0,0.00764834251
C58L55,55,58,-1582500,-1092500,0.991707,0.008293459,-4.59e-07,0.991707,0.008293459,0.991707,0.008293459,894.8343,0,0,138558.7,0,0.9572913,0,0.9572913,398586.3,2,0,0.01317165011
C59L55,55,59,-1577500,-1092500,0.998377,0.00162338,-3.8e-07,0.998377,0.00162338,0.998377,0.00162338,5112.188,0,0,138062.7,0,0.9751316,0,0.9751316,393600.6,2,0,0.009692566735
C60L55,55,60,-1572500,-1092500,1,0,0,1,0,1,0,9966.255,0,0,137746.5,0,1,0,1,388615.2,2,0,0.005611333182
C61L55,55,61,-1567500,-1092500,1,0,0,1,0,1,0,14820.32,0,0,137317.1,0,1,0,1,383630.2,2,0,0.003914404057
C62L55,55,62,-1562500,-1092500,1,0,0,1,0,1,0,19620.85,0,0,135988.7,0,1,0.04547454,1.04547454,378645.6,2,0,0.003098075694
C63L55,55,63,-1557500,-1092500,1,0,0,1,0,1,0,23595.88,0,0,134660.4,0,1,0.8159871,1.8159871,373661.4,2,0,0
C64L55,55,64,-1552500,-1092500,1,0,0,1,0,1,0,20343.69,0,0,133397.8,0,1,1,2,368677.6,2,0,0
C65L55,55,65,-1547500,-1092500,1,0,0,1,0,1,0,17399.02,0,0,132310.8,0,1,1,2,363694.3,2,0,0
C66L55,55,66,-1542500,-1092500,1,0,0,1,0,1,0,15397.98,0,0,131405.2,0,1,1,2,358711.4,2,0,0
C67L55,55,67,-1537500,-1092500,1,0,0,1,0,1,0,14881.85,0,0,130684.7,0,1,0.9405035,1.9405035,353729.1,2,0,0
C68L55,55,68,-1532500,-1092500,1,0,0,1,0,1,0,13884.3,0,0,130152.5,0,1,0.3133448,1.3133448,348747.2,2,0,0.001542369251
C69L55,55,69,-1527500,-1092500,1,0,0,1,0,1,0,10348.23,0,0,129810.8,0,1,0,1,343765.8,2,0,0.003941168378
C70L55,55,70,-1522500,-1092500,1,0,0,1,0,1,0,7818.393,0,0,129661.1,0,1,0,1,338785.1,2,0,0.004153433164
C71L55,55,71,-1517500,-1092500,1,0,0,1,0,1,0,6506.127,0,0,129704.2,0,1,0,1,333804.8,2,0,0.004226372915
C72L55,55,72,-1512500,-1092500,0.767532,0,0.232468,0.767532,0,0.767532,0,2979.832,0,0,128800.2,0,0.694101,0,0.694101,328825.2,2,0,0.003294233925
C73L55,55,73,-1507500,-1092500,0.0427432,0,0.9572568,0.0427432,0,0.0427432,0,579.7365,0,0,125606.3,0,0.009613301,0,0.009613301,323846.2,1,0,0.0001865818218
C76L55,55,76,-1492500,-1092500,0.274641,0,0.725359,0.274641,0,0.274641,0,11117.47,0.17758,0,116787.7,0,0,0,0.17758,308913.3,1,0,0.007036509946
C77L55,55,77,-1487500,-1092500,1,0,0,1,0,1,0,14506.76,0.7909568,0,114135.2,0,0,0,0.7909568,303937.1,1,0,0.01914295215
C78L55,55,78,-1482500,-1092500,1,0,0,1,0,1,0,16950.16,0.9881203,0,111643.7,0,0,0,0.9881203,298961.8,1,0,0.008971374984
C79L55,55,79,-1477500,-1092500,1,0,0,1,0,1,0,16391.36,1,0,109321.8,0,0,0,1,293987.2,1,0,0.005386993465
C80L55,55,80,-1472500,-1092500,1,0,0,1,0,1,0,13836.59,1,0,107072.4,0,0,0,1,289013.6,1,0,0.00500228426
C81L55,55,81,-1467500,-1092500,1,0,0,1,0,1,0,12274.21,1,0,104969.8,0,0,0,1,284040.9,1,0,0.004965109712
C82L55,55,82,-1462500,-1092500,1,0,0,1,0,1,0,7733.576,1,0,103067,0,0,0,1,279069.1,1,0,0.004986101087
C83L55,55,83,-1457500,-1092500,1,0,0,1,0,1,0,4160.541,1,0,101375.3,0,0,0,1,274098.4,1,0,0.005020769107
C84L55,55,84,-1452500,-1092500,1,0,0,1,0,1,0,2197.129,1,0,99905.52,0,0,0,1,269128.7,1,0,0.005084622711
C85L55,55,85,-1447500,-1092500,1,0,0,1,0,1,0,1337.015,1,0,98566.91,0,0,0,1,264160.2,1,0,0.005152590278
C86L55,55,86,-1442500,-1092500,1,0,0,1,0,1,0,792.4205,1,0,97228.96,0,0,0,1,259192.9,1,0,0.005269738172
C87L55,55,87,-1437500,-1092500,1,0,0,1,0,1,0,4807.697,1,0,95730,0,0,0,1,254226.9,1,0,0.00607355293
C88L55,55,88,-1432500,-1092500,1,0,0,1,0,1,0,8943.14,1,0,94153.84,0,0,0,1,249262.3,1,0,0.006741055875
C89L55,55,89,-1427500,-1092500,0.986922,0.0130781,-1e-07,0.986922,0.0130781,0.986922,0.0130781,13511.33,1,0,92581.9,0,0,0,1,244299.1,1,0,0.0138088622
C90L55,55,90,-1422500,-1092500,0.997078,0,0.002922,0.997078,0,0.997078,0,18001.36,1,0,91175.39,0,0,0,1,239337.4,1,0,0.005815437064
C91L55,55,91,-1417500,-1092500,1,0,0,1,0,1,0,15430.38,0.9856246,0,89977.68,0,0,0.6268427,1.6124673,234377.4,1,0,0.0006533457452
C92L55,55,92,-1412500,-1092500,1,0,0,1,0,1,0,10637.77,0.09640737,0,88800.65,0,0,1,1.09640737,229419,1,0,0
C93L55,55,93,-1407500,-1092500,1,0,0,1,0,1,0,6020.347,0,0,87568.75,0,0,1,1,224462.6,1,0,0
C94L55,55,94,-1402500,-1092500,1,0,0,1,0,1,0,3054.008,0,0,85586.39,0,0,1,1,219508.1,1,0,0
C95L55,55,95,-1397500,-1092500,1,0,0,1,0,1,0,162.0044,0,0,83604.03,0,0,1,1,214555.7,1,0,0
C96L55,55,96,-1392500,-1092500,1,0,0,1,0,1,0,3581.391,0,0,81621.67,0,0,1,1,209605.6,1,0,0
C97L55,55,97,-1387500,-1092500,1,0,0,1,0,1,0,7944.802,0,0,79627.24,0,0,1,1,204657.9,1,0,0
C98L55,55,98,-1382500,-1092500,1,0,0,1,0,1,0,12442,0,0,77175.39,0,0,1,1,199712.9,1,0,0
C99L55,55,99,-1377500,-1092500,1,0,0,1,0,1,0,16269.63,0,0,74723.55,0,0,1,1,194770.6,1,0,0
C100L55,55,100,-1372500,-1092500,1,0,0,1,0,1,0,13880.21,0,0,72271.7,0,0,1,1,189831.3,1,0,0
C101L55,55,101,-1367500,-1092500,0.994481,0.00551948,-4.8e-07,0.994481,0.00551948,0.994481,0.00551948,10713.98,0,0,69819.85,0,0,1,1,184895.3,1,0,0.00551948
C102L55,55,102,-1362500,-1092500,1,0,0,1,0,1,0,8010.742,0,0,67368,0,0,1,1,179962.9,1,0,0
C103L55,55,103,-1357500,-1092500,0.995534,0.00446571,2.9e-07,0.995534,0.00446571,0.995534,0.00446571,5135.072,0,0,64916.15,0,0,1,1,175034.3,1,0,0.00446571
C104L55,55,104,-1352500,-1092500,1,0,0,1,0,1,0,1562.135,0,0,62464.3,0,0,1,1,170109.8,1,0,0
C105L55,55,105,-1347500,-1092500,1,0,0,1,0,1,0,1328.245,0,0,60020.26,0,0,1,1,165189.9,1,0,0
C106L55,55,106,-1342500,-1092500,1,0,0,1,0,1,0,4365.805,0,0,57806.48,0,0,1,1,160274.9,1,0,0
C107L55,55,107,-1337500,-1092500,1,0,0,1,0,1,0,7718.216,0,0,55953.08,0,0,1,1,155365.4,1,0,0.001610124364
C108L55,55,108,-1332500,-1092500,0.998701,0.0012987,3e-07,0.998701,0.0012987,0.998701,0.0012987,10716.62,0,0,54464.51,0,0,1,1,150461.8,1,0,0.01037206367
C109L55,55,109,-1327500,-1092500,0.94577352,0.05263159,0.00159489,0.9368421,0.06156301,0.923445,0.07496011,13770.87,0,0,53052.2,0,0,1,1,145564.8,1,0.022,0.05263159
C110L55,55,110,-1322500,-1092500,0.88766273,0.089285696,0.023051574,0.8827926,0.094155826,0.871429,0.105519426,17269.41,0,0,51687.95,0,0,0.2510273,0.2510273,140675.1,1,0.016,0.089285696
C111L55,55,111,-1317500,-1092500,0.9023927,0.056459319,0.041147981,0.89888393,0.059968089,0.882297,0.076555019,20776.14,0,0,50716.44,0,0,0,0,135793.3,1,0.02,0.06494921922
C112L55,55,112,-1312500,-1092500,0.99744773,0.001913879,0.000638391,0.99744773,0.001913879,0.993301,0.006060609,24782,0,0,50220.27,0,0,0,0,130920.5,1,0.004,0.03232458175
C113L55,55,113,-1307500,-1092500,0.998052,0.001948051,-5.1e-08,0.998052,0.001948051,0.998052,0.001948051,19437.7,0,0,49899.84,0,0,0,0,126057.7,1,0,0.01498553758
C114L55,55,114,-1302500,-1092500,1,0,0,1,0,1,0,14563.68,0,0,49630.18,0,0,0,0,121206,1,0,0.02615680626
C115L55,55,115,-1297500,-1092500,0.91428617,0.085714361,-5.31e-07,0.90389656,0.096103971,0.895455,0.104545531,9817.196,0,0,49573.76,0,0,0,0,116366.8,1,0.019,0.1037133215
C116L55,55,116,-1292500,-1092500,0.715470379,0.28452999,-3.69e-07,0.708133859,0.29186651,0.705901,0.294099369,5472.078,0,0,47960.05,0,0,0,0,111541.9,1,0.01,0.28452999
C117L55,55,117,-1287500,-1092500,0.942532,0.057467566,4.34e-07,0.942532,0.057467566,0.942532,0.057467566,1661.7,0,0,45988.21,0,0,0,0,106733.1,1,0,0.1188032837
C118L55,55,118,-1282500,-1092500,0.95566231,0.044338099,-4.09e-07,0.9527915,0.047208909,0.914195,0.085805409,2545.284,0,0,42789.36,0,0,0,0,101942.7,1,0.041,0.0958997109
C119L55,55,119,-1277500,-1092500,0.86168836,0.138311671,-3.1e-08,0.82889618,0.171103851,0.771104,0.228896031,7544.533,0,0,38607.79,0,0,0,0,97173.34,1,0.091,0.1404589305
C120L55,55,120,-1272500,-1092500,0.91865994,0.081339639,4.21e-07,0.8810204,0.118979179,0.779585,0.220414579,5872.541,0,0,34456.66,0,0,0,0,92428.42,1,0.139,0.1097054468
C121L55,55,121,-1267500,-1092500,0.9011167,0.09888361,-3.1e-07,0.8242427,0.17575761,0.758214,0.24178631,1017.918,0,0,30529.79,0,0,0,0,87711.84,1,0.143,0.1335882627
C122L55,55,122,-1262500,-1092500,0.83344119,0.16655848,3.3e-07,0.81428536,0.18571431,0.788636,0.21136367,3836.705,0,0.5,26713.69,0,0,0,0,83028.43,1,0.045,0.1713153273
C123L55,55,123,-1257500,-1092500,0.996172,0.003827759,2.41e-07,0.996172,0.003827759,0.996172,0.003827759,8698.076,0,1,22897.59,0,0,0,0,78384.15,1,0,0.1159224326
C124L55,55,124,-1252500,-1092500,0.64610388,0.353895931,1.89e-07,0.64350648,0.356493331,0.637987,0.362012811,13633.15,0,1,19081.49,0,0,0,0,73786.37,1,0.008,0.353895931
C125L55,55,125,-1247500,-1092500,0.70303001,0.29696973,2.6e-07,0.688357,0.31164274,0.673046,0.32695374,12425.62,0,1,15515.81,0,0,0,0,69244.37,1,0.03,0.3746119209
C126L55,55,126,-1242500,-1092500,0.575973686,0.42402565,6.64e-07,0.56948018,0.430519156,0.53961,0.460389336,9212.355,0,1,12084.68,0,0,0,0,64769.87,1,0.036,0.4495063423
C127L55,55,127,-1237500,-1092500,0.5403506,0.45964926,1.4e-07,0.4688992,0.53110066,0.381499,0.61850086,7300.269,0,1,8653.554,0,0,0,0,60377.9,1,0.159,0.462922267
C128L55,55,128,-1232500,-1092500,0.7227275,0.27727227,2.3e-07,0.70811711,0.29188266,0.69026,0.30973977,4893.172,0,1,5222.424,0,0,0,0,56087.83,1,0.032,0.3941246955
C129L55,55,129,-1227500,-1092500,0.22934631,0.770653549,1.41e-07,0.22551856,0.774481299,0.21882,0.781179859,988.3123,0,1,1791.294,0,0,0,0,51924.93,1,0.011,0.770653549
C130L55,55,130,-1222500,-1092500,0.13811777,0.86188232,-9e-08,0.13811777,0.86188232,0.134609,0.86539109,2319.57,0,1,1639.836,0.1158957,0,0,0,47922.36,1,0.004,0.86188232
C131L55,55,131,-1217500,-1092500,0.49318226,0.50681761,1.3e-07,0.48279265,0.51720722,0.421429,0.57857087,7029.9,0,1,5070.965,0.723462,0,0,0,44123.76,1,0.072,0.5534058593
C132L55,55,132,-1212500,-1092500,0.47240795,0.52759189,1.6e-07,0.4685802,0.53141964,0.455821,0.54417884,7497.21,0,1,8499.366,0.1145142,0,0,0,40586.46,1,0.017,0.52759189
C133L55,55,133,-1207500,-1092500,0.68409078,0.31590938,-1.6e-07,0.68409078,0.31590938,0.67987,0.32013016,7446.779,0,1,11916.26,0,0,0,0,37384.68,1,0.004,0.3910204155
C134L55,55,134,-1202500,-1092500,0.60255179,0.39744854,-3.3e-07,0.60255179,0.39744854,0.599362,0.40063833,8830.261,0,1,15333.16,0,0,0,0,34611.68,1,0.003,0.4402183796
C135L55,55,135,-1197500,-1092500,0.349351,0.65064919,-1.9e-07,0.349351,0.65064919,0.349351,0.65064919,11165.77,0,1,18750.05,0.3205614,0,0,0,32377.81,1,0,0.65064919
C136L55,55,136,-1192500,-1092500,0.34800628,0.65199404,-3.2e-07,0.33269528,0.66730504,0.321531,0.67846932,13724.37,0,1,22166.95,0.8861517,0,0,0,30800.59,1,0.026,0.65199404
C137L55,55,137,-1187500,-1092500,0.300974,0.69902556,4.4e-07,0.300974,0.69902556,0.300974,0.69902556,12947,0,1,25583.84,0.9493294,0,0,0,29983.84,1,0,0.69902556
C138L55,55,138,-1182500,-1092500,0.15055781,0.84944171,4.8e-07,0.15055781,0.84944171,0.147687,0.85231252,10189.78,0,1,29000.73,1,0,0,0,29989.74,1,0.003,0.84944171
C139L55,55,139,-1177500,-1092500,0.15948942,0.8405108,-2.2e-07,0.15948942,0.8405108,0.150558,0.84944222,8630.805,0,1,32417.63,1,0,0,0,30817.83,1,0.009,0.8405108
C140L55,55,140,-1172500,-1092500,0.1457794,0.85422035,2.5e-07,0.1457794,0.85422035,0.143182,0.85681775,9233.82,0,0.5,35776.64,1,0,0,0,32405.13,1,0.003,0.85422035
C141L55,55,141,-1167500,-1092500,0.27400342,0.72599678,-2e-07,0.26826179,0.73173841,0.265072,0.7349282,8046.28,0,0.5,39126.77,0.9723211,0,0,0,34647.46,1,0.009,0.72599678
C142L55,55,142,-1162500,-1092500,0.47532451,0.52467566,-1.7e-07,0.468831,0.53116917,0.468831,0.53116917,4556.14,0,0.3333333,42476.89,0.2916237,0,0,0,37427.27,1,0.006,0.5282876513
C143L55,55,143,-1157500,-1092500,0.86028683,0.139712966,2.04e-07,0.857735,0.142264796,0.841786,0.158213796,1937.883,0,0.3333333,43992.11,0.08178009,0,0,0,40634.4,1,0.019,0.2640272716
C144L55,55,144,-1152500,-1092500,0.77662306,0.22337662,3.2e-07,0.64902563,0.35097405,0.636688,0.36331168,940.8653,0,0,39079.54,0.06275814,0,0,0,44175.88,1,0.14,0.2504755446
C145L55,55,145,-1147500,-1092500,0.9164278,0.07336523,0.01020697,0.88038311,0.10940992,0.835726,0.15406703,2159.314,0,0,34192.32,1,0,0,0,47977.73,1,0.081,0.1915171614
C146L55,55,146,-1142500,-1092500,0.67207751,0.32792245,4e-08,0.6629866,0.33701336,0.603571,0.39642896,5536.834,0,0,29343.14,0.6019431,0,0,0,51982.85,1,0.069,0.3936263781
C147L55,55,147,-1137500,-1092500,0.13843659,0.86156348,-7e-08,0.13046211,0.86953796,0.117384,0.88261607,5471.062,0,0,24554.52,0.9572636,0,0,0,56147.76,1,0.021,0.86156348
C148L55,55,148,-1132500,-1092500,0.0258373,0.97416281,-1.1e-07,0.0258373,0.97416281,0.0258373,0.97416281,791.8779,0,0,19870.31,1,0,0,0,60439.43,1,0,0.97416281
C149L55,55,149,-1127500,-1092500,0.300324835,0.699675466,-3.01e-07,0.298701455,0.701298846,0.294156,0.705844301,3438.28,0,0,15312.03,1,0,0,0,64832.7,1,0.006,0.7184136635
C150L55,55,150,-1122500,-1092500,0.29282256,0.70717747,-3e-08,0.26060563,0.7393944,0.254864,0.74513603,8086.179,0,0,10761.76,1,0,0,0,69308.24,1,0.038,0.70717747
C151L55,55,151,-1117500,-1092500,0.44610439,0.5538959,-2.9e-07,0.37954591,0.62045438,0.370455,0.62954529,12994.28,0,0,6211.482,1,0,0,0,73851.11,1,0.076,0.5864036212
C152L55,55,152,-1112500,-1092500,0.20478428,0.79521527,4.5e-07,0.17033454,0.82966501,0.163317,0.83668255,9998.843,0,0,1661.207,1,0,0,0,78449.61,1,0.041,0.79521527
C153L55,55,153,-1107500,-1092500,0.27370104,0.7262988,1.6e-07,0.25129848,0.74870136,0.245779,0.75422084,5667.99,0,0,2889.068,1,0,0,0,83094.49,1,0.028,0.7262988
C154L55,55,154,-1102500,-1092500,0.507496089,0.49250401,-9.9e-08,0.493142029,0.50685807,0.477831,0.522169099,2086.322,0,0,7439.343,0.8423512,0,0,0,87778.41,1,0.03,0.5165417858
C155L55,55,155,-1097500,-1092500,0.81103883,0.18896105,1.2e-07,0.80974013,0.19025975,0.80487,0.19512988,621.2597,0,0,12033.86,0.2562599,0,0,0,92495.42,1,0.006,0.3148202769
C156L55,55,156,-1092500,-1092500,0.798086,0.19489606,0.00701794,0.798086,0.19489606,0.798086,0.19489606,4717.788,0,0,16828.52,0.001222762,0,0,0,97240.72,1,0,0.3128903782
C39L56,56,39,-1677500,-1097500,0.433584,0,0.566416,0.433584,0,0.433584,0,15102.29,0,0,164166.2,0,0.4881978,0,0.4881978,493092.8,1,0,0.002747022406
C40L56,56,40,-1672500,-1097500,0.974937,0,0.025063,0.974937,0,0.974937,0,14027.49,0,0,163766.6,0,1,0,1,488099.2,2,0,0.003273883337
C41L56,56,41,-1667500,-1097500,0.907526,0,0.092474,0.907526,0,0.907526,0,11801.33,0,0,162776.3,0,1,0,1,483105.8,2,0,0.008891800532
C42L56,56,42,-1662500,-1097500,0.90444898,0,0.09555102,0.902256,0.00219298,0.902256,0.00219298,11002.21,0,0,161778.1,0,1,0,1,478112.5,2,0.002,0.009278524229
C43L56,56,43,-1657500,-1097500,1,0,0,1,0,1,0,9372.779,0,0,160929.1,0,0.9864102,0,0.9864102,473119.4,2,0,0.01006556808
C44L56,56,44,-1652500,-1097500,0.975564,0,0.024436,0.975564,0,0.975564,0,5199.333,0,0,160231.6,0,0.1678623,0,0.1678623,468126.4,1,0,0.005309404472
C45L56,56,45,-1647500,-1097500,0.982781,0.01721934,-3.4e-07,0.982781,0.01721934,0.982781,0.01721934,412.228,0,0,159687.8,0,0,0,0,463133.5,1,0,0.01725275589
C46L56,56,46,-1642500,-1097500,0.971178,0.0288221,-1e-07,0.971178,0.0288221,0.971178,0.0288221,4401.297,0,0,159286.1,0,0,0,0,458140.8,1,0,0.0288221
C47L56,56,47,-1637500,-1097500,0.988839,0.0111607,3e-07,0.988839,0.0111607,0.988839,0.0111607,9362.027,0,0,158911.6,0,0,0,0,453148.3,1,0,0.01922940978
C48L56,56,48,-1632500,-1097500,0.971805,0.0281955,-5e-07,0.971805,0.0281955,0.971805,0.0281955,10453.98,0,0,157231.1,0,0,0,0,448155.9,1,0,0.0281955
C49L56,56,49,-1627500,-1097500,0.980576,0.01942355,4.5e-07,0.980576,0.01942355,0.980576,0.01942355,6029.139,0,0,155191.5,0,0,0,0,443163.7,1,0,0.01947550712
C50L56,56,50,-1622500,-1097500,1,0,0,1,0,1,0,1922.815,0,0,153288,0,0.1844968,0,0.1844968,438171.7,1,0,0.004217862413
C51L56,56,51,-1617500,-1097500,0.998434,0.00156642,-4.2e-07,0.998434,0.00156642,0.998434,0.00156642,2098.262,0,0,151525.6,0,0.1572436,0,0.1572436,433179.8,1,0,0.003968821802
C52L56,56,52,-1612500,-1097500,1,0,0,1,0,1,0,6315.757,0,0,149909.3,0,0.5646364,0,0.5646364,428188.2,2,0,0.003180348071
C53L56,56,53,-1607500,-1097500,1,0,0,1,0,1,0,10975.83,0,0,148443.9,0,1,0,1,423196.7,2,0,0.003243779649
C54L56,56,54,-1602500,-1097500,1,0,0,1,0,1,0,14770.78,0,0,147133.9,0,1,0,1,418205.5,2,0,0.003334933815
C55L56,56,55,-1597500,-1097500,1,0,0,1,0,1,0,10113.97,0,0,145983.5,0,1,0,1,413214.4,2,0,0.003918743741
C56L56,56,56,-1592500,-1097500,1,0,0,1,0,1,0,5323.209,0,0,144996.5,0,0.9985872,0,0.9985872,408223.6,2,0,0.004906749982
C57L56,56,57,-1587500,-1097500,0.996241,0.0037594,-4e-07,0.996241,0.0037594,0.996241,0.0037594,1383.01,0,0,144176.2,0,0.9599974,0,0.9599974,403233,2,0,0.01030290238
C58L56,56,58,-1582500,-1097500,0.93891004,0.06109026,-3e-07,0.92982483,0.07017547,0.926692,0.0733083,2658.942,0,0,143525.5,0,0.9657603,0,0.9657603,398242.7,2,0.012,0.06109026
C59L56,56,59,-1577500,-1097500,0.999362,0.000637755,2.45e-07,0.999362,0.000637755,0.999362,0.000637755,7338.365,0,0,143046.7,0,0.9719083,0,0.9719083,393252.6,2,0,0.008082182818
C60L56,56,60,-1572500,-1097500,1,0,0,1,0,1,0,11722.21,0,0,142741.6,0,1,0,1,388262.7,2,0,0.004407757655
C61L56,56,61,-1567500,-1097500,1,0,0,1,0,1,0,16193.96,0,0,142137.4,0,1,0,1,383273.1,2,0,0.003651718891
C62L56,56,62,-1562500,-1097500,1,0,0,1,0,1,0,20906.41,0,0,140809,0,1,0,1,378283.8,2,0,0.003528707477
C63L56,56,63,-1557500,-1097500,1,0,0,1,0,1,0,19844.87,0,0,139482.4,0,1,0.1222166,1.1222166,373294.8,2,0,0.002545052923
C64L56,56,64,-1552500,-1097500,1,0,0,1,0,1,0,16529.91,0,0,138262.5,0,1,0.9139878,1.9139878,368306.1,2,0,0
C65L56,56,65,-1547500,-1097500,1,0,0,1,0,1,0,13333.27,0,0,137214,0,1,1,2,363317.7,2,0,0
C66L56,56,66,-1542500,-1097500,1,0,0,1,0,1,0,10657.14,0,0,136341,0,1,0.8429339,1.8429339,358329.6,2,0,0
C67L56,56,67,-1537500,-1097500,1,0,0,1,0,1,0,9896.787,0,0,135646.7,0,1,0.1261138,1.1261138,353341.8,2,0,0.002710518381
C68L56,56,68,-1532500,-1097500,1,0,0,1,0,1,0,9256.582,0,0,135134,0,1,0,1,348354.4,2,0,0.003858483463
C69L56,56,69,-1527500,-1097500,1,0,0,1,0,1,0,7063.845,0,0,134804.9,0,1,0,1,343367.3,2,0,0.004038886425
C70L56,56,70,-1522500,-1097500,0.955995,0,0.044005,0.955995,0,0.955995,0,3287.073,0,0,134660.8,0,0.9310013,0,0.9310013,338380.7,2,0,0.003978980361
C71L56,56,71,-1517500,-1097500,0.536028,0,0.463972,0.536028,0,0.536028,0,1522.786,0,0,134702.3,0,0.476692,0,0.476692,333394.4,1,0,0.002267837851
C72L56,56,72,-1512500,-1097500,0.115115,0,0.884885,0.115115,0,0.115115,0,1792.758,0,0,132638.6,0,0.07788392,0,0.07788392,328408.6,1,0,0.0004945309914
C76L56,56,76,-1492500,-1097500,0.0178571,0,0.9821429,0.0178571,0,0.0178571,0,13566.92,0.01969177,0,121007.8,0,0,0,0.01969177,308469.8,1,0,0.0001099889118
C77L56,56,77,-1487500,-1097500,0.722258,0,0.277742,0.722258,0,0.722258,0,17776.59,0.7403119,0,118449.8,0,0,0,0.7403119,303486.4,1,0,0.004144210271
C78L56,56,78,-1482500,-1097500,1,0,0,1,0,1,0,16718.51,1,0,116051,0,0,0,1,298503.5,1,0,0.00516410568
C79L56,56,79,-1477500,-1097500,1,0,0,1,0,1,0,12866.45,1,0,113782.4,0,0,0,1,293521.2,1,0,0.004875037744
C80L56,56,80,-1472500,-1097500,1,0,0,1,0,1,0,9397.87,1,0,111584.7,0,0,0,1,288539.5,1,0,0.004840470219
C81L56,56,81,-1467500,-1097500,1,0,0,1,0,1,0,7720.868,1,0,109568.7,0,0,0,1,283558.4,1,0,0.004897134868
C82L56,56,82,-1462500,-1097500,1,0,0,1,0,1,0,6061.982,1,0,107747.2,0,0,0,1,278578.1,1,0,0.004960771794
C83L56,56,83,-1457500,-1097500,1,0,0,1,0,1,0,1134.095,1,0,106130.1,0,0,0,1,273598.4,1,0,0.005025720806
C84L56,56,84,-1452500,-1097500,1,0,0,1,0,1,0,1545.65,1,0,104722.5,0,0,0,1,268619.5,1,0,0.0050912743
C85L56,56,85,-1447500,-1097500,1,0,0,1,0,1,0,2495.297,1,0,103384.6,0,0,0,1,263641.4,1,0,0.005159237191
C86L56,56,86,-1442500,-1097500,1,0,0,1,0,1,0,4142.729,1,0,102046.6,0,0,0,1,258664.2,1,0,0.005277189538
C87L56,56,87,-1437500,-1097500,1,0,0,1,0,1,0,7470.004,1,0,100475.1,0,0,0,1,253687.8,1,0,0.005865198765
C88L56,56,88,-1432500,-1097500,0.989796,0.0102041,-1e-07,0.989796,0.0102041,0.989796,0.0102041,11849.14,1,0,98898.92,0,0,0,1,248712.4,1,0,0.01219796981
C89L56,56,89,-1427500,-1097500,1,0,0,1,0,1,0,15834.88,1,0,97353.82,0,0,0,1,243738,1,0,0.006773239931
C90L56,56,90,-1422500,-1097500,1,0,0,1,0,1,0,17667.7,1,0,96017.24,0,0,0.02372362,1.02372362,238764.7,1,0,0.005800053157
C91L56,56,91,-1417500,-1097500,1,0,0,1,0,1,0,13017.49,0.7115562,0,94837.17,0,0,0.9356272,1.6471834,233792.5,1,0,0
C92L56,56,92,-1412500,-1097500,1,0,0,1,0,1,0,8761.416,0,0,93660.14,0,0,1,1,228821.5,1,0,0
C93L56,56,93,-1407500,-1097500,1,0,0,1,0,1,0,4525.954,0,0,92158.99,0,0,1,1,223851.8,1,0,0
C94L56,56,94,-1402500,-1097500,1,0,0,1,0,1,0,137.7277,0,0,90176.63,0,0,1,1,218883.5,1,0,0
C95L56,56,95,-1397500,-1097500,1,0,0,1,0,1,0,2854.503,0,0,88194.27,0,0,1,1,213916.7,1,0,0
C96L56,56,96,-1392500,-1097500,1,0,0,1,0,1,0,6158.492,0,0,86211.91,0,0,1,1,208951.4,1,0,0
C97L56,56,97,-1387500,-1097500,1,0,0,1,0,1,0,9936.84,0,0,83984.82,0,0,1,1,203987.9,1,0,0
C98L56,56,98,-1382500,-1097500,1,0,0,1,0,1,0,14476,0,0,81532.97,0,0,1,1,199026.1,1,0,0
C99L56,56,99,-1377500,-1097500,1,0,0,1,0,1,0,12613.99,0,0,79081.12,0,0,1,1,194066.4,1,0,0
C100L56,56,100,-1372500,-1097500,1,0,0,1,0,1,0,9331.257,0,0,76629.27,0,0,1,1,189108.7,1,0,0
C101L56,56,101,-1367500,-1097500,1,0,0,1,0,1,0,7027.661,0,0,74177.42,0,0,1,1,184153.4,1,0,0
C102L56,56,102,-1362500,-1097500,1,0,0,1,0,1,0,3931.739,0,0,71725.57,0,0,1,1,179200.5,1,0,0
C103L56,56,103,-1357500,-1097500,1,0,0,1,0,1,0,1496.521,0,0,69273.72,0,0,1,1,174250.3,1,0,0
C104L56,56,104,-1352500,-1097500,1,0,0,1,0,1,0,1777.422,0,0,66821.87,0,0,1,1,169303.1,1,0,0
C105L56,56,105,-1347500,-1097500,1,0,0,1,0,1,0,5444.859,0,0,64460.83,0,0,1,1,164359,1,0,0
C106L56,56,106,-1342500,-1097500,1,0,0,1,0,1,0,8350.899,0,0,62404.77,0,0,1,1,159418.4,1,0,0.0001322788744
C107L56,56,107,-1337500,-1097500,0.987155,0.01284461,3.9e-07,0.987155,0.01284461,0.987155,0.01284461,11420.64,0,0,60691.95,0,0,1,1,154481.7,1,0,0.01654310329
C108L56,56,108,-1332500,-1097500,0.97130082,0.02869894,2.4e-07,0.957908,0.04209176,0.957908,0.04209176,14520.41,0,0,59260.91,0,0,0.9327897,0.9327897,149549.1,1,0.013,0.03362265132
C109L56,56,109,-1327500,-1097500,0.89191694,0.10682952,0.00125354,0.87437308,0.12437338,0.866541,0.13220546,17732.69,0,0,57848.59,0,0,0.1495663,0.1495663,144621.2,1,0.025,0.10682952
C110L56,56,110,-1322500,-1097500,0.98118605,0.013392855,0.005421095,0.9690687,0.025510205,0.949936,0.044642905,20840.44,0,0,56553.59,0,0,0.004365058,0.004365058,139698.4,1,0.031,0.03060929547
C111L56,56,111,-1317500,-1097500,0.995301,0.00407268,0.00062632,0.995301,0.00407268,0.995301,0.00407268,24311.93,0,0,55667.06,0,0,0,0,134781.3,1,0,0.01897764412
C112L56,56,112,-1312500,-1097500,1,0,0,1,0,1,0,23010.64,0,0,55209.99,0,0,0,0,129870.5,1,0,0.01218947
C113L56,56,113,-1307500,-1097500,0.999043,0.000956633,3.67e-07,0.999043,0.000956633,0.999043,0.000956633,18500.37,0,0,54889.56,0,0,0,0,124966.8,1,0,0.01222569581
C114L56,56,114,-1302500,-1097500,0.999373,0.000626566,4.34e-07,0.999373,0.000626566,0.999373,0.000626566,14127.66,0,0,54629.37,0,0,0,0,120071.1,1,0,0.03372867148
C115L56,56,115,-1297500,-1097500,0.74776788,0.24489789,0.00733423,0.70248726,0.29017851,0.666773,0.32589277,9157.91,0,0,54573.46,0,0,0,0,115184.3,1,0.081,0.24489789
C116L56,56,116,-1292500,-1097500,0.85557661,0.14442351,-1.2e-07,0.82957413,0.17042599,0.784148,0.21585212,4209.435,0,0,52499.76,0,0,0,0,110307.6,1,0.071,0.1527103522
C117L56,56,117,-1287500,-1097500,0.638392655,0.36160663,7.15e-07,0.635522755,0.36447653,0.634885,0.365114285,92.75595,0,0,49712.18,0,0,0,0,105442.5,1,0.004,0.36160663
C118L56,56,118,-1282500,-1097500,0.53383477,0.46616593,-7e-07,0.52474955,0.47525115,0.52193,0.4780707,4909.263,0,0,45530.85,0,0,0,0,100590.7,1,0.012,0.46616593
C119L56,56,119,-1277500,-1097500,0.80803578,0.19196427,-5e-08,0.80803578,0.19196427,0.804847,0.19515305,8987.47,0,0,41449.8,0,0,0,0,95754.03,1,0.003,0.2167166344
C120L56,56,120,-1272500,-1097500,0.76096503,0.23903503,-6e-08,0.75501265,0.24498741,0.723371,0.27662906,5974.774,0,0,37576.58,0,0,0,0,90935.08,1,0.038,0.2707993758
C121L56,56,121,-1267500,-1097500,0.59022516,0.4097746,2.4e-07,0.55607736,0.4439224,0.529135,0.47086476,1448.549,0,0,33760.48,0,0,0,0,86136.77,1,0.061,0.4097746
C122L56,56,122,-1262500,-1097500,0.7866709,0.213329,1e-07,0.7321428,0.2678571,0.679528,0.3204719,3551.001,0,0.5,29944.38,0,0,0,0,81362.75,1,0.107,0.2543705051
C123L56,56,123,-1257500,-1097500,0.81140354,0.18859639,7e-08,0.78759403,0.2124059,0.773183,0.22681693,8550.552,0,1,26132.18,0,0,0,0,76617.56,1,0.038,0.2125510929
C124L56,56,124,-1252500,-1097500,0.96492371,0.035076573,-2.83e-07,0.94993647,0.050063813,0.938138,0.061862283,12349.47,0,1,22583.89,0,0,0,0,71906.92,1,0.027,0.1470946844
C125L56,56,125,-1247500,-1097500,0.58583993,0.41416059,-5.2e-07,0.58427351,0.41572701,0.577068,0.42293252,8399.612,0,1,19152.76,0,0,0,0,67238.07,1,0.009,0.41416059
C126L56,56,126,-1242500,-1097500,0.44674789,0.55325265,-5.4e-07,0.40625042,0.59375012,0.383929,0.61607154,5377.529,0,1,15721.63,0,0,0,0,62620.39,1,0.063,0.55325265
C127L56,56,127,-1237500,-1097500,0.57612785,0.4238726,-4.5e-07,0.49843355,0.5015669,0.412594,0.58740645,2528.604,0,1,12290.5,0,0,0,0,58066.05,1,0.164,0.4358123919
C128L56,56,128,-1232500,-1097500,0.673788095,0.32621126,6.45e-07,0.661670755,0.3383286,0.661033,0.338966355,1484.539,0,1,8859.366,0,0,0,0,53591.24,1,0.013,0.4020236282
C129L56,56,129,-1227500,-1097500,0.27568947,0.71898455,0.00532598,0.25532611,0.73934791,0.25188,0.74279402,1867.297,0,1,5428.236,0,0,0,0,49217.63,1,0.024,0.71898455
C130L56,56,130,-1222500,-1097500,0.336466,0.663533809,1.91e-07,0.336466,0.663533809,0.336466,0.663533809,5659.331,0,1,1997.107,0,0,0,0,44974.76,1,0,0.663533809
C131L56,56,131,-1217500,-1097500,0.28348194,0.71651794,1.2e-07,0.28029316,0.71970672,0.27551,0.72448988,9013.311,0,1,1432.152,0,0,0,0,40903.33,1,0.008,0.71651794
C132L56,56,132,-1212500,-1097500,0.3574559,0.642543803,2.97e-07,0.339912,0.660087703,0.339912,0.660087703,12329.82,0,1,4849.047,0,0,0,0,37059.91,1,0.018,0.642543803
C133L56,56,133,-1207500,-1097500,0.41390285,0.5860966,5.5e-07,0.40210438,0.59789507,0.384885,0.61511445,12286.91,0,1,8265.942,0,0,0,0,33522.99,1,0.029,0.5860966
C134L56,56,134,-1202500,-1097500,0.778195,0.22180493,7e-08,0.778195,0.22180493,0.778195,0.22180493,13478.44,0,1,11682.84,0,0,0,0,30399.75,1,0,0.3754487423
C135L56,56,135,-1197500,-1097500,0.494898,0.505102203,-2.03e-07,0.494898,0.505102203,0.494898,0.505102203,13693.41,0,1,15099.73,0,0,0,0,27829.82,1,0,0.5167303791
C136L56,56,136,-1192500,-1097500,0.70488713,0.29511278,9e-08,0.703634,0.29636591,0.703634,0.29636591,10450.49,0,1,18516.63,0.07933677,0,0,0,25977.93,1,0.001,0.4385111164
C137L56,56,137,-1187500,-1097500,0.40178553,0.59821431,1.6e-07,0.40178553,0.59821431,0.397959,0.60204084,8948.731,0,0.5,21933.52,0.366046,0,0,0,25004.13,1,0.004,0.6228426811
C138L56,56,138,-1182500,-1097500,0.30513741,0.69486172,8.7e-07,0.29135295,0.70864618,0.284774,0.71522513,5882.788,0,0.5,25350.42,0.7713843,0,0,0,25011.21,1,0.02,0.7034986853
C139L56,56,139,-1177500,-1097500,0.597431,0.40256867,3.3e-07,0.597431,0.40256867,0.597431,0.40256867,3789.917,0,1,28714.82,0.4691316,0,0,0,25998.36,1,0,0.5570701385
C140L56,56,140,-1172500,-1097500,0.26403014,0.73596912,7.4e-07,0.261798,0.73820126,0.261798,0.73820126,5001.004,0,1,32064.95,0.998321,0,0,0,27861.6,1,0.002,0.73596912
C141L56,56,141,-1167500,-1097500,0.636278,0.36372168,3.2e-07,0.636278,0.36372168,0.636278,0.36372168,4261.188,0,1,35415.08,1,0,0,0,30440.48,1,0,0.4934976279
C142L56,56,142,-1162500,-1097500,0.67920927,0.32079107,-3.4e-07,0.67920927,0.32079107,0.677296,0.32270434,1091.835,0,0.3333333,38765.2,0.99067,0,0,0,33570.48,1,0.002,0.4160225564
C143L56,56,143,-1157500,-1097500,0.42888462,0.57111538,0,0.40758136,0.59241864,0.378446,0.621554,2514.417,0,0,42115.33,0.9227207,0,0,0,37112.41,1,0.05,0.57111538
C144L56,56,144,-1152500,-1097500,0.78507678,0.21492322,0,0.78507678,0.21492322,0.781888,0.218112,4245.91,0,0,38404.26,0.1494709,0,0,0,40959.55,1,0.003,0.2915546056
C145L56,56,145,-1147500,-1097500,0.691103,0.30012575,0.00877125,0.691103,0.30012575,0.691103,0.30012575,7130.199,0,0,33420.35,0,0,0,0,45033.75,1,0,0.3521151665
C146L56,56,146,-1142500,-1097500,0.60809955,0.39190002,4.3e-07,0.601722,0.39827757,0.601722,0.39827757,8410.283,0,0,28439.85,0,0,0,0,49278.73,1,0.006,0.4771463978
C147L56,56,147,-1137500,-1097500,0.206767,0.79323305,-5e-08,0.206767,0.79323305,0.206767,0.79323305,3429.656,0,0,23467.63,0.4572553,0,0,0,53653.95,1,0,0.79323305
C148L56,56,148,-1132500,-1097500,0.193609,0.80357127,0.00281973,0.193609,0.80357127,0.193609,0.80357127,1020.486,0,0,18510.38,1,0,0,0,58130.03,1,0,0.80357127
C149L56,56,149,-1127500,-1097500,0.262117,0.73788218,8.2e-07,0.25605833,0.74394085,0.246492,0.75350718,4926.979,0,0,13584.52,1,0,0,0,62685.36,1,0.016,0.73788218
C150L56,56,150,-1122500,-1097500,0.58489932,0.41510076,-8e-08,0.53195452,0.46804556,0.520363,0.47963708,9777.27,0,0,8743.216,1,0,0,0,67303.85,1,0.065,0.5046382048
C151L56,56,151,-1117500,-1097500,0.50701499,0.49298431,7e-07,0.48852009,0.51147921,0.46014,0.5398593,14607.97,0,0,4139.044,1,0,0,0,71973.35,1,0.047,0.5628620076
C152L56,56,152,-1112500,-1097500,0.28007508,0.7199252,-2.8e-07,0.272243,0.72775728,0.272243,0.72775728,6296.933,0,0,411.2309,1,0,0,0,76684.53,1,0.008,0.7199252
C153L56,56,153,-1107500,-1097500,0.28093125,0.71906873,2e-08,0.27838023,0.72161975,0.265944,0.73405598,3069.347,0,0,4961.506,1,0,0,0,81430.16,1,0.015,0.71906873
C154L56,56,154,-1102500,-1097500,0.29417334,0.7058269,-2.4e-07,0.29417334,0.7058269,0.283835,0.71616524,1162.003,0,0,9511.781,1,0,0,0,86204.55,1,0.01,0.7058269
C155L56,56,155,-1097500,-1097500,0.27806157,0.7219391,-6.7e-07,0.27264065,0.72736002,0.269133,0.73086767,4974.326,0,0,14062.06,1,0,0,0,91003.18,1,0.009,0.7219391
C156L56,56,156,-1092500,-1097500,0.43076403,0.5654764,0.00375957,0.40037556,0.59586487,0.376566,0.61967443,7157.118,0,0,18612.33,0.7599801,0,0,0,95822.4,1,0.054,0.5654764
C157L56,56,157,-1087500,-1097500,0.37374724,0.62625302,-2.6e-07,0.32205553,0.67794473,0.281642,0.71835826,2180.87,0,0,23171.05,0.8710903,0,0,0,100659.3,1,0.092,0.62625302
C158L56,56,158,-1082500,-1097500,0.441326718,0.55580303,0.002870252,0.417410863,0.579718885,0.404018,0.593111748,2817.287,0,0,27843.9,1,0,0,0,105511.3,1,0.037,0.6195923338
C159L56,56,159,-1077500,-1097500,0.15444896,0.84555134,-3e-07,0.15444896,0.84555134,0.150063,0.8499373,5845.971,0,0,26905.54,0.9363985,0,0,0,110376.6,1,0.004,0.84555134
C39L57,57,39,-1677500,-1102500,0.0426065,0,0.9573935,0.0426065,0,0.0426065,0,18673.47,0,0,169165.9,0,0.05349363,0,0.05349363,492865.8,1,0,0.0001014910927
C40L57,57,40,-1672500,-1102500,0.100251,0,0.899749,0.100251,0,0.100251,0,18320.72,0,0,168715,0,0.8262318,0,0.8262318,487869.9,2,0,0.0002829381281
C41L57,57,41,-1667500,-1102500,0.16199,0,0.83801,0.16199,0,0.16199,0,16562.32,0,0,167663.5,0,1,0,1,482874.1,2,0,0.001243860315
C42L57,57,42,-1662500,-1102500,0.35683,0.039786983,0.603383017,0.35683,0.039786983,0.35683,0.039786983,14575.01,0,0,166694.5,0,1,0,1,477878.4,2,0,0.039786983
C43L57,57,43,-1657500,-1102500,0.955676,0,0.044324,0.955676,0,0.955676,0,9632.761,0,0,165870.7,0,0.7595794,0,0.7595794,472882.8,2,0,0.007600742009
C44L57,57,44,-1652500,-1102500,0.971805,0,0.028195,0.971805,0,0.971805,0,4749.825,0,0,165194.1,0,0,0,0,467887.2,1,0,0.005182322369
C45L57,57,45,-1647500,-1102500,0.967474,0.0325255,5e-07,0.967474,0.0325255,0.967474,0.0325255,127.2995,0,0,164666.7,0,0,0,0,462891.8,1,0,0.0325255
C46L57,57,46,-1642500,-1102500,0.990915,0.00908521,-2.1e-07,0.990915,0.00908521,0.990915,0.00908521,5004.424,0,0,164272,0,0,0,0,457896.5,1,0,0.01541378667
C47L57,57,47,-1637500,-1102500,0.944834,0.0551658,2e-07,0.944834,0.0551658,0.944834,0.0551658,9883.371,0,0,163889.8,0,0,0,0,452901.2,1,0,0.0551658
C48L57,57,48,-1632500,-1102500,0.98089,0.0191103,-3e-07,0.98089,0.0191103,0.98089,0.0191103,8658.244,0,0,161779.7,0,0,0,0,447906.1,1,0,0.0203093374
C49L57,57,49,-1627500,-1102500,0.99718,0.00281955,4.5e-07,0.99718,0.00281955,0.99718,0.00281955,4524.275,0,0,159798.2,0,0.01203616,0,0.01203616,442911.1,1,0,0.008047900881
C50L57,57,50,-1622500,-1102500,1,0,0,1,0,1,0,418.9766,0,0,157950.2,0,0.9455783,0,0.9455783,437916.2,2,0,0.004454746585
C51L57,57,51,-1617500,-1102500,1,0,0,1,0,1,0,4335.6,0,0,156240.4,0,0.9472641,0,0.9472641,432921.4,2,0,0.003304788912
C52L57,57,52,-1612500,-1102500,1,0,0,1,0,1,0,9122.058,0,0,154673.4,0,1,0,1,427926.7,2,0,0.00459123448
C53L57,57,53,-1607500,-1102500,1,0,0,1,0,1,0,12986.65,0,0,153253.6,0,1,0,1,422932.2,2,0,0.005464781435
C54L57,57,54,-1602500,-1102500,1,0,0,1,0,1,0,12911.58,0,0,151985,0,1,0,1,417937.8,2,0,0.005491511987
C55L57,57,55,-1597500,-1102500,1,0,0,1,0,1,0,8241.274,0,0,150871.6,0,0.9923942,0,0.9923942,412943.5,2,0,0.004831700216
C56L57,57,56,-1592500,-1102500,0.987245,0.01275511,-1.1e-07,0.987245,0.01275511,0.987245,0.01275511,3590.49,0,0,149916.8,0,0.9643952,0,0.9643952,407949.4,2,0,0.01275511
C57L57,57,57,-1587500,-1102500,0.986216,0.013784466,-4.66e-07,0.986216,0.013784466,0.986216,0.013784466,289.3802,0,0,149123.6,0,0.9869091,0,0.9869091,402955.4,2,0,0.01675980473
C58L57,57,58,-1582500,-1102500,0.998747,0.00125313,-1.3e-07,0.998747,0.00125313,0.998747,0.00125313,5283.416,0,0,148494.5,0,0.9929244,0,0.9929244,397961.6,2,0,0.01025365569
C59L57,57,59,-1577500,-1102500,0.989477,0.010522963,3.7e-08,0.989477,0.010522963,0.989477,0.010522963,9664.89,0,0,148031.8,0,0.9777444,0,0.9777444,392967.9,2,0,0.01432203659
C60L57,57,60,-1572500,-1102500,1,0,0,1,0,1,0,13816.04,0,0,147736.7,0,1,0,1,387974.4,2,0,0.004249757286
C61L57,57,61,-1567500,-1102500,1,0,0,1,0,1,0,18375.66,0,0,146957.7,0,1,0,1,382981,2,0,0.003625416902
C62L57,57,62,-1562500,-1102500,1,0,0,1,0,1,0,20742.46,0,0,145629.4,0,1,0,1,377987.9,2,0,0.003615834295
C63L57,57,63,-1557500,-1102500,1,0,0,1,0,1,0,16759.24,0,0,144315.2,0,1,0,1,372994.9,2,0,0.003551299652
C64L57,57,64,-1552500,-1102500,1,0,0,1,0,1,0,12775.35,0,0,143136.5,0,1,0.2355305,1.2355305,368002.1,2,0,0.001784667021
C65L57,57,65,-1547500,-1102500,1,0,0,1,0,1,0,9459.014,0,0,142124,0,1,0.9747726,1.9747726,363009.5,2,0,0
C66L57,57,66,-1542500,-1102500,1,0,0,1,0,1,0,6322.847,0,0,141281.3,0,1,0.3029672,1.3029672,358017.1,2,0,0.00143844903
C67L57,57,67,-1537500,-1102500,1,0,0,1,0,1,0,4941.988,0,0,140611.4,0,1,0,1,353024.9,2,0,0.003796073219
C68L57,57,68,-1532500,-1102500,1,0,0,1,0,1,0,4789.936,0,0,140116.9,0,1,0,1,348033,2,0,0.00400660028
C69L57,57,69,-1527500,-1102500,1,0,0,1,0,1,0,3257.848,0,0,139799.5,0,1,0,1,343041.3,2,0,0.004101807508
C70L57,57,70,-1522500,-1102500,0.357781,0,0.642219,0.357781,0,0.357781,0,589.9914,0,0,139660.6,0,0.3075097,0,0.3075097,338049.8,1,0,0.001490654334
C77L57,57,77,-1487500,-1102500,0.0242347,0,0.9757653,0.0242347,0,0.0242347,0,18479.59,0.03062458,0,122816.4,0,0,0,0.03062458,303117.4,1,0,0.0001137447427
C78L57,57,78,-1482500,-1102500,0.905388,0,0.094612,0.905388,0,0.905388,0,13872.14,0.917676,0,120502,0,0,0,0.917676,298128.3,1,0,0.004276658786
C79L57,57,79,-1477500,-1102500,1,0,0,1,0,1,0,9663.183,1,0,118252.4,0,0,0,1,293139.6,1,0,0.004774374189
C80L57,57,80,-1472500,-1102500,1,0,0,1,0,1,0,5932.007,1,0,116136.9,0,0,0,1,288151.4,1,0,0.004834125471
C81L57,57,81,-1467500,-1102500,1,0,0,1,0,1,0,2806.092,1,0,114201.3,0,0,0,1,283163.5,1,0,0.00489873845
C82L57,57,82,-1462500,-1102500,1,0,0,1,0,1,0,2109.513,1,0,112454.8,0,0,0,1,278176,1,0,0.004964683912
C83L57,57,83,-1457500,-1102500,1,0,0,1,0,1,0,1376.477,0.9989204,0,110906.5,0,0,0,0.9989204,273189.1,1,0,0.005030701134
C84L57,57,84,-1452500,-1102500,1,0,0,1,0,1,0,1732.818,1,0,109540.2,0,0,0,1,268202.6,1,0,0.005096770168
C85L57,57,85,-1447500,-1102500,1,0,0,1,0,1,0,6447.883,1,0,108202.2,0,0,0,1,263216.6,1,0,0.005164567954
C86L57,57,86,-1442500,-1102500,1,0,0,1,0,1,0,8973.845,1,0,106796.3,0,0,0,1,258231.2,1,0,0.005270506536
C87L57,57,87,-1437500,-1102500,1,0,0,1,0,1,0,11007.04,1,0,105220.2,0,0,0,1,253246.3,1,0,0.006017272568
C88L57,57,88,-1432500,-1102500,0.998406,0.00159439,-3.9e-07,0.998406,0.00159439,0.998406,0.00159439,14506.32,1,0,103644,0,0,0,1,248262,1,0,0.007458895575
C89L57,57,89,-1427500,-1102500,0.992168,0.00783208,-8e-08,0.992168,0.00783208,0.992168,0.00783208,18575.1,1,0,102147.6,0,0,0,1,243278.4,1,0,0.01067309772
C90L57,57,90,-1422500,-1102500,1,0,0,1,0,1,0,16778.69,1,0,100873.7,0,0,0.291859,1.291859,238295.5,1,0,0.003542171835
C91L57,57,91,-1417500,-1102500,1,0,0,1,0,1,0,11782.69,0.3410804,0,99696.65,0,0,1,1.3410804,233313.3,1,0,0
C92L57,57,92,-1412500,-1102500,1,0,0,1,0,1,0,6792.585,0,0,98519.63,0,0,1,1,228331.9,1,0,0
C93L57,57,93,-1407500,-1102500,1,0,0,1,0,1,0,1856.48,0,0,96749.22,0,0,1,1,223351.3,1,0,0
C94L57,57,94,-1402500,-1102500,1,0,0,1,0,1,0,1318.159,0,0,94766.86,0,0,1,1,218371.6,1,0,0
C95L57,57,95,-1397500,-1102500,1,0,0,1,0,1,0,5818.269,0,0,92784.5,0,0,1,1,213392.9,1,0,0
C96L57,57,96,-1392500,-1102500,1,0,0,1,0,1,0,9917.21,0,0,90794.24,0,0,1,1,208415.1,1,0,0
C97L57,57,97,-1387500,-1102500,1,0,0,1,0,1,0,13184.89,0,0,88342.39,0,0,1,1,203438.5,1,0,0
C98L57,57,98,-1382500,-1102500,1,0,0,1,0,1,0,13951.21,0,0,85890.54,0,0,1,1,198463,1,0,0
C99L57,57,99,-1377500,-1102500,1,0,0,1,0,1,0,10076.82,0,0,83438.69,0,0,1,1,193488.8,1,0,0
C100L57,57,100,-1372500,-1102500,1,0,0,1,0,1,0,5611.092,0,0,80986.84,0,0,1,1,188516,1,0,0
C101L57,57,101,-1367500,-1102500,1,0,0,1,0,1,0,2910.666,0,0,78534.99,0,0,1,1,183544.7,1,0,0
C102L57,57,102,-1362500,-1102500,1,0,0,1,0,1,0,43.15886,0,0,76083.14,0,0,1,1,178574.9,1,0,0
C103L57,57,103,-1357500,-1102500,1,0,0,1,0,1,0,2857.223,0,0,73631.29,0,0,1,1,173606.9,1,0,0
C104L57,57,104,-1352500,-1102500,1,0,0,1,0,1,0,4794.94,0,0,71195.55,0,0,1,1,168640.7,1,0,0
C105L57,57,105,-1347500,-1102500,1,0,0,1,0,1,0,8251.743,0,0,68978,0,0,1,1,163676.7,1,0,0
C106L57,57,106,-1342500,-1102500,1,0,0,1,0,1,0,12347.06,0,0,67060.58,0,0,1,1,158714.9,1,0,0.003598771792
C107L57,57,107,-1337500,-1102500,0.989662,0.01033836,-3.6e-07,0.989662,0.01033836,0.989662,0.01033836,15403.51,0,0,65469.68,0,0,0.9950136,0.9950136,153755.5,1,0,0.02061840417
C108L57,57,108,-1332500,-1102500,0.83003871,0.1699622,-9.1e-07,0.8258933,0.17410761,0.813776,0.18622491,18487.88,0,0,64057.3,0,0,0.3543018,0.3543018,148798.9,1,0.016,0.1699622
C109L57,57,109,-1327500,-1102500,0.996867,0.00313283,1.7e-07,0.996867,0.00313283,0.996867,0.00313283,21496.84,0,0,62645.51,0,0,0,0,143845.3,1,0,0.02782236901
C110L57,57,110,-1322500,-1102500,0.993304,0.00669643,-4.3e-07,0.993304,0.00669643,0.993304,0.00669643,24680.66,0,0,61440.81,0,0,0,0,138895,1,0,0.02167099884
C111L57,57,111,-1317500,-1102500,0.993421,0.00626566,0.00031334,0.993421,0.00626566,0.993421,0.00626566,21961.71,0,0,60625.79,0,0,0,0,133948.4,1,0,0.01657069855
C112L57,57,112,-1312500,-1102500,1,0,0,1,0,1,0,19557.78,0,0,60199.71,0,0,0,0,129005.9,1,0,0.01248850265
C113L57,57,113,-1307500,-1102500,0.99139,0.008609696,3.04e-07,0.99139,0.008609696,0.99139,0.008609696,16683.23,0,0,59879.28,0,0,0,0,124068.1,1,0,0.01987837195
C114L57,57,114,-1302500,-1102500,0.96553889,0.03446112,-1e-08,0.95645368,0.04354633,0.923559,0.07644101,11878.74,0,0,59628.69,0,0,0,0,119135.4,1,0.042,0.05427060746
C115L57,57,115,-1297500,-1102500,0.85172153,0.14827803,4.4e-07,0.80994859,0.19005097,0.777742,0.22225756,7340.213,0,0,59139.96,0,0,0,0,114208.6,1,0.074,0.14827803
C116L57,57,116,-1292500,-1102500,0.960839213,0.03916042,3.67e-07,0.96052593,0.039473703,0.951754,0.048245633,3661.553,0,0,56635.01,0,0,0,0,109288.4,1,0.009,0.08122972548
C117L57,57,117,-1287500,-1102500,0.96301,0.0369898,2e-07,0.96301,0.0369898,0.96301,0.0369898,272.9333,0,0,52477.45,0,0,0,0,104375.8,1,0,0.09012570589
C118L57,57,118,-1282500,-1102500,0.843358,0.1566416,4e-07,0.843358,0.1566416,0.843358,0.1566416,5006.916,0,0,48465.56,0,0,0,0,99471.89,1,0,0.1849711161
C119L57,57,119,-1277500,-1102500,0.643814,0.356185633,3.67e-07,0.643814,0.356185633,0.643814,0.356185633,9331.847,0,0,44623.38,0,0,0,0,94578.07,1,0,0.356185633
C120L57,57,120,-1272500,-1102500,0.438283,0.56171743,-4.3e-07,0.438283,0.56171743,0.438283,0.56171743,4341.206,0,0,40807.28,0,0,0,0,89695.96,1,0,0.56171743
C121L57,57,121,-1267500,-1102500,0.20144094,0.79855963,-5.7e-07,0.18609007,0.8139105,0.155075,0.84492557,648.6152,0,0.5,36991.17,0,0,0,0,84827.58,1,0.046,0.79855963
C122L57,57,122,-1262500,-1102500,0.5905615,0.409438933,-4.33e-07,0.5114799,0.488520533,0.50861,0.491390433,4193.555,0,0.5,33191.26,0,0,0,0,79975.45,1,0.082,0.4188312775
C123L57,57,123,-1257500,-1102500,0.60933601,0.39066421,-2.2e-07,0.5673561,0.43264412,0.528509,0.47149122,8816.769,0,1,29651.96,0.02882427,0,0,0,75142.71,1,0.081,0.39066421
C124L57,57,124,-1252500,-1102500,0.87117366,0.12882653,-1.9e-07,0.8523599,0.14764029,0.792092,0.20790819,10134.23,0,1,26220.83,0.01461594,0,0,0,70333.36,1,0.079,0.2350729939
C125L57,57,125,-1247500,-1102500,0.59304472,0.40695493,3.5e-07,0.52819502,0.47180463,0.49718,0.50281965,5591.961,0,1,22789.7,0,0,0,0,65552.54,1,0.096,0.40695493
C126L57,57,126,-1242500,-1102500,0.58195105,0.41804854,4.1e-07,0.48022915,0.51977044,0.420599,0.57940059,1364.275,0,1,19358.57,0,0,0,0,60806.98,1,0.161,0.4187824555
C127L57,57,127,-1237500,-1102500,0.43358433,0.5664161,-4.3e-07,0.33396033,0.6660401,0.290414,0.70958643,1598.213,0,1,15927.44,0,0,0,0,56105.64,1,0.143,0.5664161
C128L57,57,128,-1232500,-1102500,0.38424747,0.61575245,8e-08,0.35459187,0.64540805,0.323023,0.67697692,3462.406,0,1,12496.31,0,0,0,0,51460.63,1,0.061,0.61575245
C129L57,57,129,-1227500,-1102500,0.7509398,0.24906011,9e-08,0.74812025,0.25187966,0.743421,0.25657891,5375.832,0,1,9065.178,0,0,0,0,46888.71,1,0.008,0.3499358813
C130L57,57,130,-1222500,-1102500,0.62500008,0.37500026,-3.4e-07,0.617168,0.38283234,0.617168,0.38283234,8751.052,0,1,5635.062,0,0,0,0,42413.5,1,0.008,0.458589224
C131L57,57,131,-1217500,-1102500,0.555804,0.44419609,-9e-08,0.555804,0.44419609,0.555804,0.44419609,12545.61,0,1,2218.167,0,0,0,0,38069.13,1,0,0.531767909
C132L57,57,132,-1212500,-1102500,0.192043,0.807957593,-5.93e-07,0.192043,0.807957593,0.192043,0.807957593,16018.87,0,1,1198.728,0,0,0,0,33905.94,1,0,0.807957593
C133L57,57,133,-1207500,-1102500,0.106186,0.893813466,5.34e-07,0.106186,0.893813466,0.106186,0.893813466,16695.67,0,1,4615.623,0,0,0,0,29999.45,1,0,0.893813466
C134L57,57,134,-1202500,-1102500,0.279135,0.72086504,-4e-08,0.279135,0.72086504,0.279135,0.72086504,13906.92,0,1,8032.517,0.1289213,0,0,0,26463.58,1,0,0.72086504
C135L57,57,135,-1197500,-1102500,0.257653,0.742347335,-3.35e-07,0.257653,0.742347335,0.257653,0.742347335,10256.98,0,1,11449.41,0,0,0,0,23466.47,1,0,0.742347335
C136L57,57,136,-1192500,-1102500,0.392231,0.60776961,-6.1e-07,0.392231,0.60776961,0.392231,0.60776961,6625.05,0,0.5,14866.31,0,0,0,0,21237.44,1,0,0.6231669745
C137L57,57,137,-1187500,-1102500,0.194515,0.80548523,-2.3e-07,0.194515,0.80548523,0.194515,0.80548523,3982.759,0,0.5,18283.2,0,0,0,0,20034.55,1,0,0.80548523
C138L57,57,138,-1182500,-1102500,0.19266955,0.807331,-5.5e-07,0.19141642,0.80858413,0.18985,0.81015055,2330.874,0,0.5,21653,0.01716957,0,0,0,20043.38,1,0.003,0.807331
C139L57,57,139,-1177500,-1102500,0.242794,0.75720502,9.8e-07,0.242794,0.75720502,0.242794,0.75720502,200.3733,0,0.5,25003.13,0.150919,0,0,0,21262.43,1,0,0.75720502
C140L57,57,140,-1172500,-1102500,0.23692597,0.76307422,-1.9e-07,0.23246168,0.76753851,0.226403,0.77359719,432.8155,0,1,28353.26,0.9416583,0,0,0,23504.15,1,0.011,0.76307422
C141L57,57,141,-1167500,-1102500,0.192982226,0.80701813,-3.56e-07,0.19235566,0.807644696,0.18609,0.813910356,589.9085,0,0.5,31703.39,1,0,0,0,26510.36,1,0.007,0.80701813
C142L57,57,142,-1162500,-1102500,0.59343096,0.40656902,2e-08,0.58673453,0.41326545,0.582908,0.41709198,1784.106,0,0.3333333,35053.52,0.7517652,0,0,0,30052.51,1,0.011,0.4567142813
C143L57,57,143,-1157500,-1102500,0.46616517,0.533834193,6.37e-07,0.45989951,0.540099853,0.452694,0.547305363,5808.261,0,0,38403.64,0.4906306,0,0,0,33963.32,1,0.013,0.533834193
C144L57,57,144,-1152500,-1102500,0.56313814,0.43686175,1.1e-07,0.560906,0.43909389,0.560906,0.43909389,8890.1,0,0,37872.49,0.5830777,0,0,0,38129.53,1,0.002,0.4692655175
C145L57,57,145,-1147500,-1102500,0.134398,0.85714312,0.00845888,0.134398,0.85714312,0.134398,0.85714312,11077.07,0,0,33019.79,0.001179433,0,0,0,42476.05,1,0,0.85714312
C146L57,57,146,-1142500,-1102500,0.058354578,0.94164555,-1.28e-07,0.0580357,0.941964428,0.0580357,0.941964428,8364.366,0,0,28035.85,0.3687297,0,0,0,46952.84,1,0,0.94164555
C147L57,57,147,-1137500,-1102500,0.12688,0.8731207,-7e-07,0.12688,0.8731207,0.12688,0.8731207,3408.231,0,0,23051.92,0.9757697,0,0,0,51525.95,1,0,0.8731207
C148L57,57,148,-1132500,-1102500,0.23245596,0.76754391,1.3e-07,0.23245596,0.76754391,0.22807,0.77192987,42.80039,0,0,18067.99,1,0,0,0,56171.85,1,0.004,0.76754391
C149L57,57,149,-1127500,-1102500,0.52614752,0.47385154,9.4e-07,0.5149868,0.48501226,0.496173,0.50382606,4802.553,0,0,13084.06,1,0,0,0,60873.9,1,0.03,0.5153711558
C150L57,57,150,-1122500,-1102500,0.46271913,0.53728092,-5e-08,0.44830808,0.55169197,0.440476,0.55952405,9781.538,0,0,8100.131,1,0,0,0,65620.01,1,0.022,0.5473454836
C151L57,57,151,-1117500,-1102500,0.2723216,0.72767794,4.6e-07,0.2394773,0.76052224,0.219388,0.78061154,14774.72,0,0,3116.201,1,0,0,0,70401.27,1,0.053,0.72767794
C152L57,57,152,-1112500,-1102500,0.21522568,0.78477443,-1.1e-07,0.20050138,0.79949873,0.194549,0.80545111,5214.326,0,0,1867.73,1,0,0,0,75210.99,1,0.021,0.78477443
C153L57,57,153,-1107500,-1102500,0.31441298,0.685587283,-2.63e-07,0.3070788,0.692921463,0.301339,0.698661263,1010.041,0,0,6851.661,1,0,0,0,80044.03,1,0.013,0.6891696603
C154L57,57,154,-1102500,-1102500,0.42136583,0.57863418,-1e-08,0.42136583,0.57863418,0.418233,0.58176701,3898.764,0,0,11584.22,1,0,0,0,84896.41,1,0.003,0.6138033877
C155L57,57,155,-1097500,-1102500,0.38903104,0.61096897,-1e-08,0.37755145,0.62244856,0.368304,0.63169601,4252.337,0,0,16134.49,1,0,0,0,89765,1,0.021,0.6142622672
C156L57,57,156,-1092500,-1102500,0.28884704,0.70958618,0.00156678,0.276629,0.72180422,0.257832,0.74060122,2985.435,0,0,20684.77,1,0,0,0,94647.29,1,0.031,0.70958618
C157L57,57,157,-1087500,-1102500,0.29166623,0.6936083,0.01472547,0.27537548,0.70989905,0.263784,0.72149053,216.7059,0,0,25235.04,1,0,0,0,99541.26,1,0.028,0.6936083
C158L57,57,158,-1082500,-1102500,0.178571755,0.82142815,9.5e-08,0.178571755,0.82142815,0.177934,0.822065905,2319.624,0,0,26515.99,1,0,0,0,104445.3,1,0.001,0.82142815
C159L57,57,159,-1077500,-1102500,0.34868467,0.65131543,-1e-07,0.33991274,0.66008736,0.325815,0.6741851,7007.003,0,0,23132.72,0.7998171,0,0,0,109358,1,0.023,0.65131543
C160L57,57,160,-1072500,-1102500,0.36575228,0.63424772,0,0.36352014,0.63647986,0.361288,0.638712,11945.35,0,0,19908.69,0.04956984,0,0,0,114278.3,1,0.004,0.63424772
C161L57,57,161,-1067500,-1102500,0.64661615,0.35338293,9.2e-07,0.6212402,0.37875888,0.605576,0.39442308,14383.83,0,0,17259.18,0,0,0,0,119205.2,1,0.041,0.3870076128
C40L58,58,40,-1672500,-1107500,0.296651,0,0.703349,0.296651,0,0.296651,0,22902.56,0,0,173636.8,0,0.6301602,0,0.6301602,487691.7,2,0,0.0007524917256
C41L58,58,41,-1667500,-1107500,0.50487,0,0.49513,0.50487,0,0.50487,0,19602.79,0,0,172557.1,0,1,0,1,482694.1,2,0,0.003689805455
C42L58,58,42,-1662500,-1107500,0.869856,0,0.130144,0.869856,0,0.869856,0,14705.83,0,0,171615.8,0,1,0,1,477696.5,2,0,0.006620235862
C43L58,58,43,-1657500,-1107500,0.971104,0,0.028896,0.971104,0,0.971104,0,9764.853,0,0,170815.7,0,0.6557037,0,0.6557037,472698.9,2,0,0.007321300207
C44L58,58,44,-1652500,-1107500,0.940351,0,0.059649,0.940351,0,0.940351,0,4894.578,0,0,170158.8,0,0,0,0,467701.4,1,0,0.004086877119
C45L58,58,45,-1647500,-1107500,1,0,0,1,0,1,0,199.4601,0,0,169646.8,0,0,0,0,462704,1,0,0.004827823555
C46L58,58,46,-1642500,-1107500,1,0,0,1,0,1,0,4657.183,0,0,169258,0,0,0,0,457706.6,1,0,0.007944805236
C47L58,58,47,-1637500,-1107500,0.986688,0.0133117,3e-07,0.986688,0.0133117,0.986688,0.0133117,9614.005,0,0,168407.1,0,0,0,0,452709.3,1,0,0.01461939268
C48L58,58,48,-1632500,-1107500,1,0,0,1,0,1,0,5705.819,0,0,166354.3,0,0,0,0,447712,1,0,0.008312401006
C49L58,58,49,-1627500,-1107500,0.991707,0.00829346,-4.6e-07,0.991707,0.00829346,0.991707,0.00829346,1741.118,0,0,164427.9,0,0.03495803,0,0.03495803,442714.8,1,0,0.00979615637
C50L58,58,50,-1622500,-1107500,1,0,0,1,0,1,0,1703.246,0,0,162632.5,0,0.7875834,0,0.7875834,437717.7,2,0,0.004537932523
C51L58,58,51,-1617500,-1107500,1,0,0,1,0,1,0,4914.424,0,0,160972.4,0,1,0,1,432720.6,2,0,0.004547607043
C52L58,58,52,-1612500,-1107500,1,0,0,1,0,1,0,9621.631,0,0,159451.9,0,1,0,1,427723.6,2,0,0.008849714577
C53L58,58,53,-1607500,-1107500,0.97161054,0.028389139,3.21e-07,0.96778279,0.032216889,0.964593,0.035406679,14525.84,0,0,158075,0,1,0,1,422726.7,2,0.007,0.028389139
C54L58,58,54,-1602500,-1107500,0.980519,0.019480531,4.69e-07,0.980519,0.019480531,0.980519,0.019480531,12078.25,0,0,156845.5,0,1,0,1,417729.8,2,0,0.0195436178
C55L58,58,55,-1597500,-1107500,0.998724,0.00127592,8e-08,0.998724,0.00127592,0.998724,0.00127592,7083.344,0,0,155766.8,0,1,0,1,412733,2,0,0.005623137318
C56L58,58,56,-1592500,-1107500,1,0,0,1,0,1,0,2112.318,0,0,154842.2,0,1,0,1,407736.3,2,0,0.004739275216
C57L58,58,57,-1587500,-1107500,1,0,0,1,0,1,0,2806.817,0,0,154074.3,0,1,0,1,402739.7,2,0,0.006722604065
C58L58,58,58,-1582500,-1107500,0.965231,0.034768768,2.32e-07,0.965231,0.034768768,0.965231,0.034768768,7231.451,0,0,153465.6,0,0.971415,0,0.971415,397743.1,2,0,0.034768768
C59L58,58,59,-1577500,-1107500,1,0,0,1,0,1,0,11411.7,0,0,153017.9,0,0.9972974,0,0.9972974,392746.7,2,0,0.006163531921
C60L58,58,60,-1572500,-1107500,1,0,0,1,0,1,0,16067.35,0,0,152731.8,0,1,0,1,387750.3,2,0,0.004160601728
C61L58,58,61,-1567500,-1107500,1,0,0,1,0,1,0,20686.1,0,0,151778,0,1,0,1,382754,2,0,0.003612211799
C62L58,58,62,-1562500,-1107500,1,0,0,1,0,1,0,18276.05,0,0,150449.7,0,1,0,1,377757.9,2,0,0.003644014873
C63L58,58,63,-1557500,-1107500,1,0,0,1,0,1,0,13809.71,0,0,149159,0,1,0,1,372761.8,2,0,0.003661235014
C64L58,58,64,-1552500,-1107500,1,0,0,1,0,1,0,9854.18,0,0,148018.9,0,1,0,1,367765.8,2,0,0.003581101179
C65L58,58,65,-1547500,-1107500,1,0,0,1,0,1,0,5709.677,0,0,147040,0,1,0.354352,1.354352,362770,2,0,0.00117289794
C66L58,58,66,-1542500,-1107500,1,0,0,1,0,1,0,2389.155,0,0,146225.6,0,1,0.01248427,1.01248427,357774.3,2,0,0.003614054939
C67L58,58,67,-1537500,-1107500,1,0,0,1,0,1,0,372.3531,0,0,145578.5,0,1,0,1,352778.7,2,0,0.003911467239
C68L58,58,68,-1532500,-1107500,0.963312,0,0.036688,0.963312,0,0.963312,0,1552.171,0,0,145100.9,0,0.9495743,0,0.9495743,347783.2,2,0,0.003888771204
C69L58,58,69,-1527500,-1107500,0.598724,0,0.401276,0.598724,0,0.598724,0,1719.523,0,0,144794.5,0,0.5554182,0,0.5554182,342787.8,2,0,0.002458347994
C70L58,58,70,-1522500,-1107500,0.00779221,0,0.99220779,0.00779221,0,0.00779221,0,3664.707,0,0,144660.3,0,0.0032747,0,0.0032747,337792.6,1,0,3.247582402e-05
C77L58,58,77,-1487500,-1107500,0.00844156,0,0.99155844,0.00844156,0,0.00844156,0,14751.81,0.003877743,0,127229.7,0,0,0,0.003877743,302830.5,1,0,3.919485769e-05
C78L58,58,78,-1482500,-1107500,0.930463,0,0.069537,0.930463,0,0.930463,0,11685.14,0.9271331,0,124962.6,0,0,0,0.9271331,297836.7,1,0,0.004377890188
C79L58,58,79,-1477500,-1107500,1,0,0,1,0,1,0,7455.644,1,0,122761.1,0,0,0,1,292843,1,0,0.004770651048
C80L58,58,80,-1472500,-1107500,1,0,0,1,0,1,0,2691.799,0.9977085,0,120724.6,0,0,0,0.9977085,287849.6,1,0,0.004836600294
C81L58,58,81,-1467500,-1107500,1,0,0,1,0,1,0,35.43182,0.5203697,0,118863.7,0,0,0,0.5203697,282856.4,1,0,0.004902668124
C82L58,58,82,-1462500,-1107500,1,0,0,1,0,1,0,2636.485,0.2533871,0,117186.7,0,0,0,0.2533871,277863.4,1,0,0.004968782157
C83L58,58,83,-1457500,-1107500,1,0,0,1,0,1,0,215.564,0.8594776,0,115701.7,0,0,0,0.8594776,272870.7,1,0,0.005034903392
C84L58,58,84,-1452500,-1107500,1,0,0,1,0,1,0,3823.02,1,0,114357.8,0,0,0,1,267878.3,1,0,0.005101050566
C85L58,58,85,-1447500,-1107500,1,0,0,1,0,1,0,7436.539,1,0,113019.9,0,0,0,1,262886.2,1,0,0.005168375558
C86L58,58,86,-1442500,-1107500,1,0,0,1,0,1,0,11991.16,1,0,111541.4,0,0,0,1,257894.4,1,0,0.00526595762
C87L58,58,87,-1437500,-1107500,1,0,0,1,0,1,0,15314.13,1,0,109965.2,0,0,0,1,252902.9,1,0,0.00562423929
C88L58,58,88,-1432500,-1107500,0.99513,0.00487013,-1.3e-07,0.99513,0.00487013,0.99513,0.00487013,18031.85,1,0,108392.5,0,0,0,1,247911.7,1,0,0.008773487039
C89L58,58,89,-1427500,-1107500,0.995215,0.00478469,3.1e-07,0.995215,0.00478469,0.995215,0.00478469,21565.31,1,0,106960.2,0,0,0,1,242920.9,1,0,0.008502256004
C90L58,58,90,-1422500,-1107500,1,0,0,1,0,1,0,15938.18,0.9378266,0,105733.2,0,0,0.6243671,1.5621937,237930.5,1,0,0.001112547176
C91L58,58,91,-1417500,-1107500,1,0,0,1,0,1,0,10976.38,0.03277796,0,104556.1,0,0,1,1.03277796,232940.5,1,0,0
C92L58,58,92,-1412500,-1107500,1,0,0,1,0,1,0,6014.81,0,0,103321.8,0,0,1,1,227950.9,1,0,0
C93L58,58,93,-1407500,-1107500,1,0,0,1,0,1,0,1247.888,0,0,101339.5,0,0,1,1,222961.8,1,0,0
C94L58,58,94,-1402500,-1107500,1,0,0,1,0,1,0,2457.714,0,0,99357.09,0,0,1,1,217973.2,1,0,0
C95L58,58,95,-1397500,-1107500,1,0,0,1,0,1,0,7438.141,0,0,97374.73,0,0,1,1,212985.2,1,0,0
C96L58,58,96,-1392500,-1107500,1,0,0,1,0,1,0,12262.31,0,0,95151.81,0,0,1,1,207997.7,1,0,0
C97L58,58,97,-1387500,-1107500,1,0,0,1,0,1,0,14938.2,0,0,92699.96,0,0,1,1,203010.8,1,0,0
C98L58,58,98,-1382500,-1107500,1,0,0,1,0,1,0,10834.01,0,0,90248.11,0,0,1,1,198024.6,1,0,0
C99L58,58,99,-1377500,-1107500,0.998052,0.00194805,-5e-08,0.998052,0.00194805,0.998052,0.00194805,6978.167,0,0,87796.26,0,0,1,1,193039.1,1,0,0.00194805
C100L58,58,100,-1372500,-1107500,1,0,0,1,0,1,0,3142.922,0,0,85344.41,0,0,1,1,188054.4,1,0,0
C101L58,58,101,-1367500,-1107500,1,0,0,1,0,1,0,1101.406,0,0,82892.56,0,0,1,1,183070.5,1,0,0
C102L58,58,102,-1362500,-1107500,1,0,0,1,0,1,0,3538.648,0,0,80440.71,0,0,1,1,178087.5,1,0,0
C103L58,58,103,-1357500,-1107500,1,0,0,1,0,1,0,7113.979,0,0,77988.86,0,0,1,1,173105.5,1,0,0
C104L58,58,104,-1352500,-1107500,1,0,0,1,0,1,0,9515.907,0,0,75641.08,0,0,1,1,168124.6,1,0,7.422962431e-05
C105L58,58,105,-1347500,-1107500,1,0,0,1,0,1,0,11688.65,0,0,73557.67,0,0,1,1,163144.8,1,0,0.002363072857
C106L58,58,106,-1342500,-1107500,0.98733745,0.01266234,2.1e-07,0.982792,0.01720779,0.982792,0.01720779,15222.49,0,0,71762.72,0,0,0.9290704,0.9290704,158166.3,1,0.005,0.01326502126
C107L58,58,107,-1337500,-1107500,0.935885,0.06411477,2.3e-07,0.935885,0.06411477,0.935885,0.06411477,19306.11,0,0,70266,0,0,0.5728801,0.5728801,153189.2,1,0,0.06411477
C108L58,58,108,-1332500,-1107500,0.956494,0.043506465,-4.65e-07,0.956494,0.043506465,0.956494,0.043506465,22380.05,0,0,68853.69,0,0,0,0,148213.7,1,0,0.04511265062
C109L58,58,109,-1327500,-1107500,0.997767,0.00223285,1.5e-07,0.997767,0.00223285,0.997767,0.00223285,25432.96,0,0,67462.02,0,0,0,0,143239.8,1,0,0.02198178072
C110L58,58,110,-1322500,-1107500,0.97435074,0.025649345,-8.5e-08,0.959091,0.040909085,0.94513,0.054870085,21499.55,0,0,66344.84,0,0,0,0,138267.9,1,0.029,0.0287676305
C111L58,58,111,-1317500,-1107500,0.94992001,0.050079699,2.91e-07,0.9272725,0.072727209,0.904625,0.095374709,18072.41,0,0,65590.79,0,0,0,0,133298,1,0.045,0.050079699
C112L58,58,112,-1312500,-1107500,0.98660253,0.01339712,3.5e-07,0.98660253,0.01339712,0.979266,0.02073365,15059.95,0,0,65189.44,0,0,0,0,128330.5,1,0.007,0.02376189312
C113L58,58,113,-1307500,-1107500,0.983117,0.016883116,-1.16e-07,0.983117,0.016883116,0.983117,0.016883116,13302.03,0,0,64869.01,0,0,0,0,123365.6,1,0,0.03543671206
C114L58,58,114,-1302500,-1107500,0.92631554,0.06762365,0.00606081,0.9177031,0.07623609,0.889633,0.10430619,11277,0,0,64628.12,0,0,0,0,118403.6,1,0.037,0.07244471738
C115L58,58,115,-1297500,-1107500,0.93019526,0.06980524,-5e-07,0.92727318,0.07272732,0.883442,0.1165585,6320.202,0,0,63558.48,0,0,0,0,113445,1,0.047,0.07802164113
C116L58,58,116,-1292500,-1107500,0.96842154,0.03157895,-4.9e-07,0.96172298,0.03827751,0.946093,0.05390749,1466.292,0,0,59453.41,0,0,0,0,108490.2,1,0.022,0.04914565784
C117L58,58,117,-1287500,-1107500,0.989286,0.01071429,-2.9e-07,0.989286,0.01071429,0.989286,0.01071429,2663.795,0,0,55495.36,0,0,0,0,103539.7,1,0,0.0381657852
C118L58,58,118,-1282500,-1107500,1,0,0,1,0,1,0,6122.784,0,0,51670.17,0,0,0,0,98594.29,1,0,0.08976162271
C119L58,58,119,-1277500,-1107500,0.648052,0.35194838,-3.8e-07,0.648052,0.35194838,0.648052,0.35194838,9135.711,0,0,47854.07,0,0,0,0,93654.62,1,0,0.3521002846
C120L58,58,120,-1272500,-1107500,0.184689,0.81531129,-2.9e-07,0.184689,0.81531129,0.184689,0.81531129,4225.658,0,0.3333333,44037.97,0,0,0,0,88721.71,1,0,0.81531129
C121L58,58,121,-1267500,-1107500,0.46507217,0.534928169,-3.39e-07,0.43604507,0.563955269,0.407018,0.592982339,627.0636,0,0.5,40254.56,0,0,0,0,83796.75,1,0.058,0.534928169
C122L58,58,122,-1262500,-1107500,0.50487004,0.49512989,7e-08,0.45487,0.54512993,0.415909,0.58409093,5482.606,0,1,36720.03,0,0,0,0,78881.23,1,0.089,0.49512989
C123L58,58,123,-1257500,-1107500,0.40414672,0.59585333,-5e-08,0.3473685,0.65263155,0.276555,0.72344505,10424.32,0,1,33288.9,0.6497256,0,0,0,73977.04,1,0.128,0.59585333
C124L58,58,124,-1252500,-1107500,0.42240262,0.57759738,0,0.39545461,0.60454539,0.360065,0.639935,9544.971,0,1,29857.77,0.9013441,0,0,0,69086.59,1,0.062,0.57759738
C125L58,58,125,-1247500,-1107500,0.6325357,0.36746412,1.8e-07,0.5910684,0.40893142,0.551515,0.44848482,4545.713,0,1,26426.64,0.2531058,0,0,0,64213.01,1,0.081,0.3984668741
C126L58,58,126,-1242500,-1107500,0.65649399,0.34350649,-4.8e-07,0.61883166,0.38116882,0.582468,0.41753248,453.5465,0,1,22995.51,0.2020989,0,0,0,59360.47,1,0.074,0.375860713
C127L58,58,127,-1237500,-1107500,0.65518317,0.34481664,1.9e-07,0.58341286,0.41658695,0.566507,0.43349281,5448.463,0,1,19564.38,0,0,0,0,54534.57,1,0.089,0.3524981385
C128L58,58,128,-1232500,-1107500,0.9259741,0.07402597,-7e-08,0.8987014,0.10129867,0.82013,0.17987007,8212.566,0,1,16133.25,0,0,0,0,49743.07,1,0.106,0.1810761404
C129L58,58,129,-1227500,-1107500,0.845614,0.154385986,1.4e-08,0.845614,0.154385986,0.845614,0.154385986,9540.871,0,1,12702.28,0,0,0,0,44996.97,1,0,0.2629720878
C130L58,58,130,-1222500,-1107500,0.08803827,0.91196259,-8.6e-07,0.0845295,0.91547136,0.0845295,0.91547136,12407.91,0,1,9285.381,0,0,0,0,40312.3,1,0.004,0.91196259
C131L58,58,131,-1217500,-1107500,0.212013,0.787986951,4.9e-08,0.212013,0.787986951,0.212013,0.787986951,15791.73,0,1,5868.486,0,0,0,0,35713.24,1,0,0.787986951
C132L58,58,132,-1212500,-1107500,0.46315777,0.53684167,5.6e-07,0.459649,0.54035044,0.459649,0.54035044,15329.38,0,1,2451.591,0,0,0,0,31237.63,1,0.004,0.5714111759
C133L58,58,133,-1207500,-1107500,0.45974045,0.54025978,-2.3e-07,0.455195,0.54480523,0.455195,0.54480523,12514.14,0,1,965.3034,0,0,0.09274142,0.09274142,26947.05,1,0.005,0.5991692549
C134L58,58,134,-1202500,-1107500,0.154705,0.845295487,-4.87e-07,0.154705,0.845295487,0.154705,0.845295487,9827.83,0,0.5,4382.198,0.001632276,0,0.04159751,0.04159751,22945.53,1,0,0.845295487
C135L58,58,135,-1197500,-1107500,0.20519478,0.79480484,3.8e-07,0.20519478,0.79480484,0.200974,0.79902562,6880.05,0,0.5,7799.093,0,0,0,0,19412.66,1,0.004,0.79480484
C136L58,58,136,-1192500,-1107500,0.0539075,0.94609296,-4.6e-07,0.0539075,0.94609296,0.0539075,0.94609296,3188.617,0,0.5,11215.99,0,0,0,0,16649.48,1,0,0.94609296
C137L58,58,137,-1187500,-1107500,0.228571,0.771428176,8.24e-07,0.228571,0.771428176,0.228571,0.771428176,443.3151,0,0,14591.18,0,0,0,0,15085.07,1,0,0.7759477639
C138L58,58,138,-1182500,-1107500,0.13716135,0.86283916,-5.1e-07,0.13046279,0.86953772,0.127273,0.87272751,1663.996,0,0,17941.31,0,0,0,0,15096.8,1,0.01,0.86283916
C139L58,58,139,-1177500,-1107500,0.27464158,0.725358598,-1.78e-07,0.27464158,0.725358598,0.268262,0.731738178,4653.291,0,0.5,21291.44,0.01807004,0,0,0,16681.35,1,0.006,0.725358598
C140L58,58,140,-1172500,-1107500,0.28701287,0.71298746,-3.3e-07,0.27370118,0.72629915,0.266883,0.73311733,4252.604,0,0.3333333,24641.57,0.8807419,0,0,0,19458.19,1,0.02,0.71298746
C141L58,58,141,-1167500,-1107500,0.28261565,0.7173846,-2.5e-07,0.27687402,0.72312623,0.261882,0.73811825,4224.002,0,0.5,27991.7,1,0,0,0,22999.46,1,0.021,0.7173846
C142L58,58,142,-1162500,-1107500,0.67077888,0.32922117,-5e-08,0.66688278,0.33311727,0.662662,0.33733805,5114.795,0,0,31341.83,0.5953962,0,0,0,27006.1,1,0.008,0.4009317822
C143L58,58,143,-1157500,-1107500,0.63923477,0.360765839,-6.09e-07,0.62775147,0.372249139,0.619777,0.380223609,8757.745,0,0,34691.95,0,0,0,0,31299.89,1,0.019,0.3871363444
C144L58,58,144,-1152500,-1107500,0.60487,0.39513012,-1.2e-07,0.60487,0.39513012,0.60487,0.39513012,12828.15,0,0,34922.6,0.1653869,0,0,0,35777.61,1,0,0.4797807734
C145L58,58,145,-1147500,-1107500,0.158533,0.83508813,0.00637887,0.158533,0.83508813,0.158533,0.83508813,10907.6,0,0,30850.21,0.4492118,0,0,0,40378.1,1,0,0.83508813
C146L58,58,146,-1142500,-1107500,0.123052,0.87694811,-1.1e-07,0.123052,0.87694811,0.123052,0.87694811,7003.381,0,0,26925.02,0.988164,0,0,0,45063.79,1,0,0.87694811
C147L58,58,147,-1137500,-1107500,0.170335,0.82966488,1.2e-07,0.170335,0.82966488,0.170335,0.82966488,3501.51,0,0,22651.38,1,0,0,0,49810.64,1,0,0.82966488
C148L58,58,148,-1132500,-1107500,0.66315752,0.33684244,4e-08,0.66315752,0.33684244,0.655821,0.34417896,140.3492,0,0,17667.45,1,0,0,0,54602.69,1,0.007,0.4237471908
C149L58,58,149,-1127500,-1107500,0.74285665,0.25714295,4e-07,0.72662289,0.27337671,0.718506,0.2814936,4899.138,0,0,12683.52,1,0,0,0,59429.01,1,0.024,0.3388892377
C150L58,58,150,-1122500,-1107500,0.44497591,0.55502398,1.1e-07,0.43572552,0.56427437,0.428389,0.57161089,9697.626,0,0,7699.589,1,0,0,0,64281.89,1,0.017,0.55502398
C151L58,58,151,-1117500,-1107500,0.33961081,0.66038957,-3.8e-07,0.32922121,0.67077917,0.321429,0.67857138,14616.9,0,0,2715.658,1,0,0,0,69155.73,1,0.018,0.66038957
C152L58,58,152,-1112500,-1107500,0.243381208,0.7566182,5.92e-07,0.237320608,0.7626788,0.23126,0.768739408,7896.242,0,0,2268.273,1,0,0,0,74046.4,1,0.012,0.7566182
C153L58,58,153,-1107500,-1107500,0.216558165,0.783441925,-9e-08,0.197727005,0.802273085,0.18474,0.81526009,6002.872,0,0,7252.204,1,0,0,0,78950.77,1,0.032,0.783441925
C154L58,58,154,-1102500,-1107500,0.41499216,0.58500783,1e-08,0.39617238,0.60382761,0.37193,0.62806999,5406.297,0,0,12236.13,1,0,0,0,83866.43,1,0.043,0.6014124159
C155L58,58,155,-1097500,-1107500,0.4818185,0.51818167,-1.7e-07,0.4711042,0.52889597,0.436364,0.56363617,1696.262,0,0,17220.07,0.9617204,0,0,0,88791.51,1,0.045,0.5519959686
C156L58,58,156,-1092500,-1107500,0.46666713,0.52567773,0.00765514,0.44561449,0.54673037,0.422329,0.57001586,1910.471,0,0,22204,0.988197,0,0,0,93724.52,1,0.044,0.5777745087
C157L58,58,157,-1087500,-1107500,0.21945732,0.780542,6.8e-07,0.21435365,0.78564567,0.208931,0.79106832,3929.857,0,0,26217.76,1,0,0,0,98664.28,1,0.011,0.780542
C158L58,58,158,-1082500,-1107500,0.40292231,0.59707789,-2e-07,0.3951301,0.6048701,0.391234,0.6087662,5963.823,0,0,22834.49,1,0,0,0,103609.8,1,0.012,0.6075450213
C159L58,58,159,-1077500,-1107500,0.41180252,0.588198179,-6.99e-07,0.36650742,0.633493279,0.357576,0.642424699,9193.589,0,0,19451.22,0.9065619,0,0,0,108560.3,1,0.054,0.588198179
C160L58,58,160,-1072500,-1107500,0.63279233,0.36720776,-9e-08,0.53149363,0.46850646,0.496104,0.50389609,13490.77,0,0,16067.95,0.01053829,0,0,0,113515.2,1,0.137,0.382020896
C161L58,58,161,-1067500,-1107500,0.55948958,0.44051047,-5e-08,0.51419459,0.48580546,0.507815,0.49218505,18044.23,0,0,12989.29,0,0,0,0,118473.9,1,0.052,0.44051047
C162L58,58,162,-1062500,-1107500,0.52954568,0.47045491,-5.9e-07,0.48863655,0.51136404,0.469156,0.53084459,21255.52,0,0,10387.74,1.489935e-05,0,0,0,123435.9,1,0.06,0.47045491
C163L58,58,163,-1057500,-1107500,0.43572564,0.55566202,0.00861234,0.43125993,0.56012773,0.414673,0.57671466,24283.77,0,0,7786.201,0,0,0,0,128400.8,1,0.021,0.55566202
C164L58,58,164,-1052500,-1107500,0.62857099,0.28181805,0.08961096,0.62370086,0.28668818,0.616558,0.29383104,25193.39,0,0,5987.118,0,0,0,0,133368.4,1,0.012,0.3348020159
C39L59,59,39,-1677500,-1112500,0,0,1,0,0,0,0,18545.87,0,0,179145.5,0,0,0,0,492563.7,1,0,0
C40L59,59,40,-1672500,-1112500,0.58584,0,0.41416,0.58584,0,0.58584,0,22561.16,0,0,178507.3,0,0.7540983,0,0.7540983,487564.8,2,0,0.001402535058
C41L59,59,41,-1667500,-1112500,0.707589,0,0.292411,0.707589,0,0.707589,0,17810.04,0,0,177456.7,0,1,0,1,482565.8,2,0,0.001780819873
C42L59,59,42,-1662500,-1112500,0.656642,0,0.343358,0.656642,0,0.656642,0,13015.25,0,0,176541.5,0,1,0,1,477566.9,2,0,0.001777934209
C43L59,59,43,-1657500,-1112500,0.861288,0,0.138712,0.861288,0,0.861288,0,8425.061,0,0,175763.8,0,0.8650056,0,0.8650056,472567.9,2,0,0.002328506676
C44L59,59,44,-1652500,-1112500,0.971178,0,0.028822,0.971178,0,0.971178,0,3905.609,0,0,175125.4,0,0.0002331717,0,0.0002331717,467569,1,0,0.002634992402
C45L59,59,45,-1647500,-1112500,1,0,0,1,0,1,0,882.303,0,0,174628,0,0,0,0,462570.2,1,0,0.002811226605
C46L59,59,46,-1642500,-1112500,1,0,0,1,0,1,0,5823.509,0,0,174243.9,0,0,0,0,457571.3,1,0,0.003585513741
C47L59,59,47,-1637500,-1112500,1,0,0,1,0,1,0,9203.622,0,0,172950.9,0,0,0,0,452572.5,1,0,0.004384201069
C48L59,59,48,-1632500,-1112500,1,0,0,1,0,1,0,4951.367,0,0,170952.6,0,0.0045131,0,0.0045131,447573.7,1,0,0.005567342723
C49L59,59,49,-1627500,-1112500,0.981203,0.018797,0,0.981203,0.018797,0.981203,0.018797,613.1919,0,0,169078.7,0,0.6869355,0,0.6869355,442574.9,2,0,0.018797
C50L59,59,50,-1622500,-1112500,1,0,0,1,0,1,0,4376.14,0,0,167333.2,0,1,0,1,437576.2,2,0,0.006896992839
C51L59,59,51,-1617500,-1112500,1,0,0,1,0,1,0,8494.837,0,0,165720.2,0,1,0,1,432577.5,2,0,0.007551416009
C52L59,59,52,-1612500,-1112500,0.97449,0.025510248,-2.48e-07,0.97449,0.025510248,0.97449,0.025510248,11856.92,0,0,164243.7,0,1,0,1,427578.8,2,0,0.02553845362
C53L59,59,53,-1607500,-1112500,0.932957,0.06704265,3.5e-07,0.932957,0.06704265,0.932957,0.06704265,16093.81,0,0,162907.3,0,1,0,1,422580.2,2,0,0.06704265
C54L59,59,54,-1602500,-1112500,1,0,0,1,0,1,0,11731.02,0,0,161714.5,0,1,0,1,417581.6,2,0,0.008786719606
C55L59,59,55,-1597500,-1112500,1,0,0,1,0,1,0,6781.582,0,0,160668.5,0,1,0,1,412583,2,0,0.00440768052
C56L59,59,56,-1592500,-1112500,1,0,0,1,0,1,0,2057.052,0,0,159772.2,0,1,0,1,407584.4,2,0,0.003549085691
C57L59,59,57,-1587500,-1112500,1,0,0,1,0,1,0,2773.771,0,0,159028.2,0,1,0,1,402585.9,2,0,0.005385350923
C58L59,59,58,-1582500,-1112500,0.992481,0.007518806,1.94e-07,0.992481,0.007518806,0.992481,0.007518806,7755.621,0,0,158438.5,0,0.9654414,0,0.9654414,397587.4,2,0,0.009529627959
C59L59,59,59,-1577500,-1112500,1,0,0,1,0,1,0,12751.69,0,0,158004.9,0,1,0,1,392589,2,0,0.005476006939
C60L59,59,60,-1572500,-1112500,1,0,0,1,0,1,0,17749.97,0,0,157726.9,0,1,0,1,387590.6,2,0,0.003655704261
C61L59,59,61,-1567500,-1112500,1,0,0,1,0,1,0,20225.76,0,0,156598.4,0,1,0,1,382592.3,2,0,0.003599249372
C62L59,59,62,-1562500,-1112500,1,0,0,1,0,1,0,16668,0,0,155270,0,1,0,1,377593.9,2,0,0.003647932405
C63L59,59,63,-1557500,-1112500,1,0,0,1,0,1,0,12019.66,0,0,154012.8,0,1,0,1,372595.7,2,0,0.003710017934
C64L59,59,64,-1552500,-1112500,1,0,0,1,0,1,0,7153.073,0,0,152908.9,0,1,0,1,367597.5,2,0,0.003712858693
C65L59,59,65,-1547500,-1112500,1,0,0,1,0,1,0,2787.268,0,0,151961.5,0,1,0,1,362599.3,2,0,0.003773921029
C66L59,59,66,-1542500,-1112500,1,0,0,1,0,1,0,1227.417,0,0,151173.6,0,1,0,1,357601.2,2,0,0.00384267718
C67L59,59,67,-1537500,-1112500,1,0,0,1,0,1,0,4136.613,0,0,150547.8,0,1,0,1,352603.1,2,0,0.003972030562
C68L59,59,68,-1532500,-1112500,0.359694,0,0.640306,0.359694,0,0.359694,0,2874.584,0,0,150086,0,0.3224323,0,0.3224323,347605.1,1,0,0.001453103127
C76L59,59,76,-1492500,-1112500,0.140038,0,0.859962,0.140038,0,0.140038,0,14162.12,0.1305269,0,133990.4,0,0,0,0.1305269,307623.4,1,0,0.000641819771
C77L59,59,77,-1487500,-1112500,0.704401,0,0.295599,0.704401,0,0.704401,0,10503.04,0.6857844,0,131682.2,0,0,0,0.6857844,302626,1,0,0.00327044096
C78L59,59,78,-1482500,-1112500,0.994048,0,0.005952,0.994048,0,0.994048,0,8319.017,1,0,129432.5,0,0,0,1,297628.7,1,0,0.004679089267
C79L59,59,79,-1477500,-1112500,1,0,0,1,0,1,0,4741.976,1,0,127306.4,0,0,0,1,292631.5,1,0,0.004773203632
C80L59,59,80,-1472500,-1112500,1,0,0,1,0,1,0,1286.613,0.5661761,0,125343.8,0,0,0,0.5661761,287634.4,1,0,0.004839378964
C81L59,59,81,-1467500,-1112500,1,0,0,1,0,1,0,2866.226,0.001732181,0,123552.5,0,0,0,0.001732181,282637.4,1,0,0.004905556433
C82L59,59,82,-1462500,-1112500,1,0,0,1,0,1,0,2811.838,0.1511562,0,121940,0,0,0,0.1511562,277640.5,1,0,0.004971733325
C83L59,59,83,-1457500,-1112500,1,0,0,1,0,1,0,101.0621,0.9465709,0,120513.5,0,0,0,0.9465709,272643.8,1,0,0.005037908205
C84L59,59,84,-1452500,-1112500,1,0,0,1,0,1,0,4649.409,1,0,119175.5,0,0,0,1,267647.1,1,0,0.00510410021
C85L59,59,85,-1447500,-1112500,1,0,0,1,0,1,0,9648.573,1,0,117837.6,0,0,0,1,262650.6,1,0,0.005170992589
C86L59,59,86,-1442500,-1112500,1,0,0,1,0,1,0,14405.37,1,0,116286.5,0,0,0,1,257654.2,1,0,0.005250506665
C87L59,59,87,-1437500,-1112500,1,0,0,1,0,1,0,18601.09,1,0,114710.3,0,0,0,1,252657.9,1,0,0.005518291364
C88L59,59,88,-1432500,-1112500,1,0,0,1,0,1,0,22102.38,1,0,113160.5,0,0,0,1,247661.8,1,0,0.00571704414
C89L59,59,89,-1427500,-1112500,1,0,0,1,0,1,0,20845.34,1,0,111789.3,0,0,0.02279767,1.02279767,242665.9,1,0,0.005275125732
C90L59,59,90,-1422500,-1112500,1,0,0,1,0,1,0,15884.4,0.6001288,0,110592.7,0,0,0.9340775,1.5342063,237670.1,1,0,0
C91L59,59,91,-1417500,-1112500,1,0,0,1,0,1,0,10959.01,0,0,109415.6,0,0,1,1,232674.6,1,0,0
C92L59,59,92,-1412500,-1112500,1,0,0,1,0,1,0,6155.126,0,0,107912,0,0,1,1,227679.2,1,0,0
C93L59,59,93,-1407500,-1112500,1,0,0,1,0,1,0,1508.134,0,0,105929.7,0,0,1,1,222684,1,0,0
C94L59,59,94,-1402500,-1112500,1,0,0,1,0,1,0,3375.027,0,0,103947.3,0,0,1,1,217689,1,0,0
C95L59,59,95,-1397500,-1112500,1,0,0,1,0,1,0,8162.89,0,0,101961.2,0,0,1,1,212694.3,1,0,0
C96L59,59,96,-1392500,-1112500,1,0,0,1,0,1,0,12434.24,0,0,99509.38,0,0,1,1,207699.8,1,0,0
C97L59,59,97,-1387500,-1112500,1,0,0,1,0,1,0,12694.59,0,0,97057.53,0,0,1,1,202705.6,1,0,0
C98L59,59,98,-1382500,-1112500,1,0,0,1,0,1,0,8219.614,0,0,94605.68,0,0,1,1,197711.7,1,0,0
C99L59,59,99,-1377500,-1112500,1,0,0,1,0,1,0,3794.696,0,0,92153.83,0,0,1,1,192718.1,1,0,0
C100L59,59,100,-1372500,-1112500,1,0,0,1,0,1,0,732.7657,0,0,89701.98,0,0,1,1,187724.9,1,0,0
C101L59,59,101,-1367500,-1112500,1,0,0,1,0,1,0,3593.833,0,0,87250.13,0,0,1,1,182732,1,0,0
C102L59,59,102,-1362500,-1112500,1,0,0,1,0,1,0,7742.921,0,0,84798.29,0,0,1,1,177739.5,1,0,0
C103L59,59,103,-1357500,-1112500,1,0,0,1,0,1,0,10606.66,0,0,82372.22,0,0,1,1,172747.5,1,0,0.0009289571622
C104L59,59,104,-1352500,-1112500,0.984375,0.015625,0,0.984375,0.015625,0.984375,0.015625,13892.47,0,0,80151.98,0,0,1,1,167755.9,1,0,0.015625
C105L59,59,105,-1347500,-1112500,0.981516,0.018483706,2.94e-07,0.981516,0.018483706,0.981516,0.018483706,15973.66,0,0,78188.85,0,0,1,1,162764.9,1,0,0.018483706
C106L59,59,106,-1342500,-1112500,0.965242,0.034757605,3.95e-07,0.965242,0.034757605,0.965242,0.034757605,18715.17,0,0,76502.64,0,0,0.8971977,0.8971977,157774.4,1,0,0.034757605
C107L59,59,107,-1337500,-1112500,0.992794,0.007205513,4.87e-07,0.992794,0.007205513,0.992794,0.007205513,22256.62,0,0,75062.39,0,0,0.05336452,0.05336452,152784.5,1,0,0.01842705022
C108L59,59,108,-1332500,-1112500,0.993622,0.00637755,4.5e-07,0.993622,0.00637755,0.993622,0.00637755,26276.55,0,0,73650.08,0,0,0,0,147795.4,1,0,0.01723755089
C109L59,59,109,-1327500,-1112500,1,0,0,1,0,1,0,22839.14,0,0,72303.45,0,0,0,0,142806.9,1,0,0.01359806971
C110L59,59,110,-1322500,-1112500,0.97417119,0.025829083,-2.73e-07,0.9697069,0.030293373,0.966837,0.033163273,18525.23,0,0,71262.21,0,0,0,0,137819.4,1,0.007,0.0294289852
C111L59,59,111,-1317500,-1112500,0.95739369,0.04260656,-2.5e-07,0.95050146,0.04949879,0.936717,0.06328325,14442.28,0,0,70560.72,0,0,0,0,132832.7,1,0.021,0.04260737175
C112L59,59,112,-1312500,-1112500,0.98840891,0.011591476,-3.86e-07,0.98840891,0.011591476,0.977444,0.022556386,11004.43,0,0,70179.16,0,0,0,0,127847.1,1,0.011,0.03910754331
C113L59,59,113,-1307500,-1112500,0.97321391,0.02678571,3.8e-07,0.96843075,0.03156887,0.949617,0.05038262,8443.209,0,0,69858.73,0,0,0,0,122862.7,1,0.024,0.05981070366
C114L59,59,114,-1302500,-1112500,0.80043821,0.19736838,0.00219341,0.79260613,0.20520046,0.760338,0.23746859,6776.619,0,0,69627.63,0,0,0,0,117879.6,1,0.04,0.19736838
C115L59,59,115,-1297500,-1112500,0.96269156,0.031568893,0.005739547,0.95216856,0.042091893,0.945791,0.048469453,4777.51,0,0,66449.47,0,0,0,0,112898,1,0.017,0.05778734238
C116L59,59,116,-1292500,-1112500,0.92888471,0.07111532,-3e-08,0.91478701,0.08521302,0.898183,0.10181703,1377.4,0,0,62534.47,0,0,0,0,107918,1,0.031,0.07190673126
C117L59,59,117,-1287500,-1112500,0.9709821,0.029017865,3.5e-08,0.96173465,0.038265315,0.958227,0.041772965,3606.09,0,0,58716.96,0,0,0,0,102940.1,1,0.013,0.05768545928
C118L59,59,118,-1282500,-1112500,0.990288,0.009711776,2.24e-07,0.990288,0.009711776,0.990288,0.009711776,8589.58,0,0,54900.86,0,0,0,0,97964.33,1,0,0.09545311702
C119L59,59,119,-1277500,-1112500,0.31824,0.681760175,-1.75e-07,0.31824,0.681760175,0.31824,0.681760175,8332.559,0,0,51084.76,0,0,0,0,92991.2,1,0,0.681760175
C120L59,59,120,-1272500,-1112500,0.736842,0.2631575,5e-07,0.736842,0.2631575,0.736842,0.2631575,3401.191,0,0.3333333,47320.17,0,0,0,0,88021.12,1,0,0.295024396
C121L59,59,121,-1267500,-1112500,0.91102747,0.088972433,9.7e-08,0.8975563,0.102443603,0.857456,0.142543903,1530.178,0,1,43788.1,0,0,0,0,83054.63,1,0.054,0.205670353
C122L59,59,122,-1262500,-1112500,0.6237241,0.37627544,4.6e-07,0.5736603,0.42633924,0.499043,0.50095654,6171.043,0,1,40356.97,0.1722104,0,0,0,78092.42,1,0.125,0.3766240366
C123L59,59,123,-1257500,-1112500,0.68671703,0.31328327,-3e-07,0.60244383,0.39755647,0.559524,0.4404763,10845.02,0,1,36925.84,0.9916242,0,0,0,73135.35,1,0.127,0.3971935718
C124L59,59,124,-1252500,-1112500,0.48341792,0.51658176,3.2e-07,0.477997,0.52200268,0.477997,0.52200268,9965.787,0,1,33494.71,1,0,0,0,68184.55,1,0.005,0.5248047096
C125L59,59,125,-1247500,-1112500,0.52161661,0.47838311,2.8e-07,0.45927329,0.54072643,0.430138,0.56986172,5386.574,0,1,30063.58,1,0,0,0,63241.5,1,0.091,0.518061042
C126L59,59,126,-1242500,-1112500,0.4330352,0.566964715,8.5e-08,0.3941322,0.605867715,0.352997,0.647002915,726.9049,0,1,26632.45,0.9578087,0,0,0,58308.16,1,0.08,0.566964715
C127L59,59,127,-1237500,-1112500,0.890351,0.10964909,-9e-08,0.8370928,0.16290729,0.829574,0.17042609,4257.906,0,1,23201.32,0.1573373,0,0,0,53387.22,1,0.061,0.2460128582
C128L59,59,128,-1232500,-1112500,0.956632268,0.043367318,4.14e-07,0.956632268,0.043367318,0.954719,0.045280586,9257.753,0,1,19770.19,0.06566832,0,0,0,48482.47,1,0.002,0.1874657491
C129L59,59,129,-1227500,-1112500,0.79542654,0.20457405,-5.9e-07,0.79386012,0.20614047,0.790414,0.20958659,14227.46,0,1,16352.59,0.2709028,0,0,0,43599.35,1,0.005,0.3128084016
C130L59,59,130,-1222500,-1112500,0.40350891,0.59649081,2.8e-07,0.3981831,0.60181662,0.392544,0.60745572,16367.88,0,1,12935.7,0.1607536,0,0,0,38746.06,1,0.011,0.59649081
C131L59,59,131,-1217500,-1112500,0.731505,0.268495133,-1.33e-07,0.731505,0.268495133,0.731505,0.268495133,15801.25,0,1,9518.805,0,0,0.0002250493,0.0002250493,33935.4,1,0,0.406933988
C132L59,59,132,-1212500,-1112500,0.21021292,0.78978711,-3e-08,0.20269412,0.79730591,0.199248,0.80075203,12105.14,0,0.5,6101.911,0,0,0.284343,0.284343,29188.45,1,0.011,0.78978711
C133L59,59,133,-1207500,-1112500,0.45663242,0.54336777,-1.9e-07,0.44579062,0.55420957,0.43176,0.56824019,8271.712,0,0.5,2685.016,0,0,0.8846124,0.8846124,24542.2,1,0.025,0.564265969
C134L59,59,134,-1202500,-1112500,0.40194238,0.598057183,4.37e-07,0.40194238,0.598057183,0.39599,0.604009563,5830.415,0,0.5,731.879,0,0,0.5655684,0.5655684,20066.73,1,0.006,0.6299910374
C135L59,59,135,-1197500,-1112500,0.0975765,0.90242311,3.9e-07,0.0975765,0.90242311,0.0975765,0.90242311,3714.682,0,0,4148.774,0,0,0.2284438,0.2284438,15906.84,1,0,0.90242311
C136L59,59,136,-1192500,-1112500,0.0200501,0.979949796,1.04e-07,0.0200501,0.979949796,0.0200501,0.979949796,16.89701,0,0,7529.366,0,0,0.005060193,0.005060193,12384.73,1,0,0.979949796
C137L59,59,137,-1187500,-1112500,0.0500638,0.949936265,-6.5e-08,0.0500638,0.949936265,0.0500638,0.949936265,3879.748,0,0,10879.49,0,0,0,0,10185.07,1,0,0.949936265
C138L59,59,138,-1182500,-1112500,0.09022555,0.90977434,1.1e-07,0.09022555,0.90977434,0.0798872,0.92011269,6607.725,0,0,14229.62,0,0,0,0,10202.43,1,0.01,0.90977434
C139L59,59,139,-1177500,-1112500,0.18013825,0.81986227,-5.2e-07,0.175439,0.82456152,0.175439,0.82456152,8072.031,0,0,17579.75,0,0,0,0,12427.53,1,0.005,0.81986227
C140L59,59,140,-1172500,-1112500,0.424107435,0.57589312,-5.55e-07,0.41645437,0.583546185,0.391263,0.608737555,9196.674,0,0.3333333,20929.88,0.3479665,0,0,0,15962.38,1,0.033,0.6046094637
C141L59,59,141,-1167500,-1112500,0.43201711,0.5679826,2.9e-07,0.41259355,0.58740616,0.39317,0.60682971,9035.979,0,0,24280.01,0.7886043,0,0,0,20128.38,1,0.039,0.5679826
C142L59,59,142,-1162500,-1112500,0.78922149,0.210778101,4.09e-07,0.78539496,0.214604631,0.774872,0.225127591,9485.138,0,0,27630.14,0.1907628,0,0,0,24607.02,1,0.014,0.3203282523
C143L59,59,143,-1157500,-1112500,0.685777,0.314223533,-5.33e-07,0.685777,0.314223533,0.685777,0.314223533,12177.31,0,0,30907.49,0,0,0,0,29255.08,1,0,0.3832591931
C144L59,59,144,-1152500,-1112500,0.183992,0.815051095,0.000956905,0.183992,0.815051095,0.183992,0.815051095,14497.62,0,0,32470.53,0,0,0,0,34003.14,1,0,0.815051095
C145L59,59,145,-1147500,-1112500,0.131266,0.86434853,0.00438547,0.131266,0.86434853,0.131266,0.86434853,9500.141,0,0,28044.29,0.6748837,0,0,0,38814.53,1,0,0.86434853
C146L59,59,146,-1142500,-1112500,0.251275208,0.748724165,6.27e-07,0.24298439,0.757014983,0.24139,0.758609373,4508.243,0,0,23845.96,1,0,0,0,43668.31,1,0.01,0.755591095
C147L59,59,147,-1137500,-1112500,0.4423557,0.5576444,-1e-07,0.409461,0.5905391,0.386278,0.6137221,60.62592,0,0,19902.54,1,0,0,0,48551.78,1,0.056,0.6052048178
C148L59,59,148,-1132500,-1112500,0.77349611,0.2265037,1.9e-07,0.76472418,0.23527563,0.751253,0.24874681,2086.686,0,0,15977.55,1,0,0,0,53456.8,1,0.022,0.3713320916
C149L59,59,149,-1127500,-1112500,0.9850129,0.014987243,-1.43e-07,0.9850129,0.014987243,0.982143,0.017857143,5304.871,0,0,11888.37,1,0,0,0,58377.94,1,0.003,0.2154560337
C150L59,59,150,-1122500,-1112500,0.76848366,0.2315163,4e-08,0.76848366,0.2315163,0.762218,0.23778196,9886.938,0,0,7249.423,1,0,0,0,63311.43,1,0.006,0.3377344246
C151L59,59,151,-1117500,-1112500,0.4135839,0.58641577,3.3e-07,0.4135839,0.58641577,0.410714,0.58928567,14137.31,0,0,2315.115,1,0,0,0,68254.61,1,0.003,0.5873841749
C152L59,59,152,-1112500,-1112500,0.1647866,0.8352134,0,0.1535084,0.8464916,0.149749,0.850251,10493.65,0,0,2668.816,1,0,0,0,73205.5,1,0.015,0.8352134
C153L59,59,153,-1107500,-1112500,0.16422192,0.83577796,1.2e-07,0.16422192,0.83577796,0.158801,0.84119888,6199.028,0,0,7652.747,1,0,0,0,78162.65,1,0.005,0.83577796
C154L59,59,154,-1102500,-1112500,0.51785764,0.47431033,0.00783203,0.48997539,0.50219258,0.484023,0.50814497,2024.796,0,0,12636.68,0.9656665,0,0,0,83124.93,1,0.034,0.556412553
C155L59,59,155,-1097500,-1112500,0.5918369,0.4081631,0,0.5918369,0.4081631,0.588967,0.411033,1305.166,0,0,17620.61,0.4422953,0,0,0,88091.47,1,0.003,0.5015711904
C156L59,59,156,-1092500,-1112500,0.238409,0.76159148,-4.8e-07,0.238409,0.76159148,0.238409,0.76159148,5172.273,0,0,22604.54,0.5517415,0,0,0,93061.6,1,0,0.76159148
C157L59,59,157,-1087500,-1112500,0.27380962,0.726190866,-4.86e-07,0.26942366,0.730576826,0.263158,0.736842486,8089.535,0,0,22536.25,0.9945785,0,0,0,98034.77,1,0.011,0.726190866
C158L59,59,158,-1082500,-1112500,0.58482171,0.41517867,-3.8e-07,0.5806763,0.41932408,0.568559,0.43144138,10732.33,0,0,19152.98,1,0,0,0,103010.5,1,0.016,0.4480649483
C159L59,59,159,-1077500,-1112500,0.70676702,0.2932331,-1.2e-07,0.69830838,0.30169174,0.669173,0.33082712,12811.63,0,0,15769.71,0.9527815,0,0,0,107988.5,1,0.038,0.3269775832
C160L59,59,160,-1072500,-1112500,0.70950247,0.29049743,1e-07,0.62850757,0.37149233,0.541454,0.4585459,16220.13,0,0,12386.44,0.02279801,0,0,0,112968.5,1,0.168,0.29049743
C161L59,59,161,-1067500,-1112500,0.83176679,0.16823309,1.2e-07,0.80419788,0.195802,0.786654,0.21334588,20298.96,0,0,9003.172,0.5435134,0,0,0,117950.1,1,0.045,0.2218568772
C162L59,59,162,-1062500,-1112500,0.81218099,0.18781883,1.8e-07,0.76403049,0.23596933,0.728954,0.27104582,24667.74,0,0,6117.854,0.7386368,0,0,0,122933.3,1,0.083,0.2609734963
C163L59,59,163,-1057500,-1112500,0.36685491,0.373120683,0.260024407,0.34241881,0.397556783,0.337093,0.402882593,25250.97,0,0,3516.31,0.1744894,0,0,0,127917.7,1,0.03,0.373120683
C39L60,60,39,-1677500,-1117500,0,0,1,0,0,0,0,17629.76,0,0,184132.8,0,0,0,0,492488.8,1,0,0
C40L60,60,40,-1672500,-1117500,0.365869,0,0.634131,0.365869,0,0.365869,0,18416.67,0,0,183384.2,0,0.3220366,0,0.3220366,487489,1,0,0.0008098799805
C41L60,60,41,-1667500,-1117500,0.59026,0,0.40974,0.59026,0,0.59026,0,16475.27,0,0,182361.7,0,0.7161101,0,0.7161101,482489.3,2,0,0.001343747183
C42L60,60,42,-1662500,-1117500,0.733333,0,0.266667,0.733333,0,0.733333,0,11555.97,0,0,181471.2,0,0.9640194,0,0.9640194,477489.6,2,0,0.001728960559
C43L60,60,43,-1657500,-1117500,0.704545,0,0.295455,0.704545,0,0.704545,0,6756.205,0,0,180714.7,0,0.3744771,0,0.3744771,472489.8,1,0,0.001879611757
C44L60,60,44,-1652500,-1117500,0.995534,0,0.004466,0.995534,0,0.995534,0,2140.84,0,0,180093.9,0,0,0,0,467490.1,1,0,0.00275068929
C45L60,60,45,-1647500,-1117500,1,0,0,1,0,1,0,2752.663,0,0,179610.3,0,0,0,0,462490.4,1,0,0.00314362119
C46L60,60,46,-1642500,-1117500,1,0,0,1,0,1,0,7272.115,0,0,179229.9,0,0.1657766,0,0.1657766,457490.7,1,0,0.003173460478
C47L60,60,47,-1637500,-1117500,0.997078,0.00292208,-8e-08,0.997078,0.00292208,0.997078,0.00292208,6997.478,0,0,177519.2,0,0.4096079,0,0.4096079,452490.9,1,0,0.005485913541
C48L60,60,48,-1632500,-1117500,0.985965,0.0140351,-1e-07,0.985965,0.0140351,0.985965,0.0140351,2277.055,0,0,175572.9,0,0.689895,0,0.689895,447491.2,2,0,0.0140351
C49L60,60,49,-1627500,-1117500,1,0,0,1,0,1,0,1467.105,0,0,173748.8,0,1,0,1,442491.5,2,0,0.007170756021
C50L60,60,50,-1622500,-1117500,0.987338,0.01266234,-3.4e-07,0.987338,0.01266234,0.987338,0.01266234,5921.136,0,0,172050.7,0,1,0,1,437491.8,2,0,0.02217924862
C51L60,60,51,-1617500,-1117500,0.961722,0.0382775,5e-07,0.961722,0.0382775,0.961722,0.0382775,10166.99,0,0,170482.4,0,1,0,1,432492.2,2,0,0.0382775
C52L60,60,52,-1612500,-1117500,0.992857,0.00714286,1.4e-07,0.992857,0.00714286,0.992857,0.00714286,14886.36,0,0,169047.4,0,1,0,1,427492.5,2,0,0.02093187007
C53L60,60,53,-1607500,-1117500,0.999681,0.000318979,2.1e-08,0.999681,0.000318979,0.999681,0.000318979,13977.63,0,0,167749.3,0,1,0,1,422492.8,2,0,0.008652019065
C54L60,60,54,-1602500,-1117500,1,0,0,1,0,1,0,9976.636,0,0,166591.2,0,1,0,1,417493.1,2,0,0.006612410721
C55L60,60,55,-1597500,-1117500,1,0,0,1,0,1,0,5773.878,0,0,165576,0,1,0,1,412493.5,2,0,0.003445367712
C56L60,60,56,-1592500,-1117500,1,0,0,1,0,1,0,1145.905,0,0,164706.5,0,1,0,1,407493.8,2,0,0.00334898384
C57L60,60,57,-1587500,-1117500,1,0,0,1,0,1,0,3743.569,0,0,163984.8,0,1,0,1,402494.2,2,0,0.003711384405
C58L60,60,58,-1582500,-1117500,1,0,0,1,0,1,0,8710.555,0,0,163413,0,0.9824904,0,0.9824904,397494.6,2,0,0.003829948339
C59L60,60,59,-1577500,-1117500,1,0,0,1,0,1,0,13552.17,0,0,162992.6,0,1,0,1,392495,2,0,0.00383996546
C60L60,60,60,-1572500,-1117500,1,0,0,1,0,1,0,18333.5,0,0,162722,0,1,0,1,387495.4,2,0,0.003578383948
C61L60,60,61,-1567500,-1117500,1,0,0,1,0,1,0,17483.23,0,0,161418.7,0,1,0,1,382495.8,2,0,0.003586156498
C62L60,60,62,-1562500,-1117500,1,0,0,1,0,1,0,13206.21,0,0,160094.7,0,1,0,1,377496.2,2,0,0.003649474462
C63L60,60,63,-1557500,-1117500,1,0,0,1,0,1,0,9650.746,0,0,158875.7,0,1,0,1,372496.6,2,0,0.003714521865
C64L60,60,64,-1552500,-1117500,1,0,0,1,0,1,0,5982.212,0,0,157805.8,0,1,0,1,367497,2,0,0.003779688013
C65L60,60,65,-1547500,-1117500,0.916883,0,0.083117,0.916883,0,0.916883,0,1882.288,0,0,156888,0,1,0,1,362497.5,2,0,0.003523524448
C66L60,60,66,-1542500,-1117500,0.713557,0,0.286443,0.713557,0,0.713557,0,1204.944,0,0,156125,0,0.7708241,0,0.7708241,357497.9,2,0,0.002789654329
C67L60,60,67,-1537500,-1117500,0.54673,0,0.45327,0.54673,0,0.54673,0,5960.533,0,0,155519.1,0,0.5501386,0,0.5501386,352498.4,2,0,0.002175146031
C68L60,60,68,-1532500,-1117500,0.0529221,0,0.9470779,0.0529221,0,0.0529221,0,7874.053,0,0,155072.1,0,0.03903415,0,0.03903415,347498.9,1,0,0.0002137701825
C76L60,60,76,-1492500,-1117500,0.711962,0,0.288038,0.711962,0,0.711962,0,11518.84,0.7289101,0,138408.6,0,0,0,0.7289101,307503.4,1,0,0.003263170631
C77L60,60,77,-1487500,-1117500,1,0,0,1,0,1,0,7246.863,1,0,136142.7,0,0,0,1,302504,1,0,0.004642786344
C78L60,60,78,-1482500,-1117500,1,0,0,1,0,1,0,3572.154,1,0,133938.1,0,0,0,1,297504.7,1,0,0.0047086985
C79L60,60,79,-1477500,-1117500,1,0,0,1,0,1,0,1376.668,0.8068027,0,131884.6,0,0,0,0.8068027,292505.3,1,0,0.004774873445
C80L60,60,80,-1472500,-1117500,0.993939,0,0.006061,0.993939,0,0.993939,0,2070.039,0.02889414,0,129991.2,0,0,0,0.02889414,287506.1,1,0,0.004811735974
C81L60,60,81,-1467500,-1117500,1,0,0,1,0,1,0,4218.148,0.005646117,0,128264.8,0,0,0,0.005646117,282506.8,1,0,0.004907285819
C82L60,60,82,-1462500,-1117500,1,0,0,1,0,1,0,268.394,0.6413409,0,126712.3,0,0,0,0.6413409,277507.6,1,0,0.00497349357
C83L60,60,83,-1457500,-1117500,1,0,0,1,0,1,0,3378.836,1,0,125331.1,0,0,0,1,272508.3,1,0,0.005039702373
C84L60,60,84,-1452500,-1117500,1,0,0,1,0,1,0,6916.815,1,0,123993.2,0,0,0,1,267509.2,1,0,0.005105917279
C85L60,60,85,-1447500,-1117500,1,0,0,1,0,1,0,10923.38,1,0,122607.7,0,0,0,1,262510,1,0,0.005172388815
C86L60,60,86,-1442500,-1117500,1,0,0,1,0,1,0,15517.67,1,0,121031.5,0,0,0,1,257510.9,1,0,0.0052440593
C87L60,60,87,-1437500,-1117500,1,0,0,1,0,1,0,20304.58,1,0,119455.4,0,0,0,1,252511.8,1,0,0.005314101873
C88L60,60,88,-1432500,-1117500,1,0,0,1,0,1,0,25174.47,1,0,117947.7,0,0,0,1,247512.8,1,0,0.005214436693
C89L60,60,89,-1427500,-1117500,1,0,0,1,0,1,0,21550.84,1,0,116632.8,0,0,0.2893833,1.2893833,242513.8,1,0,0.002941917367
C90L60,60,90,-1422500,-1117500,1,0,0,1,0,1,0,16562.04,0.229653,0,115452.1,0,0,1,1.229653,237514.8,1,0,0
C91L60,60,91,-1417500,-1117500,1,0,0,1,0,1,0,11582.91,0,0,114275.1,0,0,1,1,232515.9,1,0,0
C92L60,60,92,-1412500,-1117500,1,0,0,1,0,1,0,6635.221,0,0,112502.3,0,0,1,1,227517,1,0,0
C93L60,60,93,-1407500,-1117500,1,0,0,1,0,1,0,1924.24,0,0,110519.9,0,0,1,1,222518.2,1,0,0
C94L60,60,94,-1402500,-1117500,1,0,0,1,0,1,0,1290.369,0,0,108537.6,0,0,1,1,217519.4,1,0,0
C95L60,60,95,-1397500,-1117500,1,0,0,1,0,1,0,6020.395,0,0,106318.8,0,0,1,1,212520.7,1,0,0
C96L60,60,96,-1392500,-1117500,1,0,0,1,0,1,0,10750.42,0,0,103867,0,0,1,1,207522,1,0,0
C97L60,60,97,-1387500,-1117500,0.994481,0.00551948,-4.8e-07,0.994481,0.00551948,0.994481,0.00551948,10661.3,0,0,101415.1,0,0,1,1,202523.5,1,0,0.00551948
C98L60,60,98,-1382500,-1117500,1,0,0,1,0,1,0,5989.232,0,0,98963.25,0,0,1,1,197524.9,1,0,0
C99L60,60,99,-1377500,-1117500,1,0,0,1,0,1,0,1514.258,0,0,96511.41,0,0,1,1,192526.5,1,0,0
C100L60,60,100,-1372500,-1117500,0.997129,0.00287081,1.9e-07,0.997129,0.00287081,0.997129,0.00287081,2960.717,0,0,94059.56,0,0,1,1,187528.2,1,0,0.00287081
C101L60,60,101,-1367500,-1117500,1,0,0,1,0,1,0,6202.532,0,0,91607.71,0,0,0.9444824,0.9444824,182529.9,1,0,0
C102L60,60,102,-1362500,-1117500,0.99681,0.00318979,2.1e-07,0.99681,0.00318979,0.99681,0.00318979,10312.63,0,0,89155.99,0,0,0.6369526,0.6369526,177531.7,1,0,0.004249415654
C103L60,60,103,-1357500,-1117500,0.970654,0.02934611,-1.1e-07,0.970654,0.02934611,0.970654,0.02934611,14509.41,0,0,86821.36,0,0,0.8122297,0.8122297,172533.7,1,0,0.02934611
C104L60,60,104,-1352500,-1117500,0.992857,0.007142857,1.43e-07,0.992857,0.007142857,0.992857,0.007142857,17677.12,0,0,84717.8,0,0,1,1,167535.8,1,0,0.007142857
C105L60,60,105,-1347500,-1117500,1,0,0,1,0,1,0,20583.76,0,0,82862.92,0,0,0.8280414,0.8280414,162537.9,1,0,0.004242556593
C106L60,60,106,-1342500,-1117500,1,0,0,1,0,1,0,22776.98,0,0,81273.74,0,0,0.5133558,0.5133558,157540.3,1,0,0.00647728503
C107L60,60,107,-1337500,-1117500,0.996172,0.00382775,2.5e-07,0.996172,0.00382775,0.996172,0.00382775,23777.83,0,0,79858.78,0,0,0.01255817,0.01255817,152542.8,1,0,0.01226349741
C108L60,60,108,-1332500,-1117500,0.986364,0.0136364,-4e-07,0.986364,0.0136364,0.986364,0.0136364,21964.87,0,0,78446.47,0,0,0,0,147545.4,1,0,0.01622419234
C109L60,60,109,-1327500,-1117500,0.998086,0.00191388,1.2e-07,0.998086,0.00191388,0.998086,0.00191388,19397.96,0,0,77165.11,0,0,0,0,142548.2,1,0,0.01277295376
C110L60,60,110,-1322500,-1117500,0.97759758,0.02240261,-1.9e-07,0.97370148,0.02629871,0.968182,0.03181819,15784.36,0,0,76190.34,0,0,0,0,137551.3,1,0.009,0.02697658342
C111L60,60,111,-1317500,-1117500,0.98756,0.012440188,-1.88e-07,0.98756,0.012440188,0.98756,0.012440188,11812.4,0,0,75534.63,0,0,0,0,132554.5,1,0,0.02996413041
C112L60,60,112,-1312500,-1117500,0.98373162,0.016267947,4.33e-07,0.97830898,0.021690587,0.962679,0.037320567,7411.353,0,0,75168.88,0,0,0,0,127558.1,1,0.021,0.04975355895
C113L60,60,113,-1307500,-1117500,0.675973745,0.3240259,3.55e-07,0.668830885,0.33116876,0.635714,0.364285645,3947.532,0,0,74848.45,0,0,0,0,122561.9,1,0.04,0.3240259
C114L60,60,114,-1302500,-1117500,0.88644367,0.11355655,-2.2e-07,0.87081369,0.12918653,0.850718,0.14928222,2479.357,0,0,73459.9,0,0,0,0,117566,1,0.036,0.1148322348
C115L60,60,115,-1297500,-1117500,0.911363371,0.08863638,2.49e-07,0.90292181,0.097077941,0.897727,0.102272751,1275.684,0,0.5,69579.86,0,0,0,0,112570.5,1,0.014,0.09225258376
C116L60,60,116,-1292500,-1117500,0.96012785,0.039872458,-3.08e-07,0.96012785,0.039872458,0.957895,0.042105308,1899.368,0,0.5,65763.76,0,0,0,0,107575.5,1,0.002,0.0723045043
C117L60,60,117,-1287500,-1117500,0.87207801,0.12792202,-3e-08,0.86525983,0.1347402,0.836039,0.16396103,5002.426,0,0.5,61947.66,0.4643971,0,0,0,102580.9,1,0.036,0.1492438748
C118L60,60,118,-1282500,-1117500,0.69186598,0.3081336,4.2e-07,0.66539074,0.33460884,0.631579,0.36842058,9358.765,0,0.5,58131.55,0.5558699,0,0,0,97586.81,1,0.06,0.3081336
C119L60,60,119,-1277500,-1117500,0.8688311,0.131168785,1.15e-07,0.864935,0.135064885,0.864935,0.135064885,6223.836,0,0.5,54387.21,0.09812308,0,0,0,92593.41,1,0.004,0.1796496503
C120L60,60,120,-1272500,-1117500,1,0,0,1,0,1,0,2559.509,0,0.5,50856.17,0,0,0,0,87600.76,1,0,0.09258559506
C121L60,60,121,-1267500,-1117500,0.91291843,0.087081289,2.81e-07,0.87942563,0.120574089,0.873684,0.126315719,2355.77,0,1,47425.04,0,0,0,0,82609,1,0.039,0.1345569871
C122L60,60,122,-1262500,-1117500,0.72889606,0.27110389,5e-08,0.66655843,0.33344152,0.625,0.37499995,7287.139,0,1,43993.91,0.6220626,0,0,0,77618.31,1,0.104,0.2714188923
C123L60,60,123,-1257500,-1117500,0.56586897,0.43413051,5.2e-07,0.53078124,0.46921824,0.488038,0.51196148,12218.51,0,1,40562.78,1,0,0,0,72628.89,1,0.078,0.43413051
C124L60,60,124,-1252500,-1117500,0.45324724,0.5467532,-4.4e-07,0.44513036,0.55487008,0.431494,0.56850644,9075.858,0,1,37131.65,1,0,0,0,67641.04,1,0.022,0.5467532
C125L60,60,125,-1247500,-1117500,0.32631584,0.67368461,-4.5e-07,0.32503992,0.67496053,0.308453,0.69154745,4469.101,0,1,33700.52,1,0,0,0,62655.12,1,0.018,0.67368461
C126L60,60,126,-1242500,-1117500,0.25194786,0.74805129,8.5e-07,0.2422076,0.75779155,0.219805,0.78019415,496.2231,0,1,30269.39,1,0,0,0,57671.64,1,0.032,0.74805129
C127L60,60,127,-1237500,-1117500,0.333652,0.66634707,9.3e-07,0.333652,0.66634707,0.333652,0.66634707,5461.547,0,1,26838.26,0.2597548,0,0,0,52691.29,1,0,0.66634707
C128L60,60,128,-1232500,-1117500,0.48636341,0.513636031,5.59e-07,0.46785693,0.532142511,0.445779,0.554220441,10164.54,0,1,23419.81,0.4198723,0,0,0,47715.05,1,0.041,0.5242750577
C129L60,60,129,-1227500,-1117500,0.24848463,0.751515549,-1.79e-07,0.23317363,0.766826549,0.196172,0.803828179,14874.18,0,1,20002.91,0.9851117,0,0,0,42744.35,1,0.052,0.751515549
C130L60,60,130,-1222500,-1117500,0.59744837,0.40255225,-6.2e-07,0.5939396,0.40606102,0.587879,0.41212162,14989.87,0,0.5,16586.02,0.5026486,0,0.5924429,0.5924429,37781.39,1,0.01,0.471301097
C131L60,60,131,-1217500,-1117500,0.77824688,0.22175328,-1.6e-07,0.7740261,0.22597406,0.758117,0.24188316,11957.11,0,0.5,13169.12,0,0,0.7401373,0.7401373,32829.68,1,0.02,0.3807217501
C132L60,60,132,-1212500,-1117500,0.398085779,0.60191434,-1.19e-07,0.38054192,0.619458199,0.379266,0.620734119,8968.112,0,0.5,9752.23,0,0,1,1,27895.19,1,0.019,0.60191434
C133L60,60,133,-1207500,-1117500,0.35064948,0.64935031,2.1e-07,0.308117,0.69188279,0.29513,0.70486979,5166.292,0,0,6335.335,0,0,1,1,22989.04,1,0.056,0.64935031
C134L60,60,134,-1202500,-1117500,0.43572598,0.56427399,3e-08,0.40733682,0.59266315,0.389155,0.61084497,1361.042,0,0,2918.44,0,0,1,1,18134.22,1,0.047,0.619118628
C135L60,60,135,-1197500,-1117500,0.0191558,0.980843752,4.48e-07,0.0191558,0.980843752,0.0191558,0.980843752,1213.796,0,0,467.5478,0,0,1,1,13386.7,1,0,0.980843752
C136L60,60,136,-1192500,-1117500,0.146093,0.853907418,-4.18e-07,0.146093,0.853907418,0.146093,0.853907418,3125.2,0,0,3817.676,0,0,0.2604656,0.2604656,8919.518,1,0,0.8567892747
C137L60,60,137,-1187500,-1117500,0.0233766,0.97662305,3.5e-07,0.0233766,0.97662305,0.0233766,0.97662305,6808.149,0,0,7167.804,0,0,0.03014605,0.03014605,5469.17,1,0,0.97662305
C138L60,60,138,-1182500,-1117500,0.091866,0.90813424,-2.4e-07,0.091866,0.90813424,0.091866,0.90813424,10948.11,0,0,10517.93,0,0,0.002826949,0.002826949,5501.439,1,0,0.90813424
C139L60,60,139,-1177500,-1117500,0.21563,0.784370129,-1.29e-07,0.21563,0.784370129,0.21563,0.784370129,12566.39,0,0,13868.06,0,0,0,0,8978.855,1,0,0.784370129
C140L60,60,140,-1172500,-1117500,0.50649326,0.493506501,2.39e-07,0.50649326,0.493506501,0.496753,0.503246761,14180.02,0,0,17218.19,0.004643985,0,0,0,13452.65,1,0.01,0.5441733055
C141L60,60,141,-1167500,-1117500,0.433812,0.566188,0,0.433812,0.566188,0.433812,0.566188,13980.54,0,0,20568.32,0.4572121,0,0,0,18202.41,1,0,0.566188
C142L60,60,142,-1162500,-1117500,0.430195,0.569805401,-4.01e-07,0.430195,0.569805401,0.430195,0.569805401,14274.96,0,0,23918.45,0.0005307872,0,0,0,23058.23,1,0,0.569805401
C143L60,60,143,-1157500,-1117500,0.602551459,0.39744809,4.51e-07,0.59776677,0.402232779,0.594258,0.405741549,16189.3,0,0,26711.28,0.1742819,0,0,0,27964.9,1,0.008,0.4783803515
C144L60,60,144,-1152500,-1117500,0.14675313,0.849025416,0.004221454,0.141883,0.853895546,0.141883,0.853895546,14345.36,0,0,28336.24,0.02837752,0,0,0,32899.69,1,0.005,0.849025416
C145L60,60,145,-1147500,-1117500,0.16172223,0.838277389,3.81e-07,0.15693754,0.843062079,0.14992,0.850079619,9349.478,0,0,25908.1,0.9281949,0,0,0,37851.6,1,0.012,0.838277389
C146L60,60,146,-1142500,-1117500,0.31688274,0.68311676,5e-07,0.31103859,0.68896091,0.301623,0.6983765,4363.025,0,0,21292.65,1,0,0,0,42814.69,1,0.015,0.6962976248
C147L60,60,147,-1137500,-1117500,0.23827785,0.76172245,-3e-07,0.23221724,0.76778306,0.220415,0.7795853,471.2684,0,0,16897.47,1,0,0,0,47785.48,1,0.018,0.76172245
C148L60,60,148,-1132500,-1117500,0.16969677,0.830303079,1.51e-07,0.16395515,0.836044699,0.150877,0.849122849,4829.636,0,0,12880.06,1,0,0,0,52761.78,1,0.019,0.830303079
C149L60,60,149,-1127500,-1117500,0.32532476,0.67467569,-4.5e-07,0.32175333,0.67824712,0.309091,0.69090945,8481.095,0,0,8955.072,1,0,0,0,57742.19,1,0.016,0.67467569
C150L60,60,150,-1122500,-1117500,0.62806975,0.37192978,4.7e-07,0.62806975,0.37192978,0.624242,0.37575753,12306.87,0,0,5030.086,1,0,0,0,62725.7,1,0.004,0.4490252591
C151L60,60,151,-1117500,-1117500,0.649675155,0.3503245,3.45e-07,0.644155675,0.35584398,0.643831,0.356168655,9986.481,0,0,744.9554,1,0,0,0,67711.65,1,0.006,0.4796009039
C152L60,60,152,-1112500,-1117500,0.26666683,0.733333069,1.01e-07,0.26666683,0.733333069,0.264115,0.735884899,7398.766,0,0,3893.993,1,0,0,0,72699.53,1,0.003,0.733941715
C153L60,60,153,-1107500,-1117500,0.30227241,0.697727041,5.49e-07,0.28993475,0.710064701,0.286688,0.713311451,3638.512,0,0,8532.94,1,0,0,0,77688.97,1,0.016,0.7145123701
C154L60,60,154,-1102500,-1117500,0.3483254,0.65167429,3.1e-07,0.3027113,0.69728839,0.292185,0.70781469,656.108,0,0,13263.09,0.9933708,0,0,0,82679.68,1,0.056,0.6700936102
C155L60,60,155,-1097500,-1117500,0.10973991,0.89026026,-1.7e-07,0.10973991,0.89026026,0.100649,0.89935117,4835.252,0,0,18135.88,0.6249196,0,0,0,87671.45,1,0.009,0.89026026
C156L60,60,156,-1092500,-1117500,0.230303,0.76969618,8.2e-07,0.230303,0.76969618,0.230303,0.76969618,8071.051,0,0,20181.55,0,0,0,0,92664.11,1,0,0.76969618
C157L60,60,157,-1087500,-1117500,0.5100476,0.489951948,4.52e-07,0.4513554,0.548644148,0.364912,0.635087548,12235.33,0,0,18283.15,0.6600783,0,0,0,97657.52,1,0.145,0.4904150033
C158L60,60,158,-1082500,-1117500,0.80551959,0.19448046,-5e-08,0.78798709,0.21201296,0.749026,0.25097405,15016.83,0,0,15471.48,1,0,0,0,102651.6,1,0.056,0.2630431919
C159L60,60,159,-1077500,-1117500,0.9180227,0.081977697,-3.97e-07,0.90909128,0.090909117,0.882935,0.117065397,17139.24,0,0,12088.21,1,0,0,0,107646.2,1,0.035,0.1626284327
C160L60,60,160,-1072500,-1117500,0.86688259,0.13311689,5.2e-07,0.84123328,0.1587662,0.817532,0.18246748,19816.87,0,0,8704.937,0.8275081,0,0,0,112641.3,1,0.049,0.1799649027
C161L60,60,161,-1067500,-1117500,0.8028712,0.132376519,0.064752281,0.78915509,0.146092629,0.77512,0.160127719,23273.66,0,0,5321.667,0.9220735,0,0,0,117636.8,1,0.028,0.1755365442
C162L60,60,162,-1062500,-1117500,0.5204541,0.061038941,0.418506959,0.516558,0.064935041,0.516558,0.064935041,24972.12,0,0,1938.396,0.5563075,0,0,0,122632.6,1,0.004,0.1085022634
C163L60,60,163,-1057500,-1117500,0.023604479,0.009250408,0.967145113,0.0232855,0.009569387,0.0232855,0.009569387,21937.2,0,0,753.581,0.02054795,0,0,0,127628.8,1,0,0.009265953047
C42L61,61,42,-1662500,-1122500,0.340852,0,0.659148,0.340852,0,0.340852,0,11569.93,0,0,186404.7,0,0.359309,0,0.359309,477464.6,1,0,0.0008035598404
C43L61,61,43,-1657500,-1122500,0.834503,0,0.165497,0.834503,0,0.834503,0,6780.052,0,0,185668.3,0,0.223825,0,0.223825,472464.6,1,0,0.002228068926
C44L61,61,44,-1652500,-1122500,0.993734,0.00626566,3.4e-07,0.993734,0.00626566,0.993734,0.00626566,2841.658,0,0,185064.2,0,0.5921748,0,0.5921748,467464.6,2,0,0.006371706261
C45L61,61,45,-1647500,-1122500,1,0,0,1,0,1,0,4492.319,0,0,184593.5,0,0.7230918,0,0.7230918,462464.6,2,0,0.003147023339
C46L61,61,46,-1642500,-1122500,0.992481,0.0075188,2e-07,0.992481,0.0075188,0.992481,0.0075188,8896.74,0,0,184123.1,0,0.9696291,0,0.9696291,457464.6,2,0,0.007567576175
C47L61,61,47,-1637500,-1122500,1,0,0,1,0,1,0,5815.713,0,0,182110.2,0,1,0,1,452464.6,2,0,0.004427462101
C48L61,61,48,-1632500,-1122500,1,0,0,1,0,1,0,849.4894,0,0,180213.5,0,1,0,1,447464.6,2,0,0.005213789908
C49L61,61,49,-1627500,-1122500,0.994987,0.00501253,4.7e-07,0.994987,0.00501253,0.994987,0.00501253,3516.707,0,0,178436.9,0,1,0,1,442464.6,2,0,0.01033237152
C50L61,61,50,-1622500,-1122500,0.964923,0.03507649,5.1e-07,0.964923,0.03507649,0.964923,0.03507649,8086.053,0,0,176783.8,0,1,0,1,437464.6,2,0,0.03509445987
C51L61,61,51,-1617500,-1122500,0.847431,0.152568933,6.7e-08,0.847431,0.152568933,0.847431,0.152568933,12574.34,0,0,175257.8,0,1,0,1,432464.6,2,0,0.152568933
C52L61,61,52,-1612500,-1122500,1,0,0,1,0,1,0,16945.42,0,0,173862.3,0,1,0,1,427464.6,2,0,0.01325007128
C53L61,61,53,-1607500,-1122500,1,0,0,1,0,1,0,11989.7,0,0,172600.4,0,1,0,1,422464.6,2,0,0.004327781137
C54L61,61,54,-1602500,-1122500,1,0,0,1,0,1,0,7200.6,0,0,171475,0,1,0,1,417464.6,2,0,0.003376832971
C55L61,61,55,-1597500,-1122500,1,0,0,1,0,1,0,2957.584,0,0,170489,0,1,0,1,412464.6,2,0,0.003277908937
C56L61,61,56,-1592500,-1122500,1,0,0,1,0,1,0,975.7917,0,0,169644.6,0,1,0,1,407464.6,2,0,0.003267920058
C57L61,61,57,-1587500,-1122500,1,0,0,1,0,1,0,5374.65,0,0,168944,0,1,0,1,402464.6,2,0,0.003339700176
C58L61,61,58,-1582500,-1122500,1,0,0,1,0,1,0,10002.62,0,0,168389,0,1,0,1,397464.6,2,0,0.003413829644
C59L61,61,59,-1577500,-1122500,1,0,0,1,0,1,0,14646.59,0,0,167981.1,0,1,0,1,392464.6,2,0,0.003471615273
C60L61,61,60,-1572500,-1122500,1,0,0,1,0,1,0,18823.3,0,0,167567.4,0,1,0,1,387464.6,2,0,0.003527605444
C61L61,61,61,-1567500,-1122500,1,0,0,1,0,1,0,15882.23,0,0,166239,0,1,0,1,382464.6,2,0,0.003584469503
C62L61,61,62,-1562500,-1122500,1,0,0,1,0,1,0,10999.36,0,0,164929.9,0,1,0,1,377464.6,2,0,0.00364969267
C63L61,61,63,-1557500,-1122500,1,0,0,1,0,1,0,6302.922,0,0,163746.9,0,1,0,1,372464.6,2,0,0.003715780234
C64L61,61,64,-1552500,-1122500,0.848371,0,0.151629,0.848371,0,0.848371,0,2663.117,0,0,162708.9,0,0.8752486,0,0.8752486,367464.6,2,0,0.003207022381
C65L61,61,65,-1547500,-1122500,0.075574,0,0.924426,0.075574,0,0.075574,0,537.5573,0,0,161819,0,0.3763881,0,0.3763881,362464.6,1,0,0.0002904733639
C66L61,61,66,-1542500,-1122500,0,0,1,0,0,0,0,4546.964,0,0,161079.3,0,0.01238041,0,0.01238041,357464.6,1,0,0
C76L61,61,76,-1492500,-1122500,0.720865,0,0.279135,0.720865,0,0.720865,0,8406.663,0.7041524,0,142862.4,0,0,0,0.7041524,307464.6,1,0,0.003304958638
C77L61,61,77,-1487500,-1122500,1,0,0,1,0,1,0,5075.764,1,0,140612.6,0,0,0,1,302464.6,1,0,0.004643972368
C78L61,61,78,-1482500,-1122500,1,0,0,1,0,1,0,360.3183,0.4905555,0,138477.6,0,0,0,0.4905555,297464.6,1,0,0.00470955221
C79L61,61,79,-1477500,-1122500,1,0,0,1,0,1,0,1794.681,0.01133219,0,136492.5,0,0,0,0.01133219,292464.6,1,0,0.004775513691
C80L61,61,80,-1472500,-1122500,1,0,0,1,0,1,0,3929.155,0,0,134663.8,0,0,0,0,287464.6,1,0,0.004841629618
C81L61,61,81,-1467500,-1122500,1,0,0,1,0,1,0,1537.586,0.3025831,0,132998.1,0,0,0,0.3025831,282464.6,1,0,0.00490784463
C82L61,61,82,-1462500,-1122500,1,0,0,1,0,1,0,1548.815,0.9266092,0,131501.5,0,0,0,0.9266092,277464.6,1,0,0.004974062827
C83L61,61,83,-1457500,-1122500,1,0,0,1,0,1,0,4949.74,1,0,130148.8,0,0,0,1,272464.6,1,0,0.005040281058
C84L61,61,84,-1452500,-1122500,1,0,0,1,0,1,0,9627.492,1,0,128810.8,0,0,0,1,267464.6,1,0,0.005106501513
C85L61,61,85,-1447500,-1122500,1,0,0,1,0,1,0,13983.76,1,0,127352.8,0,0,0,1,262464.6,1,0,0.005172768486
C86L61,61,86,-1442500,-1122500,1,0,0,1,0,1,0,17805.15,1,0,125776.6,0,0,0,1,257464.6,1,0,0.005238154679
C87L61,61,87,-1437500,-1122500,1,0,0,1,0,1,0,22102.07,1,0,124203.4,0,0,0,1,252464.6,1,0,0.005289348519
C88L61,61,88,-1432500,-1122500,1,0,0,1,0,1,0,26645.44,1,0,122751.8,0,0,0,1,247464.6,1,0,0.005069862018
C89L61,61,89,-1427500,-1122500,1,0,0,1,0,1,0,22021.4,0.8565148,0,121488.7,0,0,0.6218915,1.4784063,242464.6,1,0,0.0005421953968
C90L61,61,90,-1422500,-1122500,1,0,0,1,0,1,0,17174.94,0.002662387,0,120311.6,0,0,1,1.002662387,237464.6,1,0,0
C91L61,61,91,-1417500,-1122500,1,0,0,1,0,1,0,12450.49,0,0,119074.9,0,0,1,1,232464.6,1,0,0
C92L61,61,92,-1412500,-1122500,1,0,0,1,0,1,0,8065.424,0,0,117092.5,0,0,1,1,227464.6,1,0,0
C93L61,61,93,-1407500,-1122500,1,0,0,1,0,1,0,4561.771,0,0,115110.2,0,0,1,1,222464.6,1,0,0
C94L61,61,94,-1402500,-1122500,1,0,0,1,0,1,0,307.8282,0,0,113127.8,0,0,1,1,217464.6,1,0,0
C95L61,61,95,-1397500,-1122500,1,0,0,1,0,1,0,5286.376,0,0,110676.4,0,0,1,1,212464.6,1,0,0
C96L61,61,96,-1392500,-1122500,1,0,0,1,0,1,0,10264.92,0,0,108224.5,0,0,1,1,207464.6,1,0,0
C97L61,61,97,-1387500,-1122500,1,0,0,1,0,1,0,9413.842,0,0,105772.7,0,0,1,1,202464.6,1,0,0
C98L61,61,98,-1382500,-1122500,0.996554,0.00344612,-1.2e-07,0.996554,0.00344612,0.996554,0.00344612,4501.926,0,0,103320.8,0,0,1,1,197464.6,1,0,0.00344612
C99L61,61,99,-1377500,-1122500,1,0,0,1,0,1,0,314.2903,0,0,100869,0,0,1,1,192464.6,1,0,0
C100L61,61,100,-1372500,-1122500,1,0,0,1,0,1,0,5130.506,0,0,98417.13,0,0,0.8963739,0.8963739,187464.6,1,0,0
C101L61,61,101,-1367500,-1122500,1,0,0,1,0,1,0,9666.073,0,0,95965.28,0,0,0.1569276,0.1569276,182464.6,1,0,0.004530416695
C102L61,61,102,-1362500,-1122500,1,0,0,1,0,1,0,13272.79,0,0,93549.76,0,0,0.492313,0.492313,177464.6,1,0,0.004203643322
C103L61,61,103,-1357500,-1122500,1,0,0,1,0,1,0,17147.77,0,0,91327.51,0,0,0.7273949,0.7273949,172464.6,1,0,0.003181106788
C104L61,61,104,-1352500,-1122500,1,0,0,1,0,1,0,21470.33,0,0,89330.13,0,0,0.2794872,0.2794872,167464.6,1,0,0.006449316144
C105L61,61,105,-1347500,-1122500,1,0,0,1,0,1,0,22939.87,0,0,87572.99,0,0,0.003141438,0.003141438,162464.6,1,0,0.007243832524
C106L61,61,106,-1342500,-1122500,0.989158,0.0108418,2e-07,0.989158,0.0108418,0.989158,0.0108418,21374.71,0,0,86067.49,0,0,0,0,157464.6,1,0,0.01326588566
C107L61,61,107,-1337500,-1122500,0.99718,0.00281955,4.5e-07,0.99718,0.00281955,0.99718,0.00281955,19379.76,0,0,84655.18,0,0,0,0,152464.6,1,0,0.009642110158
C108L61,61,108,-1332500,-1122500,1,0,0,1,0,1,0,17230.04,0,0,83250.26,0,0,0,0,147464.6,1,0,0.008541394182
C109L61,61,109,-1327500,-1122500,0.99906,0.00093985,1.5e-07,0.99906,0.00093985,0.99906,0.00093985,15780.43,0,0,82043.39,0,0,0,0,142464.6,1,0,0.01186101714
C110L61,61,110,-1322500,-1122500,0.96747402,0.03252555,4.3e-07,0.96747402,0.03252555,0.964923,0.03507657,12401.63,0,0,81127.26,0,0,0,0,137464.6,1,0.003,0.03481568221
C111L61,61,111,-1317500,-1122500,0.97399728,0.026002536,1.84e-07,0.96679177,0.033208046,0.954887,0.045112816,8755.884,0,0,80511.77,0,0,0,0,132464.7,1,0.019,0.0462927215
C112L61,61,112,-1312500,-1122500,0.86278174,0.13721806,2e-07,0.84805744,0.15194236,0.83208,0.1679198,5315.633,0,0,80158.6,0,0,0,0,127464.7,1,0.031,0.13721806
C113L61,61,113,-1307500,-1122500,0.90911961,0.090880148,2.42e-07,0.9021043,0.097895458,0.895089,0.104910758,781.3691,0,0,79838.17,0,0,0,0,122464.7,1,0.014,0.09930242483
C114L61,61,114,-1302500,-1122500,0.993108,0.006892226,-2.26e-07,0.993108,0.006892226,0.993108,0.006892226,2092.323,0,0,76626.65,0,0,0,0,117464.7,1,0,0.04953774383
C115L61,61,115,-1297500,-1122500,0.90465537,0.095344325,3.05e-07,0.8928569,0.107142795,0.874362,0.125637695,3480.175,0,0.5,72810.55,0,0,0,0,112464.7,1,0.03,0.095344325
C116L61,61,116,-1292500,-1122500,0.961779473,0.038220596,-6.9e-08,0.95645365,0.043546419,0.947995,0.052005069,4595.975,0,0.5,68994.45,0,0,0,0,107464.7,1,0.014,0.07635728861
C117L61,61,117,-1287500,-1122500,0.71428587,0.2857142,-7e-08,0.67059967,0.3294004,0.617666,0.38233407,8509.337,0,0.6666667,65178.51,0.7618917,0,0,0,102464.7,1,0.097,0.2857142
C118L61,61,118,-1282500,-1122500,0.69548826,0.30451148,2.6e-07,0.6629068,0.33709294,0.62218,0.37781974,8062.72,0,0.3333333,61455.17,0.7867938,0,0,0,97464.67,1,0.073,0.30451148
C119L61,61,119,-1277500,-1122500,0.95089327,0.049107101,-3.71e-07,0.9390948,0.060905571,0.928253,0.071747371,3240.226,0,0.5,57924.25,0.2219908,0,0,0,92464.67,1,0.023,0.1067679614
C120L61,61,120,-1272500,-1122500,0.81704256,0.18295731,1.3e-07,0.80513779,0.19486208,0.778822,0.22117787,586.9618,0,0.5,54493.12,0,0,0,0,87464.68,1,0.038,0.18295731
C121L61,61,121,-1267500,-1122500,0.93671642,0.063283182,3.98e-07,0.93515,0.064849602,0.93515,0.064849602,4315.348,0,0.5,51061.99,0,0,0,0,82464.68,1,0.002,0.09866227412
C122L61,61,122,-1262500,-1122500,0.93909482,0.060905553,-3.73e-07,0.92984737,0.070153003,0.915179,0.084821373,8589.969,0,1,47630.86,0.092108,0,0,0,77464.69,1,0.024,0.1180464828
C123L61,61,123,-1257500,-1122500,0.8975561,0.10244365,2.5e-07,0.89410998,0.10588977,0.891917,0.10808275,9964.949,0,1,44199.73,0.293461,0,0,0,72464.69,1,0.006,0.1821364106
C124L61,61,124,-1252500,-1122500,0.59438741,0.405612578,1.2e-08,0.58354558,0.416454408,0.569515,0.430484988,6663.404,0,1,40768.6,0.3796774,0,0,0,67464.7,1,0.025,0.405612578
C125L61,61,125,-1247500,-1122500,0.40476201,0.59523805,-6e-08,0.39630336,0.6036967,0.388158,0.61184206,2785.898,0,1,37337.47,0.5018713,0,0,0,62464.71,1,0.017,0.59523805
C126L61,61,126,-1242500,-1122500,0.42315014,0.57684979,7e-08,0.4151782,0.58482173,0.405293,0.59470693,1445.206,0,1,33906.34,0.6496213,0,0,0,57464.72,1,0.018,0.5783001715
C127L61,61,127,-1237500,-1122500,0.19736871,0.8026317,-4.1e-07,0.17763191,0.8223685,0.166667,0.83333341,6404.151,0,1,30487.02,0.7013633,0,0,0,52464.73,1,0.031,0.8026317
C128L61,61,128,-1232500,-1122500,0.23501282,0.76498712,6e-08,0.2197067,0.78029324,0.205995,0.79400494,11083.43,0,1,27070.13,0.5589819,0,0,0,47464.74,1,0.029,0.76498712
C129L61,61,129,-1227500,-1122500,0.194235283,0.80576407,6.47e-07,0.194235283,0.80576407,0.193922,0.806077353,14592.53,0,1,23653.23,0.9333847,0,0,0,42464.76,1,0,0.80576407
C130L61,61,130,-1222500,-1122500,0.20833362,0.79166652,-1.4e-07,0.1920429,0.80795724,0.178885,0.82111514,11103.84,0,0.5,20236.34,0.55694,0,0.4477084,0.4477084,37464.78,1,0.029,0.79166652
C131L61,61,131,-1217500,-1122500,0.15943931,0.8405613,-6.1e-07,0.14891631,0.8510843,0.141901,0.85809961,7989.087,0,0.5,16819.44,0,0,0.8713214,0.8713214,32464.81,1,0.018,0.8405613
C132L61,61,132,-1212500,-1122500,0.21647852,0.78352109,3.9e-07,0.21083942,0.78916019,0.209273,0.79072661,4895.501,0,0,13402.55,0,0,0.9293414,0.9293414,27464.85,1,0.007,0.78352109
C133L61,61,133,-1207500,-1122500,0.30357103,0.696428795,1.75e-07,0.29209143,0.707908395,0.285395,0.714604825,1998.319,0,0,9985.654,0.001819583,0,1,1,22464.91,1,0.018,0.696428795
C134L61,61,134,-1202500,-1122500,0.120301,0.879699546,-5.46e-07,0.120301,0.879699546,0.120301,0.879699546,1772.555,0,0,6594.27,0.1205864,0,0.6232702,0.6232702,17465,1,0,0.879699546
C135L61,61,135,-1197500,-1122500,0.06760207,0.93239777,1.6e-07,0.0656888,0.93431104,0.0656888,0.93431104,4681.671,0,0,3244.142,0,0,0.2415973,0.2415973,12465.15,1,0.002,0.93239777
C136L61,61,136,-1192500,-1122500,0.0927318,0.907267906,2.94e-07,0.0927318,0.907267906,0.0927318,0.907267906,7177.008,0,0,105.9865,0.06556979,0,0.001366325,0.001366325,7465.526,1,0,0.907267906
C137L61,61,137,-1187500,-1122500,0.010523,0.989477535,-5.35e-07,0.010523,0.989477535,0.010523,0.989477535,10150.01,0,0,3456.115,0,0,4.337813e-05,4.337813e-05,2467.404,1,0,0.989477535
C138L61,61,138,-1182500,-1122500,0.0802005,0.919799156,3.44e-07,0.0764411,0.923558556,0.0764411,0.923558556,13727.08,0,0,6806.243,0,0,0.01826151,0.01826151,2538.128,1,0.004,0.919799156
C139L61,61,139,-1177500,-1122500,0.235275283,0.76472423,4.87e-07,0.234962,0.765037513,0.234962,0.765037513,17339.86,0,0,10156.37,0,0,0,0,7536.319,1,0,0.76472423
C140L61,61,140,-1172500,-1122500,0.53954057,0.460458748,6.82e-07,0.53284414,0.467155178,0.530612,0.469387318,19172.04,0,0,13506.5,0,0,0,0,12535.95,1,0.009,0.5493968946
C141L61,61,141,-1167500,-1122500,0.26159112,0.738408789,9.1e-08,0.258145,0.741854909,0.258145,0.741854909,18954.22,0,0,16856.63,0,0,0,0,17535.8,1,0.003,0.738408789
C142L61,61,142,-1162500,-1122500,0.251276,0.74872406,-6e-08,0.251276,0.74872406,0.251276,0.74872406,19172.41,0,0,19796.28,0,0,0,0,22535.71,1,0,0.74872406
C143L61,61,143,-1157500,-1122500,0.42136594,0.57863355,5.1e-07,0.40382208,0.59617741,0.39599,0.60400949,16723.28,0,0,22077.49,0.6309988,0,0,0,27535.65,1,0.025,0.6085464887
C144L61,61,144,-1152500,-1122500,0.1603952,0.83832915,0.00127565,0.1603952,0.83832915,0.114158,0.88456635,14144.75,0,0,23512.79,0.686617,0,0,0,32535.61,1,0.046,0.83832915
C145L61,61,145,-1147500,-1122500,0.468045,0.531955283,-2.83e-07,0.468045,0.531955283,0.468045,0.531955283,9438.963,0,0,24260.54,0.9247543,0,0,0,37535.59,1,0,0.6109667376
C146L61,61,146,-1142500,-1122500,0.30102067,0.69897981,-4.8e-07,0.29272985,0.70727063,0.279337,0.72066348,5178.455,0,0,19537.74,1,0,0,0,42535.56,1,0.022,0.69897981
C147L61,61,147,-1137500,-1122500,0.2443614,0.75563925,-6.5e-07,0.2443614,0.75563925,0.240602,0.75939865,499.9983,0,0,14814.94,1,0,0,0,47535.55,1,0.004,0.75563925
C148L61,61,148,-1132500,-1122500,0.19266923,0.8073308,-3e-08,0.185777,0.81422303,0.185777,0.81422303,4453.218,0,0,10120.23,1,0,0,0,52535.53,1,0.007,0.8073308
C149L61,61,149,-1127500,-1122500,0.21364794,0.78635231,-2.5e-07,0.205676,0.79432425,0.205676,0.79432425,9411.889,0,0,5857.577,1,0,0,0,57535.52,1,0.008,0.78635231
C150L61,61,150,-1122500,-1122500,0.42669135,0.57330788,7.7e-07,0.41885927,0.58113996,0.416353,0.58364623,9961.105,0,0,1932.59,1,0,0,0,62535.51,1,0.01,0.6229567858
C151L61,61,151,-1117500,-1122500,0.0918367,0.90816356,-2.6e-07,0.0860969,0.91390336,0.0860969,0.91390336,6682.666,0,0,1992.397,1,0,0,0,67535.5,1,0.006,0.90816356
C152L61,61,152,-1112500,-1122500,0.09523811,0.904761226,6.64e-07,0.0880326,0.911966736,0.0880326,0.911966736,2968.043,0,0,5924.543,1,0,0,0,72535.5,1,0.007,0.904761226
C153L61,61,153,-1107500,-1122500,0.1938777,0.8061214,9e-07,0.185268,0.8147311,0.185268,0.8147311,660.5347,0,0,10398.46,1,0,0,0,77535.49,1,0.009,0.8061214
C154L61,61,154,-1102500,-1122500,0.25375898,0.74624057,4.5e-07,0.251566,0.74843355,0.251566,0.74843355,3216.624,0,0,15037.41,1,0,0,0,82535.48,1,0.002,0.74624057
C155L61,61,155,-1097500,-1122500,0.29272989,0.70727049,-3.8e-07,0.28316357,0.71683681,0.274235,0.72576538,7511.244,0,0,16691.66,0.9622675,0,0,0,87535.48,1,0.018,0.70727049
C156L61,61,156,-1092500,-1122500,0.42230608,0.57769372,2e-07,0.34210558,0.65789422,0.27287,0.7271298,11672.46,0,0,15361.68,0.4832048,0,0,0,92535.48,1,0.149,0.5823730038
C157L61,61,157,-1087500,-1122500,0.8677946,0.132205473,-7.3e-08,0.7778823,0.222117773,0.579261,0.420739073,15082.86,0,0,13776.62,0.9909777,0,0,0,97535.47,1,0.289,0.2864345336
C158L61,61,158,-1082500,-1122500,0.83482165,0.165178573,-2.23e-07,0.82015325,0.179846973,0.78699,0.213010223,19202.57,0,0,11610.71,1,0,0,0,102535.5,1,0.048,0.2362309887
C159L61,61,159,-1077500,-1122500,0.91102758,0.08897239,3e-08,0.9050752,0.09492477,0.875,0.12499997,21757.05,0,0,8406.702,1,0,0,0,107535.5,1,0.036,0.1501824359
C160L61,61,160,-1072500,-1122500,0.7228955,0.076211693,0.200892807,0.7228955,0.076211693,0.708546,0.090561193,23923.3,0,0,5023.432,0.7612096,0,0,0,112535.5,1,0.014,0.1123643004
C161L61,61,161,-1067500,-1122500,0.08552637,0.04981196,0.86466167,0.08208025,0.05325808,0.0811404,0.05419793,25220.07,0,0,1640.161,0.1192546,0,0,0,117535.5,1,0.004,0.04981196
C42L62,62,42,-1662500,-1127500,0.2874,0,0.7126,0.2874,0,0.2874,0,7700.596,0,0,191341.6,0,0.2916512,0,0.2916512,477492,1,0,0.0006768340698
C43L62,62,43,-1657500,-1127500,0.703247,0,0.296753,0.703247,0,0.703247,0,8950.286,0,0,190624.3,0,1,0,1,472492.3,2,0,0.001868166599
C44L62,62,44,-1652500,-1127500,1,0,0,1,0,1,0,7641.847,0,0,190035.9,0,1,0,1,467492.6,2,0,0.00275256078
C45L62,62,45,-1647500,-1127500,1,0,0,1,0,1,0,8396.65,0,0,189577.6,0,1,0,1,462492.9,2,0,0.003112706446
C46L62,62,46,-1642500,-1127500,1,0,0,1,0,1,0,10005.87,0,0,188685.9,0,1,0,1,457493.2,2,0,0.003018508056
C47L62,62,47,-1637500,-1127500,1,0,0,1,0,1,0,5412.148,0,0,186722.2,0,1,0,1,452493.5,2,0,0.003801196315
C48L62,62,48,-1632500,-1127500,0.986284,0.0137161,-1e-07,0.986284,0.0137161,0.986284,0.0137161,1188.49,0,0,184872.9,0,1,0,1,447493.9,2,0,0.0137161
C49L62,62,49,-1627500,-1127500,0.985008,0.014992,0,0.985008,0.014992,0.985008,0.014992,3764.309,0,0,183141.4,0,1,0,1,442494.2,2,0,0.0150794178
C50L62,62,50,-1622500,-1127500,1,0,0,1,0,1,0,8727.963,0,0,181531.2,0,1,0,1,437494.5,2,0,0.01337328881
C51L62,62,51,-1617500,-1127500,1,0,0,1,0,1,0,13691.62,0,0,180045.4,0,1,0,1,432494.9,2,0,0.01300562373
C52L62,62,52,-1612500,-1127500,1,0,0,1,0,1,0,18658.76,0,0,178687.3,0,1,0,1,427495.2,2,0,0.01093593693
C53L62,62,53,-1607500,-1127500,1,0,0,1,0,1,0,10793.81,0,0,177459.7,0,1,0,1,422495.6,2,0,0.003644702171
C54L62,62,54,-1602500,-1127500,1,0,0,1,0,1,0,6028.925,0,0,176365.4,0,1,0,1,417496,2,0,0.003161453561
C55L62,62,55,-1597500,-1127500,1,0,0,1,0,1,0,1703.976,0,0,175406.8,0,1,0,1,412496.3,2,0,0.003191284709
C56L62,62,56,-1592500,-1127500,1,0,0,1,0,1,0,3295.94,0,0,174586.2,0,1,0,1,407496.7,2,0,0.003253649257
C57L62,62,57,-1587500,-1127500,1,0,0,1,0,1,0,7996.44,0,0,173905.5,0,1,0,1,402497.1,2,0,0.003319016996
C58L62,62,58,-1582500,-1127500,1,0,0,1,0,1,0,12028.07,0,0,173366.5,0,1,0,1,397497.5,2,0,0.003385316172
C59L62,62,59,-1577500,-1127500,1,0,0,1,0,1,0,16068.12,0,0,172970.3,0,1,0,1,392498,2,0,0.003451388991
C60L62,62,60,-1572500,-1127500,1,0,0,1,0,1,0,14502.09,0,0,172387.7,0,1,0,1,387498.4,2,0,0.003517220382
C61L62,62,61,-1567500,-1127500,1,0,0,1,0,1,0,11987.4,0,0,171059.3,0,1,0,1,382498.8,2,0,0.003583160668
C62L62,62,62,-1562500,-1127500,1,0,0,1,0,1,0,9213.299,0,0,169774.6,0,1,0,1,377499.3,2,0,0.003649162247
C63L62,62,63,-1557500,-1127500,0.999675,0,0.000325,0.999675,0,0.999675,0,5319.6,0,0,168625.5,0,1,0,1,372499.8,2,0,0.003712429828
C64L62,62,64,-1552500,-1127500,0.198724,0,0.801276,0.198724,0,0.198724,0,792.4006,0,0,167617.8,0,0.2387638,0,0.2387638,367500.2,1,0,0.0007505770386
C76L62,62,76,-1492500,-1127500,0.70941,0,0.29059,0.70941,0,0.70941,0,4296.333,0.6658634,0,147322.9,0,0,0,0.6658634,307507.2,1,0,0.003269623872
C77L62,62,77,-1487500,-1127500,1,0,0,1,0,1,0,1404.863,0.8044228,0,145115.6,0,0,0,0.8044228,302507.9,1,0,0.004660121692
C78L62,62,78,-1482500,-1127500,1,0,0,1,0,1,0,1355.118,1.277398e-05,0,143047.9,0,0,0,1.277398e-05,297508.6,1,0,0.004715785119
C79L62,62,79,-1477500,-1127500,1,0,0,1,0,1,0,5355.487,0,0,141127,0,0,0,0,292509.4,1,0,0.004775123564
C80L62,62,80,-1472500,-1127500,1,0,0,1,0,1,0,1050.505,0,0,139359.2,0,0,0,0,287510.1,1,0,0.004841031797
C81L62,62,81,-1467500,-1127500,1,0,0,1,0,1,0,3140.69,0.4394485,0,137750.3,0,0,0,0.4394485,282511,1,0,0.004907230393
C82L62,62,82,-1462500,-1127500,1,0,0,1,0,1,0,665.9847,1,0,136305.9,0,0,0,1,277511.8,1,0,0.004973437828
C83L62,62,83,-1457500,-1127500,1,0,0,1,0,1,0,5125.11,1,0,134966.5,0,0,0,1,272512.7,1,0,0.005039644158
C84L62,62,84,-1452500,-1127500,0.999362,0,0.000638,0.999362,0,0.999362,0,8647.71,1,0,133628.5,0,0,0,1,267513.6,1,0,0.005102591856
C85L62,62,85,-1447500,-1127500,1,0,0,1,0,1,0,12536.73,1,0,132097.8,0,0,0,1,262514.5,1,0,0.005171969505
C86L62,62,86,-1442500,-1127500,1,0,0,1,0,1,0,17016.35,1,0,130521.7,0,0,0,1,257515.5,1,0,0.005234810684
C87L62,62,87,-1437500,-1127500,1,0,0,1,0,1,0,21708.15,1,0,128968.3,0,0,0,1,252516.5,1,0,0.005233186826
C88L62,62,88,-1432500,-1127500,1,0,0,1,0,1,0,24936.55,1,0,127571.1,0,0,0.02189014,1.02189014,247517.5,1,0,0.004800898867
C89L62,62,89,-1427500,-1127500,1,0,0,1,0,1,0,21497.5,0.4887014,0,126348.1,0,0,0.9325094,1.4212108,242518.6,1,0,0
C90L62,62,90,-1422500,-1127500,1,0,0,1,0,1,0,16497.84,0,0,125171.1,0,0,1,1,237519.7,1,0,0
C91L62,62,91,-1417500,-1127500,1,0,0,1,0,1,0,11498.48,0,0,123665.1,0,0,1,1,232520.9,1,0,0
C92L62,62,92,-1412500,-1127500,1,0,0,1,0,1,0,6500.095,0,0,121682.8,0,0,1,1,227522.2,1,0,0
C93L62,62,93,-1407500,-1127500,1,0,0,1,0,1,0,1512.459,0,0,119700.4,0,0,1,1,222523.5,1,0,0
C94L62,62,94,-1402500,-1127500,1,0,0,1,0,1,0,2254.69,0,0,117485.8,0,0,1,1,217524.8,1,0,0
C95L62,62,95,-1397500,-1127500,0.992208,0.00779221,-2.1e-07,0.992208,0.00779221,0.992208,0.00779221,6326.522,0,0,115033.9,0,0,1,1,212526.2,1,0,0.00779221
C96L62,62,96,-1392500,-1127500,1,0,0,1,0,1,0,10946.47,0,0,112582.1,0,0,1,1,207527.7,1,0,0
C97L62,62,97,-1387500,-1127500,1,0,0,1,0,1,0,8081.032,0,0,110130.2,0,0,1,1,202529.3,1,0,0
C98L62,62,98,-1382500,-1127500,1,0,0,1,0,1,0,3423.479,0,0,107678.4,0,0,1,1,197530.9,1,0,0
C99L62,62,99,-1377500,-1127500,1,0,0,1,0,1,0,1169.317,0,0,105226.5,0,0,1,1,192532.6,1,0,0
C100L62,62,100,-1372500,-1127500,1,0,0,1,0,1,0,6123.463,0,0,102774.7,0,0,0.7901959,0.7901959,187534.4,1,0,5.209337059e-05
C101L62,62,101,-1367500,-1127500,1,0,0,1,0,1,0,11077.78,0,0,100325.3,0,0,0.7397886,0.7397886,182536.4,1,0,0.0005964612749
C102L62,62,102,-1362500,-1127500,1,0,0,1,0,1,0,16032.09,0,0,98001.65,0,0,0.3841129,0.3841129,177538.4,1,0,0.003804236893
C103L62,62,103,-1357500,-1127500,0.98756,0.0124402,-2e-07,0.98756,0.0124402,0.98756,0.0124402,20343.62,0,0,95882.64,0,0,0.001700693,0.001700693,172540.5,1,0,0.01335483574
C104L62,62,104,-1352500,-1127500,1,0,0,1,0,1,0,21194.67,0,0,93982.12,0,0,0,0,167542.8,1,0,0.007020808939
C105L62,62,105,-1347500,-1127500,0.997448,0.00255183,1.7e-07,0.997448,0.00255183,0.997448,0.00255183,18476.61,0,0,92313.57,0,0,0,0,162545.2,1,0,0.008665660323
C106L62,62,106,-1342500,-1127500,0.999026,0.000974026,-2.6e-08,0.999026,0.000974026,0.999026,0.000974026,16544.68,0,0,90863.88,0,0,0,0,157547.7,1,0,0.00814738627
C107L62,62,107,-1337500,-1127500,1,0,0,1,0,1,0,14994.75,0,0,89451.57,0,0,0,0,152550.5,1,0,0.007980848265
C108L62,62,108,-1332500,-1127500,0.998701,0.0012987,3e-07,0.998701,0.0012987,0.998701,0.0012987,12601.92,0,0,88075.36,0,0,0,0,147553.4,1,0,0.009402451168
C109L62,62,109,-1327500,-1127500,0.99266381,0.007336527,-3.37e-07,0.989793,0.010207337,0.989793,0.010207337,11128.08,0,0,86935.51,0,0,0,0,142556.5,1,0.003,0.01973515439
C110L62,62,110,-1322500,-1127500,0.991233286,0.008766241,4.73e-07,0.99025926,0.009740267,0.980519,0.019480527,8709.537,0,0,86071.46,0,0,0,0,137559.8,1,0.011,0.02953237997
C111L62,62,111,-1317500,-1127500,0.90366875,0.096331838,-5.88e-07,0.90239283,0.097607758,0.868262,0.131738588,5596.421,0,0,85491.58,0,0,0,0,132563.4,1,0.035,0.096331838
C112L62,62,112,-1312500,-1127500,0.82615655,0.17384375,-3e-07,0.80414698,0.19585332,0.788517,0.2114833,1897.551,0,0,85148.32,0,0,0,0,127567.3,1,0.038,0.17384375
C113L62,62,113,-1307500,-1127500,0.99318186,0.00681818,-4e-08,0.99318186,0.00681818,0.986039,0.01396104,1752.03,0,0,83673.44,0,0,0,0,122571.5,1,0.007,0.04391740784
C114L62,62,114,-1302500,-1127500,0.97352461,0.026475277,1.13e-07,0.97192971,0.028070177,0.967464,0.032535887,5528.069,0,0,79857.34,0,0,0,0,117576,1,0.006,0.04700818218
C115L62,62,115,-1297500,-1127500,0.96136408,0.038636341,-4.21e-07,0.94935109,0.050649331,0.919481,0.080519421,8327.721,0,0.6666667,76041.24,0,0,0,0,112581,1,0.042,0.05973415801
C116L62,62,116,-1292500,-1127500,0.903349469,0.09665072,-1.89e-07,0.89154719,0.108452999,0.879107,0.120893189,9035.295,0,0.5,72228.86,0,0,0,0,107586.4,1,0.024,0.1015110325
C117L62,62,117,-1287500,-1127500,0.892207741,0.107792321,-6.2e-08,0.88409085,0.115909212,0.876948,0.123052062,11247.57,0,0.3333333,68523.77,0.2907766,0,0,0,102592.3,1,0.015,0.1263293133
C118L62,62,118,-1282500,-1127500,0.83891566,0.161084667,-3.27e-07,0.83604485,0.163955477,0.833812,0.166188327,6924.774,0,0.5,64992.36,0.0555406,0,0,0,97598.86,1,0.005,0.161084667
C119L62,62,119,-1277500,-1127500,0.975974,0.02402598,2e-08,0.975974,0.02402598,0.975974,0.02402598,1954.623,0,0.5,61561.19,0,0,0,0,92606.11,1,0,0.06794600575
C120L62,62,120,-1272500,-1127500,0.87272711,0.127272747,1.43e-07,0.86858038,0.131419477,0.859011,0.140988857,2425.044,0,0.5,58130.06,0,0,0,0,87614.19,1,0.014,0.127272747
C121L62,62,121,-1267500,-1127500,0.96874035,0.031259988,-3.38e-07,0.95948995,0.040510388,0.944179,0.055821338,7070.245,0,0.5,54698.93,0,0,0,0,82623.24,1,0.025,0.0678895274
C122L62,62,122,-1262500,-1127500,0.784415385,0.21558447,1.45e-07,0.754220585,0.24577927,0.744805,0.255194855,8675.791,0,0.5,51267.8,0,0,0,0,77633.46,1,0.04,0.21558447
C123L62,62,123,-1257500,-1127500,0.92344486,0.076555049,9.1e-08,0.9167463,0.083253609,0.906539,0.093460909,5918.702,0,0.5,47836.67,0,0,0,0,72645.08,1,0.017,0.1094192035
C124L62,62,124,-1252500,-1127500,0.93733802,0.062662392,-4.12e-07,0.93084451,0.069155902,0.924351,0.075649412,3042.45,0,0.5,44405.54,0,0,0,0,67658.42,1,0.013,0.1214233881
C125L62,62,125,-1247500,-1127500,0.98947387,0.010526319,-1.89e-07,0.98341326,0.016586929,0.97193,0.028070189,224.4442,0,0.5,40974.41,0,0,0,0,62673.89,1,0.018,0.1495366772
C126L62,62,126,-1242500,-1127500,0.323701,0.676299086,-8.6e-08,0.323701,0.676299086,0.323701,0.676299086,4278.836,0,1,37554.24,0,0,0,0,57692.03,1,0,0.676299086
C127L62,62,127,-1237500,-1127500,0.669218979,0.33078113,-1.09e-07,0.6689,0.331100109,0.6689,0.331100109,7878.18,0,1,34137.34,0,0,0,0,52713.61,1,0,0.3780018774
C128L62,62,128,-1232500,-1127500,0.61266236,0.38733736,2.8e-07,0.56525981,0.43473991,0.560065,0.43993472,12345.45,0,1,30720.45,0.01395223,0,0,0,47739.69,1,0.053,0.389699674
C129L62,62,129,-1227500,-1127500,0.934927829,0.06507177,4.01e-07,0.93460885,0.065390749,0.932376,0.067623599,12151.65,0,1,27303.55,0,0,0,0,42771.86,1,0.003,0.2308503049
C130L62,62,130,-1222500,-1127500,0.586603,0.4133976,-6e-07,0.586603,0.4133976,0.586603,0.4133976,7616.823,0,0.5,23886.66,0,0,0,0,37812.51,1,0,0.4376404954
C131L62,62,131,-1217500,-1127500,0.574026,0.4259746,-6e-07,0.574026,0.4259746,0.574026,0.4259746,4285.963,0,0.5,20469.76,0,0,0.00544895,0.00544895,32865.49,1,0,0.4778710372
C132L62,62,132,-1212500,-1127500,0.407337,0.59266383,-8.3e-07,0.407337,0.59266383,0.407337,0.59266383,1486.39,0,0.5,17052.87,0,0,0.1404099,0.1404099,27937.33,1,0,0.5985940059
C133L62,62,133,-1207500,-1127500,0.128247,0.871753495,-4.95e-07,0.128247,0.871753495,0.128247,0.871753495,2091.016,0,0.5,13656.09,0,0,0.2154553,0.2154553,23040.15,1,0,0.871753495
C134L62,62,134,-1202500,-1127500,0.17224873,0.82775108,1.9e-07,0.168102,0.83189781,0.168102,0.83189781,4801.888,0,0.5,10305.96,0,0,0.001975608,0.001975608,18198.96,1,0.004,0.82775108
C135L62,62,135,-1197500,-1127500,0.0571429,0.942857401,-3.01e-07,0.0571429,0.942857401,0.0571429,0.942857401,8711.403,0,0,6955.831,0,0,0,0,13474.28,1,0,0.942857401
C136L62,62,136,-1192500,-1127500,0.19585283,0.80414624,9.3e-07,0.193301,0.80669807,0.193301,0.80669807,11669.33,0,0,3605.703,0.02521223,0,0.3091509,0.3091509,9050.433,1,0.003,0.80414624
C137L62,62,137,-1187500,-1127500,0.130195,0.869804717,2.83e-07,0.130195,0.869804717,0.130195,0.869804717,14078.17,0,0,255.5749,0,0,0.6908102,0.6908102,5680.172,1,0,0.869804717
C138L62,62,138,-1182500,-1127500,0.07783098,0.922169398,-3.78e-07,0.07783098,0.922169398,0.0759171,0.924083278,17180.63,0,0,3094.553,0,0,0.03887096,0.03887096,5711.249,1,0.002,0.922169398
C139L62,62,139,-1177500,-1127500,0.0835726,0.916427879,-4.79e-07,0.0835726,0.916427879,0.0835726,0.916427879,20747.38,0,0,6444.682,0,0,0,0,9108.917,1,0,0.916427879
C140L62,62,140,-1172500,-1127500,0.27597373,0.724026421,-1.51e-07,0.273701,0.726299151,0.273701,0.726299151,20743.43,0,0,9794.81,0,0,0,0,13539.81,1,0.002,0.724026421
C141L62,62,141,-1167500,-1127500,0.17511988,0.824879819,3.01e-07,0.17511988,0.824879819,0.173206,0.826793699,17201.21,0,0,12881.28,0.0126811,0,0,0,18266.92,1,0.002,0.824879819
C142L62,62,142,-1162500,-1127500,0.31266205,0.687337451,4.99e-07,0.310714,0.689285501,0.310714,0.689285501,14542.12,0,0,15600.07,0.03348487,0,0,0,23109.18,1,0.002,0.687337451
C143L62,62,143,-1157500,-1127500,0.54098881,0.45901091,2.8e-07,0.53907493,0.46092479,0.523126,0.47687372,12238.11,0,0,17372.41,0.003616744,0,0,0,28006.94,1,0.018,0.5469150457
C144L62,62,144,-1152500,-1127500,0.24253242,0.7574673,2.8e-07,0.23311684,0.76688288,0.213961,0.78603872,10570.39,0,0,18689.33,0.7013468,0,0,0,32935.43,1,0.029,0.7574673
C145L62,62,145,-1147500,-1127500,0.51929833,0.48070217,-5e-07,0.51259977,0.48740073,0.509091,0.4909095,7580.777,0,0,20006.26,1,0,0,0,37882.67,1,0.01,0.565440659
C146L62,62,146,-1142500,-1127500,0.331169,0.66883062,3.8e-07,0.331169,0.66883062,0.331169,0.66883062,3578.687,0,0,17571.77,1,0,0,0,42842.16,1,0,0.6759097179
C147L62,62,147,-1137500,-1127500,0.20287071,0.79712902,2.7e-07,0.20287071,0.79712902,0.198405,0.80159473,609.9954,0,0,13173.24,1,0,0,0,47810.09,1,0.004,0.79712902
C148L62,62,148,-1132500,-1127500,0.34673048,0.65326948,4e-08,0.3371611,0.66283886,0.322807,0.67719296,5031.688,0,0,8450.446,1,0,0,0,52784.07,1,0.024,0.708664112
C149L62,62,149,-1127500,-1127500,0.180195,0.819804876,1.24e-07,0.180195,0.819804876,0.180195,0.819804876,9864.92,0,0,3727.647,1,0,0,0,57762.55,1,0,0.819804876
C150L62,62,150,-1122500,-1127500,0.167464,0.83253567,3.3e-07,0.167464,0.83253567,0.167464,0.83253567,6035.539,0,0,995.1516,1,0,0,0,62744.45,1,0,0.83253567
C151L62,62,151,-1117500,-1127500,0.24188353,0.7581166,-1.3e-07,0.23733808,0.76266205,0.234416,0.76558413,3367.365,0,0,5089.892,1,0,0,0,67729.02,1,0.007,0.7581166
C152L62,62,152,-1112500,-1127500,0.26953783,0.730462059,1.11e-07,0.266986,0.733013889,0.266986,0.733013889,350.196,0,0,9014.879,1,0,0,0,72715.71,1,0.003,0.7473163345
C153L62,62,153,-1107500,-1127500,0.3279221,0.672077435,4.65e-07,0.3279221,0.672077435,0.324026,0.675973535,3780.522,0,0,12939.87,1,0,0,0,77704.11,1,0.004,0.7252695762
C154L62,62,154,-1102500,-1127500,0.19330118,0.80669888,-6e-08,0.18436977,0.81563029,0.180861,0.81913906,6222.468,0,0,13201.76,1,0,0,0,82693.91,1,0.012,0.80669888
C155L62,62,155,-1097500,-1127500,0.25292251,0.74707806,-5.7e-07,0.23961081,0.76038976,0.234416,0.76558457,10113.84,0,0,11871.79,1,0,0,0,87684.87,1,0.019,0.74707806
C156L62,62,156,-1092500,-1127500,0.51291888,0.48708133,-2.1e-07,0.47017566,0.52982455,0.434769,0.56523121,14366.38,0,0,10541.81,0.9910273,0,0,0,92676.81,1,0.078,0.5496901222
C157L62,62,157,-1087500,-1127500,0.39075003,0.60925053,-5.6e-07,0.38628432,0.61371624,0.345774,0.65422656,18661,0,0,9211.834,0.2930056,0,0,0,97669.57,1,0.045,0.60925053
C158L62,62,158,-1082500,-1127500,0.564286,0.43571439,-3.9e-07,0.564286,0.43571439,0.564286,0.43571439,22132.4,0,0,7104.179,0.4397805,0,0,0,102663,1,0,0.43571439
C159L62,62,159,-1077500,-1127500,0.65901079,0.125996818,0.214992392,0.65901079,0.125996818,0.655821,0.129186608,26097.69,0,0,4725.197,0.7250072,0,0,0,107657.1,1,0.003,0.1617112259
C160L62,62,160,-1072500,-1127500,0.0454545,0.001948055,0.952597445,0.0454545,0.001948055,0.0454545,0.001948055,25593.22,0,0,1341.926,0.03777254,0,0,0,112651.7,1,0,0.00466559516
C42L63,63,42,-1662500,-1132500,0.236529,0,0.763471,0.236529,0,0.236529,0,2703.08,0,0,196281.8,0,0.2352485,0,0.2352485,477571.8,1,0,0.0005584976856
C43L63,63,43,-1657500,-1132500,0.925702,0,0.074298,0.925702,0,0.925702,0,4046.763,0,0,195582.6,0,0.995369,0,0.995369,472572.9,2,0,0.002243090539
C44L63,63,44,-1652500,-1132500,1,0,0,1,0,1,0,6672.375,0,0,195009.2,0,1,0,1,467574.1,2,0,0.002496934747
C45L63,63,45,-1647500,-1132500,1,0,0,1,0,1,0,9986.179,0,0,194562.5,0,1,0,1,462575.3,2,0,0.002561918142
C46L63,63,46,-1642500,-1132500,1,0,0,1,0,1,0,8912.502,0,0,193270.4,0,1,0,1,457576.5,2,0,0.002663899701
C47L63,63,47,-1637500,-1132500,1,0,0,1,0,1,0,4062.383,0,0,191353.7,0,1,0,1,452577.7,2,0,0.003406008941
C48L63,63,48,-1632500,-1132500,0.99812,0.0018797,3e-07,0.99812,0.0018797,0.99812,0.0018797,650.9822,0,0,189549.6,0,1,0,1,447579,2,0,0.005175311053
C49L63,63,49,-1627500,-1132500,1,0,0,1,0,1,0,5639.639,0,0,187861.2,0,1,0,1,442580.3,2,0,0.00479157734
C50L63,63,50,-1622500,-1132500,0.991709,0.00829082,1.8e-07,0.991709,0.00829082,0.991709,0.00829082,9968.573,0,0,186291.8,0,1,0,1,437581.6,2,0,0.008955505358
C51L63,63,51,-1617500,-1132500,1,0,0,1,0,1,0,14586.49,0,0,184844.3,0,1,0,1,432582.9,2,0,0.004104192571
C52L63,63,52,-1612500,-1132500,0.996811,0.00318878,2.2e-07,0.996811,0.00318878,0.996811,0.00318878,14595.22,0,0,183521.7,0,1,0,1,427584.3,2,0,0.005286685758
C53L63,63,53,-1607500,-1132500,1,0,0,1,0,1,0,9669.749,0,0,182326.7,0,1,0,1,422585.7,2,0,0.003385922322
C54L63,63,54,-1602500,-1132500,1,0,0,1,0,1,0,4889.901,0,0,181261.7,0,1,0,1,417587.2,2,0,0.003138117685
C55L63,63,55,-1597500,-1132500,1,0,0,1,0,1,0,549.2025,0,0,180329.1,0,1,0,1,412588.7,2,0,0.00318534594
C56L63,63,56,-1592500,-1132500,1,0,0,1,0,1,0,4156.2,0,0,179531,0,1,0,1,407590.2,2,0,0.003250784104
C57L63,63,57,-1587500,-1132500,1,0,0,1,0,1,0,9146.545,0,0,178869.2,0,1,0,1,402591.8,2,0,0.003316936683
C58L63,63,58,-1582500,-1132500,1,0,0,1,0,1,0,13872.14,0,0,178345.1,0,1,0,1,397593.4,2,0,0.003383105741
C59L63,63,59,-1577500,-1132500,1,0,0,1,0,1,0,11577.42,0,0,177960.1,0,1,0,1,392595,2,0,0.003449276261
C60L63,63,60,-1572500,-1132500,1,0,0,1,0,1,0,9602.124,0,0,177208,0,1,0,1,387596.7,2,0,0.003515470438
C61L63,63,61,-1567500,-1132500,1,0,0,1,0,1,0,7827.657,0,0,175880,0,1,0,1,382598.4,2,0,0.003581682987
C62L63,63,62,-1562500,-1132500,1,0,0,1,0,1,0,5693.332,0,0,174628,0,1,0,1,377600.2,2,0,0.003647739182
C63L63,63,63,-1557500,-1132500,0.689413,0,0.310587,0.689413,0,0.689413,0,2184.19,0,0,173511.1,0,0.7116517,0,0.7116517,372602,2,0,0.002557776448
C76L63,63,76,-1492500,-1132500,0.685777,0,0.314223,0.685777,0,0.685777,0,712.1217,0.3776075,0,151792.7,0,0,0,0.3776075,307631,1,0,0.0034034681
C77L63,63,77,-1487500,-1132500,0.992985,0,0.007015,0.992985,0,0.992985,0,1411.159,0.1423041,0,149650.2,0,0,0,0.1423041,302633.8,1,0,0.004861496275
C78L63,63,78,-1482500,-1132500,1,0,0,1,0,1,0,5052.567,0,0,147646,0,0,0,0,297636.6,1,0,0.004721224276
C79L63,63,79,-1477500,-1132500,1,0,0,1,0,1,0,3900.327,0,0,145785.7,0,0,0,0,292639.6,1,0,0.004773693423
C80L63,63,80,-1472500,-1132500,1,0,0,1,0,1,0,452.2247,0,0,144075.1,0,0,0,0,287642.6,1,0,0.004839281966
C81L63,63,81,-1467500,-1132500,1,0,0,1,0,1,0,4529.78,0.06904799,0,142519.4,0,0,0,0.06904799,282645.7,1,0,0.004905446282
C82L63,63,82,-1462500,-1132500,1,0,0,1,0,1,0,1200.805,0.8000129,0,141122.1,0,0,0,0.8000129,277649,1,0,0.004971620734
C83L63,63,83,-1457500,-1132500,0.993304,0,0.006696,0.993304,0,0.993304,0,1629.298,1,0,139784.1,0,0,0,1,272652.4,1,0,0.005004060709
C84L63,63,84,-1452500,-1132500,0.995927,0,0.004073,0.995927,0,0.995927,0,5899.655,1,0,138419.1,0,0,0,1,267655.9,1,0,0.005083168136
C85L63,63,85,-1447500,-1132500,1,0,0,1,0,1,0,10611.97,1,0,136842.9,0,0,0,1,262659.5,1,0,0.005169900397
C86L63,63,86,-1442500,-1132500,1,0,0,1,0,1,0,15351.69,1,0,135266.8,0,0,0,1,257663.3,1,0,0.005228968527
C87L63,63,87,-1437500,-1132500,1,0,0,1,0,1,0,20203.1,1,0,133750.5,0,0,0,1,252667.3,1,0,0.005120099944
C88L63,63,88,-1432500,-1132500,1,0,0,1,0,1,0,21870.02,0.9939393,0,132403.7,0,0,0.2869077,1.280847,247671.3,1,0,0.002874656408
C89L63,63,89,-1427500,-1132500,1,0,0,1,0,1,0,17874.72,0.1242862,0,131207.6,0,0,1,1.1242862,242675.6,1,0,0
C90L63,63,90,-1422500,-1132500,1,0,0,1,0,1,0,14515.98,0,0,130030.6,0,0,1,1,237680,1,0,0
C91L63,63,91,-1417500,-1132500,1,0,0,1,0,1,0,11272.28,0,0,128255.3,0,0,1,1,232684.7,1,0,0
C92L63,63,92,-1412500,-1132500,1,0,0,1,0,1,0,7291.474,0,0,126273,0,0,1,1,227689.5,1,0,0
C93L63,63,93,-1407500,-1132500,1,0,0,1,0,1,0,3591.683,0,0,124290.6,0,0,1,1,222694.6,1,0,0
C94L63,63,94,-1402500,-1132500,1,0,0,1,0,1,0,1282.546,0,0,121843.4,0,0,1,1,217699.8,1,0,0
C95L63,63,95,-1397500,-1132500,1,0,0,1,0,1,0,6167.809,0,0,119391.5,0,0,1,1,212705.4,1,0,0
C96L63,63,96,-1392500,-1132500,1,0,0,1,0,1,0,11130.27,0,0,116939.7,0,0,1,1,207711.2,1,0,0
C97L63,63,97,-1387500,-1132500,1,0,0,1,0,1,0,7421.08,0,0,114487.8,0,0,1,1,202717.2,1,0,0
C98L63,63,98,-1382500,-1132500,1,0,0,1,0,1,0,2453.077,0,0,112036,0,0,1,1,197723.6,1,0,0
C99L63,63,99,-1377500,-1132500,1,0,0,1,0,1,0,2514.261,0,0,109584.1,0,0,0.8965573,0.8965573,192730.4,1,0,0
C100L63,63,100,-1372500,-1132500,1,0,0,1,0,1,0,7481.599,0,0,107132.3,0,0,0.4050119,0.4050119,187737.4,1,0,0.002759326364
C101L63,63,101,-1367500,-1132500,1,0,0,1,0,1,0,12298.41,0,0,104727.9,0,0,0.1147991,0.1147991,182744.9,1,0,0.005031698643
C102L63,63,102,-1362500,-1132500,1,0,0,1,0,1,0,16965.11,0,0,102504.1,0,0,0,0,177752.8,1,0,0.006566173903
C103L63,63,103,-1357500,-1132500,1,0,0,1,0,1,0,20455.44,0,0,100480.1,0,0,0,0,172761.1,1,0,0.006858838534
C104L63,63,104,-1352500,-1132500,1,0,0,1,0,1,0,17126.07,0,0,98668.15,0,0,0,0,167770,1,0,0.00727477077
C105L63,63,105,-1347500,-1132500,1,0,0,1,0,1,0,14269.71,0,0,97080.18,0,0,0,0,162779.3,1,0,0.007789920207
C106L63,63,106,-1342500,-1132500,0.997768,0.00223214,-1.4e-07,0.997768,0.00223214,0.997768,0.00223214,11784.47,0,0,95660.27,0,0,0,0,157789.3,1,0,0.01147095384
C107L63,63,107,-1337500,-1132500,1,0,0,1,0,1,0,10219.51,0,0,94247.96,0,0,0,0,152799.9,1,0,0.01299533561
C108L63,63,108,-1332500,-1132500,1,0,0,1,0,1,0,8306.521,0,0,92918.97,0,0,0,0,147811.3,1,0,0.02044660152
C109L63,63,109,-1327500,-1132500,0.99467451,0.005325816,-3.26e-07,0.98966198,0.010338346,0.987469,0.012531326,6184.899,0,0,91839.25,0,0,0,0,142823.4,1,0.007,0.03006956876
C110L63,63,110,-1322500,-1132500,0.8753185,0.112563715,0.012117785,0.85746139,0.130420825,0.822066,0.165816215,5551.398,0,0,91021.76,0,0,0,0,137836.4,1,0.053,0.112563715
C111L63,63,111,-1317500,-1132500,0.92230575,0.07769431,-6e-08,0.90789473,0.09210533,0.877193,0.12280706,1640.106,0,0,90473.61,0,0,0,0,132850.4,1,0.045,0.0778067675
C112L63,63,112,-1312500,-1132500,0.97713027,0.02286966,7e-08,0.97180446,0.02819547,0.95802,0.04197993,457.055,0,0,90138.05,0,0,0,0,127865.5,1,0.019,0.04474092598
C113L63,63,113,-1307500,-1132500,0.94483421,0.05516581,-2e-08,0.9406888,0.05931122,0.929847,0.07015302,4824.692,0,0,86904.14,0,0,0,0,122881.8,1,0.015,0.06353330646
C114L63,63,114,-1302500,-1132500,0.8499378,0.15006256,-3.6e-07,0.8323939,0.16760646,0.817043,0.18295736,8479.036,0,0,83088.04,0,0,0,0,117899.5,1,0.033,0.15006256
C115L63,63,115,-1297500,-1132500,0.97034394,0.029655606,4.54e-07,0.96396639,0.036033156,0.962372,0.037627546,12501.98,0,0.5,79282.9,0,0,0,0,112918.8,1,0.008,0.05712849002
C116L63,63,116,-1292500,-1132500,0.97681675,0.023182959,2.91e-07,0.96647841,0.033521299,0.946115,0.053884709,11537.73,0,1,75592.83,0,0,0,0,107939.8,1,0.031,0.06139736195
C117L63,63,117,-1287500,-1132500,0.936224115,0.063775553,3.32e-07,0.93207871,0.067920958,0.920918,0.079081668,8367.615,0,0.5,72060.92,0,0,0,0,102962.9,1,0.015,0.08227850189
C118L63,63,118,-1282500,-1132500,0.99530125,0.004699242,-4.92e-07,0.99279498,0.007205512,0.990602,0.009398492,4192.044,0,0.5,68629.26,0,0,0,0,97988.34,1,0.005,0.04054482038
C119L63,63,119,-1277500,-1132500,0.99075278,0.00924745,-2.3e-07,0.99075278,0.00924745,0.987564,0.01243623,1917.378,0,1,65198.13,0,0,0,0,93016.5,1,0.003,0.04106356106
C120L63,63,120,-1272500,-1132500,1,0,0,1,0,1,0,2841.929,0,1,61767,0,0,0,0,88047.84,1,0,0.03477259083
C121L63,63,121,-1267500,-1132500,0.93765704,0.06234337,-4.1e-07,0.91541391,0.0845865,0.904449,0.09555141,7829.986,0,1,58335.87,0,0,0,0,83082.95,1,0.033,0.07798356902
C122L63,63,122,-1262500,-1132500,0.964604588,0.035395378,3.4e-08,0.964604588,0.035395378,0.953125,0.046874966,6563.351,0,0.5,54904.74,0,0,0,0,78122.53,1,0.011,0.05967218489
C123L63,63,123,-1257500,-1132500,0.92606547,0.07393471,-1.8e-07,0.9160404,0.08395978,0.912281,0.08771918,1685.015,0,0.5,51473.61,0,0,0,0,73167.51,1,0.014,0.08246818188
C124L63,63,124,-1252500,-1132500,0.91326532,0.08673466,2e-08,0.90975767,0.09024231,0.903699,0.09630098,561.5862,0,0.5,48042.48,0,0,0,0,68219.05,1,0.01,0.08786917522
C125L63,63,125,-1247500,-1132500,0.93389746,0.066102723,-1.83e-07,0.91792006,0.082080123,0.907895,0.092105183,3694.983,0,0.5,44621.45,0,0,0,0,63278.69,1,0.026,0.1092125322
C126L63,63,126,-1242500,-1132500,0.7535078,0.24649226,-6e-08,0.74904351,0.25095655,0.747768,0.25223206,7112.292,0,0.5,41204.56,0,0,0,0,58348.49,1,0.006,0.24649226
C127L63,63,127,-1237500,-1132500,0.96647834,0.033521355,3.05e-07,0.96021268,0.039787015,0.95614,0.043859695,11343.57,0,0.5,37787.66,0,0,0,0,53431.27,1,0.01,0.1226771341
C128L63,63,128,-1232500,-1132500,0.89859682,0.1014031,8e-08,0.890306,0.10969392,0.890306,0.10969392,14059.75,0,0.5,34370.77,0,0,0,0,48530.96,1,0.008,0.127889045
C129L63,63,129,-1227500,-1132500,0.92951106,0.070488746,1.94e-07,0.92481181,0.075187996,0.919486,0.080513806,9816.545,0,0.5,30953.87,0,0,0,0,43653.28,1,0.01,0.1274385962
C130L63,63,130,-1222500,-1132500,0.66259421,0.33740613,-3.4e-07,0.65977466,0.34022568,0.653509,0.34649134,5997.438,0,0.5,27536.98,0,0,0,0,38806.73,1,0.009,0.33740613
C131L63,63,131,-1217500,-1132500,0.48214257,0.51785757,-1.4e-07,0.48214257,0.51785757,0.473214,0.52678614,1206.711,0,0.5,24120.08,0,0,0,0,34004.65,1,0.009,0.51785757
C132L63,63,132,-1212500,-1132500,0.64035133,0.3596495,-8.3e-07,0.62782,0.37218083,0.62782,0.37218083,2279.945,0,0.5,20717.91,0,0,0,0,29268.94,1,0.013,0.4185666134
C133L63,63,133,-1207500,-1132500,0.31186202,0.68813765,3.3e-07,0.30452784,0.69547183,0.293686,0.70631367,5382.491,0,0.5,17367.78,0,0,0,0,24637.87,1,0.018,0.68813765
C134L63,63,134,-1202500,-1132500,0.34586505,0.654135253,-3.03e-07,0.33364705,0.666353253,0.321429,0.678571303,8596.937,0,0.3333333,14017.65,0,0,0,0,20183.62,1,0.024,0.658299974
C135L63,63,135,-1197500,-1132500,0.19961718,0.80038292,-1e-07,0.19961718,0.80038292,0.192283,0.8077171,11850.94,0,0,10667.52,0,0,0,0,16054.05,1,0.007,0.80038292
C136L63,63,136,-1192500,-1132500,0.33959855,0.66040105,4e-07,0.336779,0.6632206,0.336779,0.6632206,15650.42,0,0,7317.393,0,0,0.4767797,0.4767797,12573.25,1,0.003,0.6632436205
C137L63,63,137,-1187500,-1132500,0.27423445,0.725765723,-1.73e-07,0.26849465,0.731505523,0.264987,0.735013173,18357,0,0,3967.265,0,0,0.5913138,0.5913138,10413.48,1,0.009,0.725765723
C138L63,63,138,-1182500,-1132500,0.00689223,0.993107896,-1.26e-07,0.00689223,0.993107896,0.00689223,0.993107896,21090.97,0,0,617.1362,0,0,0,0,10430.47,1,0,0.993107896
C139L63,63,139,-1177500,-1132500,0.00532581,0.994673969,2.21e-07,0.00532581,0.994673969,0.00532581,0.994673969,21059.56,0,0,2732.992,0,0,0,0,12615.41,1,0,0.994673969
C140L63,63,140,-1172500,-1132500,0.35650551,0.643495303,-8.13e-07,0.35523,0.644770813,0.35523,0.644770813,17589.06,0,0,5966.278,0,0,0,0,16109.09,1,0.001,0.6939460454
C141L63,63,141,-1167500,-1132500,0.53696766,0.46303275,-4.1e-07,0.53446139,0.46553902,0.528509,0.47149141,13708.41,0,0,8685.071,0.2314526,0,0,0,20244.92,1,0.008,0.5582493396
C142L63,63,142,-1162500,-1132500,0.373724755,0.62627537,-1.25e-07,0.373087,0.626913125,0.373087,0.626913125,10185.31,0,0,10947.88,0.84967,0,0,0,24702.44,1,0.001,0.6476329396
C143L63,63,143,-1157500,-1132500,0.08897238,0.911027713,-9.3e-08,0.0867794,0.913220693,0.0867794,0.913220693,8170.181,0,0,12548.96,0.4038144,0,0,0,29335.38,1,0.002,0.911027713
C144L63,63,144,-1152500,-1132500,0.38265293,0.617347193,-1.23e-07,0.35873709,0.641263033,0.348533,0.651467123,5642.38,0,0,13865.88,0.7878908,0,0,0,34072.26,1,0.034,0.6502535422
C145L63,63,145,-1147500,-1132500,0.427632,0.572367916,8.4e-08,0.427632,0.572367916,0.427632,0.572367916,3642.57,0,0,15182.81,1,0,0,0,38875.09,1,0,0.6393228688
C146L63,63,146,-1142500,-1132500,0.28762804,0.71237298,-1.02e-06,0.282526,0.71747502,0.282526,0.71747502,1130.148,0,0,15185.48,1,0,0,0,43722.15,1,0.005,0.7261835757
C147L63,63,147,-1137500,-1132500,0.09868418,0.90131551,3.1e-07,0.09868418,0.90131551,0.0964912,0.90350849,2085.914,0,0,10791.67,1,0,0,0,48600.21,1,0.002,0.90131551
C148L63,63,148,-1132500,-1132500,0.11904713,0.88095213,7.4e-07,0.11904713,0.88095213,0.117794,0.88220526,5981.444,0,0,6397.853,1,0,0,0,53500.79,1,0.001,0.88095213
C149L63,63,149,-1127500,-1132500,0.31026767,0.68973259,-2.6e-07,0.304209,0.69579126,0.304209,0.69579126,8251.273,0,0,2004.038,1,0,0,0,58418.22,1,0.006,0.68973259
C150L63,63,150,-1122500,-1132500,0.31077654,0.68922302,4.4e-07,0.31077654,0.68922302,0.305764,0.69423556,3530.212,0,0,2636.85,1,0,0,0,63348.58,1,0.005,0.68922302
C151L63,63,151,-1117500,-1132500,0.37691282,0.6230864,7.8e-07,0.36670874,0.63329048,0.347895,0.65210422,1029.114,0,0,7359.648,1,0,0,0,68289.07,1,0.029,0.6472686815
C152L63,63,152,-1112500,-1132500,0.25281976,0.74718058,-3.4e-07,0.24373455,0.75626579,0.240915,0.75908534,3407.251,0,0,12082.45,1,0,0,0,73237.63,1,0.012,0.74718058
C153L63,63,153,-1107500,-1132500,0.123086928,0.87691353,-4.58e-07,0.12276805,0.877232408,0.117666,0.882334458,7136.753,0,0,10158.6,1,0,0,0,78192.74,1,0.005,0.87691353
C154L63,63,154,-1102500,-1132500,0.05952382,0.94047616,2e-08,0.05952382,0.94047616,0.0579574,0.94204258,10518.75,0,0,8381.889,1,0,0,0,83153.22,1,0.002,0.94047616
C155L63,63,155,-1097500,-1132500,0.182079453,0.817921,-4.53e-07,0.173788633,0.82621182,0.172832,0.827168453,13279.56,0,0,7051.914,1,0,0,0,88118.18,1,0.009,0.817921
C156L63,63,156,-1092500,-1132500,0.30200482,0.69799455,6.3e-07,0.2753758,0.72462357,0.244674,0.75532537,17062.31,0,0,5721.938,1,0,0,0,93086.88,1,0.057,0.69799455
C157L63,63,157,-1087500,-1132500,0.25908539,0.74091461,0,0.22211798,0.77788202,0.205514,0.794486,21222.25,0,0,4391.962,0.9058237,0,0,0,98058.76,1,0.054,0.74091461
C158L63,63,158,-1082500,-1132500,0.2235328,0.37755109,0.39891611,0.202168,0.39891589,0.191645,0.40943889,25516.13,0,0,2597.65,0.3825364,0,0,0,103033.4,1,0.032,0.37755109
C159L63,63,159,-1077500,-1132500,0.0977444,0.01221804,0.89003756,0.0977444,0.01221804,0.0977444,0.01221804,24816.5,0,0,431.7339,0,0,0,0,108010.3,1,0,0.01913596841
C42L64,64,42,-1662500,-1137500,0.468581,0,0.531419,0.468581,0,0.468581,0,2115.506,0,0,201224.9,0,0.4675362,0,0.4675362,477703.9,1,0,0.001223833266
C43L64,64,43,-1657500,-1137500,0.891883,0,0.108117,0.891883,0,0.891883,0,296.5743,0,0,200542.9,0,1,0,1,472706.4,2,0,0.0023094388
C44L64,64,44,-1652500,-1137500,1,0,0,1,0,1,0,3384.434,0,0,199983.7,0,1,0,1,467709,2,0,0.002637858062
C45L64,64,45,-1647500,-1137500,1,0,0,1,0,1,0,6018.153,0,0,199548.2,0,1,0,1,462711.6,2,0,0.002535459082
C46L64,64,46,-1642500,-1137500,1,0,0,1,0,1,0,8339.217,0,0,197875,0,1,0,1,457714.3,2,0,0.002610294594
C47L64,64,47,-1637500,-1137500,1,0,0,1,0,1,0,3643.057,0,0,196003.3,0,1,0,1,452717.1,2,0,0.002782546177
C48L64,64,48,-1632500,-1137500,1,0,0,1,0,1,0,1298.936,0,0,194242.4,0,1,0,1,447719.9,2,0,0.002919489355
C49L64,64,49,-1627500,-1137500,0.999681,0.000318979,2.1e-08,0.999681,0.000318979,0.999681,0.000318979,6238.329,0,0,192595.1,0,1,0,1,442722.8,2,0,0.003479698159
C50L64,64,50,-1622500,-1137500,1,0,0,1,0,1,0,11188.84,0,0,191064.6,0,1,0,1,437725.7,2,0,0.003304448737
C51L64,64,51,-1617500,-1137500,1,0,0,1,0,1,0,16167.45,0,0,189653.6,0,1,0,1,432728.8,2,0,0.00342574346
C52L64,64,52,-1612500,-1137500,1,0,0,1,0,1,0,14017.9,0,0,188364.7,0,1,0,1,427731.8,2,0,0.003156047485
C53L64,64,53,-1607500,-1137500,1,0,0,1,0,1,0,9018.644,0,0,187200.6,0,1,0,1,422735,2,0,0.003187498073
C54L64,64,54,-1602500,-1137500,1,0,0,1,0,1,0,4021.189,0,0,186163.5,0,1,0,1,417738.2,2,0,0.003126419436
C55L64,64,55,-1597500,-1137500,1,0,0,1,0,1,0,989.0869,0,0,185255.7,0,1,0,1,412741.6,2,0,0.003182932911
C56L64,64,56,-1592500,-1137500,1,0,0,1,0,1,0,5940.255,0,0,184478.9,0,1,0,1,407744.9,2,0,0.003248688728
C57L64,64,57,-1587500,-1137500,1,0,0,1,0,1,0,10606.01,0,0,183834.9,0,1,0,1,402748.4,2,0,0.003314849771
C58L64,64,58,-1582500,-1137500,1,0,0,1,0,1,0,11068.82,0,0,183325,0,1,0,1,397752,2,0,0.003380963961
C59L64,64,59,-1577500,-1137500,0.981818,0,0.018182,0.981818,0,0.981818,0,7663.451,0,0,182950.4,0,0.9951732,0,0.9951732,392755.7,2,0,0.003382866376
C60L64,64,60,-1572500,-1137500,0.530463,0,0.469537,0.530463,0,0.530463,0,4892.658,0,0,182028.3,0,0.5170855,0,0.5170855,387759.4,2,0,0.001862733011
C61L64,64,61,-1567500,-1137500,0.674026,0,0.325974,0.674026,0,0.674026,0,3792.052,0,0,180707.8,0,0.6734261,0,0.6734261,382763.3,2,0,0.0024128522
C62L64,64,62,-1562500,-1137500,0.244338,0,0.755662,0.244338,0,0.244338,0,808.3056,0,0,179489.5,0,0.2842058,0,0.2842058,377767.2,1,0,0.0008907983139
C63L64,64,63,-1557500,-1137500,0.0574675,0,0.9425325,0.0574675,0,0.0574675,0,91.83936,0,0,178403,0,0.07757161,0,0.07757161,372771.3,1,0,0.0002129295035
C76L64,64,76,-1492500,-1137500,0.665072,0.00414673,0.33078127,0.665072,0.00414673,0.665072,0.00414673,3880.081,0,0,156293.5,0,0,0,0,307836,1,0,0.005539191457
C77L64,64,77,-1487500,-1137500,1,0,0,1,0,1,0,6261.766,0,0,154213.5,0,0,0,0,302842.2,1,0,0.00490909735
C78L64,64,78,-1482500,-1137500,1,0,0,1,0,1,0,7136.894,0,0,152269.4,0,0,0,0,297848.5,1,0,0.004724887998
C79L64,64,79,-1477500,-1137500,1,0,0,1,0,1,0,3464.332,0,0,150466.3,0,0,0,0,292855.1,1,0,0.004770940915
C80L64,64,80,-1472500,-1137500,1,0,0,1,0,1,0,1502.493,0,0,148809.5,0,0,0,0,287861.8,1,0,0.004836381226
C81L64,64,81,-1467500,-1137500,1,0,0,1,0,1,0,6227.937,0,0,147303.8,0,0,0,0,282868.9,1,0,0.004902490522
C82L64,64,82,-1462500,-1137500,1,0,0,1,0,1,0,5196.271,0.05025358,0,145939.7,0,0,0,0.05025358,277876.1,1,0,0.00496861303
C83L64,64,83,-1457500,-1137500,0.992532,0,0.007468,0.992532,0,0.992532,0,205.485,0.9437993,0,144601.8,0,0,0,0.9437993,272883.7,1,0,0.004997130838
C84L64,64,84,-1452500,-1137500,0.999362,0,0.000638,0.999362,0,0.999362,0,4785.301,1,0,143164.1,0,0,0,1,267891.5,1,0,0.00509755675
C85L64,64,85,-1447500,-1137500,1,0,0,1,0,1,0,9776.087,1,0,141588,0,0,0,1,262899.6,1,0,0.00516586378
C86L64,64,86,-1442500,-1137500,1,0,0,1,0,1,0,14767.69,1,0,140014.3,0,0,0,1,257908.1,1,0,0.005216839649
C87L64,64,87,-1437500,-1137500,1,0,0,1,0,1,0,19762.98,1,0,138548,0,0,0,1,252916.8,1,0,0.005000005316
C88L64,64,88,-1432500,-1137500,1,0,0,1,0,1,0,19543.23,0.7477498,0,137248.3,0,0,0.6194158,1.3671656,247925.9,1,0,0.0004993111213
C89L64,64,89,-1427500,-1137500,1,0,0,1,0,1,0,15032.36,0,0,136067.1,0,0,1,1,242935.4,1,0,0
C90L64,64,90,-1422500,-1137500,1,0,0,1,0,1,0,10824.96,0,0,134827.9,0,0,1,1,237945.3,1,0,0
C91L64,64,91,-1417500,-1137500,1,0,0,1,0,1,0,7641.192,0,0,132845.6,0,0,1,1,232955.6,1,0,0
C92L64,64,92,-1412500,-1137500,1,0,0,1,0,1,0,4477.308,0,0,130863.2,0,0,1,1,227966.4,1,0,0
C93L64,64,93,-1407500,-1137500,1,0,0,1,0,1,0,804.9821,0,0,128652.8,0,0,1,1,222977.7,1,0,0
C94L64,64,94,-1402500,-1137500,1,0,0,1,0,1,0,2087.648,0,0,126200.9,0,0,1,1,217989.4,1,0,0
C95L64,64,95,-1397500,-1137500,1,0,0,1,0,1,0,6502.045,0,0,123749.1,0,0,1,1,213001.8,1,0,0
C96L64,64,96,-1392500,-1137500,1,0,0,1,0,1,0,9967.848,0,0,121297.2,0,0,1,1,208014.7,1,0,0
C97L64,64,97,-1387500,-1137500,1,0,0,1,0,1,0,5644.44,0,0,118845.4,0,0,0.9106367,0.9106367,203028.2,1,0,0
C98L64,64,98,-1382500,-1137500,1,0,0,1,0,1,0,1242.19,0,0,116393.5,0,0,0.2717224,0.2717224,198042.4,1,0,0.003573350592
C99L64,64,99,-1377500,-1137500,1,0,0,1,0,1,0,3435.986,0,0,113941.7,0,0,0.005034306,0.005034306,193057.4,1,0,0.005651589913
C100L64,64,100,-1372500,-1137500,1,0,0,1,0,1,0,8312.633,0,0,111496.8,0,0,0,0,188073.2,1,0,0.005914309731
C101L64,64,101,-1367500,-1137500,1,0,0,1,0,1,0,13189.28,0,0,109182,0,0,0,0,183089.8,1,0,0.006134556092
C102L64,64,102,-1362500,-1137500,1,0,0,1,0,1,0,18067.31,0,0,107050.7,0,0,0,0,178107.3,1,0,0.006336340548
C103L64,64,103,-1357500,-1137500,1,0,0,1,0,1,0,16764.73,0,0,105114.3,0,0,0,0,173125.9,1,0,0.006649234716
C104L64,64,104,-1352500,-1137500,1,0,0,1,0,1,0,13477.46,0,0,103383.6,0,0,0,0,168145.6,1,0,0.008129251054
C105L64,64,105,-1347500,-1137500,1,0,0,1,0,1,0,10104.51,0,0,101869,0,0,0,0,163166.4,1,0,0.01402304069
C106L64,64,106,-1342500,-1137500,0.998376351,0.00162338,2.69e-07,0.998376351,0.00162338,0.997727,0.002272731,7344.744,0,0,100456.7,0,0,0,0,158188.6,1,0.001,0.03462195428
C107L64,64,107,-1337500,-1137500,0.96076586,0.039234448,-3.08e-07,0.9448169,0.055183408,0.927592,0.072408308,5721.209,0,0,99045.88,0,0,0,0,153212.3,1,0.033,0.06712360781
C108L64,64,108,-1332500,-1137500,0.95909069,0.040909066,2.44e-07,0.95909069,0.040909066,0.945779,0.054220756,4422.378,0,0,97778.32,0,0,0,0,148237.5,1,0.013,0.07409284363
C109L64,64,109,-1327500,-1137500,0.844337819,0.15566189,2.91e-07,0.83827722,0.161722489,0.826475,0.173524709,1446.9,0,0,96752.84,0,0,0,0,143264.5,1,0.018,0.15566189
C110L64,64,110,-1322500,-1137500,0.926948081,0.073052001,-8.2e-08,0.924026,0.075974082,0.924026,0.075974082,1147.092,0,0,95977.22,0,0,0,0,138293.4,1,0.003,0.07310392109
C111L64,64,111,-1317500,-1137500,0.98022307,0.019776708,2.22e-07,0.97033471,0.029665068,0.965869,0.034130778,1468.377,0,0,95457.53,0,0,0,0,133324.5,1,0.014,0.03616909739
C112L64,64,112,-1312500,-1137500,0.98277523,0.01722488,-1.1e-07,0.97671463,0.02328548,0.970973,0.02902711,4047.155,0,0,93950.93,0,0,0,0,128358,1,0.012,0.03130468186
C113L64,64,113,-1307500,-1137500,0.94253254,0.057467555,-9.5e-08,0.93571436,0.064285735,0.922078,0.077922095,7379.144,0,0,90134.83,0,0,0,0,123394.2,1,0.02,0.05786896112
C114L64,64,114,-1302500,-1137500,0.956937959,0.043062179,-1.38e-07,0.9563,0.043700138,0.9563,0.043700138,11562.21,0,0.5,86339.72,0,0,0,0,118433.4,1,0.001,0.05590449559
C115L64,64,115,-1297500,-1137500,0.97922066,0.02077922,1.2e-07,0.97922066,0.02077922,0.953896,0.04610388,12756.22,0,0.5,82662.24,0,0,0,0,113476.1,1,0.025,0.05047084272
C116L64,64,116,-1292500,-1137500,0.82902724,0.17097285,-9e-08,0.78245625,0.21754384,0.755981,0.24401909,8227.034,0,0.5,79129.93,0,0,0,0,108522.7,1,0.073,0.17097285
C117L64,64,117,-1287500,-1137500,0.87564936,0.12435069,-5e-08,0.8467533,0.15324675,0.809091,0.19090905,4586.537,0,0.5,75697.33,0,0,0,0,103573.8,1,0.067,0.12435069
C118L64,64,118,-1282500,-1137500,0.99904298,0.000956938,8.2e-08,0.99170646,0.008293458,0.983413,0.016586918,1303.369,0,0.5,72266.2,0,0,0,0,98630.07,1,0.016,0.02571136264
C119L64,64,119,-1277500,-1137500,0.988312,0.011688312,-3.12e-07,0.988312,0.011688312,0.988312,0.011688312,1476.927,0,1,68835.07,0,0,0,0,93692.29,1,0,0.02936322994
C120L64,64,120,-1272500,-1137500,0.96076532,0.039234449,2.31e-07,0.94896308,0.051036689,0.934928,0.065071769,4537.388,0,1,65403.94,0,0,0,0,88761.47,1,0.026,0.04812310244
C121L64,64,121,-1267500,-1137500,0.95725658,0.04274323,1.9e-07,0.94545434,0.05454547,0.935247,0.06475281,9208.377,0,1,61972.81,0,0,0,0,83838.85,1,0.022,0.05233753948
C122L64,64,122,-1262500,-1137500,0.96558484,0.03441559,-4.3e-07,0.95487055,0.04512988,0.933442,0.06655843,7789.021,0,1,58541.68,0,0,0,0,78925.96,1,0.032,0.04882585528
C123L64,64,123,-1257500,-1137500,0.99840558,0.001594897,-4.77e-07,0.99521579,0.004784687,0.992026,0.007974477,3997.868,0,1,55110.55,0,0,0,0,74024.73,1,0.006,0.03164627346
C124L64,64,124,-1252500,-1137500,0.97370155,0.02629874,-2.9e-07,0.96266258,0.03733771,0.953247,0.04675329,4191.799,0,1,51688.66,0,0,0,0,69137.65,1,0.02,0.04655026871
C125L64,64,125,-1247500,-1137500,0.98054252,0.019457737,-2.57e-07,0.973206,0.026794257,0.973206,0.026794257,7093.549,0,0.5,48271.77,0,0,0,0,64267.95,1,0.007,0.04852464894
C126L64,64,126,-1242500,-1137500,1.000000026,0,-2.6e-08,1.000000026,0,0.999026,0.000974026,10546.32,0,0.5,44854.88,0,0,0,0,59419.89,1,0.001,0.04292375529
C127L64,64,127,-1237500,-1137500,0.935566539,0.064433769,-3.08e-07,0.92408329,0.075917018,0.913238,0.086762308,14066.03,0,0.5,41437.98,0,0,0,0,54599.24,1,0.022,0.08138545145
C128L64,64,128,-1232500,-1137500,0.941558175,0.058441496,3.29e-07,0.914610125,0.085389546,0.90974,0.090259671,11920.3,0,0.5,38021.09,0,0,0,0,49813.96,1,0.032,0.0723213037
C129L64,64,129,-1227500,-1137500,0.985326959,0.014673048,-7e-09,0.985326959,0.014673048,0.984689,0.015311007,7713.252,0,0.5,34604.19,0,0,0,0,45075.32,1,0.001,0.06397197324
C130L64,64,130,-1222500,-1137500,0.972886979,0.027113229,-2.08e-07,0.972886979,0.027113229,0.972568,0.027432208,2881.593,0,0.5,31187.3,0,0,0,0,40399.74,1,0,0.1372566343
C131L64,64,131,-1217500,-1137500,0.5922081,0.407792312,-4.12e-07,0.5922081,0.407792312,0.588312,0.411688412,831.789,0,0.5,27779.72,0,0,0,0,35811.91,1,0.004,0.407792312
C132L64,64,132,-1212500,-1137500,0.88867672,0.111323809,-5.29e-07,0.8813402,0.118660329,0.869219,0.130781529,4923.887,0,0.5,24429.6,0,0,0,0,31350.39,1,0.019,0.2700918437
C133L64,64,133,-1207500,-1137500,0.49675353,0.50324742,-9.5e-07,0.44870163,0.55129932,0.411364,0.58863695,9351.012,0,0.5,21079.47,0,0,0,0,27077.68,1,0.085,0.50324742
C134L64,64,134,-1202500,-1137500,0.63413049,0.36586947,4e-08,0.62456111,0.37543885,0.610526,0.38947396,12380.15,0,0.5,17729.34,0,0,0,0,23098.81,1,0.024,0.4615011418
C135L64,64,135,-1197500,-1137500,0.28863643,0.71136368,-1.1e-07,0.2837663,0.71623381,0.271104,0.72889611,15572.54,0,0.5,14379.21,0,0,0,0,19593.59,1,0.018,0.71136368
C136L64,64,136,-1192500,-1137500,0.51291834,0.48708096,7e-07,0.49377954,0.50621976,0.486762,0.5132373,18916.44,0,0.5,11029.08,0.1257884,0,0,0,16860.1,1,0.026,0.5448375339
C137L64,64,137,-1187500,-1137500,0.49220748,0.5077923,2.2e-07,0.4678568,0.53214298,0.438636,0.56136378,20162.64,0,0.3333333,7678.954,0.1890893,0,0,0,15317.21,1,0.054,0.5745177497
C138L64,64,138,-1182500,-1137500,0.175438979,0.8245618,-7.79e-07,0.175438979,0.8245618,0.17512,0.824880779,18865.65,0,0.3333333,4328.826,0.0006451415,0,0,0,15328.76,1,0,0.8245618
C139L64,64,139,-1177500,-1137500,0.015311,0.984689199,-1.99e-07,0.015311,0.984689199,0.015311,0.984689199,17443.88,0,0.5,978.6975,0,0,0,0,16891.56,1,0,0.984689199
C140L64,64,140,-1172500,-1137500,0.12045473,0.879545096,1.74e-07,0.118182,0.881817826,0.118182,0.881817826,14051.42,0,0,1770.07,0,0,0,0,19638.71,1,0.002,0.879545096
C141L64,64,141,-1167500,-1137500,0.15311052,0.84688968,-2e-07,0.145774,0.8542262,0.145774,0.8542262,10555.55,0,0,4482.892,0.4304153,0,0,0,23152.38,1,0.007,0.84688968
C142L64,64,142,-1162500,-1137500,0.39383126,0.60616909,-3.5e-07,0.371104,0.62889635,0.371104,0.62889635,6674.898,0,0,6283.265,0.2911527,0,0,0,27136.45,1,0.023,0.6421107218
C143L64,64,143,-1157500,-1137500,0.38309459,0.61690623,-8.2e-07,0.37129235,0.62870847,0.361404,0.63859682,3404.517,0,0,7725.502,0.9493961,0,0,0,31412.43,1,0.022,0.6649226029
C144L64,64,144,-1152500,-1137500,0.137662,0.86233764,3.6e-07,0.137662,0.86233764,0.137662,0.86233764,1360.384,0,0,9042.427,1,0,0,0,35876.11,1,0,0.86233764
C145L64,64,145,-1147500,-1137500,0.065390749,0.934608859,3.92e-07,0.06475279,0.935246818,0.0599681,0.940031508,1161.648,0,0,10359.35,1,0,0,0,40465.4,1,0.005,0.934608859
C146L64,64,146,-1142500,-1137500,0.15032456,0.84967486,5.8e-07,0.14512975,0.85486967,0.141883,0.85811642,1402.562,0,0,10932.27,1,0,0,0,45142.03,1,0.008,0.84967486
C147L64,64,147,-1137500,-1137500,0.1795856,0.8204149,-5e-07,0.17639581,0.82360469,0.173525,0.8264755,4622.458,0,0,8405.376,1,0,0,0,49881.43,1,0.006,0.8204149
C148L64,64,148,-1132500,-1137500,0.406699,0.593301339,-3.39e-07,0.406699,0.593301339,0.406699,0.593301339,8892.03,0,0,4011.561,1,0,0,0,54667.28,1,0,0.6484259382
C149L64,64,149,-1127500,-1137500,0.73603943,0.26396068,-1.1e-07,0.732468,0.26753211,0.732468,0.26753211,6247.719,0,0,382.2544,1,0,0,0,59488.36,1,0.004,0.4423356461
C150L64,64,150,-1122500,-1137500,0.5671448,0.43285442,7.8e-07,0.56523092,0.4347683,0.563955,0.43604422,1715.912,0,0,4776.069,1,0,0,0,64336.76,1,0.003,0.5215521277
C151L64,64,151,-1117500,-1137500,0.398051961,0.60194804,-1e-09,0.387013,0.612987001,0.387013,0.612987001,2891.477,0,0,9169.884,1,0,0,0,69206.74,1,0.011,0.6226481616
C152L64,64,152,-1112500,-1137500,0.33907465,0.6609255,-1.5e-07,0.333652,0.66634815,0.333652,0.66634815,7531.784,0,0,8893.252,1,0,0,0,74094.04,1,0.005,0.6757693538
C153L64,64,153,-1107500,-1137500,0.2922074,0.707791875,7.25e-07,0.28961,0.710389275,0.28961,0.710389275,10466.87,0,0,5986.038,1,0,0,0,78995.45,1,0.003,0.7191522254
C154L64,64,154,-1102500,-1137500,0.27559848,0.7244022,-6.8e-07,0.251994,0.74800668,0.251994,0.74800668,14069,0,0,3562.018,1,0,0,0,83908.49,1,0.024,0.7410941716
C155L64,64,155,-1097500,-1137500,0.19610393,0.803896,7e-08,0.17694809,0.82305184,0.161039,0.83896093,17297.36,0,0,2232.042,1,0,0,0,88831.24,1,0.035,0.803896
C156L64,64,156,-1092500,-1137500,0.341627,0.658374038,-1.038e-06,0.2692187,0.730782338,0.233493,0.766508038,20346.36,0,0,902.0661,1,0,0,0,93762.16,1,0.108,0.658374038
C157L64,64,157,-1087500,-1137500,0.30079771,0.38979263,0.30940966,0.2858057,0.40478464,0.249761,0.44082934,24057.22,0,0,427.9096,0.6428586,0,0,0,98700.04,1,0.051,0.38979263
C158L64,64,158,-1082500,-1137500,0.0168831,0,0.9831169,0.0168831,0,0.0168831,0,25994.39,0,0,1480.881,0.01114551,0,0,0,103643.9,1,0,0.003132761923
C42L65,65,42,-1662500,-1142500,0.434837,0,0.565163,0.434837,0,0.434837,0,6473.661,0,0,206170.7,0,0.422749,0,0.422749,477888.2,1,0,0.0011953611
C43L65,65,43,-1657500,-1142500,0.717793,0.00318878,0.27901822,0.717793,0.00318878,0.717793,0.00318878,2817.307,0,0,205505.2,0,0.779891,0,0.779891,472892.7,2,0,0.00363131226
C44L65,65,44,-1652500,-1142500,0.722118,0,0.277882,0.722118,0,0.722118,0,1009.682,0,0,204959.5,0,0.7346047,0,0.7346047,467897.3,2,0,0.001967778125
C45L65,65,45,-1647500,-1142500,0.676658,0,0.323342,0.676658,0,0.676658,0,3507.448,0,0,204432.8,0,0.6892901,0,0.6892901,462902,2,0,0.00171698114
C46L65,65,46,-1642500,-1142500,0.630639,0,0.369361,0.630639,0,0.630639,0,4840.87,0,0,202498.3,0,0.6439815,0,0.6439815,457906.7,2,0,0.001633452389
C47L65,65,47,-1637500,-1142500,0.581314,0,0.418686,0.581314,0,0.581314,0,3031.781,0,0,200669.8,0,0.5987423,0,0.5987423,452911.6,2,0,0.001547868231
C48L65,65,48,-1632500,-1142500,0.546992,0,0.453008,0.546992,0,0.546992,0,1656.479,0,0,198950.1,0,0.5535229,0,0.5535229,447916.6,2,0,0.001512743305
C49L65,65,49,-1627500,-1142500,0.504386,0,0.495614,0.504386,0,0.504386,0,6612.947,0,0,197342.2,0,0.5082444,0,0.5082444,442921.7,2,0,0.001435003783
C50L65,65,50,-1622500,-1142500,0.462372,0,0.537628,0.462372,0,0.462372,0,11606.82,0,0,195848.8,0,0.4629555,0,0.4629555,437926.9,1,0,0.00135196409
C51L65,65,51,-1617500,-1142500,0.419173,0,0.580827,0.419173,0,0.419173,0,16551.77,0,0,194472.5,0,0.4175514,0,0.4175514,432932.3,1,0,0.001240462979
C52L65,65,52,-1612500,-1142500,0.374681,0,0.625319,0.374681,0,0.374681,0,14928.2,0,0,193215.8,0,0.3722705,0,0.3722705,427937.7,1,0,0.001129006883
C53L65,65,53,-1607500,-1142500,0.330201,0,0.669799,0.330201,0,0.330201,0,10375.8,0,0,192081.1,0,0.3286573,0,0.3286573,422943.3,1,0,0.001010365348
C54L65,65,54,-1602500,-1142500,0.297513,0,0.702487,0.297513,0,0.297513,0,6516.402,0,0,191070.5,0,0.2846019,0,0.2846019,417949.1,1,0,0.0009281108609
C55L65,65,55,-1597500,-1142500,0.25094,0,0.74906,0.25094,0,0.25094,0,5222.039,0,0,190186,0,0.2400256,0,0.2400256,412954.9,1,0,0.0007980714153
C56L65,65,56,-1592500,-1142500,0.207589,0,0.792411,0.207589,0,0.207589,0,7878.826,0,0,189429.5,0,0.1954492,0,0.1954492,407960.9,1,0,0.0006738695464
C57L65,65,57,-1587500,-1142500,0.16416,0,0.83584,0.16416,0,0.16416,0,10787.56,0,0,188802.3,0,0.1508729,0,0.1508729,402967.1,1,0,0.0005437477577
C58L65,65,58,-1582500,-1142500,0.122807,0,0.877193,0.122807,0,0.122807,0,7068.834,0,0,188305.9,0,0.1065746,0,0.1065746,397973.4,1,0,0.0004148860684
C59L65,65,59,-1577500,-1142500,0.0701531,0,0.9298469,0.0701531,0,0.0701531,0,4245.147,0,0,187941.2,0,0.05167425,0,0.05167425,392979.9,1,0,0.000241456444
C76L65,65,76,-1492500,-1142500,0.640038,0,0.359962,0.640038,0,0.640038,0,5895.267,0,0,160823.8,0,0,0,0,308122.1,1,0,0.003172298512
C77L65,65,77,-1487500,-1142500,1,0,0,1,0,1,0,7534.53,0,0,158803.2,0,0,0,0,303132.9,1,0,0.00488923014
C78L65,65,78,-1482500,-1142500,1,0,0,1,0,1,0,3785.093,0,0,156915.9,0,0,0,0,298144.1,1,0,0.00471450314
C79L65,65,79,-1477500,-1142500,1,0,0,1,0,1,0,142.2615,0,0,155166.9,0,0,0,0,293155.7,1,0,0.00476685823
C80L65,65,80,-1472500,-1142500,1,0,0,1,0,1,0,1793.42,0,0,153560.8,0,0,0,0,288167.7,1,0,0.004832327722
C81L65,65,81,-1467500,-1142500,1,0,0,1,0,1,0,6333.958,0,0,152102.1,0,0,0,0,283180.1,1,0,0.004898368934
C82L65,65,82,-1462500,-1142500,1,0,0,1,0,1,0,1672.22,0.01117003,0,150757.4,0,0,0,0.01117003,278193,1,0,0.004964416263
C83L65,65,83,-1457500,-1142500,1,0,0,1,0,1,0,97.91864,0.9389286,0,149419.5,0,0,0,0.9389286,273206.3,1,0,0.005030456635
C84L65,65,84,-1452500,-1142500,1,0,0,1,0,1,0,5088.705,1,0,147909.2,0,0,0,1,268220.1,1,0,0.00509640453
C85L65,65,85,-1447500,-1142500,1,0,0,1,0,1,0,10079.49,1,0,146333.1,0,0,0,1,263234.5,1,0,0.005159100039
C86L65,65,86,-1442500,-1142500,1,0,0,1,0,1,0,15070.28,1,0,144776.9,0,0,0,1,258249.4,1,0,0.005158053939
C87L65,65,87,-1437500,-1142500,1,0,0,1,0,1,0,20061.06,1,0,143359.4,0,0,0.02100105,1.02100105,253264.9,1,0,0.004735913658
C88L65,65,88,-1432500,-1142500,1,0,0,1,0,1,0,17386,0.377274,0,142103.6,0,0,0.9309229,1.3081969,248281,1,0,0
C89L65,65,89,-1427500,-1142500,1,0,0,1,0,1,0,13042.16,0,0,140926.6,0,0,1,1,243297.8,1,0,0
C90L65,65,90,-1422500,-1142500,1,0,0,1,0,1,0,8365.34,0,0,139418.2,0,0,1,1,238315.2,1,0,0
C91L65,65,91,-1417500,-1142500,1,0,0,1,0,1,0,3854.09,0,0,137435.8,0,0,1,1,233333.5,1,0,0
C92L65,65,92,-1412500,-1142500,1,0,0,1,0,1,0,1265.607,0,0,135298.9,0,0,1,1,228352.5,1,0,0
C93L65,65,93,-1407500,-1142500,1,0,0,1,0,1,0,1617.323,0,0,132456.3,0,0,1,1,223372.4,1,0,0
C94L65,65,94,-1402500,-1142500,1,0,0,1,0,1,0,5177.619,0,0,129744.1,0,0,1,1,218393.2,1,0,0
C95L65,65,95,-1397500,-1142500,1,0,0,1,0,1,0,9147.465,0,0,127130,0,0,0.9946482,0.9946482,213414.9,1,0,0
C96L65,65,96,-1392500,-1142500,1,0,0,1,0,1,0,5945.844,0,0,124526.8,0,0,0.4556982,0.4556982,208437.7,1,0,0.002120706852
C97L65,65,97,-1387500,-1142500,1,0,0,1,0,1,0,2934.843,0,0,122036.5,0,0,0.0419535,0.0419535,203461.6,1,0,0.005259400744
C98L65,65,98,-1382500,-1142500,1,0,0,1,0,1,0,1128.504,0,0,119703.3,0,0,0,0,198486.7,1,0,0.005830133132
C99L65,65,99,-1377500,-1142500,1,0,0,1,0,1,0,5530.755,0,0,117536.7,0,0,0,0,193513.2,1,0,0.00604558766
C100L65,65,100,-1372500,-1142500,1,0,0,1,0,1,0,9933.005,0,0,115545.9,0,0,0,0,188541,1,0,0.006164115036
C101L65,65,101,-1367500,-1142500,1,0,0,1,0,1,0,14447.81,0,0,113681.4,0,0,0,0,183570.3,1,0,0.006275757385
C102L65,65,102,-1362500,-1142500,1,0,0,1,0,1,0,18523.01,0,0,111636.1,0,0,0,0,178601.2,1,0,0.006556389553
C103L65,65,103,-1357500,-1142500,1,0,0,1,0,1,0,13917.17,0,0,109780.6,0,0,0,0,173634,1,0,0.008195433061
C104L65,65,104,-1352500,-1142500,1,0,0,1,0,1,0,9709.446,0,0,108124.6,0,0,0,0,168668.6,1,0,0.01343610784
C105L65,65,105,-1347500,-1142500,0.973684366,0.026315736,-1.02e-07,0.970238246,0.029761856,0.965539,0.034461102,6697.687,0,0,106665.4,0,0,0.105882,0.105882,163705.4,1,0.008,0.03327142867
C106L65,65,106,-1342500,-1142500,0.8899873,0.11001277,-7e-08,0.88488526,0.11511481,0.854273,0.14572707,3167.266,0,0,105253.1,0,0,0.3710559,0.3710559,158744.5,1,0.036,0.11001277
C107L65,65,107,-1337500,-1142500,0.62593995,0.37406049,-4.4e-07,0.62406025,0.37594019,0.619361,0.38063944,832.7353,0,0,103859.3,0,0,0.001801543,0.001801543,153786.1,1,0.007,0.37406049
C108L65,65,108,-1332500,-1142500,0.76243627,0.23756416,-4.3e-07,0.75924749,0.24075294,0.744898,0.25510243,562.4037,0,0,102651.2,0,0,0,0,148830.5,1,0.018,0.23756416
C109L65,65,109,-1327500,-1142500,0.91040112,0.08959896,-8e-08,0.9013159,0.09868418,0.869361,0.13063908,2401.807,0,0,101674.9,0,0,0,0,143878,1,0.041,0.09020933009
C110L65,65,110,-1322500,-1142500,0.998406,0.00159439,-3.9e-07,0.998406,0.00159439,0.998406,0.00159439,3526.117,0,0,100937.1,0,0,0,0,138928.9,1,0,0.02597360959
C111L65,65,111,-1317500,-1142500,0.98715536,0.012844613,2.7e-08,0.98715536,0.012844613,0.97901,0.020989973,5312.226,0,0,100443,0,0,0,0,133983.5,1,0.008,0.02366113562
C112L65,65,112,-1312500,-1142500,0.95300733,0.04699249,1.8e-07,0.94172913,0.05827069,0.940476,0.05952382,8488.151,0,0,97181.62,0,0,0,0,129042.4,1,0.013,0.04699249
C113L65,65,113,-1307500,-1142500,0.99968131,0.000318878,-1.88e-07,0.99968131,0.000318878,0.992666,0.007334188,10956.34,0,0,93398.7,0,0,0,0,124106,1,0.007,0.01700761469
C114L65,65,114,-1302500,-1142500,0.992168,0.007832073,-7.3e-08,0.992168,0.007832073,0.992168,0.007832073,14377.97,0,0.3333333,89731.91,0,0,0,0,119174.9,1,0,0.02656753966
C115L65,65,115,-1297500,-1142500,0.92219345,0.077806103,4.47e-07,0.91772916,0.082270393,0.912946,0.087053553,11248.12,0,0.5,86199.27,0,0,0,0,114249.7,1,0.009,0.077806103
C116L65,65,116,-1292500,-1142500,0.96146626,0.038533813,-7.3e-08,0.96146626,0.038533813,0.944549,0.055451073,6303.835,0,0.5,82765.4,0,0,0,0,109331.4,1,0.017,0.05615795174
C117L65,65,117,-1287500,-1142500,0.986288,0.013711728,2.72e-07,0.986288,0.013711728,0.986288,0.013711728,1586.49,0,0.5,79334.27,0,0,0,0,104420.8,1,0,0.03810277686
C118L65,65,118,-1282500,-1142500,1,0,0,1,0,1,0,1771.323,0,0.5,75903.14,0,0,0,0,99519.18,1,0,0.02417597379
C119L65,65,119,-1277500,-1142500,1,0,0,1,0,1,0,4424.933,0,1,72472.01,0,0,0,0,94627.8,1,0,0.02634790709
C120L65,65,120,-1272500,-1142500,0.97525027,0.024749416,3.14e-07,0.96459867,0.035401016,0.958333,0.041666686,7794.029,0,1,69040.88,0,0,0,0,89748.4,1,0.017,0.04192213121
C121L65,65,121,-1267500,-1142500,0.99592699,0.00407268,3.3e-07,0.9827691,0.01723057,0.972744,0.02725567,11351.35,0,1,65609.75,0,0,0,0,84883.03,1,0.023,0.03002570983
C122L65,65,122,-1262500,-1142500,0.991389878,0.008609698,4.24e-07,0.991071,0.008928576,0.991071,0.008928576,10281.63,0,1,62178.62,0,0,0,0,80034.26,1,0,0.0286354251
C123L65,65,123,-1257500,-1142500,0.99154091,0.008458652,4.38e-07,0.98872136,0.011278202,0.980576,0.019423562,7724.963,0,1,58755.88,0,0,0,0,75205.3,1,0.011,0.02764452072
C124L65,65,124,-1252500,-1142500,0.9945789,0.005420925,1.75e-07,0.991709,0.008290825,0.991709,0.008290825,6941.872,0,1,55338.98,0,0,0,0,70400.22,1,0.003,0.02622794372
C125L65,65,125,-1247500,-1142500,0.98652836,0.013471183,4.57e-07,0.98370881,0.016290733,0.978383,0.021616543,7708.823,0,1,51922.09,0,0,0,0,65624.27,1,0.008,0.03302574603
C126L65,65,126,-1242500,-1142500,0.95822731,0.041773,-3.1e-07,0.951212,0.04878831,0.940689,0.05931131,8546.932,0,1,48505.19,0,0,0.02043831,0.02043831,60884.31,1,0.018,0.05355413027
C127L65,65,127,-1237500,-1142500,0.91290699,0.08709277,2.4e-07,0.88815761,0.11184215,0.875313,0.12468676,10675.78,0,1,45088.3,0,0,0,0,56189.44,1,0.038,0.08709277
C128L65,65,128,-1232500,-1142500,0.965242755,0.034757605,-3.6e-07,0.964605,0.03539536,0.964605,0.03539536,12594.21,0,1,41671.4,0,0,0,0,51551.98,1,0.001,0.07699862843
C129L65,65,129,-1227500,-1142500,0.98089,0.01911027,-2.7e-07,0.98089,0.01911027,0.98089,0.01911027,5761.404,0,1,38254.51,0,0,0,0,46988.95,1,0,0.08792768459
C130L65,65,130,-1222500,-1142500,0.909774,0.09022557,4.3e-07,0.909774,0.09022557,0.909774,0.09022557,770.9834,0,0.5,34841.68,0,0,0,0,42524.29,1,0,0.1791483983
C131L65,65,131,-1217500,-1142500,0.275191,0.724808388,6.12e-07,0.275191,0.724808388,0.275191,0.724808388,3198.122,0,0.5,31491.41,0,0,0,0,38192.53,1,0,0.724808388
C132L65,65,132,-1212500,-1142500,0.6162278,0.38377243,-2.3e-07,0.5363406,0.46365963,0.488095,0.51190523,7902.77,0,0.5,28141.29,0,0,0,0,34044.43,1,0.128,0.3980664884
C133L65,65,133,-1207500,-1142500,0.54623696,0.45376288,1.6e-07,0.51243592,0.48756392,0.493941,0.50605884,11658.5,0,1,24791.16,0,0,0,0,30155.88,1,0.052,0.45376288
C134L65,65,134,-1202500,-1142500,0.35244311,0.64755645,4.4e-07,0.32769373,0.67230583,0.299185,0.70081456,14927.19,0,1,21441.03,0.1175592,0,0,0,26640.78,1,0.053,0.64755645
C135L65,65,135,-1197500,-1142500,0.41517846,0.5848214,1.4e-07,0.37786981,0.62213005,0.369579,0.63042086,15653.21,0,1,18090.9,0.2485987,0,0,0,23666.12,1,0.046,0.5848214
C136L65,65,136,-1192500,-1142500,0.34774388,0.652256,1.2e-07,0.2938591,0.70614078,0.261591,0.73840888,16285.87,0,0.5,14740.77,0.7948092,0,0,0,21457.85,1,0.086,0.652256
C137L65,65,137,-1187500,-1142500,0.38807371,0.61192577,5.2e-07,0.33258897,0.66741051,0.306441,0.69355848,15341.62,0,0.3333333,11390.64,0.9838257,0,0,0,20268.03,1,0.082,0.61192577
C138L65,65,138,-1182500,-1142500,0.32268164,0.67481243,0.00250593,0.31296986,0.68452421,0.29104,0.70645407,14009.57,0,0.25,8040.516,0.06875811,0,0,0,20276.76,1,0.032,0.67481243
C139L65,65,139,-1177500,-1142500,0,1,0,0,1,0,1,13400.3,0,0.3333333,5144.932,0,0,0,0,21482.58,1,0,1
C140L65,65,140,-1172500,-1142500,0.0401786,0.959821643,-2.43e-07,0.0401786,0.959821643,0.0401786,0.959821643,10403.18,0,0.3333333,2426.139,0,0,0,0,23703.48,1,0,0.959821643
C141L65,65,141,-1167500,-1142500,0.18264364,0.81735573,6.3e-07,0.174185,0.82581437,0.174185,0.82581437,7167.911,0,0,181.7256,0.1577531,0,0,0,26687.25,1,0.008,0.81735573
C142L65,65,142,-1162500,-1142500,0.198660898,0.80133913,-2.8e-08,0.18271702,0.817283008,0.180166,0.819834028,3522.035,0,0,1585.123,0.1543816,0,0,0,30208.66,1,0.018,0.80133913
C143L65,65,143,-1157500,-1142500,0.24498746,0.75501217,3.7e-07,0.23746866,0.76253097,0.231203,0.76879663,358.6165,0,0,2902.048,0.5057095,0,0,0,34101.57,1,0.014,0.75501217
C144L65,65,144,-1152500,-1142500,0.249680878,0.750318943,1.79e-07,0.249362,0.750637821,0.249362,0.750637821,2873.908,0,0,4218.973,1,0,0,0,38252.73,1,0,0.7591978605
C145L65,65,145,-1147500,-1142500,0.19705529,0.80294517,-4.6e-07,0.18609038,0.81391008,0.180138,0.81986246,3649.58,0,0,5535.898,1,0,0,0,42586.68,1,0.017,0.80294517
C146L65,65,146,-1142500,-1142500,0.30006338,0.699935915,7.05e-07,0.2732777,0.726721595,0.259566,0.740433295,5886.876,0,0,6492.486,1,0,0,0,47052.94,1,0.04,0.7260551648
C147L65,65,147,-1137500,-1142500,0.21271925,0.78727993,8.2e-07,0.21083955,0.78915963,0.20802,0.79197918,7985.878,0,0,4114.002,1,0,0,0,51617.18,1,0.005,0.78727993
C148L65,65,148,-1132500,-1142500,0.328634566,0.67136556,-1.26e-07,0.328634566,0.67136556,0.328008,0.671992126,7754.008,0,0,1625.269,1,0,0,0,56255.55,1,0.001,0.67136556
C149L65,65,149,-1127500,-1142500,0.21045931,0.7895405,1.9e-07,0.203444,0.79655581,0.203444,0.79655581,4286.382,0,0,2768.546,1,0,0,0,60951.14,1,0.007,0.7895405
C150L65,65,150,-1122500,-1142500,0.31798263,0.68201735,2e-08,0.3148498,0.68515018,0.302945,0.69705498,95.77496,0,0,7162.361,1,0,0,0,65691.67,1,0.015,0.68201735
C151L65,65,151,-1117500,-1142500,0.296875228,0.7031255,-7.28e-07,0.289859918,0.71014081,0.284439,0.715561728,4581.111,0,0,8473.356,1,0,0,0,70468.07,1,0.012,0.7031255
C152L65,65,152,-1112500,-1142500,0.35212992,0.64786938,7e-07,0.34461112,0.65538818,0.341165,0.6588343,9443.364,0,0,5154.009,1,0,0,0,75273.52,1,0.011,0.6706376839
C153L65,65,153,-1107500,-1142500,0.27678554,0.723214335,1.25e-07,0.26849472,0.731505155,0.252232,0.747767875,14034.23,0,0,1834.662,1,0,0,0,80102.79,1,0.025,0.723214335
C154L65,65,154,-1102500,-1142500,0.33020049,0.6697996,-9e-08,0.32612781,0.67387228,0.320802,0.67919809,17526.49,0,0,942.241,1,0,0,0,84951.82,1,0.009,0.6723573005
C155L65,65,155,-1097500,-1142500,0.266581391,0.73246137,0.000957239,0.255420673,0.743622088,0.249362,0.749680761,21093.6,0,0,2587.83,1,0,0,0,89817.4,1,0.017,0.73246137
C156L65,65,156,-1092500,-1142500,0.39505044,0.39348363,0.21146593,0.36027601,0.42825806,0.343672,0.44486207,24224.5,0,0,3917.806,0.7490512,0,0,0,94696.99,1,0.051,0.3997445048
C157L65,65,157,-1087500,-1142500,0.0112782,0.006892226,0.981829574,0.0112782,0.006892226,0.0112782,0.006892226,26428.54,0,0,3364.023,0.009231045,0,0,0,99588.52,1,0,0.006892226
C76L66,66,76,-1492500,-1147500,0.592419,0,0.407581,0.592419,0,0.592419,0,4131.002,0,0,165381.2,0,0,0,0,308488.9,1,0,0.002722704663
C77L66,66,77,-1487500,-1147500,1,0,0,1,0,1,0,3422.834,0,0,163416.9,0,0,0,0,303505.7,1,0,0.004646906069
C78L66,66,78,-1482500,-1147500,0.99812,0,0.00188,0.99812,0,0.99812,0,2297.515,0,0,161583.6,0,0,0,0,298523.2,1,0,0.004693507758
C79L66,66,79,-1477500,-1147500,0.988839,0,0.011161,0.988839,0,0.988839,0,2098.531,0,0,159885.6,0,0,0,0,293541.2,1,0,0.004708315978
C80L66,66,80,-1472500,-1147500,0.999373,0,0.000627,0.999373,0,0.999373,0,6205.675,0,0,158327.4,0,0,0,0,288559.9,1,0,0.004824102204
C81L66,66,81,-1467500,-1147500,1,0,0,1,0,1,0,2330.681,0.01720554,0,156913,0,0,0,0.01720554,283579.2,1,0,0.004893083406
C82L66,66,82,-1462500,-1147500,1,0,0,1,0,1,0,1253.623,0.5763723,0,155575.1,0,0,0,0.5763723,278599.2,1,0,0.004959036533
C83L66,66,83,-1457500,-1147500,1,0,0,1,0,1,0,3191.509,1,0,154230.4,0,0,0,1,273619.9,1,0,0.005024971714
C84L66,66,84,-1452500,-1147500,1,0,0,1,0,1,0,6465.918,1,0,152654.3,0,0,0,1,268641.4,1,0,0.005090683216
C85L66,66,85,-1447500,-1147500,1,0,0,1,0,1,0,10889.8,1,0,151078.1,0,0,0,1,263663.7,1,0,0.005149590554
C86L66,66,86,-1442500,-1147500,1,0,0,1,0,1,0,15659.91,1,0,149555.1,0,0,0,1,258686.9,1,0,0.005042079632
C87L66,66,87,-1437500,-1147500,1,0,0,1,0,1,0,19521.47,0.9570272,0,147598.5,0,0,0.2844321,1.2414593,253711,1,0,0.002818583306
C88L66,66,88,-1432500,-1147500,1,0,0,1,0,1,0,15258.2,0.04977095,0,144132.5,0,0,1,1.04977095,248736.1,1,0,0
C89L66,66,89,-1427500,-1147500,1,0,0,1,0,1,0,10931.98,0,0,140758.8,0,0,1,1,243762.1,1,0,0
C90L66,66,90,-1422500,-1147500,1,0,0,1,0,1,0,6206.28,0,0,137484.2,0,0,1,1,238789.3,1,0,0
C91L66,66,91,-1417500,-1147500,1,0,0,1,0,1,0,2150.875,0,0,134315.9,0,0,1,1,233817.6,1,0,0
C92L66,66,92,-1412500,-1147500,1,0,0,1,0,1,0,2721.165,0,0,131261.7,0,0,1,1,228847.2,1,0,0
C93L66,66,93,-1407500,-1147500,1,0,0,1,0,1,0,5390.396,0,0,128329.7,0,0,1,1,223878.1,1,0,0
C94L66,66,94,-1402500,-1147500,1,0,0,1,0,1,0,8382.069,0,0,125528.3,0,0,0.7402778,0.7402778,218910.4,1,0,0.0001324561361
C95L66,66,95,-1397500,-1147500,1,0,0,1,0,1,0,7456.708,0,0,122865.2,0,0,0.2339039,0.2339039,213944.2,1,0,0.00369987153
C96L66,66,96,-1392500,-1147500,1,0,0,1,0,1,0,3169.466,0,0,120255.3,0,0,0,0,208979.6,1,0,0.005603883443
C97L66,66,97,-1387500,-1147500,1,0,0,1,0,1,0,1023.141,0,0,117682.2,0,0,0,0,204016.7,1,0,0.005857779668
C98L66,66,98,-1382500,-1147500,1,0,0,1,0,1,0,4098.162,0,0,115260.9,0,0,0,0,199055.7,1,0,0.006283833743
C99L66,66,99,-1377500,-1147500,1,0,0,1,0,1,0,7987.597,0,0,113009.2,0,0,0,0,194096.7,1,0,0.006406884489
C100L66,66,100,-1372500,-1147500,1,0,0,1,0,1,0,12303.7,0,0,110937.2,0,0,0,0,189139.8,1,0,0.006506969968
C101L66,66,101,-1367500,-1147500,1,0,0,1,0,1,0,16705.95,0,0,109055.2,0,0,0,0,184185.3,1,0,0.006548577436
C102L66,66,102,-1362500,-1147500,1,0,0,1,0,1,0,16970.4,0,0,107373.3,0,0,0,0,179233.3,1,0,0.008248621788
C103L66,66,103,-1357500,-1147500,1,0,0,1,0,1,0,12426.17,0,0,105885.9,0,0,0,0,174284.1,1,0,0.01375423881
C104L66,66,104,-1352500,-1147500,0.97066368,0.029336713,-3.93e-07,0.9674749,0.032525493,0.964605,0.035395393,7535.844,0,0,104471.7,0,0,0.006727655,0.006727655,169337.8,1,0.006,0.03558224324
C105L66,66,105,-1347500,-1147500,0.91572651,0.08427324,2.5e-07,0.90726786,0.09273189,0.887531,0.11246875,2736.863,0,0,103256.5,0,0,0.5721415,0.5721415,164394.8,1,0.028,0.08427324
C106L66,66,106,-1342500,-1147500,0.99107102,0.00892857,4.1e-07,0.99107102,0.00892857,0.98852,0.01147959,63.01254,0,0,102271.6,0,0,1,1,159455.3,1,0.003,0.03912330199
C107L66,66,107,-1337500,-1147500,0.907895,0.09210524,-2.4e-07,0.907895,0.09210524,0.907895,0.09210524,3757.697,0,0,101523.7,0,0,0.2854542,0.2854542,154519.7,1,0,0.09868992501
C108L66,66,108,-1332500,-1147500,0.87787,0.12213002,-2e-08,0.87787,0.12213002,0.87787,0.12213002,5457.245,0,0,101017.9,0,0,0,0,149588.4,1,0,0.12213002
C109L66,66,109,-1327500,-1147500,0.995614,0.00438596,4e-08,0.995614,0.00438596,0.995614,0.00438596,6545.886,0,0,100758.1,0,0,0,0,144661.9,1,0,0.03322743499
C110L66,66,110,-1322500,-1147500,0.99776802,0.002232145,-1.65e-07,0.99776802,0.002232145,0.995217,0.004783165,8501.695,0,0,100696,0,0,0,0,139740.5,1,0.003,0.01759767635
C111L66,66,111,-1317500,-1147500,0.99248102,0.007518796,1.84e-07,0.98496222,0.015037596,0.971491,0.028508816,9997.737,0,0,100650.3,0,0,0,0,134824.9,1,0.021,0.01804635261
C112L66,66,112,-1312500,-1147500,0.98809493,0.01190476,3.1e-07,0.9849621,0.01503759,0.979323,0.02067669,12115.99,0,0,100459.4,0,0,0,0,129915.8,1,0.009,0.01941276426
C113L66,66,113,-1307500,-1147500,0.990114633,0.009885215,1.52e-07,0.990114633,0.009885215,0.989158,0.010841848,15226.16,0,0,96801.78,0,0,0,0,125013.9,1,0.001,0.01730033759
C114L66,66,114,-1302500,-1147500,0.999687,0.000313283,-2.83e-07,0.999687,0.000313283,0.999687,0.000313283,11265.67,0,0,93268.88,0,0,0,0,120120.1,1,0,0.01463160053
C115L66,66,115,-1297500,-1147500,0.968431,0.031568853,1.47e-07,0.968431,0.031568853,0.968431,0.031568853,7944.429,0,0.5,89833.48,0,0,0,0,115235.3,1,0,0.03761278369
C116L66,66,116,-1292500,-1147500,0.98966195,0.010338342,-2.92e-07,0.98966195,0.010338342,0.983083,0.016917292,4567.427,0,0.5,86402.35,0,0,0,0,110360.9,1,0.007,0.02885232686
C117L66,66,117,-1287500,-1147500,0.99298436,0.007015305,3.35e-07,0.98852007,0.011479595,0.980867,0.019132665,112.182,0,1,82971.22,0,0,0,0,105498.3,1,0.012,0.02879654433
C118L66,66,118,-1282500,-1147500,0.995301,0.00469925,-2.5e-07,0.995301,0.00469925,0.995301,0.00469925,2768.418,0,1,79540.09,0,0,0,0,100649.1,1,0,0.03221226025
C119L66,66,119,-1277500,-1147500,0.93813762,0.061862233,1.47e-07,0.93112231,0.068877543,0.924107,0.075892853,7617.586,0,1,76108.96,0,0,0,0,95815.43,1,0.014,0.06390069807
C120L66,66,120,-1272500,-1147500,0.95144147,0.048558939,-4.09e-07,0.94705551,0.052944899,0.93985,0.060150409,11266.8,0,1,72677.83,0,0,0,0,90999.73,1,0.012,0.0562091982
C121L66,66,121,-1267500,-1147500,0.97650395,0.02349625,-2e-07,0.97337112,0.02662908,0.969925,0.0300752,9994.779,0,1,69246.7,0,0,0,0,86205.02,1,0.007,0.0367265097
C122L66,66,122,-1262500,-1147500,0.993304,0.00669643,-4.3e-07,0.993304,0.00669643,0.993304,0.00669643,6313.24,0,1,65823.09,0,0,0,0,81435,1,0,0.02498944021
C123L66,66,123,-1257500,-1147500,0.997494,0.002506263,-2.63e-07,0.997494,0.002506263,0.997494,0.002506263,3293.509,0,1,62406.2,0,0,0.09288251,0.09288251,76694.28,1,0,0.02185685973
C124L66,66,124,-1252500,-1147500,0.985651,0.01434949,-4.9e-07,0.985651,0.01434949,0.985651,0.01434949,1968.064,0,1,58989.3,0,0,0.07499214,0.07499214,71988.66,1,0,0.02972637005
C125L66,66,125,-1247500,-1147500,0.98652893,0.01347118,-1.1e-07,0.98182968,0.01817043,0.977757,0.02224311,2709.756,0,1,55572.41,0,0,0.2678988,0.2678988,67325.49,1,0.009,0.02985598135
C126L66,66,126,-1242500,-1147500,0.97512731,0.024872408,2.82e-07,0.97225741,0.027742308,0.968112,0.031887718,3867.563,0,1,52155.51,0,0,0.8093861,0.8093861,62714.24,1,0.007,0.03618481292
C127L66,66,127,-1237500,-1147500,0.97681736,0.023182979,-3.39e-07,0.97681736,0.023182979,0.968672,0.031328339,6629.631,0,1,48738.62,0,0,0.0005483204,0.0005483204,58167.25,1,0.008,0.04296725317
C128L66,66,128,-1232500,-1147500,0.900829,0.006058676,0.093112324,0.900829,0.006058676,0.900829,0.006058676,7603.391,0,1,45321.72,0,0,0,0,53700.87,1,0,0.05421269372
C129L66,66,129,-1227500,-1147500,0.463659,0.47681746,0.05952354,0.463659,0.47681746,0.463659,0.47681746,7542.765,0,1,41905.9,0,0,0,0,49336.98,1,0,0.47681746
C130L66,66,130,-1222500,-1147500,0.4830831,0.30043927,0.21647763,0.477444,0.30607837,0.477444,0.30607837,4928.889,0,1,38553.23,0,0,0.1927781,0.1927781,45105.34,1,0.006,0.30043927
C131L66,66,131,-1217500,-1147500,0.778061633,0.194834,0.027104367,0.777105,0.195790633,0.777105,0.195790633,6457.134,0,1,35203.1,0,0,0.4291629,0.4291629,41046.87,1,0.001,0.2742294851
C132L66,66,132,-1212500,-1147500,0.64692963,0.35306993,4.4e-07,0.63909755,0.36090201,0.636278,0.36372156,10090.01,0,1,31852.98,0,0,0,0,37218.27,1,0.011,0.4192464656
C133L66,66,133,-1207500,-1147500,0.389987,0.610013205,-2.05e-07,0.389987,0.610013205,0.389987,0.610013205,10889.15,0,1,28502.85,0,0,0,0,33697.97,1,0,0.610013205
C134L66,66,134,-1202500,-1147500,0.59461169,0.405388106,2.04e-07,0.55827077,0.441729026,0.546366,0.453633796,9931.443,0,1,25152.72,0.3143485,0,0,0,30592.6,1,0.048,0.4605705351
C135L66,66,135,-1197500,-1147500,0.54974449,0.45025512,3.9e-07,0.46492309,0.53507652,0.420918,0.57908161,10924.91,0,0.5,21802.59,0.9931257,0,0,0,28040.35,1,0.129,0.5004250269
C136L66,66,136,-1192500,-1147500,0.33834581,0.66165411,8e-08,0.3273809,0.67261902,0.285401,0.71459892,11484.6,0,0.5,18452.46,1,0,0,0,26203.35,1,0.053,0.66165411
C137L66,66,137,-1187500,-1147500,0.61479606,0.3852042,-2.6e-07,0.52200276,0.4779975,0.419643,0.58035726,10686.38,0,0,15102.33,0.9685491,0,0,0,25238.25,1,0.195,0.4499403857
C138L66,66,138,-1182500,-1147500,0.5328952,0.46710561,-8.1e-07,0.52506312,0.47493769,0.521617,0.47838381,9174.185,0,0.3333333,12059.93,0.1645928,0,0,0,25245.27,1,0.011,0.4906043901
C139L66,66,139,-1177500,-1147500,0.302005,0.697995093,-9.3e-08,0.302005,0.697995093,0.302005,0.697995093,8412.636,0,0.5,9341.14,0,0,0,0,26223.6,1,0,0.697995093
C140L66,66,140,-1172500,-1147500,0.208227,0.79177268,3.2e-07,0.208227,0.79177268,0.208227,0.79177268,6917.171,0,0.3333333,6671.122,0,0,0,0,28071.9,1,0,0.79177268
C141L66,66,141,-1167500,-1147500,0.253133,0.74686702,-2e-08,0.253133,0.74686702,0.253133,0.74686702,3487.576,0,0,4846.343,0,0,0,0,30633.08,1,0,0.74686702
C142L66,66,142,-1162500,-1147500,0.30293372,0.69706639,-1.1e-07,0.29496178,0.70503833,0.291773,0.70822711,369.1721,0,0,901.6624,0,0,0,0,33745.21,1,0.011,0.7032688232
C143L66,66,143,-1157500,-1147500,0.16635308,0.83364747,-5.5e-07,0.14285685,0.8571437,0.141917,0.85808355,3511.479,0,0,1921.406,0.1920684,0,0,0,37270.54,1,0.024,0.83364747
C144L66,66,144,-1152500,-1147500,0.27008892,0.72991072,3.6e-07,0.264668,0.73533164,0.264668,0.73533164,7392.131,0,0,604.4807,0.6138838,0,0,0,41102.89,1,0.005,0.7314197891
C145L66,66,145,-1147500,-1147500,0.219925,0.7800757,-7e-07,0.219925,0.7800757,0.219925,0.7800757,8614.901,0,0,712.4445,1,0,0,0,45164.16,1,0,0.7800757
C146L66,66,146,-1142500,-1147500,0.313776,0.68622451,-5.1e-07,0.313776,0.68622451,0.313776,0.68622451,9942.824,0,0,2029.37,1,0,0,0,49397.93,1,0,0.6909756084
C147L66,66,147,-1137500,-1147500,0.43953685,0.56046333,-1.8e-07,0.40350925,0.59649093,0.39881,0.60119018,8639.316,0,0,246.9343,1,0,0,0,53763.46,1,0.041,0.6089811673
C148L66,66,148,-1132500,-1147500,0.341165863,0.65883493,-7.93e-07,0.334900193,0.6651006,0.323622,0.676378793,4295.936,0,0,2708.41,1,0,0,0,58231.12,1,0.018,0.6663312327
C149L66,66,149,-1127500,-1147500,0.327806,0.6721944,-4e-07,0.327806,0.6721944,0.327806,0.6721944,1045.589,0,0,5377.822,1,0,0,0,62779.12,1,0,0.6734702859
C150L66,66,150,-1122500,-1147500,0.38220581,0.61779475,-5.6e-07,0.37688,0.62312056,0.37688,0.62312056,2334.451,0,0,6764.235,1,0,0,0,67391.18,1,0.005,0.6529957726
C151L66,66,151,-1117500,-1147500,0.23054881,0.76945115,4e-08,0.22672228,0.77327768,0.222258,0.77774196,6885.565,0,0,4734.113,1,0,0,0,72055.02,1,0.008,0.76945115
C152L66,66,152,-1112500,-1147500,0.14692995,0.8530698,2.5e-07,0.140351,0.85964875,0.140351,0.85964875,11267.72,0,0,1414.766,1,0,0,0,76761.19,1,0.007,0.8530698
C153L66,66,153,-1107500,-1147500,0.32493646,0.6750638,-2.6e-07,0.32174768,0.67825258,0.315689,0.68431126,15712.37,0,0,1904.581,1,0,0,0,81502.35,1,0.009,0.6750638
C154L66,66,154,-1102500,-1147500,0.328946863,0.67105222,9.17e-07,0.30513738,0.694861703,0.282581,0.717418083,20390.68,0,0,5113.301,1,0,0,0,86272.75,1,0.046,0.67105222
C155L66,66,155,-1097500,-1147500,0.51466835,0.400828443,0.084503207,0.5082908,0.407205993,0.502551,0.412945793,24586.11,0,0,7407.702,0.9158222,0,0,0,91067.79,1,0.012,0.4140616121
C156L66,66,156,-1092500,-1147500,0.0369674,0,0.9630326,0.0369674,0,0.0369674,0,26457.16,0,0,8208.928,0.0179944,0,0,0,95883.76,1,0,0.006184285952
C76L67,67,76,-1492500,-1152500,0.539075,0,0.460925,0.539075,0,0.539075,0,1164.554,0,0,169963.5,0,0,0,0,308936.2,1,0,0.002460978993
C77L67,67,77,-1487500,-1152500,1,0,0,1,0,1,0,948.8767,0,0,168052.8,0,0,0,0,303960.4,1,0,0.004624160234
C78L67,67,78,-1482500,-1152500,1,0,0,1,0,1,0,2109.882,0,0,166270.5,0,0,0,0,298985.4,1,0,0.00468941075
C79L67,67,79,-1477500,-1152500,1,0,0,1,0,1,0,4020.983,0,0,164620.9,0,0,0,0,294011.2,1,0,0.00475503073
C80L67,67,80,-1472500,-1152500,1,0,0,1,0,1,0,7948.777,0,0,163107.9,0,0,0,0,289038,1,0,0.004820792076
C81L67,67,81,-1467500,-1152500,1,0,0,1,0,1,0,2870.85,0.5634554,0,161730.7,0,0,0,0.5634554,284065.7,1,0,0.004886640265
C82L67,67,82,-1462500,-1152500,1,0,0,1,0,1,0,4105.716,1,0,160392.7,0,0,0,1,279094.4,1,0,0.004952477961
C83L67,67,83,-1457500,-1152500,1,0,0,1,0,1,0,8144.37,1,0,158203.9,0,0,0,1,274124.1,1,0,0.00501826995
C84L67,67,84,-1452500,-1152500,1,0,0,1,0,1,0,9914.598,1,0,154605.2,0,0,0,1,269154.9,1,0,0.005083047694
C85L67,67,85,-1447500,-1152500,1,0,0,1,0,1,0,13426.38,1,0,151077.1,0,0,0,1,264186.9,1,0,0.005134048437
C86L67,67,86,-1442500,-1152500,1,0,0,1,0,1,0,17587.23,1,0,147560.5,0,0,0,1,259220.2,1,0,0.004920226988
C87L67,67,87,-1437500,-1152500,1,0,0,1,0,1,0,17098.08,0.6363224,0,144043.9,0,0,0.6169402,1.2532626,254254.7,1,0,0.0004479750196
C88L67,67,88,-1432500,-1152500,1,0,0,1,0,1,0,12683.76,0,0,140527.6,0,0,1,1,249290.6,1,0,0
C89L67,67,89,-1427500,-1152500,1,0,0,1,0,1,0,8456.613,0,0,137065.2,0,0,1,1,244328,1,0,0
C90L67,67,90,-1422500,-1152500,1,0,0,1,0,1,0,4356.798,0,0,133700.2,0,0,1,1,239366.9,1,0,0
C91L67,67,91,-1417500,-1152500,1,0,0,1,0,1,0,852.6829,0,0,130440.1,0,0,1,1,234407.5,1,0,0
C92L67,67,92,-1412500,-1152500,1,0,0,1,0,1,0,4068.555,0,0,127292.9,0,0,0.8326375,0.8326375,229449.8,1,0,0
C93L67,67,93,-1407500,-1152500,1,0,0,1,0,1,0,8864.625,0,0,124267.2,0,0,0.2629915,0.2629915,224494,1,0,0.003322158008
C94L67,67,94,-1402500,-1152500,1,0,0,1,0,1,0,8020.992,0,0,121372.1,0,0,0.007395064,0.007395064,219540.3,1,0,0.005333148746
C95L67,67,95,-1397500,-1152500,1,0,0,1,0,1,0,3906.395,0,0,118617.3,0,0,0,0,214588.6,1,0,0.005622608757
C96L67,67,96,-1392500,-1152500,1,0,0,1,0,1,0,441.9187,0,0,115990.5,0,0,0,0,209639.3,1,0,0.005819802089
C97L67,67,97,-1387500,-1152500,1,0,0,1,0,1,0,3611.325,0,0,113381.2,0,0,0,0,204692.4,1,0,0.005957678128
C98L67,67,98,-1382500,-1152500,1,0,0,1,0,1,0,7938.796,0,0,110866,0,0,0,0,199748.2,1,0,0.00631386142
C99L67,67,99,-1377500,-1152500,0.992857,0.00714286,1.4e-07,0.992857,0.00714286,0.992857,0.00714286,11133.61,0,0,108523.1,0,0,0,0,194806.8,1,0,0.01031497378
C100L67,67,100,-1372500,-1152500,0.999362,0.000637959,4.1e-08,0.999362,0.000637959,0.999362,0.000637959,15014.02,0,0,106363.7,0,0,0,0,189868.5,1,0,0.007119083121
C101L67,67,101,-1367500,-1152500,1,0,0,1,0,1,0,19094.73,0,0,104399.4,0,0,0,0,184933.5,1,0,0.008116293853
C102L67,67,102,-1362500,-1152500,0.999681,0.000318979,2.1e-08,0.999681,0.000318979,0.999681,0.000318979,15395.01,0,0,102641.2,0,0,0,0,180002.1,1,0,0.01433124588
C103L67,67,103,-1357500,-1152500,0.96746381,0.032535898,2.92e-07,0.964593,0.035406708,0.964593,0.035406708,10500.74,0,0,101099.4,0,0,0.09950021,0.09950021,175074.6,1,0.003,0.03619581562
C104L67,67,104,-1352500,-1152500,0.91298706,0.08701299,-5e-08,0.90941563,0.09058442,0.897078,0.10292205,5790.064,0,0,99660.08,0,0,0.7107223,0.7107223,170151.3,1,0.016,0.08701299
C105L67,67,105,-1347500,-1152500,0.966826,0.033173838,1.62e-07,0.966826,0.033173838,0.966826,0.033173838,1665.397,0,0,98385.48,0,0,1,1,165232.6,1,0,0.033173838
C106L67,67,106,-1342500,-1152500,1,0,0,1,0,1,0,2822.191,0,0,97351.29,0,0,1,1,160319,1,0,0.01070566991
C107L67,67,107,-1337500,-1152500,0.995534,0.00446571,2.9e-07,0.995534,0.00446571,0.995534,0.00446571,7035.471,0,0,96565.23,0,0,0.6060869,0.6060869,155410.8,1,0,0.0165232174
C108L67,67,108,-1332500,-1152500,1,0,0,1,0,1,0,10013.32,0,0,96033.41,0,0,0,0,150508.7,1,0,0.01911437623
C109L67,67,109,-1327500,-1152500,0.99202548,0.007974489,3.1e-08,0.98915467,0.010845299,0.984051,0.015948969,11175.35,0,0,95760.04,0,0,0,0,145613.3,1,0.008,0.02282741309
C110L67,67,110,-1322500,-1152500,0.97370105,0.0262987,2.5e-07,0.971753,0.02824675,0.971753,0.02824675,13473.26,0,0,95696.16,0,0,0,0,140725.2,1,0.002,0.02845580712
C111L67,67,111,-1317500,-1152500,0.97097269,0.029027109,2.01e-07,0.950877,0.049122799,0.950877,0.049122799,14578.19,0,0,95650.52,0,0,0.1209362,0.1209362,135845.3,1,0.02,0.02903256648
C112L67,67,112,-1312500,-1152500,0.99266383,0.007336528,-3.58e-07,0.990112,0.009888358,0.990112,0.009888358,16474.97,0,0,95604.88,0,0,0.1853595,0.1853595,130974.4,1,0.003,0.0128165834
C113L67,67,113,-1307500,-1152500,0.999351,0.000649351,-3.51e-07,0.999351,0.000649351,0.999351,0.000649351,13707.33,0,0.5,95597.88,0,0,0,0,126113.6,1,0,0.01363001099
C114L67,67,114,-1302500,-1152500,0.993301,0.00669857,4.3e-07,0.993301,0.00669857,0.993301,0.00669857,8827.916,0,0.5,95824.9,0,0,0,0,121264.2,1,0,0.01820527765
C115L67,67,115,-1297500,-1152500,0.995779,0.00422078,2.2e-07,0.995779,0.00422078,0.995779,0.00422078,4239.484,0,0.5,93470.42,0,0,0,0,116427.5,1,0,0.01804811828
C116L67,67,116,-1292500,-1152500,0.995853,0.00414673,2.7e-07,0.995853,0.00414673,0.995853,0.00414673,874.048,0,0.5,90039.29,0,0,0,0,111605.2,1,0,0.02039714338
C117L67,67,117,-1287500,-1152500,0.95487045,0.04512987,-3.2e-07,0.950325,0.04967532,0.950325,0.04967532,1906.963,0,1,86608.16,0,0,0,0,106799.2,1,0.005,0.04803732063
C118L67,67,118,-1282500,-1152500,0.962041,0.037958539,4.61e-07,0.962041,0.037958539,0.962041,0.037958539,6413.185,0,1,83177.03,0,0,0.2861506,0.2861506,102011.9,1,0,0.04903072149
C119L67,67,119,-1277500,-1152500,0.89902555,0.100974097,3.53e-07,0.89350607,0.106493577,0.878571,0.121428647,9701.702,0,1,79745.9,0,0,0.0789075,0.0789075,97245.94,1,0.02,0.100974097
C120L67,67,120,-1272500,-1152500,0.986284,0.013716106,-1.06e-07,0.986284,0.013716106,0.986284,0.013716106,12275.9,0,1,76314.77,0,0,0,0,92504.74,1,0,0.03842317962
C121L67,67,121,-1267500,-1152500,0.992663,0.007336527,4.73e-07,0.992663,0.007336527,0.992663,0.007336527,7450.358,0,1,72890.31,0,0,0,0,87792.26,1,0,0.02832199415
C122L67,67,122,-1262500,-1152500,1,0,0,1,0,1,0,2931.142,0,1,69473.41,0,0,0,0,83113.39,1,0,0.02147565592
C123L67,67,123,-1257500,-1152500,0.98373175,0.01626793,3.2e-07,0.979904,0.02009568,0.979904,0.02009568,740.4903,0,1,66056.52,0,0,0.49195,0.49195,78474.13,1,0.004,0.02605383967
C124L67,67,124,-1252500,-1152500,0.987338,0.012662335,-3.35e-07,0.987338,0.012662335,0.987338,0.012662335,2890.731,0,1,62639.62,0,0,0.09112546,0.09112546,73881.96,1,0,0.02787622714
C125L67,67,125,-1247500,-1152500,0.970335,0.029665069,-6.9e-08,0.970335,0.029665069,0.970335,0.029665069,2289.311,0,0.5,59222.73,0,0,0.6891474,0.6891474,69346.22,1,0,0.03017103112
C126L67,67,126,-1242500,-1152500,0.99155808,0.008441562,3.58e-07,0.99155808,0.008441562,0.988636,0.011363642,312.9445,0,0.5,55805.83,0,0,1,1,64878.75,1,0.003,0.01682709939
C127L67,67,127,-1237500,-1152500,0.987240609,0.012759169,2.22e-07,0.981817959,0.018181819,0.98118,0.018819778,3474.226,0,1,52388.94,0,0,0.1535313,0.1535313,60494.67,1,0.006,0.02989890052
C128L67,67,128,-1232500,-1152500,0.991883,0.008116881,1.19e-07,0.991883,0.008116881,0.991883,0.008116881,2647.44,0,1,48972.09,0,0,2.560505e-06,2.560505e-06,56213.52,1,0,0.05365271193
C129L67,67,129,-1227500,-1152500,0.943541,0.056459299,-2.99e-07,0.943541,0.056459299,0.943541,0.056459299,3232.699,0,0.5,45615.05,0,0,0.2933718,0.2933718,52060.67,1,0,0.09181983647
C130L67,67,130,-1222500,-1152500,0.92791081,0.03126001,0.04082918,0.92791081,0.03126001,0.92504,0.03413082,4991.298,0,0.5,42264.92,0,0,0.9619507,0.9619507,48069.4,1,0.003,0.08932050376
C131L67,67,131,-1217500,-1152500,0.80324643,0.18798748,0.00876609,0.799675,0.19155891,0.799675,0.19155891,6727.323,0,1,38914.79,0,0,0.7647812,0.7647812,44283.42,1,0.004,0.2216609757
C132L67,67,132,-1212500,-1152500,0.0363636,0.962041809,0.001594591,0.0363636,0.962041809,0.0363636,0.962041809,7152.833,0,1,35564.66,0,0,0.01184724,0.01184724,40759.98,1,0,0.962041809
C133L67,67,133,-1207500,-1152500,0.35064894,0.649350456,6.04e-07,0.33636324,0.663636156,0.327597,0.672402396,6312.928,0,1,32214.54,0,0,0.08942046,0.08942046,37572.99,1,0.023,0.649350456
C134L67,67,134,-1202500,-1152500,0.483891628,0.51610795,4.22e-07,0.483253669,0.516745909,0.47815,0.521849578,4944.294,0,1,28864.41,0,0,0.3892206,0.3892206,34814.99,1,0.006,0.51610795
C135L67,67,135,-1197500,-1152500,0.60844108,0.39155848,4.4e-07,0.56850602,0.43149354,0.555519,0.44448056,6609.428,0,0.5,25514.28,0.4659847,0,0.1875672,0.1875672,32595.06,1,0.053,0.4110018914
C136L67,67,136,-1192500,-1152500,0.47591687,0.52408345,-3.2e-07,0.4507175,0.54928282,0.397767,0.60223332,6968.69,0,0,22164.15,0.9651527,0,0,0,31028.88,1,0.078,0.52408345
C137L67,67,137,-1187500,-1152500,0.64902596,0.35097409,-5e-08,0.60779228,0.39220777,0.560065,0.43993505,5713.004,0,0,18981.54,0.8841398,0,0,0,30218.3,1,0.089,0.4043632379
C138L67,67,138,-1182500,-1152500,0.79521494,0.204784799,2.61e-07,0.79043025,0.209569489,0.716746,0.283253739,4629.151,0,0.25,16256.14,0.02787757,0,0,0,30224.16,1,0.078,0.3037720698
C139L67,67,139,-1177500,-1152500,0.68740065,0.3125997,-3.5e-07,0.68740065,0.3125997,0.681978,0.31802235,3460.739,0,1,13537.35,0,0,0,0,31045.99,1,0.005,0.4419478415
C140L67,67,140,-1172500,-1152500,0.000649351,0.999350775,-1.26e-07,0.000649351,0.999350775,0.000649351,0.999350775,4596.315,0,0.3333333,11311.33,0,0,0,0,32622.2,1,0,0.999350775
C141L67,67,141,-1167500,-1152500,0.39043069,0.609569107,2.03e-07,0.39043069,0.609569107,0.385646,0.614353797,482.394,0,0,7627.727,0,0,0,0,34850.56,1,0.005,0.6685176412
C142L67,67,142,-1162500,-1152500,0.298376506,0.70162406,-5.66e-07,0.298376506,0.70162406,0.291883,0.708117566,3401.176,0,0,3173.816,0,0,0,0,37615.37,1,0.006,0.7137314504
C143L67,67,143,-1157500,-1152500,0.05358855,0.94641191,-4.6e-07,0.0497608,0.95023966,0.0497608,0.95023966,6677.912,0,0,1280.094,0,0,0,0,40807.72,1,0.004,0.94641191
C144L67,67,144,-1152500,-1152500,0.45487,0.54513018,-1.8e-07,0.45487,0.54513018,0.45487,0.54513018,10544.99,0,0,5427.935,0.0774692,0,0,0,44335.36,1,0,0.618725863
C145L67,67,145,-1147500,-1152500,0.281978,0.718022528,-5.28e-07,0.281978,0.718022528,0.281978,0.718022528,13605.65,0,0,4111.009,0.9966499,0,0,0,48124.61,1,0,0.718022528
C146L67,67,146,-1142500,-1152500,0.343831,0.65616902,-2e-08,0.343831,0.65616902,0.343831,0.65616902,9346.96,0,0,2783.594,1,0,0,0,52118.44,1,0,0.6700228666
C147L67,67,147,-1137500,-1152500,0.38117974,0.61881983,4.3e-07,0.35502344,0.64497613,0.346411,0.65358857,6094.081,0,0,1369.338,1,0,0,0,56273.31,1,0.035,0.6468604113
C148L67,67,148,-1132500,-1152500,0.36427426,0.63572549,2.5e-07,0.32248796,0.67751179,0.306539,0.69346075,2134.717,0,0,0.3757825,1,0,0,0,60556.09,1,0.058,0.656172557
C149L67,67,149,-1127500,-1152500,0.28928594,0.71071451,-4.5e-07,0.28149373,0.71850672,0.279221,0.72077945,2418.631,0,0,1277.574,1,0,0,0,64941.46,1,0.01,0.71071451
C150L67,67,150,-1122500,-1152500,0.31706521,0.6829349,-1.1e-07,0.30781481,0.6921853,0.304944,0.69505611,5752.419,0,0,1767.338,1,0,0,0,69410,1,0.012,0.6917044129
C151L67,67,151,-1117500,-1152500,0.317857405,0.68214321,-6.15e-07,0.31753273,0.682467885,0.31526,0.684740615,9305.095,0,0,215.3371,1,0,0,0,73946.61,1,0.003,0.6964573689
C152L67,67,152,-1112500,-1152500,0.176395959,0.82360463,-5.89e-07,0.175758,0.824242589,0.175758,0.824242589,13514.5,0,0,2324.477,1,0,0,0,78539.52,1,0.001,0.82360463
C153L67,67,153,-1107500,-1152500,0.43279225,0.550325,0.01688275,0.4256494,0.55746785,0.423052,0.56006525,18057.51,0,0,5643.823,0.9714772,0,0,0,83179.38,1,0.01,0.5535179731
C154L67,67,154,-1102500,-1152500,0.47464149,0.36586946,0.15948905,0.46698599,0.37352496,0.451356,0.38915495,22439.67,0,0,8963.17,0.8117659,0,0,0,87858.77,1,0.023,0.3671706064
C155L67,67,155,-1097500,-1152500,0.2025971,0.021753206,0.775649694,0.2025971,0.021753206,0.198701,0.025649306,25579.69,0,0,12041.58,0.2093891,0,0,0,92571.69,1,0.004,0.0430993137
C76L68,68,76,-1492500,-1157500,0.498434,0,0.501566,0.498434,0,0.498434,0,895.4542,0,0,174568.7,0,0,0,0,309463.6,1,0,0.002271503429
C77L68,68,77,-1487500,-1157500,1,0,0,1,0,1,0,3540.344,0,0,172708.9,0,0,0,0,304496.4,1,0,0.004616353991
C78L68,68,78,-1482500,-1157500,1,0,0,1,0,1,0,7036.717,0,0,170975.2,0,0,0,0,299530.4,1,0,0.004681846749
C79L68,68,79,-1477500,-1157500,1,0,0,1,0,1,0,8336.106,0,0,169371.4,0,0,0,0,294565.4,1,0,0.004747589404
C80L68,68,80,-1472500,-1157500,1,0,0,1,0,1,0,9909.603,0,0,166267.5,0,0,0,0,289601.7,1,0,0.004813324178
C81L68,68,81,-1467500,-1157500,1,0,0,1,0,1,0,7537.596,0.5206,0,162385.9,0,0,0,0.5206,284639.2,1,0,0.004879044917
C82L68,68,82,-1462500,-1157500,1,0,0,1,0,1,0,8088.911,1,0,158567,0,0,0,1,279678.1,1,0,0.004944747059
C83L68,68,83,-1457500,-1157500,1,0,0,1,0,1,0,11137.58,1,0,154815.3,0,0,0,1,274718.4,1,0,0.005010354017
C84L68,68,84,-1452500,-1157500,1,0,0,1,0,1,0,14298.4,1,0,151136,0,0,0,1,269760.2,1,0,0.005072836795
C85L68,68,85,-1447500,-1157500,1,0,0,1,0,1,0,16923.73,1,0,147534.3,0,0,0,1,264803.5,1,0,0.005073661557
C86L68,68,86,-1442500,-1157500,1,0,0,1,0,1,0,17804.45,1,0,144006.1,0,0,0.02013039,1.02013039,259848.5,1,0,0.004666726965
C87L68,68,87,-1437500,-1157500,1,0,0,1,0,1,0,13645.49,0.2658466,0,140489.5,0,0,0.9293179,1.1951645,254895.3,1,0,0
C88L68,68,88,-1432500,-1157500,1,0,0,1,0,1,0,10054.91,0,0,136972.9,0,0,1,1,249943.9,1,0,0
C89L68,68,89,-1427500,-1157500,1,0,0,1,0,1,0,6090.79,0,0,133456.8,0,0,0.8506243,0.8506243,244994.5,1,0,0
C90L68,68,90,-1422500,-1157500,1,0,0,1,0,1,0,1503.44,0,0,129998.4,0,0,0.2881812,0.2881812,240047.3,1,0,0.002895326767
C91L68,68,91,-1417500,-1157500,1,0,0,1,0,1,0,2140.327,0,0,126643,0,0,0.305487,0.305487,235102.2,1,0,0.002964599447
C92L68,68,92,-1412500,-1157500,1,0,0,1,0,1,0,6055.994,0,0,123399,0,0,0.00701455,0.00701455,230159.5,1,0,0.005189976938
C93L68,68,93,-1407500,-1157500,1,0,0,1,0,1,0,10102.83,0,0,120275.4,0,0,0,0,225219.3,1,0,0.005476512496
C94L68,68,94,-1402500,-1157500,1,0,0,1,0,1,0,7187.157,0,0,117281.8,0,0,0,0,220281.9,1,0,0.00566877718
C95L68,68,95,-1397500,-1157500,1,0,0,1,0,1,0,2227.894,0,0,114428.5,0,0,0,0,215347.3,1,0,0.005787123551
C96L68,68,96,-1392500,-1157500,1,0,0,1,0,1,0,2731.369,0,0,111726.3,0,0,0,0,210415.8,1,0,0.005861729017
C97L68,68,97,-1387500,-1157500,1,0,0,1,0,1,0,6572.871,0,0,109115.9,0,0.09805601,0,0.09805601,205487.6,1,0,0.005976273984
C98L68,68,98,-1382500,-1157500,1,0,0,1,0,1,0,10342.52,0,0,106524.5,0,0.7218463,0,0.7218463,200563,2,0,0.006392557158
C99L68,68,99,-1377500,-1157500,1,0,0,1,0,1,0,14785.12,0,0,104083.9,0,0.8006875,0,0.8006875,195642.2,2,0,0.006805145661
C100L68,68,100,-1372500,-1157500,1,0,0,1,0,1,0,18189.84,0,0,101830.4,0,0.4356917,0,0.4356917,190725.5,1,0,0.01019618625
C101L68,68,101,-1367500,-1157500,1,0,0,1,0,1,0,16707.35,0,0,99776.86,0,0,0,0,185813.3,1,0,0.01342997918
C102L68,68,102,-1362500,-1157500,0.97055096,0.02944858,4.6e-07,0.97055096,0.02944858,0.966165,0.03383454,13506.17,0,0,97935.74,0,0,0.289248,0.289248,180905.9,1,0.004,0.03280311668
C103L68,68,103,-1357500,-1157500,0.90162861,0.0983709,4.9e-07,0.89410981,0.1058897,0.888784,0.11121551,9626.063,0,0,96319.24,0,0,0.9471721,0.9471721,176003.7,1,0.013,0.0983709
C104L68,68,104,-1352500,-1157500,0.996173,0.003826533,4.67e-07,0.996173,0.003826533,0.996173,0.003826533,4697.129,0,0,94867.36,0,0,1,1,171107.1,1,0,0.01301568624
C105L68,68,105,-1347500,-1157500,0.998747,0.00125313,-1.3e-07,0.998747,0.00125313,0.998747,0.00125313,231.8041,0,0,93528.05,0,0,1,1,166216.7,1,0,0.005654983455
C106L68,68,106,-1342500,-1157500,0.997768,0.00223214,-1.4e-07,0.997768,0.00223214,0.997768,0.00223214,5160.738,0,0,92439.53,0,0,1,1,161333,1,0,0.002488095273
C107L68,68,107,-1337500,-1157500,0.996241,0.0037594,-4e-07,0.996241,0.0037594,0.996241,0.0037594,9504.935,0,0,91611.34,0,0,0.7691178,0.7691178,156456.7,1,0,0.004154105149
C108L68,68,108,-1332500,-1157500,1,0,0,1,0,1,0,13936.2,0,0,91050.58,0,0,0,0,151588.4,1,0,0.009137224364
C109L68,68,109,-1327500,-1157500,0.989348,0.010651625,3.75e-07,0.989348,0.010651625,0.989348,0.010651625,16028.99,0,0,90762.21,0,0,0.05623202,0.05623202,146729,1,0,0.01851171589
C110L68,68,110,-1322500,-1157500,0.93973233,0.06026784,-1.7e-07,0.93654355,0.06345662,0.930166,0.06983417,16175.22,0,0,90696.37,0,0,0.529976,0.529976,141879.4,1,0.01,0.06026784
C111L68,68,111,-1317500,-1157500,0.996554,0.003446113,-1.13e-07,0.996554,0.003446113,0.996554,0.003446113,14802.62,0,0,90650.73,0,0,0.9674125,0.9674125,137040.6,1,0,0.007945659877
C112L68,68,112,-1312500,-1157500,1,0,0,1,0,1,0,13699.08,0,0,90605.09,0,0,0.9424353,0.9424353,132213.7,1,0,0.002283440752
C113L68,68,113,-1307500,-1157500,1,0,0,1,0,1,0,11431.78,0,0.5,90598.87,0,0,0.1676861,0.1676861,127400.3,1,0,0.01081134523
C114L68,68,114,-1302500,-1157500,1,0,0,1,0,1,0,7532.326,0,1,90838.38,0,0,0,0,122601.7,1,0,0.01663745571
C115L68,68,115,-1297500,-1157500,0.99649192,0.00350765,4.3e-07,0.99649192,0.00350765,0.991071,0.00892857,3520.495,0,0.5,91351.34,0,0,0,0,117819.9,1,0.005,0.0156967062
C116L68,68,116,-1292500,-1157500,0.98684237,0.013157896,-2.66e-07,0.98684237,0.013157896,0.978697,0.021303266,1230.133,0,0.5,92133.18,0,0,0,0,113057,1,0.008,0.02302690252
C117L68,68,117,-1287500,-1157500,0.996492,0.003507653,3.47e-07,0.996492,0.003507653,0.996492,0.003507653,6067.201,0,1,90245.1,0,0,0.1248226,0.1248226,108315.5,1,0,0.02422365219
C118L68,68,118,-1282500,-1157500,0.97180468,0.028195433,-1.13e-07,0.97180468,0.028195433,0.967732,0.032268113,8974.571,0,0.5,86813.97,0,0,0.8847562,0.8847562,103598.2,1,0.004,0.03365891387
C119L68,68,119,-1277500,-1157500,0.97449,0.025510249,-2.49e-07,0.97449,0.025510249,0.97449,0.025510249,12964.62,0,0.5,83382.84,0,0,0.8509083,0.8509083,98908.8,1,0,0.03351067019
C120L68,68,120,-1272500,-1157500,0.984649,0.015350882,1.18e-07,0.984649,0.015350882,0.984649,0.015350882,11211.68,0,1,79957.52,0,0,0.1656972,0.1656972,94251.28,1,0,0.03519654705
C121L68,68,121,-1267500,-1157500,0.982456,0.017543863,1.37e-07,0.982456,0.017543863,0.982456,0.017543863,6225.551,0,1,76540.63,0,0,0.07845979,0.07845979,89630.67,1,0,0.03190689436
C122L68,68,122,-1262500,-1157500,0.981186,0.018813733,2.67e-07,0.981186,0.018813733,0.981186,0.018813733,1315.553,0,1,73123.73,0,0,0.4325431,0.4325431,85052.99,1,0,0.02781246651
C123L68,68,123,-1257500,-1157500,1,0,0,1,0,1,0,3509.986,0,1,69706.84,0,0,0.9223467,0.9223467,80525.56,1,0,0.01386345566
C124L68,68,124,-1252500,-1157500,0.989477,0.010522955,4.5e-08,0.989477,0.010522955,0.989477,0.010522955,7487.746,0,0.5,66289.94,0,0,0.8134165,0.8134165,76057.35,1,0,0.01657836117
C125L68,68,125,-1247500,-1157500,0.98245568,0.01754386,4.6e-07,0.98245568,0.01754386,0.978383,0.02161654,6778.723,0,0.5,62873.05,0,0,1,1,71659.43,1,0.004,0.01865808221
C126L68,68,126,-1242500,-1157500,0.988202,0.011798463,-4.63e-07,0.988202,0.011798463,0.988202,0.011798463,3008.698,0,0.5,59456.15,0,0,1,1,67345.59,1,0,0.01557992378
C127L68,68,127,-1237500,-1157500,0.99248136,0.007518799,-1.59e-07,0.98966181,0.010338349,0.965539,0.034461159,1222.763,0,0.5,56039.26,0,0,0.5193852,0.5193852,63133.05,1,0.027,0.0176159161
C128L68,68,128,-1232500,-1157500,0.9757649,0.024234696,4.04e-07,0.96938735,0.030612246,0.95727,0.042729596,1516.204,0,0.5,52676.87,0,0,0.5496259,0.5496259,59043.51,1,0.018,0.02942654141
C129L68,68,129,-1227500,-1157500,0.99530044,0.004699243,3.17e-07,0.99530044,0.004699243,0.979323,0.020676683,1560.137,0,0.5,49326.74,0,0,1,1,55104.35,1,0.016,0.01796222398
C130L68,68,130,-1222500,-1157500,0.9990597,0.00093985,4.5e-07,0.9990597,0.00093985,0.99718,0.00281955,1.013261,0,0.5,45976.61,0,0,1,1,51350.21,1,0.002,0.02442195894
C131L68,68,131,-1217500,-1157500,0.94579067,0.002232143,0.051977187,0.939732,0.008290813,0.939732,0.008290813,1988.291,0,0.5,42626.48,0,0,1,1,47824.66,1,0.006,0.06962517419
C132L68,68,132,-1212500,-1157500,0.8859651,0.095238106,0.018796794,0.88377212,0.097431086,0.880326,0.100877206,2240.47,0,1,39276.35,0,0,0.8142156,0.8142156,44581.97,1,0.006,0.157824863
C133L68,68,133,-1207500,-1157500,0.98596902,0.01403062,3.6e-07,0.972895,0.02710464,0.972895,0.02710464,2574.7,0,1,35926.23,0,0,0.9840935,0.9840935,41688.2,1,0.013,0.1343292774
C134L68,68,134,-1202500,-1157500,0.9786965,0.021303263,2.37e-07,0.9730574,0.026942363,0.950501,0.049498763,21.98078,0,1,32576.1,0,0,1,1,39220.66,1,0.028,0.1294601592
C135L68,68,135,-1197500,-1157500,0.791773255,0.20822703,-2.85e-07,0.775191655,0.22480863,0.771684,0.228316285,1684.244,0,0.5,29225.97,0,0,0.1836912,0.1836912,37264.11,1,0.02,0.2825170972
C136L68,68,136,-1192500,-1157500,0.41447411,0.58552593,-4e-08,0.40570218,0.59429786,0.392231,0.60776904,3465.269,0,0,25965.39,0.1203382,0,0,0,35902.2,1,0.022,0.58552593
C137L68,68,137,-1187500,-1157500,0.697385105,0.30261504,-1.45e-07,0.69674735,0.303252795,0.68463,0.315370145,831.541,0,0,23171.14,0.3131397,0,0,0,35204,1,0.013,0.3947153025
C138L68,68,138,-1182500,-1157500,0.53884756,0.4611532,-7.6e-07,0.53289518,0.46710558,0.486216,0.51378476,268.8139,0,0.3333333,20452.35,0.002885999,0,0,0,35209.03,1,0.053,0.4627117125
C139L68,68,139,-1177500,-1157500,0.47744376,0.52255617,7e-08,0.44987486,0.55012507,0.39693,0.60306993,1136.378,0,0.5,17851.26,0,0,0,0,35916.99,1,0.081,0.5670933289
C140L68,68,140,-1172500,-1157500,0.0398597,0.960140388,-8.8e-08,0.0398597,0.960140388,0.0398597,0.960140388,72.07952,0,0.3333333,14353.79,0,0,0,0,37287.85,1,0,0.960140388
C141L68,68,141,-1167500,-1157500,0.244048,0.755952,0,0.244048,0.755952,0.244048,0.755952,683.8915,0,0,9899.881,0,0,0,0,39252.24,1,0,0.755952
C142L68,68,142,-1162500,-1157500,0.102997,0.89700255,4.5e-07,0.102997,0.89700255,0.102997,0.89700255,438.5979,0,0,5445.971,0,0,0,0,41726.39,1,0,0.89700255
C143L68,68,143,-1157500,-1157500,0.1071427,0.89285704,2.6e-07,0.105263,0.89473674,0.105263,0.89473674,4125.719,0,0,992.0604,0.01295192,0,0,0,44625.62,1,0.002,0.89285704
C144L68,68,144,-1152500,-1157500,0.37563822,0.624362615,-8.35e-07,0.36575302,0.634247815,0.363202,0.636798835,9068.588,0,0,3461.85,0.9012053,0,0,0,47872.75,1,0.012,0.6849134711
C145L68,68,145,-1147500,-1157500,0.31202996,0.68796994,1e-07,0.307644,0.6923559,0.307644,0.6923559,14012.08,0,0,7915.76,1,0,0,0,51401.89,1,0.004,0.7053824293
C146L68,68,146,-1142500,-1157500,0.2072706,0.792729533,-1.33e-07,0.19324,0.806760133,0.19324,0.806760133,7253.72,0,0,7579.413,1,0,0,0,55158.93,1,0.014,0.792729533
C147L68,68,147,-1137500,-1157500,0.29699279,0.70300733,-1.2e-07,0.25595263,0.74404749,0.245301,0.75469912,2395.287,0,0,6165.157,1,0,0,0,59100.44,1,0.052,0.7154166588
C148L68,68,148,-1132500,-1157500,0.18233113,0.812656706,0.005012164,0.15946142,0.835526416,0.157895,0.837092836,968.4066,0,0,4834.302,0.9934589,0,0,0,63191.9,1,0.024,0.812656706
C149L68,68,149,-1127500,-1157500,0.21588033,0.71524234,0.06887733,0.206314,0.72480867,0.206314,0.72480867,4673.767,0,0,3556.352,0.883901,0,0,0,67406.01,1,0.01,0.71524234
C150L68,68,150,-1122500,-1157500,0.26002533,0.66196763,0.07800704,0.2427948,0.67919816,0.235276,0.68671696,8914.942,0,0,3229.558,0.9023007,0,0,0,71721.16,1,0.025,0.66196763
C151L68,68,151,-1117500,-1157500,0.2069515,0.7174743,0.0755742,0.16964278,0.75478302,0.166454,0.7579718,12796.26,0,0,4376.318,0.872179,0,0,0,76120.16,1,0.04,0.7174743
C152L68,68,152,-1112500,-1157500,0.39693025,0.5231829,0.07988685,0.37124095,0.5488722,0.364662,0.55545115,16362.15,0,0,6356.058,0.9017681,0,0,0,80589.28,1,0.032,0.5547834506
C153L68,68,153,-1107500,-1157500,0.0695153,0.044642883,0.885841817,0.0695153,0.044642883,0.0695153,0.044642883,20341.51,0,0,9383.066,0.0742072,0,0,0,85117.48,1,0,0.04953979557
C154L68,68,154,-1102500,-1157500,0.012218,0,0.987782,0.012218,0,0.012218,0,21760.1,0,0,12702.41,0.005325565,0,0,0,89695.82,1,0,0.001749946235
C76L69,69,76,-1492500,-1162500,0.441467,0,0.558533,0.441467,0,0.441467,0,2628.12,0,0,179195.1,0,0,0,0,310070.8,1,0,0.002008323999
C77L69,69,77,-1487500,-1162500,1,0,0,1,0,1,0,5912.438,0,0,175389,0,0,0,0,305113.5,1,0,0.004608164789
C78L69,69,78,-1482500,-1162500,1,0,0,1,0,1,0,10524.6,0,0,171276.4,0,0,0,0,300157.6,1,0,0.004673530656
C79L69,69,79,-1477500,-1162500,1,0,0,1,0,1,0,13117.55,0,0,167212.1,0,0,0,0,295203.3,1,0,0.004739137766
C80L69,69,80,-1472500,-1162500,1,0,0,1,0,1,0,14027.61,0,0,163199.9,0,0,0,0,290250.4,1,0,0.004804732035
C81L69,69,81,-1467500,-1162500,1,0,0,1,0,1,0,12465.51,0.430781,0,159243.5,0,0,0,0.430781,285299.3,1,0,0.004870302934
C82L69,69,82,-1462500,-1162500,1,0,0,1,0,1,0,12806.41,1,0,155347.3,0,0,0,1,280349.8,1,0,0.004935850765
C83L69,69,83,-1457500,-1162500,1,0,0,1,0,1,0,14920.43,1,0,151516,0,0,0,1,275402.2,1,0,0.005001248344
C84L69,69,84,-1452500,-1162500,1,0,0,1,0,1,0,18199.84,1,0,147754.5,0,0,0,1,270456.5,1,0,0.005060883828
C85L69,69,85,-1447500,-1162500,1,0,0,1,0,1,0,18461.65,1,0,144068.3,0,0,0,1,265512.9,1,0,0.004964379279
C86L69,69,86,-1442500,-1162500,1,0,0,1,0,1,0,15895.91,0.8866013,0,140463.5,0,0,0.2819564,1.1685577,260571.4,1,0,0.00286545299
C87L69,69,87,-1437500,-1162500,1,0,0,1,0,1,0,11181.34,0.008769483,0,136935.2,0,0,0.6200955,0.628864983,255632.2,1,0,0.0004533443156
C88L69,69,88,-1432500,-1162500,1,0,0,1,0,1,0,6650.053,0,0,133418.6,0,0,0.435718,0.435718,250695.3,1,0,0.001782156912
C89L69,69,89,-1427500,-1162500,1,0,0,1,0,1,0,3139.735,0,0,129902,0,0,0.05841955,0.05841955,245761.1,1,0,0.004602524035
C90L69,69,90,-1422500,-1162500,1,0,0,1,0,1,0,31.3229,0,0,126386,0,0,0,0,240829.5,1,0,0.005206860514
C91L69,69,91,-1417500,-1162500,1,0,0,1,0,1,0,4366.651,0,0,122932,0,0,0,0,235900.9,1,0,0.005399557331
C92L69,69,92,-1412500,-1162500,1,0,0,1,0,1,0,9006.132,0,0,119587.4,0,0,0,0,230975.3,1,0,0.005521780647
C93L69,69,93,-1407500,-1162500,1,0,0,1,0,1,0,13122.08,0,0,116361.5,0,0,0,0,226052.9,1,0,0.00564538521
C94L69,69,94,-1402500,-1162500,1,0,0,1,0,1,0,6304.847,0,0,113264.6,0,0,0,0,221134.1,1,0,0.00571808967
C95L69,69,95,-1397500,-1162500,1,0,0,1,0,1,0,1347.938,0,0,110307.4,0,0,0,0,216218.9,1,0,0.005787811044
C96L69,69,96,-1392500,-1162500,1,0,0,1,0,1,0,3581.709,0,0,107501.6,0,0,0,0,211307.8,1,0,0.005861333564
C97L69,69,97,-1387500,-1162500,1,0,0,1,0,1,0,7947.2,0,0,104851,0,5.588728e-05,0,5.588728e-05,206400.9,1,0,0.006044508437
C98L69,69,98,-1382500,-1162500,1,0,0,1,0,1,0,12758.68,0,0,102241.2,0,0.6326454,0,0.6326454,201498.6,2,0,0.007245063413
C99L69,69,99,-1377500,-1162500,1,0,0,1,0,1,0,17286.94,0,0,99697.74,0,0.9750152,0,0.9750152,196601.2,2,0,0.009101477707
C100L69,69,100,-1372500,-1162500,0.999362,0.000637959,4.1e-08,0.999362,0.000637959,0.999362,0.000637959,15012.41,0,0,97342.83,0,0.1229948,0.07624662,0.19924142,191709.2,1,0,0.01448870724
C101L69,69,101,-1367500,-1162500,0.92987,0.070129871,1.29e-07,0.92987,0.070129871,0.92987,0.070129871,12614.67,0,0,95192.5,0,0,0.2288641,0.2288641,186822.8,1,0,0.070129871
C102L69,69,102,-1362500,-1162500,0.95438561,0.045614048,3.42e-07,0.95438561,0.045614048,0.948325,0.051674658,9643.695,0,0,93260.92,0,0,0.9376132,0.9376132,181942.6,1,0.006,0.045614048
C103L69,69,103,-1357500,-1162500,1,0,0,1,0,1,0,6550.999,0,0,91561.92,0,0,1,1,177069.1,1,0,0.00754073367
C104L69,69,104,-1352500,-1162500,1,0,0,1,0,1,0,2721.532,0,0,90080.88,0,0,1,1,172202.8,1,0,0.003752630126
C105L69,69,105,-1347500,-1162500,1,0,0,1,0,1,0,1414.077,0,0,88686.46,0,0,1,1,167344.5,1,0,0
C106L69,69,106,-1342500,-1162500,1,0,0,1,0,1,0,6082.318,0,0,87537.76,0,0,1,1,162494.7,1,0,0
C107L69,69,107,-1337500,-1162500,1,0,0,1,0,1,0,10930.75,0,0,86662.73,0,0,0.971684,0.971684,157654.3,1,0,1.326856515e-05
C108L69,69,108,-1332500,-1162500,1,0,0,1,0,1,0,15858.61,0,0,86069.74,0,0,0.4394852,0.4394852,152824.2,1,0,0.004885249093
C109L69,69,109,-1327500,-1162500,0.97862875,0.021371608,-3.58e-07,0.974801,0.025199358,0.974801,0.025199358,14151.21,0,0,85764.62,0,0,0.9149556,0.9149556,148005.4,1,0.004,0.021371608
C110L69,69,110,-1322500,-1162500,0.987013,0.012987012,-1.2e-08,0.987013,0.012987012,0.987013,0.012987012,11447.49,0,0,85696.58,0,0,1,1,143199,1,0,0.012987012
C111L69,69,111,-1317500,-1162500,0.99362,0.00637958,4.2e-07,0.99362,0.00637958,0.99362,0.00637958,10125.51,0,0,85650.94,0,0,1,1,138406.3,1,0,0.006544257369
C112L69,69,112,-1312500,-1162500,1,0,0,1,0,1,0,8878.309,0,0.5,85605.29,0,0,1,1,133628.8,1,0,0.003880880506
C113L69,69,113,-1307500,-1162500,1,0,0,1,0,1,0,8546.979,0,0.5,85599.97,0,0,0.9660918,0.9660918,128868.2,1,0,0.004084236423
C114L69,69,114,-1302500,-1162500,1,0,0,1,0,1,0,4415.848,0,0.5,85853.42,0,0,0.4112108,0.4112108,124126.4,1,0,0.00868398095
C115L69,69,115,-1297500,-1162500,1,0,0,1,0,1,0,461.5975,0,0.5,86395.98,0,0,0,0,119405.7,1,0,0.01311607588
C116L69,69,116,-1292500,-1162500,0.99649088,0.003508769,3.51e-07,0.99649088,0.003508769,0.994577,0.005422649,2180.007,0,0.5,87222.26,0,0,0.3990385,0.3990385,114708.6,1,0.002,0.01384706734
C117L69,69,117,-1287500,-1162500,0.994481,0.005519476,-4.76e-07,0.994481,0.005519476,0.994481,0.005519476,6462.137,0,0.5,88230.05,0,0,0.6408291,0.6408291,110038.3,1,0,0.01564053309
C118L69,69,118,-1282500,-1162500,0.982775,0.017224878,1.22e-07,0.982775,0.017224878,0.982775,0.017224878,11284.6,0,0.5,88813.9,0,0,1,1,105398.2,1,0,0.0220795884
C119L69,69,119,-1277500,-1162500,0.9792204,0.020779226,3.74e-07,0.976623,0.023376626,0.976623,0.023376626,10127.31,0,0.5,85638.15,0,0,1,1,100792.5,1,0.003,0.02656731024
C120L69,69,120,-1272500,-1162500,0.959809,0.04019137,-3.7e-07,0.959809,0.04019137,0.959809,0.04019137,8343.229,0,1,82529.48,0,0,0.997318,0.997318,96226.19,1,0,0.0408828198
C121L69,69,121,-1267500,-1162500,0.988517,0.011483259,-2.59e-07,0.988517,0.011483259,0.988517,0.011483259,5306.026,0,1,79611.87,0,0,0.9828214,0.9828214,91705.15,1,0,0.0229838015
C122L69,69,122,-1262500,-1162500,0.9935064,0.00649351,9e-08,0.9935064,0.00649351,0.990909,0.00909091,1177.232,0,1,76774.05,0,0,1,1,87236.39,1,0.003,0.01786373639
C123L69,69,123,-1257500,-1162500,0.991707,0.00829347,-4.7e-07,0.991707,0.00829347,0.991707,0.00829347,3822.729,0,1,73357.16,0,0,1,1,82828.39,1,0,0.01785103585
C124L69,69,124,-1252500,-1162500,0.9912334,0.00876623,3.7e-07,0.988636,0.01136363,0.988636,0.01136363,8822.691,0,0.5,69940.26,0,0,1,1,78491.38,1,0.003,0.01419496302
C125L69,69,125,-1247500,-1162500,1,0,0,1,0,1,0,9932.032,0,0.5,66523.37,0,0,1,1,74237.79,1,0,0.0086949876
C126L69,69,126,-1242500,-1162500,0.99642851,0.00357143,6e-08,0.99642851,0.00357143,0.989935,0.01006494,7490.319,0,0,63106.47,0,0,1,1,70082.84,1,0.006,0.006256976177
C127L69,69,127,-1237500,-1162500,0.99202579,0.007974486,-2.76e-07,0.988836,0.011164276,0.988836,0.011164276,6186.364,0,0.5,59738.69,0,0,0.9687667,0.9687667,66045.12,1,0.003,0.01365010707
C128L69,69,128,-1232500,-1162500,0.985064836,0.014935076,8.8e-08,0.985064836,0.014935076,0.978896,0.021103912,6170.635,0,0.5,56388.56,0,0,1,1,62147.5,1,0.006,0.01768005124
C129L69,69,129,-1227500,-1162500,0.99075,0.0092504,-4e-07,0.99075,0.0092504,0.99075,0.0092504,5670.355,0,0.5,53038.43,0,0,1,1,58418.03,1,0,0.01567524293
C130L69,69,130,-1222500,-1162500,0.992344458,0.007655507,3.5e-08,0.985007938,0.014992027,0.984051,0.015948965,3926.981,0,0.5,49688.3,0,0,1,1,54890.98,1,0.008,0.01573031697
C131L69,69,131,-1217500,-1162500,0.998701,0.0012987,3e-07,0.998701,0.0012987,0.998701,0.0012987,2736.878,0,0.5,46338.17,0,0,1,1,51607.89,1,0,0.01921263964
C132L69,69,132,-1212500,-1162500,0.97894781,0.021052638,-4.48e-07,0.97894781,0.021052638,0.976077,0.023923448,2672.506,0,0.5,42988.04,0.3186588,0,0.6851383,0.6851383,48618.19,1,0.003,0.04501927755
C133L69,69,133,-1207500,-1162500,0.97694779,0.02305194,2.7e-07,0.97435039,0.02564934,0.95974,0.04025973,1905.273,0,0.5,39637.92,0.5111728,0,0.4963508,0.4963508,45979.15,1,0.017,0.05752338858
C134L69,69,134,-1202500,-1162500,0.97224857,0.027751197,2.33e-07,0.9610843,0.038915467,0.950239,0.049760767,4209.239,0,1,36287.79,0.7303529,0,0.279585,0.279585,43754.27,1,0.022,0.09500018945
C135L69,69,135,-1197500,-1162500,0.708441131,0.291558207,6.62e-07,0.704220351,0.295778987,0.703571,0.296428338,2572.808,0,0.5,32986.43,0.4858651,0,0.01300622,0.01300622,42009.41,1,0.005,0.2997960563
C136L69,69,136,-1192500,-1162500,0.23764,0.762359989,1.1e-08,0.23764,0.762359989,0.23764,0.762359989,540.1608,0,0,30086.14,0.02079486,0,0,0,40806.18,1,0,0.762359989
C137L69,69,137,-1187500,-1162500,0.43344106,0.566558436,5.04e-07,0.36688266,0.633116836,0.354545,0.645454496,2711.753,0,0,27367.35,0.6093548,0,0,0,40193.26,1,0.079,0.566558436
C138L69,69,138,-1182500,-1162500,0.1767142,0.82328552,2.8e-07,0.15342871,0.84657101,0.133652,0.86634772,3519.214,0,0.3333333,24655.13,0.5351255,0,0,0,40197.66,1,0.043,0.82328552
C139L69,69,139,-1177500,-1162500,0.44657079,0.55342913,8e-08,0.44242406,0.55757586,0.39681,0.60318992,5603.362,0,1,21079.86,0.1883051,0,0,0,40819.19,1,0.05,0.6247835066
C140L69,69,140,-1172500,-1162500,0.0711039,0.928896365,-2.65e-07,0.0711039,0.928896365,0.0711039,0.928896365,2285.745,0,0.3333333,16625.94,0,0,0,0,42030.47,1,0,0.928896365
C141L69,69,141,-1167500,-1162500,0.459011,0.540989139,-1.39e-07,0.459011,0.540989139,0.459011,0.540989139,4177.663,0,0,12172.03,0,0,0,0,43782.58,1,0,0.6317424318
C142L69,69,142,-1162500,-1162500,0.34448023,0.65551979,-2e-08,0.33084383,0.66915619,0.324675,0.67532502,1214.338,0,0,7718.125,0,0,0,0,46013.78,1,0.02,0.6819449244
C143L69,69,143,-1157500,-1162500,0.2331737,0.763636149,0.003190151,0.2331737,0.763636149,0.182137,0.814672849,3785.067,0,0,3264.215,0,0,0,0,48658.22,1,0.051,0.763636149
C144L69,69,144,-1152500,-1162500,0.16428536,0.83571459,5e-08,0.150649,0.84935095,0.150649,0.84935095,8777.926,0,0,1189.696,0.3903679,0,0,0,51652.46,1,0.014,0.83571459
C145L69,69,145,-1147500,-1162500,0.108772,0.89122793,7e-08,0.108772,0.89122793,0.108772,0.89122793,13359.16,0,0,5327.353,0.782151,0,0,0,54939.33,1,0,0.89122793
C146L69,69,146,-1142500,-1162500,0.17694783,0.82305156,6.1e-07,0.156818,0.84318139,0.156818,0.84318139,8238.157,0,0,8549.104,0.4726499,0,0,0,58469.52,1,0.02,0.82305156
C147L69,69,147,-1137500,-1162500,0.123763938,0.87623656,-4.98e-07,0.11961721,0.880383288,0.0896332,0.910367298,4581.287,0,0,10960.98,1,0,0,0,62201.59,1,0.034,0.87623656
C148L69,69,148,-1132500,-1162500,0.24019124,0.69633102,0.06347774,0.21339696,0.7231253,0.197448,0.73907426,4906.361,0,0,9668.228,0.9359711,0,0,0,66101.38,1,0.043,0.69633102
C149L69,69,149,-1127500,-1162500,0.01948048,0.014285718,0.966233802,0.01818178,0.015584418,0.0165584,0.017207798,8030.894,0,0,8449.19,0.03175003,0,0,0,70140.9,1,0.003,0.01630660081
C150L69,69,150,-1122500,-1162500,0.0360447,0.006698558,0.957256742,0.0360447,0.006698558,0.0360447,0.006698558,11736.26,0,0,8226.454,0.01728696,0,0,0,74297.38,1,0,0.01408301417
C151L69,69,151,-1117500,-1162500,0.0181818,0.033116931,0.948701269,0.0181818,0.033116931,0.0181818,0.033116931,15675.17,0,0,8967.974,0.03130856,0,0,0,78552.24,1,0,0.033116931
C152L69,69,152,-1112500,-1162500,0.0216906,0.059011146,0.919298254,0.0216906,0.059011146,0.0216906,0.059011146,19859.46,0,0,10525.32,0.06310893,0,0,0,82890.34,1,0,0.059011146
C76L70,70,76,-1492500,-1167500,0.402256,0,0.597744,0.402256,0,0.402256,0,1743.669,0,0,176851.1,0,0,0,0,310757.3,1,0,0.001826281648
C77L70,70,77,-1487500,-1167500,1,0,0,1,0,1,0,6481.29,0,0,172628.5,0,0,0,0,305811.1,1,0,0.004598925194
C78L70,70,78,-1482500,-1167500,1,0,0,1,0,1,0,11444.38,0,0,168448.5,0,0,0,0,300866.7,1,0,0.004664139447
C79L70,70,79,-1477500,-1167500,1,0,0,1,0,1,0,16429.87,0,0,164314.4,0,0,0,0,295924.2,1,0,0.004729590208
C80L70,70,80,-1472500,-1167500,1,0,0,1,0,1,0,18583.52,0,0,160229.5,0,0,0,0,290983.7,1,0,0.00479502062
C81L70,70,81,-1467500,-1167500,1,0,0,1,0,1,0,17434.52,0.340962,0,156198,0,0,0,0.340962,286045.2,1,0,0.004860424427
C82L70,70,82,-1462500,-1167500,1,0,0,1,0,1,0,17679.87,1,0,152223.8,0,0,0,1,281108.9,1,0,0.004925797414
C83L70,70,83,-1457500,-1167500,1,0,0,1,0,1,0,19266.36,1,0,148311.8,0,0,0,1,276174.9,1,0,0.004990994345
C84L70,70,84,-1452500,-1167500,1,0,0,1,0,1,0,18753.27,1,0,144466.9,0,0,0,1,271243.3,1,0,0.005049155728
C85L70,70,85,-1447500,-1167500,1,0,0,1,0,1,0,14737.41,1,0,140694.7,0,0,0,1,266314.2,1,0,0.004909954067
C86L70,70,86,-1442500,-1167500,1,0,0,1,0,1,0,11519.02,0.524895,0,137001.1,0,0,0.5790368,1.1039318,261387.9,1,0,0.0008982654573
C87L70,70,87,-1437500,-1167500,1,0,0,1,0,1,0,9023.604,0,0,133392.6,0,0,0.07038698,0.07038698,256464.4,1,0,0.004354646179
C88L70,70,88,-1432500,-1167500,1,0,0,1,0,1,0,5356.08,0,0,129864.2,0,0,0,0,251543.9,1,0,0.005087946193
C89L70,70,89,-1427500,-1167500,1,0,0,1,0,1,0,397.5168,0,0,126347.6,0,0,0,0,246626.6,1,0,0.005279476993
C90L70,70,90,-1422500,-1167500,1,0,0,1,0,1,0,1613.394,0,0,122831,0,0,0,0,241712.7,1,0,0.005426294159
C91L70,70,91,-1417500,-1167500,1,0,0,1,0,1,0,5851.68,0,0,119315.2,0,0,0,0,236802.4,1,0,0.005506754278
C92L70,70,92,-1412500,-1167500,1,0,0,1,0,1,0,10764.82,0,0,115866.2,0,0,0,0,231896,1,0,0.005577255637
C93L70,70,93,-1407500,-1167500,1,0,0,1,0,1,0,15442.81,0,0,112533.7,0,0,0,0,226993.6,1,0,0.00565137739
C94L70,70,94,-1402500,-1167500,1,0,0,1,0,1,0,6789.871,0,0,109328.4,0,0,0,0,222095.6,1,0,0.005743069145
C95L70,70,95,-1397500,-1167500,1,0,0,1,0,1,0,3187.092,0,0,106261.7,0,0,0,0,217202.2,1,0,0.005856241715
C96L70,70,96,-1392500,-1167500,1,0,0,1,0,1,0,4920.646,0,0,103346.1,0,0,0,0,212313.8,1,0,0.0060140162
C97L70,70,97,-1387500,-1167500,1,0,0,1,0,1,0,9395.103,0,0,100594.7,0,0,0,0,207430.7,1,0,0.006330528619
C98L70,70,98,-1382500,-1167500,1,0,0,1,0,1,0,14224.03,0,0,97976.37,0,0.0515917,0,0.0515917,202553.4,1,0,0.009318474417
C99L70,70,99,-1377500,-1167500,0.974808655,0.0251913,4.5e-08,0.971938755,0.0280612,0.971301,0.028698955,13821.89,0,0,95372.06,0,0.3755717,0.2731609,0.6487326,197682.1,1,0.004,0.0251913
C100L70,70,100,-1372500,-1167500,0.965539,0.03446112,-1.2e-07,0.965539,0.03446112,0.965539,0.03446112,10892.25,0,0,92907.57,0,0,0.8359674,0.8359674,192817.5,1,0,0.03446112
C101L70,70,101,-1367500,-1167500,0.94834139,0.051658108,5.02e-07,0.946747,0.053252498,0.946747,0.053252498,8082.585,0,0,90652.1,0,0,0.9721848,0.9721848,187959.9,1,0.002,0.051658108
C102L70,70,102,-1362500,-1167500,0.993421,0.00657895,5e-08,0.993421,0.00657895,0.993421,0.00657895,6039.766,0,0,88621.61,0,0,1,1,183110,1,0,0.010742552
C103L70,70,103,-1357500,-1167500,1,0,0,1,0,1,0,2599.654,0,0,86831.89,0,0,1,1,178268.4,1,0,0.001333745769
C104L70,70,104,-1352500,-1167500,1,0,0,1,0,1,0,213.311,0,0,85294.41,0,0,1,1,173435.8,1,0,0
C105L70,70,105,-1347500,-1167500,1,0,0,1,0,1,0,4261.359,0,0,83863.46,0,0,1,1,168613,1,0,0
C106L70,70,106,-1342500,-1167500,0.993941,0.00605867,3.3e-07,0.993941,0.00605867,0.993941,0.00605867,8309.407,0,0,82647.75,0,0,1,1,163800.8,1,0,0.00605867
C107L70,70,107,-1337500,-1167500,0.99718,0.00281955,4.5e-07,0.99718,0.00281955,0.99718,0.00281955,12576.38,0,0,81720.39,0,0,1,1,159000.2,1,0,0.00281955
C108L70,70,108,-1332500,-1167500,1,0,0,1,0,1,0,14511.82,0,0,81091.26,0,0,1,1,154212.2,1,0,0.000423548087
C109L70,70,109,-1327500,-1167500,0.994674,0.005325813,1.87e-07,0.994674,0.005325813,0.994674,0.005325813,10917.63,0,0,80767.34,0,0,1,1,149438.2,1,0,0.005325813
C110L70,70,110,-1322500,-1167500,0.998087,0.001913265,-2.65e-07,0.998087,0.001913265,0.998087,0.001913265,7102.98,0,0,80696.78,0,0,1,1,144679.4,1,0,0.002361149333
C111L70,70,111,-1317500,-1167500,0.99812,0.0018797,3e-07,0.99812,0.0018797,0.99812,0.0018797,5589.329,0,0,80651.14,0,0,1,1,139937.4,1,0,0.0018797
C112L70,70,112,-1312500,-1167500,1,0,0,1,0,1,0,4214.862,0,0.5,80605.5,0,0,1,1,135214,1,0,0.003437660377
C113L70,70,113,-1307500,-1167500,1,0,0,1,0,1,0,3701.135,0,0,80601.2,0,0,1,1,130511.2,1,0,0
C114L70,70,114,-1302500,-1167500,1,0,0,1,0,1,0,1970.776,0,0,80870.32,0,0,0.9633965,0.9633965,125831.4,1,0,0.0005822843115
C115L70,70,115,-1297500,-1167500,0.998406,0.00159439,-3.9e-07,0.998406,0.00159439,0.998406,0.00159439,2002.363,0,0.5,81446.09,0,0,0.6518374,0.6518374,121177.1,1,0,0.009054313012
C116L70,70,116,-1292500,-1167500,0.986216,0.013784456,-4.56e-07,0.986216,0.013784456,0.986216,0.013784456,5709.542,0,0.5,82321.83,0,0,0.9898413,0.9898413,116551.4,1,0,0.01590590018
C117L70,70,117,-1287500,-1167500,0.979273,0.020727049,-4.9e-08,0.979273,0.020727049,0.979273,0.020727049,9245.69,0,0.5,83333.46,0,0,1,1,111958,1,0,0.02141327913
C118L70,70,118,-1282500,-1167500,0.982769,0.01723058,4.2e-07,0.982769,0.01723058,0.982769,0.01723058,9132.363,0,0.5,84345.39,0,0,1,1,107400.9,1,0,0.02336372067
C119L70,70,119,-1277500,-1167500,0.95631353,0.0436862,2.7e-07,0.95631353,0.0436862,0.952487,0.04751273,6049.602,0,0.5,81776.2,0,0,1,1,102884.9,1,0.004,0.0436862
C120L70,70,120,-1272500,-1167500,0.96647827,0.033521306,4.24e-07,0.963972,0.036027576,0.963972,0.036027576,3864.43,0,0.5,78600.6,0,0,1,1,98415.73,1,0.003,0.03483900124
C121L70,70,121,-1267500,-1167500,0.982143,0.017857146,-1.46e-07,0.982143,0.017857146,0.982143,0.017857146,1407.184,0,1,75531.38,0,0,1,1,94000.05,1,0,0.02681657682
C122L70,70,122,-1262500,-1167500,0.998724,0.00127551,4.9e-07,0.998724,0.00127551,0.998724,0.00127551,853.5,0,1,72676.86,0,0,1,1,89645.77,1,0,0.0153370552
C123L70,70,123,-1257500,-1167500,0.97149083,0.02850881,3.6e-07,0.97149083,0.02850881,0.968358,0.03164164,4695.896,0,1,70063.26,0,0,1,1,85362.28,1,0.003,0.02963055342
C124L70,70,124,-1252500,-1167500,0.984056,0.015943869,1.31e-07,0.984056,0.015943869,0.984056,0.015943869,9344.325,0,0.5,67718.51,0,0,1,1,81160.78,1,0,0.01873938182
C125L70,70,125,-1247500,-1167500,0.978697,0.021303233,-2.33e-07,0.978697,0.021303233,0.978697,0.021303233,14164.05,0,0.5,65671.39,0,0,1,1,77054.7,1,0,0.021303233
C126L70,70,126,-1242500,-1167500,0.988839,0.011160719,2.81e-07,0.988839,0.011160719,0.988839,0.011160719,12011.18,0,0,63822.23,0,0,1,1,73060.11,1,0,0.011160719
C127L70,70,127,-1237500,-1167500,0.9896614,0.010338343,2.57e-07,0.9896614,0.010338343,0.985902,0.014097743,11174.96,0,0,61975.79,0,0,1,1,69196.35,1,0.004,0.010338343
C128L70,70,128,-1232500,-1167500,0.98150543,0.0184949,-3.3e-07,0.98150543,0.0184949,0.974809,0.02519133,11127.67,0,0,60100.25,0,0,1,1,65486.55,1,0.007,0.0184949
C129L70,70,129,-1227500,-1167500,0.983396,0.016604005,-5e-09,0.983396,0.016604005,0.983396,0.016604005,10421.97,0,0,56750.12,0,0,1,1,61958.39,1,0,0.01831325655
C130L70,70,130,-1222500,-1167500,0.96867199,0.031328326,-3.16e-07,0.96867199,0.031328326,0.949875,0.050125316,8267.65,0,0,53399.99,0,0,1,1,58644.66,1,0.019,0.031328326
C131L70,70,131,-1217500,-1167500,0.96811202,0.031887768,2.12e-07,0.965561,0.034438788,0.965561,0.034438788,7677.078,0,0.5,50049.86,0,0,1,1,55583.72,1,0.003,0.03297513727
C132L70,70,132,-1212500,-1167500,0.981516,0.018483716,2.84e-07,0.981516,0.018483716,0.981516,0.018483716,7619.691,0,0.5,46699.73,0.1928725,0,0.7825126,0.7825126,52819.55,1,0,0.03356459578
C133L70,70,133,-1207500,-1167500,0.92123706,0.07876276,1.8e-07,0.91709165,0.08290817,0.913584,0.08641582,6671.926,0,0.5,43349.61,0.5588275,0,0.3986356,0.3986356,50400.98,1,0.008,0.08359570453
C134L70,70,134,-1202500,-1167500,0.9517546,0.048245619,-2.19e-07,0.94172953,0.058270689,0.936717,0.063283219,8522.372,0,0.5,40025.09,0.9956501,0,0.00133319,0.00133319,48379.88,1,0.015,0.1020190389
C135L70,70,135,-1197500,-1167500,0.85235987,0.14764025,-1.2e-07,0.83386497,0.16613515,0.779018,0.22098212,5939.43,0,0.3333333,37008.48,1,0,0,0,46807.76,1,0.073,0.2077904003
C136L70,70,136,-1192500,-1167500,0.626880083,0.37312037,-4.53e-07,0.624060533,0.37593992,0.619048,0.380952453,4404.587,0,0,34282.35,0.6181981,0,0,0,45730.96,1,0.008,0.37312037
C137L70,70,137,-1187500,-1167500,0.68686255,0.31313739,6e-08,0.68526816,0.31473178,0.680485,0.31951494,6451.54,0,0.3333333,31563.56,0.2163631,0,0,0,45184.89,1,0.006,0.4038241556
C138L70,70,138,-1182500,-1167500,0.26879753,0.73120273,-2.6e-07,0.25720603,0.74279423,0.221805,0.77819526,8285.073,0,0.5,27805.92,0.979804,0,0,0,45188.81,1,0.047,0.73120273
C139L70,70,139,-1177500,-1167500,0.269423233,0.73057625,5.17e-07,0.266603683,0.7333958,0.262531,0.737468483,9151.844,0,1,23352.01,0.4618447,0,0,0,45742.57,1,0.007,0.7500643493
C140L70,70,140,-1172500,-1167500,0.12818892,0.871811508,-4.28e-07,0.12818892,0.871811508,0.122768,0.877232428,7217.18,0,0.3333333,18898.1,0.06769701,0,0,0,46826.66,1,0.005,0.871811508
C141L70,70,141,-1167500,-1167500,0.0877193,0.9122804,3e-07,0.0877193,0.9122804,0.0877193,0.9122804,6896.957,0,0,14444.19,0,0,0,0,48405.48,1,0,0.9122804
C142L70,70,142,-1162500,-1167500,0.408801065,0.591198873,6.2e-08,0.401785755,0.598214183,0.401148,0.598851938,2277.54,0,0,9990.279,0,0,0,0,50432.57,1,0.008,0.6321420014
C143L70,70,143,-1157500,-1167500,0.12468644,0.87531398,-4.2e-07,0.11716765,0.88283277,0.108709,0.89129142,2232.878,0,0,5441.929,0,0,0,0,52856.4,1,0.016,0.87531398
C144L70,70,144,-1152500,-1167500,0.0822704,0.9177296,0,0.0822704,0.9177296,0.0822704,0.9177296,7155.652,0,0,538.7155,0,0,0,0,55625.11,1,0,0.9177296
C145L70,70,145,-1147500,-1167500,0.17888507,0.82111512,-1.9e-07,0.15726852,0.84273167,0.150063,0.84993719,12081.16,0,0,1503.7,0.001912825,0,0,0,58689.92,1,0.029,0.82111512
C146L70,70,146,-1142500,-1167500,0.141900255,0.7589282,0.099171545,0.13775485,0.763073605,0.108737,0.792091455,11537.68,0,0,4725.451,0.04067369,0,0,0,62006.94,1,0.033,0.7589282
C147L70,70,147,-1137500,-1167500,0.08771926,0.177631293,0.734649447,0.07644106,0.188909493,0.0720551,0.193295453,9286.494,0,0,7947.202,0.2094202,0,0,0,65537.89,1,0.016,0.1787020769
C148L70,70,148,-1132500,-1167500,0.11152883,0.204574066,0.683897104,0.1027569,0.213345996,0.0989975,0.217105396,9453.038,0,0,10462.61,0.2555044,0,0,0,69250.04,1,0.013,0.204574066
C149L70,70,149,-1127500,-1167500,0.0229592,0.01179847,0.96524233,0.0229592,0.01179847,0.0229592,0.01179847,11786.31,0,0,11464.08,0.02866486,0,0,0,73115.82,1,0,0.01371137105
C76L71,71,76,-1492500,-1172500,0.359171,0,0.640829,0.359171,0,0.359171,0,4956.889,0,0,174257.3,0,0,0,0,311522.5,1,0,0.001627025535
C77L71,71,77,-1487500,-1172500,1,0,0,1,0,1,0,8783.001,0,0,169970.3,0,0,0,0,306588.7,1,0,0.004588626304
C78L71,71,78,-1482500,-1172500,1,0,0,1,0,1,0,12900.1,0,0,165723.3,0,0,0,0,301657,1,0,0.004653672924
C79L71,71,79,-1477500,-1172500,1,0,0,1,0,1,0,17475.11,0,0,161519.4,0,0,0,0,296727.7,1,0,0.004718948973
C80L71,71,80,-1472500,-1172500,1,0,0,1,0,1,0,22233.9,0,0,157362,0,0,0,0,291800.7,1,0,0.004784200355
C81L71,71,81,-1467500,-1172500,1,0,0,1,0,1,0,22417.32,0.2511429,0,153255,0,0,0,0.2511429,286876.3,1,0,0.004849417514
C82L71,71,82,-1462500,-1172500,1,0,0,1,0,1,0,22452.51,1,0,149202.6,0,0,0,1,281954.6,1,0,0.00491459751
C83L71,71,83,-1457500,-1172500,1,0,0,1,0,1,0,18437.3,1,0,145209.2,0,0,0,1,277035.6,1,0,0.00497961885
C84L71,71,84,-1452500,-1172500,1,0,0,1,0,1,0,15025.07,1,0,141279.9,0,0,0,1,272119.6,1,0,0.00503905281
C85L71,71,85,-1447500,-1172500,1,0,0,1,0,1,0,11787.88,0.9988395,0,137420.2,0,0,0,0.9988395,267206.7,1,0,0.004951241216
C86L71,71,86,-1442500,-1172500,1,0,0,1,0,1,0,7684.758,0.1560086,0,133636.1,0,0,0.2928376,0.4488462,262297.2,1,0,0.002999612961
C87L71,71,87,-1437500,-1172500,1,0,0,1,0,1,0,4737.289,0,0,129934.2,0,0,0.001208389,0.001208389,257391,1,0,0.005054971817
C88L71,71,88,-1432500,-1172500,1,0,0,1,0,1,0,1957.571,0,0,126321.8,0,0,0,0,252488.6,1,0,0.005279671845
C89L71,71,89,-1427500,-1172500,1,0,0,1,0,1,0,48.23004,0,0,122793.2,0,0,0,0,247590.1,1,0,0.005364871622
C90L71,71,90,-1422500,-1172500,1,0,0,1,0,1,0,4576.85,0,0,119276.6,0,0,0,0,242695.7,1,0,0.005433037877
C91L71,71,91,-1417500,-1172500,1,0,0,1,0,1,0,8599.232,0,0,115760,0,0,0,0,237805.7,1,0,0.005501722996
C92L71,71,92,-1412500,-1172500,1,0,0,1,0,1,0,12473.41,0,0,112244.4,0,0,0,0,232920.4,1,0,0.005579095498
C93L71,71,93,-1407500,-1172500,1,0,0,1,0,1,0,13674.06,0,0,108801,0,0,0,0,228040.1,1,0,0.005792494801
C94L71,71,94,-1402500,-1172500,1,0,0,1,0,1,0,10051.62,0,0,105482.4,0,0,0,0,223165,1,0,0.006243659319
C95L71,71,95,-1397500,-1172500,1,0,0,1,0,1,0,8067.854,0,0,102300.5,0,0,0,0,218295.6,1,0,0.007247009525
C96L71,71,96,-1392500,-1172500,1,0,0,1,0,1,0,8896.374,0,0,99268.59,0,0.2447915,0,0.2447915,213432.3,1,0,0.008357455142
C97L71,71,97,-1387500,-1172500,1,0,0,1,0,1,0,11966.65,0,0,96400.81,0,0.9166264,0,0.9166264,208575.4,2,0,0.01013666196
C98L71,71,98,-1382500,-1172500,1,0,0,1,0,1,0,12674.7,0,0,93711.55,0,0.9879564,0,0.9879564,203725.4,2,0,0.0128582413
C99L71,71,99,-1377500,-1172500,0.95779258,0.042207741,-3.21e-07,0.95032505,0.049675271,0.948377,0.051623321,10184.36,0,0,91101.7,0,0.2957138,0.6211465,0.9168603,198882.9,1,0.009,0.042207741
C100L71,71,100,-1372500,-1172500,0.995534,0.00446571,2.9e-07,0.995534,0.00446571,0.995534,0.00446571,6780.954,0,0,88532.52,0,0,1,1,194048.3,1,0,0.009898192546
C101L71,71,101,-1367500,-1172500,0.993506,0.006493505,4.95e-07,0.993506,0.006493505,0.993506,0.006493505,3939.371,0,0,86162.6,0,0,1,1,189222.4,1,0,0.007716053424
C102L71,71,102,-1362500,-1172500,0.996172,0.00382775,2.5e-07,0.996172,0.00382775,0.996172,0.00382775,1451.29,0,0,84023.69,0,0,1,1,184405.7,1,0,0.004642972934
C103L71,71,103,-1357500,-1172500,0.998405,0.0015949,1e-07,0.998405,0.0015949,0.998405,0.0015949,612.8752,0,0,82133.84,0,0,1,1,179599,1,0,0.0015949
C104L71,71,104,-1352500,-1172500,1,0,0,1,0,1,0,4437.575,0,0,80510.58,0,0,1,1,174803.2,1,0,0
C105L71,71,105,-1347500,-1172500,1,0,0,1,0,1,0,7264.061,0,0,79062.46,0,0,1,1,170019.2,1,0,0
C106L71,71,106,-1342500,-1172500,0.992857,0.00714286,1.4e-07,0.992857,0.00714286,0.992857,0.00714286,11244.25,0,0,77771.74,0,0,1,1,165247.9,1,0,0.00714286
C107L71,71,107,-1337500,-1172500,0.997129,0.00287081,1.9e-07,0.997129,0.00287081,0.997129,0.00287081,14712.75,0,0,76785.51,0,0,1,1,160490.6,1,0,0.00287081
C108L71,71,108,-1332500,-1172500,0.999675377,0.000324675,-5.2e-08,0.998701351,0.001298701,0.998052,0.001948052,11838.59,0,0,76115.6,0,0,1,1,155748.5,1,0.002,0.001609218789
C109L71,71,109,-1327500,-1172500,0.99617269,0.003827758,-4.48e-07,0.99617269,0.003827758,0.991388,0.008612448,7562.699,0,0.5,75770.41,0,0,1,1,151023,1,0.005,0.007182539691
C110L71,71,110,-1322500,-1172500,0.99999951,0,4.9e-07,0.99642808,0.00357143,0.993506,0.00649351,3886.941,0,0.5,75696.99,0,0,1,1,146315.7,1,0.006,0.004746489531
C111L71,71,111,-1317500,-1172500,0.99999961,0,3.9e-07,0.99999961,0,0.993939,0.00606061,804.8796,0,0.3333333,75651.35,0,0,1,1,141628.6,1,0.006,0.002280367189
C112L71,71,112,-1312500,-1172500,1,0,0,1,0,1,0,191.3193,0,0.5,75605.71,0,0,1,1,136963.5,1,0,0.003622203775
C113L71,71,113,-1307500,-1172500,1,0,0,1,0,1,0,1040.43,0,0,75602.6,0,0,1,1,132322.9,1,0,8.382559759e-05
C114L71,71,114,-1302500,-1172500,0.997129,0.00287081,1.9e-07,0.997129,0.00287081,0.997129,0.00287081,1635.617,0,0,75889.45,0,0,1,1,127709.5,1,0,0.002913501366
C115L71,71,115,-1297500,-1172500,0.99026,0.009740265,-2.65e-07,0.99026,0.009740265,0.99026,0.009740265,3447.993,0,0.5,76502.71,0,0,1,1,123126.2,1,0,0.01242234212
C116L71,71,116,-1292500,-1172500,0.991707,0.008293467,-4.67e-07,0.991707,0.008293467,0.991707,0.008293467,8162.25,0,0.5,77425.24,0,0,1,1,118576.6,1,0,0.01525367771
C117L71,71,117,-1287500,-1172500,0.9681814,0.031818166,4.34e-07,0.965584,0.034415566,0.965584,0.034415566,6939.739,0,0.5,78436.87,0,0,1,1,114064.8,1,0.003,0.03185014483
C118L71,71,118,-1282500,-1172500,0.98405081,0.015948959,2.31e-07,0.98118,0.018819769,0.98118,0.018819769,4440.85,0,0,79458.13,0,0,1,1,109595.3,1,0.003,0.02312014297
C119L71,71,119,-1277500,-1172500,0.94999983,0.049999961,2.09e-07,0.9464284,0.053571391,0.943831,0.056168791,2210.511,0,0.5,77914.26,0,0,1,1,105173.6,1,0.006,0.049999961
C120L71,71,120,-1272500,-1172500,0.94896283,0.051036678,4.92e-07,0.946411,0.053588508,0.946411,0.053588508,962.7783,0,0.5,74738.51,0,0,1,1,100805.9,1,0.003,0.051036678
C121L71,71,121,-1267500,-1172500,0.991707,0.008293458,-4.58e-07,0.991707,0.008293458,0.991707,0.008293458,2124.176,0,1,71567.66,0,0,1,1,96499.67,1,0,0.02380440804
C122L71,71,122,-1262500,-1172500,0.988312,0.011688311,-3.11e-07,0.988312,0.011688311,0.988312,0.011688311,5504.316,0,1,68548.27,0,0,1,1,92263.43,1,0,0.02431622612
C123L71,71,123,-1257500,-1172500,0.97703385,0.02296651,-3.6e-07,0.97703385,0.02296651,0.974801,0.02519936,7881.807,0,1,65770.82,0,0,1,1,88107.29,1,0.002,0.02939291773
C124L71,71,124,-1252500,-1172500,0.983117,0.01688311,-1.1e-07,0.983117,0.01688311,0.983117,0.01688311,11508.09,0,0.5,63267.18,0,0,1,1,84043.14,1,0,0.02281803496
C125L71,71,125,-1247500,-1172500,0.99712881,0.00287082,3.7e-07,0.99712881,0.00287082,0.994258,0.00574163,15858.54,0,0.5,61071.04,0,0,1,1,80084.97,1,0.003,0.01353782217
C126L71,71,126,-1242500,-1172500,0.991234,0.008766232,-2.32e-07,0.991234,0.008766232,0.991234,0.008766232,16759.38,0,0,59175.65,0,0,1,1,76249.31,1,0,0.01148126445
C127L71,71,127,-1237500,-1172500,0.99106858,0.008931426,-6e-09,0.99106858,0.008931426,0.984689,0.015311006,16170.6,0,0,57329.21,0,0,1,1,72555.57,1,0.006,0.01175347691
C128L71,71,128,-1232500,-1172500,0.994805,0.005194801,1.99e-07,0.994805,0.005194801,0.994805,0.005194801,16111.28,0,0,55482.77,0,0,1,1,69026.55,1,0,0.01278861567
C129L71,71,129,-1227500,-1172500,0.95470452,0.0452951,3.8e-07,0.94066942,0.0593302,0.931738,0.06826162,14968.77,0,0,53826.01,0,0,1,1,65688.8,1,0.023,0.0452951
C130L71,71,130,-1222500,-1172500,0.947368519,0.05263157,-8.9e-08,0.947368519,0.05263157,0.940032,0.059968089,13083.96,0,0,52593.95,0,0,1,1,62572.94,1,0.007,0.05263157
C131L71,71,131,-1217500,-1172500,0.98311659,0.016883111,2.99e-07,0.98311659,0.016883111,0.973701,0.026298701,12664.3,0,0.5,51817.06,0,0,1,1,59713.71,1,0.009,0.03184649241
C132L71,71,132,-1212500,-1172500,0.959171,0.04082936,-3.6e-07,0.959171,0.04082936,0.959171,0.04082936,12197.88,0,0.5,50411.42,0,0,1,1,57149.63,1,0,0.04857153424
C133L71,71,133,-1207500,-1172500,0.982792,0.017207787,2.13e-07,0.982792,0.017207787,0.982792,0.017207787,11629.41,0,0.3333333,47073.46,0,0,1,1,54922.08,1,0,0.04012129596
C134L71,71,134,-1202500,-1172500,0.91387606,0.086124299,-3.59e-07,0.90462567,0.095374689,0.899522,0.100478359,12999.09,0,0.3333333,43971.93,0.512765,0,0.4595577,0.4595577,53073.43,1,0.014,0.1040540171
C135L71,71,135,-1197500,-1172500,0.90292171,0.097077901,3.89e-07,0.88279188,0.117207731,0.848701,0.151298611,10278.77,0,0,41197.35,1,0,0,0,51644.39,1,0.054,0.142079382
C136L71,71,136,-1192500,-1172500,0.8628386,0.13716108,3.2e-07,0.8491225,0.15087718,0.810207,0.18979268,9399.923,0,0.3333333,38478.56,1,0,0,0,50670.47,1,0.053,0.1940349086
C137L71,71,137,-1187500,-1172500,0.72792181,0.27207787,3.2e-07,0.7175322,0.28246748,0.674675,0.32532468,10515.73,0,0.5,34531.98,0.9241455,0,0,0,50178.19,1,0.053,0.3308643559
C138L71,71,138,-1182500,-1172500,0.31451315,0.685486289,5.61e-07,0.31132336,0.688676079,0.301435,0.698564439,13218.22,0,1,30078.07,0.6172452,0,0,0,50181.72,1,0.013,0.685486289
C139L71,71,139,-1177500,-1172500,0.136523539,0.863476988,-5.27e-07,0.13588558,0.864114947,0.129506,0.870494527,13439.47,0,0.5,25624.16,0.4969427,0,0,0,50680.95,1,0.007,0.863476988
C140L71,71,140,-1172500,-1172500,0.0405844,0.9594156,0,0.0405844,0.9594156,0.0405844,0.9594156,11292.65,0,0.5,21130.6,0.1997619,0,0,0,51661.52,1,0,0.9594156
C141L71,71,141,-1167500,-1172500,0.0896332,0.9103677,-9e-07,0.0896332,0.9103677,0.0896332,0.9103677,6819.46,0,0,16227.39,0,0,0,0,53096.77,1,0,0.9103677
C142L71,71,142,-1162500,-1172500,0.383117026,0.61688357,-5.96e-07,0.382143,0.617857596,0.382143,0.617857596,1819.492,0,0,11324.17,0,0,0,0,54951.08,1,0.001,0.6550825078
C143L71,71,143,-1157500,-1172500,0.33141993,0.66539066,0.00318941,0.2896336,0.70717699,0.252313,0.74449759,2871.212,0,0,6420.958,0,0,0,0,57183.69,1,0.079,0.66539066
C144L71,71,144,-1152500,-1172500,0.39188343,0.5941558,0.01396077,0.34350675,0.64253248,0.312338,0.67370123,7168.06,0,0,1517.745,0,0,0,0,59752.23,1,0.08,0.6261288249
C145L71,71,145,-1147500,-1172500,0.27145167,0.7263156,0.00223273,0.20350907,0.7942582,0.189155,0.80861227,12012.26,0,0,2319.953,0,0,0,0,62615.36,1,0.082,0.7263156
C146L71,71,146,-1142500,-1172500,0.28831183,0.40357191,0.30811626,0.23701313,0.45487061,0.232143,0.45974074,15759.72,0,0,901.7984,0,0,0,0,65734.59,1,0.056,0.4065051878
C147L71,71,147,-1137500,-1172500,0.000956938,0.001594896,0.997448166,0.000956938,0.001594896,0.000956938,0.001594896,14194.71,0,0,3859.94,0,0,0,0,69075.25,1,0,0.001594896
C76L72,72,76,-1492500,-1177500,0.309524,0,0.690476,0.309524,0,0.309524,0,7733.119,0,0,171770,0,0,0,0,312365.9,1,0,0.001398664211
C77L72,72,77,-1487500,-1177500,1,0,0,1,0,1,0,11972.27,0,0,167419.3,0,0,0,0,307445.6,1,0,0.004577276987
C78L72,72,78,-1482500,-1177500,1,0,0,1,0,1,0,15681.38,0,0,163105.9,0,0,0,0,302527.9,1,0,0.004642138998
C79L72,72,79,-1477500,-1177500,1,0,0,1,0,1,0,19769.12,0,0,158832.7,0,0,0,0,297613,1,0,0.00470722432
C80L72,72,80,-1472500,-1177500,1,0,0,1,0,1,0,24078.72,0,0,154603.1,0,0,0,0,292701,1,0,0.004772277336
C81L72,72,81,-1467500,-1177500,1,0,0,1,0,1,0,24519.94,0.1613239,0,150420.8,0,0,0,0.1613239,287791.9,1,0,0.004837291602
C82L72,72,82,-1462500,-1177500,1,0,0,1,0,1,0,20063.07,1,0,146289.8,0,0,0,1,282886.1,1,0,0.00490226144
C83L72,72,83,-1457500,-1177500,1,0,0,1,0,1,0,15589.39,1,0,142214.7,0,0,0,1,277983.7,1,0,0.004967113896
C84L72,72,84,-1452500,-1177500,1,0,0,1,0,1,0,11394.35,1,0,138200.2,0,0,0,1,273084.7,1,0,0.005029134522
C85L72,72,85,-1447500,-1177500,1,0,0,1,0,1,0,8102.479,0.78708,0,134252,0,0,0,0.78708,268189.5,1,0,0.005042056459
C86L72,72,86,-1442500,-1177500,1,0,0,1,0,1,0,4925.386,0,0,130376,0,0,0,0,263298.3,1,0,0.005103627455
C87L72,72,87,-1437500,-1177500,1,0,0,1,0,1,0,959.0871,0,0,126578.8,0,0,0,0,258411.2,1,0,0.005170910879
C88L72,72,88,-1432500,-1177500,1,0,0,1,0,1,0,107.7619,0,0,122867.8,0,0,0,0,253528.5,1,0,0.005287457879
C89L72,72,89,-1427500,-1177500,1,0,0,1,0,1,0,4494.98,0,0,119251,0,0,0,0,248650.4,1,0,0.005355389235
C90L72,72,90,-1422500,-1177500,1,0,0,1,0,1,0,7021.054,0,0,115722.3,0,0,0,0,243777.3,1,0,0.00542140704
C91L72,72,91,-1417500,-1177500,1,0,0,1,0,1,0,11083.28,0,0,112205.7,0,0,0,0,238909.5,1,0,0.005498036922
C92L72,72,92,-1412500,-1177500,1,0,0,1,0,1,0,15621.44,0,0,108689.1,0,0,0,0,234047.2,1,0,0.005745057288
C93L72,72,93,-1407500,-1177500,1,0,0,1,0,1,0,16833.69,0,0,105173.7,0,0.0007820076,0,0.0007820076,229190.9,1,0,0.006390102834
C94L72,72,94,-1402500,-1177500,1,0,0,1,0,1,0,14351.58,0,0,101736.7,0,0.0369413,0,0.0369413,224340.8,1,0,0.01191931287
C95L72,72,95,-1397500,-1177500,1,0,0,1,0,1,0,13039.29,0,0,98433.85,0,0,0,0,219497.5,1,0,0.02113095848
C96L72,72,96,-1392500,-1177500,0.989975,0.01002506,-6e-08,0.989975,0.01002506,0.989975,0.01002506,13497.52,0,0,95278.99,0,0.001977253,0,0.001977253,214661.4,1,0,0.03381681531
C97L72,72,97,-1387500,-1177500,0.98278027,0.0172194,3.3e-07,0.98278027,0.0172194,0.980867,0.01913267,11198.92,0,0,92287.32,0,0.67586,0.01162181,0.68748181,209832.9,2,0.002,0.03507628641
C98L72,72,98,-1382500,-1177500,0.9577067,0.042293193,1.07e-07,0.9577067,0.042293193,0.955827,0.044172893,8468.719,0,0,89475.21,0,0.816773,0.4779002,1.2946732,205012.7,2,0.002,0.042293193
C99L72,72,99,-1377500,-1177500,0.982143,0.01785714,-1.4e-07,0.982143,0.01785714,0.982143,0.01785714,5765.069,0,0,86836.88,0,0.00642846,0.9977531,1.00418156,200201.3,1,0,0.01785714
C100L72,72,100,-1372500,-1177500,1,0,0,1,0,1,0,3286.181,0,0,84227.06,0,0,1,1,195399.4,1,0,0.004409367301
C101L72,72,101,-1367500,-1177500,0.986288633,0.013711735,-3.68e-07,0.986288633,0.013711735,0.985332,0.014668368,180.7851,0,0,81732.4,0,0,1,1,190607.7,1,0.001,0.013711735
C102L72,72,102,-1362500,-1177500,0.99906,0.00093985,1.5e-07,0.99906,0.00093985,0.99906,0.00093985,3013.507,0,0,79474.34,0,0,1,1,185826.9,1,0,0.003109661741
C103L72,72,103,-1357500,-1177500,0.994674,0.00532581,1.9e-07,0.994674,0.00532581,0.994674,0.00532581,5123.612,0,0,77473.59,0,0,1,1,181058,1,0,0.00532581
C104L72,72,104,-1352500,-1177500,1,0,0,1,0,1,0,7613.949,0,0,75750.54,0,0,1,1,176301.9,1,0,0.001906917416
C105L72,72,105,-1347500,-1177500,0.9978071,0.00219298,-8e-08,0.9978071,0.00219298,0.992168,0.00783208,11314.85,0,0,74275.89,0,0,1,1,171559.6,1,0.006,0.004771846634
C106L72,72,106,-1342500,-1177500,0.99266616,0.00733418,-3.4e-07,0.99266616,0.00733418,0.987883,0.01211734,12887.18,0,0,72912.52,0,0,1,1,166832.4,1,0.005,0.007938732162
C107L72,72,107,-1337500,-1177500,0.992481,0.0075188,2e-07,0.992481,0.0075188,0.992481,0.0075188,10007.31,0,0,71859.63,0,0,1,1,162121.6,1,0,0.009965199347
C108L72,72,108,-1332500,-1177500,0.98469427,0.01530612,-3.9e-07,0.97385247,0.02614792,0.959503,0.04049739,7714.395,0,0.5,71143.36,0,0,1,1,157428.6,1,0.025,0.01696408104
C109L72,72,109,-1327500,-1177500,0.97900955,0.02098997,4.8e-07,0.97619,0.02380952,0.97619,0.02380952,5553.681,0,0.5,70773.92,0,0,1,1,152755.1,1,0.003,0.02098997
C110L72,72,110,-1322500,-1177500,1.000000188,0,-1.88e-07,0.99968131,0.000318878,0.992666,0.007334188,1887.473,0,0.5,70697.2,0,0,1,1,148102.9,1,0.007,0.006535361888
C111L72,72,111,-1317500,-1177500,1,0,0,1,0,1,0,2510.822,0,1,70651.56,0,0,1,1,143474.1,1,0,0.009262134237
C112L72,72,112,-1312500,-1177500,0.99906,0.00093985,1.5e-07,0.99906,0.00093985,0.99906,0.00093985,4867.882,0,0.5,70605.92,0,0,1,1,138871.1,1,0,0.005552382651
C113L72,72,113,-1307500,-1177500,0.995217,0.004783161,-1.61e-07,0.995217,0.004783161,0.995217,0.004783161,5406.049,0,0.5,70604.19,0,0,1,1,134296.4,1,0,0.008794816308
C114L72,72,114,-1302500,-1177500,0.99718,0.002819553,4.47e-07,0.99718,0.002819553,0.99718,0.002819553,5611.936,0,0.5,70911.27,0,0,1,1,129753.2,1,0,0.01033335841
C115L72,72,115,-1297500,-1177500,0.992028,0.00797194,6e-08,0.992028,0.00797194,0.992028,0.00797194,7341.077,0,0.5,71567.2,0,0,1,1,125244.7,1,0,0.01747733851
C116L72,72,116,-1292500,-1177500,0.971178,0.02882205,-5e-08,0.971178,0.02882205,0.971178,0.02882205,7197.168,0,0.5,72528.65,0,0,1,1,120775,1,0,0.03328247101
C117L72,72,117,-1287500,-1177500,0.96875039,0.03124997,-3.6e-07,0.96875039,0.03124997,0.967156,0.03284436,3145.036,0,0,73540.28,0,0,1,1,116348.4,1,0.002,0.03479841589
C118L72,72,118,-1282500,-1177500,0.93703,0.062969966,3.4e-08,0.93703,0.062969966,0.93703,0.062969966,99.36948,0,0,74585.82,0,0,1,1,111970.1,1,0,0.062969966
C119L72,72,119,-1277500,-1177500,0.950255,0.049744895,1.05e-07,0.950255,0.049744895,0.950255,0.049744895,1746.878,0,0.5,74086.84,0,0,1,1,107646,1,0,0.05606457777
C120L72,72,120,-1272500,-1177500,0.977444,0.02255634,-3.4e-07,0.977444,0.02255634,0.977444,0.02255634,4758.816,0,0.5,70876.56,0,0,1,1,103382.8,1,0,0.04211157004
C121L72,72,121,-1267500,-1177500,0.946429,0.053571446,-4.46e-07,0.946429,0.053571446,0.946429,0.053571446,6564.129,0,0.5,67700.82,0,0,1,1,99188.52,1,0,0.05474516968
C122L72,72,122,-1262500,-1177500,0.9808678,0.01913266,-4.6e-07,0.97831678,0.02168368,0.975128,0.02487246,8965.332,0,1,64543.05,0,0,1,1,95072.17,1,0.006,0.03631083623
C123L72,72,123,-1257500,-1177500,0.96992483,0.030075163,7e-09,0.96992483,0.030075163,0.966792,0.033207993,12033.82,0,1,61585.23,0,0,1,1,91044.33,1,0.003,0.03908429668
C124L72,72,124,-1252500,-1177500,0.96651743,0.033482123,4.47e-07,0.96651743,0.033482123,0.959821,0.040178553,14941.1,0,0.5,58903.95,0,0,1,1,87117.31,1,0.007,0.03590984491
C125L72,72,125,-1247500,-1177500,0.96334592,0.03665417,-9e-08,0.95895996,0.04104013,0.942356,0.05764409,18514.91,0,0.5,56538.58,0,0,1,1,83305.34,1,0.021,0.03665417
C126L72,72,126,-1242500,-1177500,0.97225802,0.027742301,-3.21e-07,0.97225802,0.027742301,0.969707,0.030293321,21621.41,0,0,54529.08,0,0,1,1,79624.95,1,0.003,0.027742301
C127L72,72,127,-1237500,-1177500,0.975876833,0.02412281,3.57e-07,0.975876833,0.02412281,0.972744,0.027255643,21168.3,0,0,52682.64,0,0,1,1,76095.25,1,0.003,0.02412281
C128L72,72,128,-1232500,-1177500,0.9582269,0.041772995,1.05e-07,0.9582269,0.041772995,0.955357,0.044642895,21102.64,0,0,50836.19,0,0,1,1,72738.17,1,0.003,0.041772995
C129L72,72,129,-1227500,-1177500,0.95050155,0.04949871,-2.6e-07,0.95050155,0.04949871,0.947682,0.05231826,19413.91,0,0,49062.37,0,0,1,1,69578.7,1,0.003,0.05097898331
C130L72,72,130,-1222500,-1177500,0.952380623,0.04761901,3.67e-07,0.944861833,0.0551378,0.941729,0.058270633,18000.73,0,0,47707.44,0,0,1,1,66644.95,1,0.011,0.06385740864
C131L72,72,131,-1217500,-1177500,0.94483433,0.05516581,-1.4e-07,0.94483433,0.05516581,0.935268,0.06473214,17658.75,0,0,46849.59,0,0,1,1,63967.98,1,0.01,0.07277909387
C132L72,72,132,-1212500,-1177500,0.932644,0.067355866,1.34e-07,0.932644,0.067355866,0.932644,0.067355866,17015.19,0,0.3333333,46373.75,0,0,0.9607617,0.9607617,61581.3,1,0,0.1013898912
C133L72,72,133,-1207500,-1177500,0.88552328,0.114477,-2.8e-07,0.881059,0.11894128,0.881059,0.11894128,16612.4,0,0.3333333,43778.69,0,0,0.6202658,0.6202658,59519.84,1,0.004,0.1206937228
C134L72,72,134,-1202500,-1177500,0.95770632,0.042293203,4.77e-07,0.9561399,0.043859623,0.942982,0.057017523,17010.37,0,0.3333333,41225.59,0.01689611,0,0.06278792,0.06278792,57818.38,1,0.015,0.09181082949
C135L72,72,135,-1197500,-1177500,0.8698984,0.130101993,-3.93e-07,0.8542734,0.145726993,0.810906,0.189094393,15034.28,0,0.3333333,39147.48,0.7157917,0,0,0,56509.46,1,0.059,0.1419100734
C136L72,72,136,-1192500,-1177500,0.87280742,0.12719296,-3.8e-07,0.85495028,0.1450501,0.823622,0.17637838,14398.5,0,0.5,37566.95,1,0,0,0,55620.8,1,0.049,0.1698924078
C137L72,72,137,-1187500,-1177500,0.875637903,0.12436224,-1.43e-07,0.856824103,0.14317604,0.838967,0.161033143,15150.54,0,1,36080.94,1,0,0,0,55172.7,1,0.037,0.2194604611
C138L72,72,138,-1182500,-1177500,0.608395886,0.391603986,1.28e-07,0.5833332,0.416666672,0.544486,0.455513872,16896.79,0,1,31916.05,0.6550494,0,0,0,55175.91,1,0.064,0.4218490364
C139L72,72,139,-1177500,-1177500,0.47493775,0.52506307,-8.2e-07,0.46334627,0.53665455,0.46084,0.53916082,13282.9,0,0.5,27012.84,0.003364474,0,0,0,55630.34,1,0.014,0.5668618427
C140L72,72,140,-1172500,-1177500,0.056760155,0.943239325,5.2e-07,0.0561224,0.94387708,0.0561224,0.94387708,9519.038,0,0.5,22109.63,0.09449864,0,0,0,56525.12,1,0.001,0.943239325
C141L72,72,141,-1167500,-1177500,0.03446118,0.96553896,-1.4e-07,0.03446118,0.96553896,0.0247494,0.97525074,4659.141,0,0,17174.53,0,0,0,0,57839.81,1,0.01,0.96553896
C142L72,72,142,-1162500,-1177500,0.31313781,0.66772982,0.01913237,0.3061225,0.67474513,0.247768,0.73309963,1094.675,0,0,12175.69,0,0,0,0,59546.6,1,0.065,0.66772982
C143L72,72,143,-1157500,-1177500,0.41979981,0.563283706,0.016916484,0.40162938,0.581454136,0.35589,0.627193516,2680.926,0,0,7176.839,0,0,0,0,61612.91,1,0.064,0.5682106305
C144L72,72,144,-1152500,-1177500,0.118303648,0.67155558,0.210140772,0.11447712,0.675382108,0.0899235,0.699935728,7647.753,0,0,2177.993,0,0,0,0,64003.95,1,0.028,0.67155558
C145L72,72,145,-1147500,-1177500,0.15256887,0.154448666,0.692982464,0.10557646,0.201441076,0.091792,0.215225536,12640.76,0,0,2820.853,0,0,0,0,66684.77,1,0.061,0.1628176553
C146L72,72,146,-1142500,-1177500,0.01913264,0.007971935,0.972895425,0.0169005,0.010204075,0.0169005,0.010204075,17637.73,0,0,2921.854,0,0,0,0,69621.93,1,0.002,0.01082114436
C76L73,73,76,-1492500,-1182500,0.268581,0,0.731419,0.268581,0,0.268581,0,9737.636,0,0,169393.7,0,0,0,0,313286.8,1,0,0.001210371587
C77L73,73,77,-1487500,-1182500,1,0,0,1,0,1,0,14020.82,0,0,164980.4,0,0,0,0,308381.2,1,0,0.004564885338
C78L73,73,78,-1482500,-1182500,1,0,0,1,0,1,0,18664.01,0,0,160601.4,0,0,0,0,303478.7,1,0,0.004629546937
C79L73,73,79,-1477500,-1182500,1,0,0,1,0,1,0,22686.34,0,0,156259.8,0,0,0,0,298579.4,1,0,0.00469442553
C80L73,73,80,-1472500,-1182500,1,0,0,1,0,1,0,26743.67,0,0,151958.6,0,0,0,0,293683.5,1,0,0.004759265172
C81L73,73,81,-1467500,-1182500,1,0,0,1,0,1,0,22685.05,0.07123085,0,147701.4,0,0,0,0.07123085,288791.2,1,0,0.004824057236
C82L73,73,82,-1462500,-1182500,1,0,0,1,0,1,0,17924.54,1,0,143492.2,0,0,0,1,283902.7,1,0,0.004888798626
C83L73,73,83,-1457500,-1182500,1,0,0,1,0,1,0,13340.42,1,0,139335.3,0,0,0,1,279018.1,1,0,0.004953460273
C84L73,73,84,-1452500,-1182500,1,0,0,1,0,1,0,8927.883,1,0,135235.4,0,0,0,1,274137.6,1,0,0.005017359628
C85L73,73,85,-1447500,-1182500,1,0,0,1,0,1,0,4437.298,0.4196464,0,131198,0,0,0,0.4196464,269261.6,1,0,0.005081169294
C86L73,73,86,-1442500,-1182500,1,0,0,1,0,1,0,1351.361,0,0,127229,0,0,0,0,264390.1,1,0,0.005144976077
C87L73,73,87,-1437500,-1182500,1,0,0,1,0,1,0,1181.125,0,0,123334.9,0,0,0,0,259523.6,1,0,0.005210171271
C88L73,73,88,-1432500,-1182500,1,0,0,1,0,1,0,4520.559,0,0,119523.2,0,0.02742342,0,0.02742342,254662.2,1,0,0.005275697694
C89L73,73,89,-1427500,-1182500,1,0,0,1,0,1,0,7178.812,0,0,115802,0,0.09932227,0,0.09932227,249806.3,1,0,0.005341835113
C90L73,73,90,-1422500,-1182500,1,0,0,1,0,1,0,11031.79,0,0,112180.2,0,0.004190901,0,0.004190901,244956.3,1,0,0.00541133667
C91L73,73,91,-1417500,-1182500,1,0,0,1,0,1,0,14091.27,0,0,108651.3,0,0.1089104,0,0.1089104,240112.3,1,0,0.005558281874
C92L73,73,92,-1412500,-1182500,1,0,0,1,0,1,0,14682.57,0,0,105134.7,0,0.3835501,0,0.3835501,235274.9,1,0,0.006249595475
C93L73,73,93,-1407500,-1182500,1,0,0,1,0,1,0,12812.07,0,0,101618.1,0,0.8436157,0,0.8436157,230444.4,2,0,0.013085204
C94L73,73,94,-1402500,-1182500,1,0,0,1,0,1,0,10116.07,0,0,98102.97,0,0.4815899,0,0.4815899,225621.3,1,0,0.02391829373
C95L73,73,95,-1397500,-1182500,0.88896075,0.11103892,3.3e-07,0.88896075,0.11103892,0.885714,0.11428567,8670.529,0,0,94673.42,0,0,0.04911424,0.04911424,220806.1,1,0.003,0.11103892
C96L73,73,96,-1392500,-1182500,0.8188198,0.18118032,-1.2e-07,0.80765553,0.19234459,0.785646,0.21435412,8503.651,0,0,91388.84,0,0,0.3331168,0.3331168,215999.3,1,0.033,0.18118032
C97L73,73,97,-1387500,-1182500,0.85486973,0.14512984,4.3e-07,0.85486973,0.14512984,0.852597,0.14740257,7024.505,0,0,88265.41,0,0.05852711,0.8118591,0.87038621,211201.4,1,0.002,0.14512984
C98L73,73,98,-1382500,-1182500,0.978309,0.02169059,4.1e-07,0.978309,0.02169059,0.978309,0.02169059,4272.375,0,0,85320.84,0,0.1747092,0.9821638,1.156873,206413.2,1,0,0.02285131989
C99L73,73,99,-1377500,-1182500,0.992857,0.007142851,1.49e-07,0.992857,0.007142851,0.992857,0.007142851,1559.088,0,0,82574.26,0,0,1,1,201635.2,1,0,0.008075272103
C100L73,73,100,-1372500,-1182500,0.987241,0.01275918,-1.8e-07,0.987241,0.01275918,0.987241,0.01275918,917.0066,0,0,79962.21,0,0,1,1,196868.2,1,0,0.01275918
C101L73,73,101,-1367500,-1182500,0.97500029,0.025000011,-3.01e-07,0.97500029,0.025000011,0.964286,0.035714301,3783.22,0,0,77371.67,0,0,1,1,192113.1,1,0.011,0.025000011
C102L73,73,102,-1362500,-1182500,0.992663,0.007336528,4.72e-07,0.992663,0.007336528,0.992663,0.007336528,7133.663,0,0.5,74982.41,0,0,1,1,187370.8,1,0,0.01519260573
C103L73,73,103,-1357500,-1182500,0.97512,0.024880418,-4.18e-07,0.97512,0.024880418,0.97512,0.024880418,9712.088,0,0.5,72858.41,0,0,1,1,182642.2,1,0,0.024880418
C104L73,73,104,-1352500,-1182500,0.969481,0.02889615,0.00162285,0.969481,0.02889615,0.969481,0.02889615,11792.44,0,0.5,71023.48,0,0,1,1,177928.4,1,0,0.02889615
C105L73,73,105,-1347500,-1182500,0.99106827,0.00893141,3.2e-07,0.98692154,0.01307814,0.979904,0.02009568,13244.35,0,0.5,69489.42,0,0,1,1,173230.7,1,0.011,0.01658429423
C106L73,73,106,-1342500,-1182500,0.94772746,0.05227264,-1e-07,0.94772746,0.05227264,0.943182,0.0568181,9988.025,0,0.3333333,68073.7,0,0,1,1,168550.4,1,0.005,0.05227264
C107L73,73,107,-1337500,-1182500,0.97607685,0.02392344,-2.9e-07,0.97607685,0.02392344,0.973844,0.02615629,5816.147,0,0.3333333,66944.75,0,0,1,1,163888.9,1,0.002,0.02896821872
C108L73,73,108,-1332500,-1182500,0.96071412,0.039285681,1.99e-07,0.95162321,0.048376591,0.943831,0.056168801,4230.189,0,0.3333333,66175.3,0,0,1,1,159248,1,0.017,0.039285681
C109L73,73,109,-1327500,-1182500,0.9901118,0.00988837,-1.7e-07,0.9901118,0.00988837,0.986922,0.01307817,660.4197,0,0.5,65777.96,0,0,1,1,154629.5,1,0.003,0.02090648531
C110L73,73,110,-1322500,-1182500,0.98311661,0.016883125,2.65e-07,0.97857116,0.021428575,0.972727,0.027272735,1240.287,0,0.5,65697.41,0,0,1,1,150035.5,1,0.01,0.02057833455
C111L73,73,111,-1317500,-1182500,0.98724077,0.012759177,5.3e-08,0.98724077,0.012759177,0.983732,0.016267947,4067.64,0,0.5,65651.77,0,0,1,1,145468.2,1,0.004,0.01496340465
C112L73,73,112,-1312500,-1182500,0.992344959,0.0076555,-4.59e-07,0.991707,0.008293459,0.991707,0.008293459,8141.488,0,0.5,65606.13,0,0,1,1,140930.3,1,0.001,0.01104671022
C113L73,73,113,-1307500,-1182500,0.99058473,0.009415576,-3.06e-07,0.988312,0.011688306,0.988312,0.011688306,10236.28,0,0.5,65606.03,0,0,1,1,136424.7,1,0.002,0.01388587006
C114L73,73,114,-1302500,-1182500,0.96555,0.03444978,2.2e-07,0.96555,0.03444978,0.96555,0.03444978,10362.01,0,0.5,65936.39,0,0,1,1,131954.8,1,0,0.03444978
C115L73,73,115,-1297500,-1182500,0.96526,0.03474024,-2.4e-07,0.96526,0.03474024,0.96526,0.03474024,9542.276,0,0.5,66641.31,0,0,1,1,127524.2,1,0,0.05493340272
C116L73,73,116,-1292500,-1182500,0.94513563,0.054864465,-9.5e-08,0.94322175,0.056778345,0.939394,0.060606095,5182.346,0,0.5,67632.06,0,0,1,1,123137.2,1,0.006,0.08337167328
C117L73,73,117,-1287500,-1182500,0.94253261,0.057467627,-2.37e-07,0.94058456,0.059415677,0.932143,0.067857237,948.0774,0,0,68643.69,0.03750935,0,0.9792115,0.9792115,118798.7,1,0.01,0.1003536837
C118L73,73,118,-1282500,-1182500,0.94098866,0.05901116,1.8e-07,0.93492805,0.06507177,0.920255,0.07974482,3819.077,0,0,69731.59,0.1154724,0,0.8764762,0.8764762,114514.1,1,0.021,0.08991193583
C119L73,73,119,-1277500,-1182500,0.92305164,0.076948075,2.85e-07,0.92305164,0.076948075,0.911688,0.088311715,6391.337,0,0,70400.65,0,0,0.7767217,0.7767217,110289.8,1,0.011,0.08918191452
C120L73,73,120,-1272500,-1182500,0.85709764,0.14290281,-4.5e-07,0.85454581,0.14545464,0.851675,0.14832545,8535.953,0,0.5,67033.13,0,0,0.9973995,0.9973995,106132.9,1,0.005,0.14290281
C121L73,73,121,-1267500,-1182500,0.903349,0.09665078,2.2e-07,0.903349,0.09665078,0.903349,0.09665078,11394.64,0,0.5,63838.87,0,0,1,1,102051.6,1,0,0.09672449528
C122L73,73,122,-1262500,-1182500,0.96006535,0.039935135,-4.85e-07,0.9568186,0.043181885,0.945455,0.054545485,13287.6,0,1,60663.12,0,0,1,1,98055.56,1,0.015,0.06468855253
C123L73,73,123,-1257500,-1182500,0.91770339,0.082296728,-1.18e-07,0.91547054,0.084529578,0.908453,0.091547118,15957.65,0,1,57529.82,0,0,1,1,94155.44,1,0.009,0.08293199914
C124L73,73,124,-1252500,-1182500,0.95714285,0.042857195,-4.5e-08,0.95714285,0.042857195,0.95,0.050000045,18874.31,0,0.5,54649.94,0,0,1,1,90363.72,1,0.007,0.05086200618
C125L73,73,125,-1247500,-1182500,0.97511996,0.024880378,-3.38e-07,0.97288711,0.027113228,0.959171,0.040829338,22000.4,0,0.5,52091.76,0,0,1,1,86694.61,1,0.016,0.03544029869
C126L73,73,126,-1242500,-1182500,0.96233723,0.037662272,4.98e-07,0.9574671,0.042532402,0.953571,0.046428502,25557.15,0,0,49904.78,0,0,1,1,83164.35,1,0.009,0.037662272
C127L73,73,127,-1237500,-1182500,0.97320558,0.026794219,2.01e-07,0.97033477,0.029665029,0.966826,0.033173799,26166.88,0,0,48036.06,0,0,1,1,79791.37,1,0.006,0.02809920277
C128L73,73,128,-1232500,-1182500,0.96233778,0.037662336,-1.16e-07,0.96233778,0.037662336,0.958117,0.041883116,26097.32,0,0,46189.62,0,0,1,1,76596.46,1,0.004,0.0496688123
C129L73,73,129,-1227500,-1182500,0.96778264,0.032216958,4.02e-07,0.96491183,0.035087768,0.96236,0.037639598,24077.71,0,0,44350.8,0,0,0.9959001,0.9959001,73602.79,1,0.005,0.06335233905
C130L73,73,130,-1222500,-1182500,0.80765511,0.19234457,3.2e-07,0.80574123,0.19425845,0.793939,0.20606068,22953.48,0,0,42847.14,0,0,0.3495745,0.3495745,70835.9,1,0.014,0.19234457
C131L73,73,131,-1217500,-1182500,0.69772691,0.30227304,5e-08,0.69545418,0.30454577,0.688636,0.31136395,22655.65,0,0,41889.87,0,0,0.1103055,0.1103055,68323.34,1,0.009,0.30227304
C132L73,73,132,-1212500,-1182500,0.90653942,0.093460939,-3.59e-07,0.90653942,0.093460939,0.897608,0.102392359,21914.5,0,0,41394.65,0,0,0.246119,0.246119,66094.12,1,0.009,0.1453321433
C133L73,73,133,-1207500,-1182500,0.435065,0.56493458,4.2e-07,0.435065,0.56493458,0.435065,0.56493458,21603.25,0,0.3333333,39704.02,0,0,0.004036066,0.004036066,64177.78,1,0,0.56493458
C134L73,73,134,-1202500,-1182500,0.991707,0.00829346,-4.6e-07,0.991707,0.00829346,0.991707,0.00829346,21441.29,0,0.3333333,36874.74,0,0,0,0,62603.05,1,0,0.1051680609
C135L73,73,135,-1197500,-1182500,0.922078211,0.077922011,-2.22e-07,0.919805481,0.080194741,0.914286,0.085714222,19909.94,0,1,34535.8,0.04878776,0,0,0,61396.22,1,0.008,0.142542901
C136L73,73,136,-1192500,-1182500,0.88548647,0.1145135,3e-08,0.86762367,0.1323763,0.831579,0.16842097,19397.81,0,1,32792.88,0.8043086,0,0,0,60579.28,1,0.054,0.1932488127
C137L73,73,137,-1187500,-1182500,0.81980521,0.1801948,-1e-08,0.78474031,0.2152597,0.748052,0.25194801,17089.37,0,1,31306.87,1,0,0,0,60168.13,1,0.072,0.2604396946
C138L73,73,138,-1182500,-1182500,0.76331788,0.236682509,-3.89e-07,0.71164318,0.288357209,0.668262,0.331738389,13494.7,0,1,29820.85,0.7893718,0,0,0,60171.07,1,0.095,0.3133213918
C139L73,73,139,-1177500,-1182500,0.51674642,0.483253709,-1.29e-07,0.51196173,0.488038399,0.507815,0.492185129,9889.715,0,1,27279.63,0.1054618,0,0,0,60588.05,1,0.009,0.5046654062
C140L73,73,140,-1172500,-1182500,0.26038975,0.73961004,2.1e-07,0.257143,0.74285679,0.257143,0.74285679,6287.086,0,0.5,22280.79,0,0,0,0,61410.63,1,0.003,0.73961004
C141L73,73,141,-1167500,-1182500,0.154705,0.84529515,-1.5e-07,0.154705,0.84529515,0.154705,0.84529515,3313.817,0,0,17281.94,0,0,0,0,62622.83,1,0,0.84529515
C142L73,73,142,-1162500,-1182500,0.45909061,0.45162329,0.0892861,0.44577892,0.46493498,0.410714,0.4999999,1376.086,0,0,12283.09,0,0,0,0,64202.6,1,0.048,0.5193592398
C143L73,73,143,-1157500,-1182500,0.11323762,0.09984051,0.78692187,0.10143542,0.11164271,0.0832536,0.12982453,5222.762,0,0,7284.247,0,0,0,0,66123.58,1,0.03,0.1112049619
C76L74,74,76,-1492500,-1187500,0.226817,0,0.773183,0.226817,0,0.226817,0,13303.43,0,0,167133.3,0,0,0,0,314284.6,1,0,0.001019158149
C77L74,74,77,-1487500,-1187500,1,0,0,1,0,1,0,16777.91,0,0,162658.6,0,0.08533244,0,0.08533244,309394.8,1,0,0.004551460661
C78L74,74,78,-1482500,-1187500,1,0,0,1,0,1,0,20814.9,0,0,158215.5,0,0.03650234,0,0.03650234,304508.6,1,0,0.004615907192
C79L74,74,79,-1477500,-1187500,1,0,0,1,0,1,0,25199.64,0,0,153806.5,0,0,0,0,299626.2,1,0,0.004680562157
C80L74,74,80,-1472500,-1187500,1,0,0,1,0,1,0,24870.15,0,0,149434.7,0,0,0,0,294747.7,1,0,0.004745171413
C81L74,74,81,-1467500,-1187500,1,0,0,1,0,1,0,20887.84,0.003564924,0,145103.5,0,0,0,0.003564924,289873.3,1,0,0.004809726243
C82L74,74,82,-1462500,-1187500,1,0,0,1,0,1,0,16845.84,0.9761456,0,140816.6,0,0,0,0.9761456,285003.3,1,0,0.004874223008
C83L74,74,83,-1457500,-1187500,1,0,0,1,0,1,0,11884.77,1,0,136578.3,0,0,0,1,280137.9,1,0,0.004938665537
C84L74,74,84,-1452500,-1187500,1,0,0,1,0,1,0,6930.27,0.9764675,0,132393,0,0,0,0.9764675,275277.3,1,0,0.005003068143
C85L74,74,85,-1447500,-1187500,1,0,0,1,0,1,0,2169.413,0.07574535,0,128266.2,0,0,0,0.07574535,270421.8,1,0,0.005067446913
C86L74,74,86,-1442500,-1187500,1,0,0,1,0,1,0,69.39057,0,0,124203.5,0,0,0,0,265571.7,1,0,0.005131882316
C87L74,74,87,-1437500,-1187500,1,0,0,1,0,1,0,4956.418,0,0,120211.5,0,0,0,0,260727.2,1,0,0.005196461264
C88L74,74,88,-1432500,-1187500,1,0,0,1,0,1,0,8166.024,0,0,116297.5,0,0.6554635,0,0.6554635,255888.7,2,0,0.005263640705
C89L74,74,89,-1427500,-1187500,1,0,0,1,0,1,0,11081.22,0,0,112469.6,0,0.9901016,0,0.9901016,251056.5,2,0,0.00535151196
C90L74,74,90,-1422500,-1187500,1,0,0,1,0,1,0,14249.86,0,0,108736.9,0,0.9443622,0,0.9443622,246231.1,2,0,0.005466066477
C91L74,74,91,-1417500,-1187500,1,0,0,1,0,1,0,12907.9,0,0,105109.5,0,0.9909383,0,0.9909383,241412.7,2,0,0.00576275608
C92L74,74,92,-1412500,-1187500,1,0,0,1,0,1,0,10215.67,0,0,101580.3,0,1,0,1,236601.9,2,0,0.008811172737
C93L74,74,93,-1407500,-1187500,1,0,0,1,0,1,0,8619.798,0,0,98063.74,0,1,0,1,231799.1,2,0,0.02433594395
C94L74,74,94,-1402500,-1187500,0.865288,0.134712,0,0.865288,0.134712,0.865288,0.134712,5754.185,0,0,94547.13,0,0.3655567,0.1290411,0.4945978,227004.8,1,0,0.134712
C95L74,74,95,-1397500,-1187500,0.88233441,0.117665846,-2.56e-07,0.878189,0.121811256,0.878189,0.121811256,3786.02,0,0,91032.35,0,0,0.9538425,0.9538425,222219.5,1,0.004,0.117665846
C96L74,74,96,-1392500,-1187500,0.97462427,0.02537593,-2e-07,0.972118,0.0278822,0.972118,0.0278822,3509.787,0,0,87611.37,0,0,1,1,217443.9,1,0.003,0.04027464569
C97L74,74,97,-1387500,-1187500,0.997449,0.002551023,-2.3e-08,0.997449,0.002551023,0.997449,0.002551023,2748.388,0,0,84348.18,0,0,1,1,212678.7,1,0,0.01870013648
C98L74,74,98,-1382500,-1187500,1,0,0,1,0,1,0,97.95493,0,0,81261.79,0,0,1,1,207924.4,1,0,0.008549159779
C99L74,74,99,-1377500,-1187500,0.993304,0.006696435,-4.35e-07,0.993304,0.006696435,0.993304,0.006696435,2646.894,0,0,78373.09,0,0,1,1,203182,1,0,0.00679448496
C100L74,74,100,-1372500,-1187500,0.981516,0.0184837,3e-07,0.981516,0.0184837,0.981516,0.0184837,5350.543,0,0,75697.4,0,0,1,1,198452.2,1,0,0.0184837
C101L74,74,101,-1367500,-1187500,0.94897945,0.05102044,1.1e-07,0.94897945,0.05102044,0.939732,0.06026789,7519.357,0,0.5,73087.54,0,0,1,1,193736,1,0.009,0.05102044
C102L74,74,102,-1362500,-1187500,0.9627189,0.03728072,3.8e-07,0.9552001,0.04479952,0.945175,0.05482462,10852.62,0,0.3333333,70558.86,0,0,1,1,189034.4,1,0.018,0.03728072
C103L74,74,103,-1357500,-1187500,0.97681713,0.02318299,-1.2e-07,0.97337101,0.02662911,0.956767,0.04323312,13760.82,0,0.5,68297.43,0,0,1,1,184348.4,1,0.02,0.0266106294
C104L74,74,104,-1352500,-1187500,0.97385165,0.023915843,0.002232507,0.970344,0.027423493,0.970344,0.027423493,10953.05,0,0.5,66336.46,0,0,1,1,179679.4,1,0.004,0.02680669147
C105L74,74,105,-1347500,-1187500,0.97399723,0.0260025,2.7e-07,0.97117768,0.02882205,0.967105,0.03289473,8551.074,0,0.5,64703.26,0,0,1,1,175028.7,1,0.007,0.03257556951
C106L74,74,106,-1342500,-1187500,0.95663269,0.0433673,1e-08,0.95153065,0.04846934,0.948023,0.05197699,7558.386,0,0.5,63259.95,0,0,1,1,170397.8,1,0.009,0.04337453591
C107L74,74,107,-1337500,-1187500,0.94423593,0.05576444,-3.7e-07,0.93797027,0.0620301,0.91886,0.08114037,3072.549,0,0,62043.47,0,0,1,1,165788.3,1,0.025,0.05576444
C108L74,74,108,-1332500,-1187500,0.9253829,0.074617295,-1.95e-07,0.91996198,0.080038215,0.906888,0.093112195,198.0516,0,0,61212.44,0,0,1,1,161202.1,1,0.018,0.074617295
C109L74,74,109,-1327500,-1187500,0.9392229,0.060776943,1.57e-07,0.9317041,0.068295743,0.926065,0.073934843,2565.039,0,0,60782.67,0,0,1,1,156641.2,1,0.013,0.060776943
C110L74,74,110,-1322500,-1187500,0.96811205,0.031887795,1.55e-07,0.9617345,0.038265345,0.947385,0.052614845,5327.915,0,0,60697.62,0,0,1,1,152107.9,1,0.021,0.031887795
C111L74,74,111,-1317500,-1187500,0.97556408,0.024436096,-1.76e-07,0.97556408,0.024436096,0.967732,0.032268176,8302.657,0,0,60651.98,0,0,1,1,147604.8,1,0.008,0.024436096
C112L74,74,112,-1312500,-1187500,0.989035,0.010964916,8.4e-08,0.989035,0.010964916,0.989035,0.010964916,11116.34,0,0,60606.34,0,0,1,1,143134.7,1,0,0.0111562141
C113L74,74,113,-1307500,-1187500,0.99457902,0.005420918,6.2e-08,0.992028,0.007971938,0.992028,0.007971938,11164.6,0,0,60608.17,0,0,1,1,138700.7,1,0.003,0.01216107011
C114L74,74,114,-1302500,-1187500,0.958647,0.041353416,-4.16e-07,0.958647,0.041353416,0.958647,0.041353416,7989.458,0,0,60965.62,0,0,1,1,134306.5,1,0,0.04146166804
C115L74,74,115,-1297500,-1187500,0.955676,0.044324,0,0.955676,0.044324,0.955676,0.044324,6201.428,0,0,61727.33,0,0,0.8179045,0.8179045,129956.1,1,0,0.07866545878
C116L74,74,116,-1292500,-1187500,0.58239377,0.41760677,-5.4e-07,0.58020079,0.41979975,0.572682,0.42731854,3277.746,0,0,62735.47,0,0,0.09899869,0.09899869,125654.1,1,0.01,0.41760677
C117L74,74,117,-1287500,-1187500,0.652423703,0.347576223,7.4e-08,0.635842033,0.364157893,0.607143,0.392856926,1400.142,0,0,63747.1,0.8496793,0,0.008419363,0.008419363,121405.5,1,0.045,0.347576223
C118L74,74,118,-1282500,-1187500,0.6218671,0.378132876,2.4e-08,0.5949247,0.405075276,0.501253,0.498746976,5835.657,0,0,64899.5,0.8884632,0,0,0,117216.3,1,0.121,0.378132876
C119L74,74,119,-1277500,-1187500,0.93973257,0.060267805,-3.75e-07,0.93973257,0.060267805,0.930804,0.069196375,10130.14,0,0,66406.38,0,0,0.0003159546,0.0003159546,113092.9,1,0.009,0.1239691803
C120L74,74,120,-1272500,-1187500,0.93452342,0.06547623,3.5e-07,0.93013746,0.06986219,0.911967,0.08803265,12921.65,0,0,63331.14,0,0,0.3727322,0.3727322,109042.9,1,0.023,0.1368420402
C121L74,74,121,-1267500,-1187500,0.89348397,0.10651625,-2.2e-07,0.89191755,0.10808267,0.889098,0.11090222,15501.61,0,0.5,59983.51,0,0,0.6153146,0.6153146,105074.8,1,0.004,0.1815200663
C122L74,74,122,-1262500,-1187500,0.85172173,0.14827804,2.3e-07,0.8450253,0.15497447,0.824936,0.17506377,17715.88,0,0.5,56801.18,0,0,0.4345011,0.4345011,101198.2,1,0.027,0.1844866901
C123L74,74,123,-1257500,-1187500,0.89724346,0.102756833,-2.93e-07,0.88001288,0.119987413,0.860276,0.139724293,20108.61,0,1,53625.43,0,0,0.2671955,0.2671955,97423.94,1,0.037,0.1363263091
C124L74,74,124,-1252500,-1187500,0.90912044,0.090880155,-5.95e-07,0.8791459,0.120854695,0.847577,0.152423595,22998.18,0,1,50532.72,0,0,0.4806052,0.4806052,93764.48,1,0.062,0.1062251753
C125L74,74,125,-1247500,-1187500,0.9602126,0.039786986,4.14e-07,0.94329531,0.056704276,0.928571,0.071428586,25839.24,0,0.5,47754.49,0,0,0.917505,0.917505,90233.76,1,0.032,0.06218227148
C126L74,74,126,-1242500,-1187500,0.95822698,0.041772965,5.5e-08,0.95440045,0.045599495,0.945153,0.054846945,29059.88,0,0,45358.86,0,0,1,1,86847.48,1,0.013,0.04848927565
C127L74,74,127,-1237500,-1187500,0.98715583,0.01284462,-4.5e-07,0.9859027,0.01409775,0.984023,0.01597745,31165.91,0,0,43389.49,0,0,1,1,83623.2,1,0.003,0.03159319276
C128L74,74,128,-1232500,-1187500,0.972258,0.027742376,-3.76e-07,0.972258,0.027742376,0.972258,0.027742376,30585.06,0,0,41543.05,0,0,1,1,80580.35,1,0,0.05799864245
C129L74,74,129,-1227500,-1187500,0.651316,0.348684243,-2.43e-07,0.651316,0.348684243,0.651316,0.348684243,28854.33,0,0,39696.6,0,0,0.9883299,0.9883299,77740.26,1,0,0.348684243
C130L74,74,130,-1222500,-1187500,0.82769398,0.1723058,2.2e-07,0.81641578,0.183584,0.783521,0.21647878,27923.08,0,0,38023.07,0,0,0.315999,0.315999,75125.9,1,0.044,0.1841977742
C131L74,74,131,-1217500,-1187500,0.86447747,0.135523205,-6.75e-07,0.85937543,0.140625245,0.852679,0.147321675,27653.67,0,0.25,36941.01,0,0,0,0,72761.63,1,0.012,0.1992823133
C132L74,74,132,-1212500,-1187500,0.75375936,0.246240746,-1.06e-07,0.74968668,0.250313426,0.745614,0.254386106,26850.96,0,0.3333333,36415.55,0,0,0,0,70672.55,1,0.008,0.3019007979
C133L74,74,133,-1207500,-1187500,0.80102,0.19897973,2.7e-07,0.80102,0.19897973,0.80102,0.19897973,26597.54,0,0.5,35694.44,0,0,0,0,68883.7,1,0,0.3018176917
C134L74,74,134,-1202500,-1187500,0.647556,0.35244403,-3e-08,0.647556,0.35244403,0.647556,0.35244403,24559.08,0,1,32709.98,0,0,0,0,67418.97,1,0,0.3911890874
C135L74,74,135,-1197500,-1187500,0.759885,0.24011528,-2.8e-07,0.759885,0.24011528,0.759885,0.24011528,21171.32,0,1,30048.6,0,0,0,0,66299.86,1,0,0.3366559078
C136L74,74,136,-1192500,-1187500,0.49467398,0.50532535,6.7e-07,0.492481,0.50751833,0.492481,0.50751833,17942.67,0,1,28033.8,0.09702297,0,0,0,65544.07,1,0.002,0.50532535
C137L74,74,137,-1187500,-1187500,0.58673422,0.413265508,2.72e-07,0.56409392,0.435905808,0.543048,0.456951728,13659.13,0,0.5,26532.8,0.8663476,0,0,0,65164.25,1,0.044,0.4556560653
C138L74,74,138,-1182500,-1187500,0.55858405,0.44141563,3.2e-07,0.52756905,0.47243063,0.498747,0.50125268,10060.03,0,1,25046.78,0.6193032,0,0,0,65166.97,1,0.06,0.4687027893
C139L74,74,139,-1177500,-1187500,0.74122771,0.25877228,1e-08,0.71459868,0.28540131,0.654135,0.34586499,6607.603,0,1,23780.62,0.8585918,0,0,0,65552.17,1,0.087,0.4303089313
C140L74,74,140,-1172500,-1187500,0.271684,0.728316,0,0.271684,0.728316,0.271684,0.728316,3059.398,0,0.5,22388.19,0.001351572,0,0,0,66313.21,1,0,0.728316
C141L74,74,141,-1167500,-1187500,0.0582707,0.94172901,2.9e-07,0.0582707,0.94172901,0.0582707,0.94172901,623.7018,0,0,17389.35,0,0,0,0,67437.35,1,0,0.94172901
C142L74,74,142,-1162500,-1187500,0.217474,0.3829715,0.3995545,0.217474,0.3829715,0.217474,0.3829715,2473.989,0,0,12390.5,0,0,0,0,68906.82,1,0,0.4004874459
C76L75,75,76,-1492500,-1192500,0.175752,0,0.824248,0.175752,0,0.175752,0,14015.73,0,0,164993.5,0,0.01862092,0,0.01862092,315358.5,1,0,0.000787203779
C77L75,75,77,-1487500,-1192500,1,0,0,1,0,1,0,18889.17,0,0,160459.1,0,0.7819302,0,0.7819302,310485.6,2,0,0.004537013489
C78L75,75,78,-1482500,-1192500,1,0,0,1,0,1,0,23815.14,0,0,155953.3,0,0.548558,0,0.548558,305616.9,2,0,0.004601229301
C79L75,75,79,-1477500,-1192500,1,0,0,1,0,1,0,27170.36,0,0,151478.5,0,0,0,0,300752.4,1,0,0.004665646969
C80L75,75,80,-1472500,-1192500,1,0,0,1,0,1,0,22494.57,0,0,147037.5,0,0,0,0,295892.5,1,0,0.004730009991
C81L75,75,81,-1467500,-1192500,1,0,0,1,0,1,0,17993.98,0,0,142633.5,0,0.04364769,0,0.04364769,291037.3,1,0,0.004794310643
C82L75,75,82,-1462500,-1192500,1,0,0,1,0,1,0,13840.56,0.8547007,0,138270.1,0,0.06292649,0,0.91762719,286187.2,1,0,0.004858544841
C83L75,75,83,-1457500,-1192500,1,0,0,1,0,1,0,10000.27,1,0,133951.2,0,0,0,1,281342.2,1,0,0.004922762634
C84L75,75,84,-1452500,-1192500,1,0,0,1,0,1,0,5980.068,0.6847792,0,129681.2,0,0,0,0.6847792,276502.8,1,0,0.004988447984
C85L75,75,85,-1447500,-1192500,1,0,0,1,0,1,0,1339.895,0,0,125465.2,0,0,0,0,271669.2,1,0,0.005056237773
C86L75,75,86,-1442500,-1192500,1,0,0,1,0,1,0,3621.173,0,0,121308.8,0,0.187456,0,0.187456,266841.7,1,0,0.005126301025
C87L75,75,87,-1437500,-1192500,1,0,0,1,0,1,0,6768.372,0,0,117218.2,0,0.6247849,0,0.6247849,262020.7,2,0,0.005200667717
C88L75,75,88,-1432500,-1192500,1,0,0,1,0,1,0,10992.03,0,0,113200.8,0,0.9882235,0,0.9882235,257206.5,2,0,0.005278812524
C89L75,75,89,-1427500,-1192500,1,0,0,1,0,1,0,15179.02,0,0,109264.4,0,1,0,1,252399.6,2,0,0.005453815464
C90L75,75,90,-1422500,-1192500,1,0,0,1,0,1,0,13641.12,0,0,105418.3,0,1,0,1,247600.3,2,0,0.006305815363
C91L75,75,91,-1417500,-1192500,1,0,0,1,0,1,0,9293.022,0,0,101672.5,0,1,0,1,242809.1,2,0,0.007377057455
C92L75,75,92,-1412500,-1192500,1,0,0,1,0,1,0,5957.485,0,0,98038.79,0,1,0,1,238026.5,2,0,0.01203627004
C93L75,75,93,-1407500,-1192500,0.94799466,0.05200498,3.6e-07,0.941729,0.05827064,0.941729,0.05827064,3641.738,0,0,94509.38,0,0.9701183,0,0.9701183,233253,2,0.006,0.05557293183
C94L75,75,94,-1402500,-1192500,0.807331,0.191416366,0.001252634,0.807331,0.191416366,0.807331,0.191416366,2659.831,0,0,90992.77,0,0.167651,0.01239391,0.18004491,228489.2,1,0,0.191416366
C95L75,75,95,-1397500,-1192500,0.999362,0.000637755,2.45e-07,0.999362,0.000637755,0.999362,0.000637755,992.9844,0,0,87476.16,0,0,0.7335738,0.7335738,223735.8,1,0,0.02562581998
C96L75,75,96,-1392500,-1192500,1,0,0,1,0,1,0,1484.078,0,0,83961.81,0,0,1,1,218993.2,1,0,0.007995251577
C97L75,75,97,-1387500,-1192500,1,0,0,1,0,1,0,1936.915,0,0,80550.9,0,0,1,1,214262.4,1,0,0.00390808718
C98L75,75,98,-1382500,-1192500,0.9865288,0.01347118,2e-08,0.9827694,0.01723058,0.97901,0.02098998,4076.465,0,0,77313.07,0,0,1,1,209544.1,1,0.008,0.01347118
C99L75,75,99,-1377500,-1192500,0.985013,0.01498725,-2.5e-07,0.985013,0.01498725,0.985013,0.01498725,6828.595,0,0,74270.95,0,0,1,1,204839.2,1,0,0.01498725
C100L75,75,100,-1372500,-1192500,0.997807,0.00219298,2e-08,0.997807,0.00219298,0.997807,0.00219298,9556.525,0,0.5,71449.54,0,0,1,1,200148.6,1,0,0.01167327234
C101L75,75,101,-1367500,-1192500,0.991709633,0.00829083,-4.63e-07,0.991709633,0.00829083,0.990753,0.009247463,12015.92,0,0.3333333,68822.73,0,0,1,1,195473.3,1,0.001,0.01603963736
C102L75,75,102,-1362500,-1192500,0.97963638,0.02036341,2.1e-07,0.9774434,0.02255639,0.973684,0.02631579,14514.61,0,0.5,66217.39,0,0,1,1,190814.5,1,0.006,0.02557823401
C103L75,75,103,-1357500,-1192500,0.968671576,0.031328343,8.1e-08,0.96491218,0.035087739,0.951441,0.048558919,10404.77,0,0,63802.27,0,0,1,1,186173.4,1,0.017,0.031328343
C104L75,75,104,-1352500,-1192500,0.9483419,0.051658143,-4.3e-08,0.9483419,0.051658143,0.945472,0.054528043,6755.014,0,0,61698.59,0,0,1,1,181551.3,1,0.003,0.051658143
C105L75,75,105,-1347500,-1192500,0.97775668,0.02224313,1.9e-07,0.9718043,0.02819551,0.950501,0.04949881,4563.868,0,0,59939.16,0,0,1,1,176949.8,1,0.027,0.02783248396
C106L75,75,106,-1342500,-1192500,0.91709216,0.082908225,-3.85e-07,0.9094391,0.090561285,0.899235,0.100765385,2674.38,0,0,58470.91,0,0,1,1,172370.5,1,0.018,0.082908225
C107L75,75,107,-1337500,-1192500,0.955200216,0.044799446,3.38e-07,0.95206738,0.047932282,0.946115,0.053884662,1200.299,0,0,57159.29,0,0,1,1,167815.2,1,0.009,0.044799446
C108L75,75,108,-1332500,-1192500,0.94036945,0.059630078,4.72e-07,0.93335414,0.066645388,0.915497,0.084502528,2317.778,0,0,56256.16,0,0,1,1,163285.9,1,0.025,0.059630078
C109L75,75,109,-1327500,-1192500,0.93201783,0.067982426,-2.56e-07,0.92857171,0.071428546,0.910088,0.089912256,6171.308,0,0,55788.22,0,0,1,1,158784.9,1,0.022,0.067982426
C110L75,75,110,-1322500,-1192500,0.97480878,0.025191369,-1.49e-07,0.97480878,0.025191369,0.97162,0.028380149,9580.664,0,0,55697.83,0,0,1,1,154314.6,1,0.003,0.03499824028
C111L75,75,111,-1317500,-1192500,0.973058,0.02694236,-3.6e-07,0.973058,0.02694236,0.973058,0.02694236,12230.36,0,0,55652.19,0,0,1,1,149877.8,1,0,0.02945427395
C112L75,75,112,-1312500,-1192500,0.98872168,0.0112782,1.2e-07,0.98872168,0.0112782,0.984649,0.01535088,13749.07,0,0,55606.54,0,0,1,1,145477.5,1,0.004,0.01867624881
C113L75,75,113,-1307500,-1192500,0.990433633,0.009566328,3.9e-08,0.989477,0.010522961,0.989477,0.010522961,8844.889,0,0,55610.7,0,0,1,1,141117.2,1,0.001,0.01972216009
C114L75,75,114,-1302500,-1192500,0.91948598,0.080513809,2.11e-07,0.917293,0.082706789,0.917293,0.082706789,4173.143,0,0,56000.05,0,0,1,1,136800.6,1,0.002,0.080513809
C115L75,75,115,-1297500,-1192500,0.87659416,0.12340572,1.2e-07,0.871811,0.12818888,0.871811,0.12818888,1514.066,0,0,56827.25,0,0,0.8512801,0.8512801,132532.1,1,0.005,0.12340572
C116L75,75,116,-1292500,-1192500,0.69862112,0.301378676,2.04e-07,0.695175,0.304824796,0.695175,0.304824796,155.2093,0,0,57838.88,0,0,0.6060377,0.6060377,128316.5,1,0.003,0.301378676
C117L75,75,117,-1287500,-1192500,0.67251237,0.327487705,-7.5e-08,0.66198941,0.338010665,0.642219,0.357781075,3216.52,0,0,58851.78,0.3020251,0,0.5941952,0.5941952,124159.1,1,0.03,0.327487705
C118L75,75,118,-1282500,-1192500,0.75689189,0.243107426,6.84e-07,0.743734,0.256265316,0.710526,0.289473316,7768.731,0,0,60094.88,0.3752433,0,0.5738704,0.5738704,120065.9,1,0.046,0.243107426
C119L75,75,119,-1277500,-1192500,0.92315076,0.07684952,-2.8e-07,0.91804872,0.08195156,0.906888,0.09311228,12316.53,0,0,61719.18,0,0,0.4305964,0.4305964,116043.9,1,0.016,0.1590239004
C120L75,75,120,-1272500,-1192500,0.39567678,0.604322706,5.14e-07,0.39567678,0.604322706,0.385965,0.614034486,16899.63,0,0,59818.27,0,0,0,0,112100.6,1,0.01,0.604322706
C121L75,75,121,-1267500,-1192500,0.27725605,0.72274406,-1.1e-07,0.27380993,0.72619018,0.265038,0.73496211,19697.5,0,0,56262.01,0,0,0,0,108244.6,1,0.012,0.72274406
C122L75,75,122,-1262500,-1192500,0.48883912,0.51116039,4.9e-07,0.4649233,0.53507621,0.439732,0.56026751,22374.15,0,0.5,52939.62,0,0,0,0,104485.6,1,0.049,0.51116039
C123L75,75,123,-1257500,-1192500,0.82706812,0.17293227,-3.9e-07,0.80419846,0.19580193,0.755013,0.24498739,24451.02,0,0.5,49763.48,0,0,0,0,100834.5,1,0.072,0.2470839724
C124L75,75,124,-1252500,-1192500,0.82206591,0.177933713,3.77e-07,0.7477675,0.252232123,0.631696,0.368303623,26993.07,0,0.5,46587.74,0,0,0,0,97303.41,1,0.19,0.2215901318
C125L75,75,125,-1247500,-1192500,0.8442978,0.15570163,5.7e-07,0.8348993,0.16510013,0.805764,0.19423543,27120.58,0,0.3333333,43559.51,0,0,0.09356547,0.09356547,93905.84,1,0.039,0.18884011
C126L75,75,126,-1242500,-1192500,0.89891532,0.10108411,5.7e-07,0.88679798,0.11320145,0.873724,0.12627543,27589.9,0,0,40919.02,0,0,0.8602772,0.8602772,90656.83,1,0.025,0.1353525276
C127L75,75,127,-1237500,-1192500,0.94423522,0.055764473,3.07e-07,0.94329537,0.056704323,0.93515,0.064849693,28914.74,0,0,38746.64,0,0,0.9850197,0.9850197,87572.92,1,0.009,0.09959250773
C128L75,75,128,-1232500,-1192500,0.89827802,0.10172195,3e-08,0.895727,0.10427297,0.895727,0.10427297,30998.75,0,0,36896.47,0,0,0.7698799,0.7698799,84672.13,1,0.003,0.1661945902
C129L75,75,129,-1227500,-1192500,0.836465686,0.163533783,5.31e-07,0.83583912,0.164160349,0.832393,0.167606469,30370.33,0,0,35050.03,0,0,0.06600992,0.06600992,81973.92,1,0.004,0.2287679289
C130L75,75,130,-1222500,-1192500,0.85776992,0.14223052,-4.4e-07,0.8543238,0.14567664,0.846805,0.15319544,29442.5,0,0,33251.03,0,0,0,0,79498.92,1,0.011,0.2406462353
C131L75,75,131,-1217500,-1192500,0.78093104,0.219069308,-3.48e-07,0.78093104,0.219069308,0.775829,0.224171348,27696.55,0,0.3333333,32008.05,0,0,0,0,77268.57,1,0.005,0.312466517
C132L75,75,132,-1212500,-1192500,0.150689,0.849311,0,0.150689,0.849311,0.150689,0.849311,25417.42,0,0.5,31436.45,0,0,0,0,75304.62,1,0,0.849311
C133L75,75,133,-1207500,-1192500,0.337372878,0.662627878,-7.56e-07,0.337054,0.662946756,0.337054,0.662946756,23028.07,0,0.3333333,30979.77,0,0,0,0,73628.39,1,0,0.662627878
C134L75,75,134,-1202500,-1192500,0.18734349,0.8126565,1e-08,0.177945,0.82205499,0.177945,0.82205499,20183.57,0,0.5,28697.68,0,0,0,0,72259.9,1,0.009,0.8126565
C135L75,75,135,-1197500,-1192500,0.0749362,0.925064183,-3.83e-07,0.0749362,0.925064183,0.0749362,0.925064183,17698.53,0,0.5,25751.01,0,0,0,0,71216.91,1,0,0.925064183
C136L75,75,136,-1192500,-1192500,0.0701754,0.929824883,-2.83e-07,0.0701754,0.929824883,0.0682957,0.931704583,14127.19,0,0.5,23368.58,0,0,0,0,70513.84,1,0.002,0.929824883
C137L75,75,137,-1187500,-1192500,0.39795923,0.60204129,-5.2e-07,0.39795923,0.60204129,0.385523,0.61447752,11325.68,0,0.5,21758.72,0.2615134,0,0,0,70160.93,1,0.012,0.60204129
C138L75,75,138,-1182500,-1192500,0.144423326,0.85557626,4.14e-07,0.118734146,0.88126544,0.105263,0.894736586,6762.363,0,0.5,20272.71,0.4229975,0,0,0,70163.45,1,0.039,0.85557626
C139L75,75,139,-1177500,-1192500,0.26723046,0.73276901,5.3e-07,0.2396615,0.76033797,0.197055,0.80294447,3218.375,0,0.5,18867.11,0.4059985,0,0,0,70521.37,1,0.07,0.73276901
C140L75,75,140,-1172500,-1192500,0.0691964,0.93080363,-3e-08,0.0691964,0.93080363,0.0691964,0.93080363,103.6135,0,0.3333333,18260.88,0.01139702,0,0,0,71229.33,1,0,0.93080363
C141L75,75,141,-1167500,-1192500,0.0999373,0.63001263,0.27005007,0.0999373,0.63001263,0.0999373,0.63001263,2964.965,0,0,17496.75,0,0,0,0,72277.05,1,0,0.63001263
C142L75,75,142,-1162500,-1192500,0,0.0860969,0.9139031,0,0.0860969,0,0.0860969,5031.273,0,0,12497.91,0,0,0,0,73650.02,1,0,0.0860969
C76L76,76,76,-1492500,-1197500,0.129187,0,0.870813,0.129187,0,0.129187,0,14500.92,0,0,162979,0,0.0926882,0,0.0926882,316507.7,1,0,0.000576666949
C77L76,76,77,-1487500,-1197500,1,0,0,1,0,1,0,19416.36,0,0,158387,0,1,0,1,311652.8,2,0,0.004521554413
C78L76,76,78,-1482500,-1197500,1,0,0,1,0,1,0,24366.23,0,0,153820.5,0,0.9918714,0,0.9918714,306802.6,2,0,0.00458552631
C79L76,76,79,-1477500,-1197500,1,0,0,1,0,1,0,25994.42,0,0,149281.7,0,0.772923,0,0.772923,301957.3,2,0,0.004649690599
C80L76,76,80,-1472500,-1197500,1,0,0,1,0,1,0,21059.14,0,0,144773.4,0,0.7517427,0,0.7517427,297117.1,2,0,0.004713793939
C81L76,76,81,-1467500,-1197500,1,0,0,1,0,1,0,16163.7,0,0,140298.4,0,0.8017214,0,0.8017214,292282.2,2,0,0.004777826856
C82L76,76,82,-1462500,-1197500,1,0,0,1,0,1,0,11359.7,0.1548435,0,135860,0,0.8232188,0,0.9780623,287453.1,2,0,0.004841784467
C83L76,76,83,-1457500,-1197500,1,0,0,1,0,1,0,6842.536,0.6950888,0,131461.9,0,0.2563196,0,0.9514084,282629.8,1,0,0.004905795717
C84L76,76,84,-1452500,-1197500,1,0,0,1,0,1,0,3292.815,0.1643286,0,127108.3,0,0.3019538,0,0.4662824,277812.8,1,0,0.004974627991
C85L76,76,85,-1447500,-1197500,1,0,0,1,0,1,0,1014.934,0,0,122804,0,0.8223066,0,0.8223066,273002.4,2,0,0.005150547376
C86L76,76,86,-1442500,-1197500,1,0,0,1,0,1,0,5029.625,0,0,118554.3,0,0.9927926,0,0.9927926,268199,2,0,0.005372248708
C87L76,76,87,-1437500,-1197500,1,0,0,1,0,1,0,9439.453,0,0,114365.3,0,1,0,1,263402.8,2,0,0.005600392415
C88L76,76,88,-1432500,-1197500,1,0,0,1,0,1,0,13787.42,0,0,110243.9,0,1,0,1,258614.4,2,0,0.005849806575
C89L76,76,89,-1427500,-1197500,1,0,0,1,0,1,0,13378.83,0,0,106198,0,1,0,1,253834.1,2,0,0.005999476713
C90L76,76,90,-1422500,-1197500,0.998377,0.00162338,-3.8e-07,0.998377,0.00162338,0.998377,0.00162338,10295.58,0,0,102236.6,0,1,0,1,249062.4,2,0,0.007679482836
C91L76,76,91,-1417500,-1197500,0.98149883,0.01850081,3.6e-07,0.978947,0.02105264,0.978947,0.02105264,7381.414,0,0,98369.77,0,1,0,1,244299.9,2,0.003,0.0185136741
C92L76,76,92,-1412500,-1197500,0.98181781,0.01818181,3.8e-07,0.98181781,0.01818181,0.976623,0.02337662,2525.937,0,0,94609.25,0,1,0,1,239547.1,2,0.005,0.02148469062
C93L76,76,93,-1407500,-1197500,0.94896321,0.04146732,0.00956947,0.936842,0.05358853,0.936842,0.05358853,940.5712,0,0,90968.17,0,0.6626437,0,0.6626437,234804.5,2,0.012,0.04332185764
C94L76,76,94,-1402500,-1197500,0.966826,0.033173879,1.21e-07,0.966826,0.033173879,0.966826,0.033173879,1462.127,0,0,87438.41,0,0,0,0,230072.8,1,0,0.03904011805
C95L76,76,95,-1397500,-1197500,1,0,0,1,0,1,0,4315.093,0,0,83921.8,0,0,0.4528608,0.4528608,225352.8,1,0,0.01451641694
C96L76,76,96,-1392500,-1197500,0.988836,0.01116427,-2.7e-07,0.988836,0.01116427,0.988836,0.01116427,6477.942,0,0,80405.2,0,0,1,1,220645,1,0,0.01116427
C97L76,76,97,-1387500,-1197500,0.98084418,0.019155841,-2.1e-08,0.98084418,0.019155841,0.974026,0.025974021,6874.637,0,0,76891.36,0,0,1,1,215950.4,1,0.007,0.019155841
C98L76,76,98,-1382500,-1197500,0.967783,0.0322169,1e-07,0.967783,0.0322169,0.967783,0.0322169,8406.838,0,0,73492.47,0,0,1,1,211269.8,1,0,0.0322169
C99L76,76,99,-1377500,-1197500,0.97824715,0.02175325,-4e-07,0.97824715,0.02175325,0.972403,0.0275974,11003.01,0,0,70285.18,0,0,1,1,206604.2,1,0.006,0.02175325
C100L76,76,100,-1372500,-1197500,0.97703383,0.02296651,-3.4e-07,0.97703383,0.02296651,0.974482,0.02551834,13755.14,0,0.5,67296.88,0,0,1,1,201954.5,1,0.003,0.02412125269
C101L76,76,101,-1367500,-1197500,0.974026445,0.02597403,-4.75e-07,0.966883585,0.03311689,0.957468,0.042532475,16466.16,0,0.5,64557.91,0,0,1,1,197322,1,0.017,0.02597403
C102L76,76,102,-1362500,-1197500,0.96555066,0.03444973,-3.9e-07,0.96267985,0.03732054,0.945136,0.05486439,13388.92,0,0.5,61948.05,0,0,1,1,192707.9,1,0.02,0.03444973
C103L76,76,103,-1357500,-1197500,0.971611149,0.028389187,-3.36e-07,0.96874034,0.031259996,0.958533,0.041467336,8586.291,0,0.5,59387.88,0,0,1,1,188113.5,1,0.013,0.03157149723
C104L76,76,104,-1352500,-1197500,0.959415785,0.040584432,-2.17e-07,0.94025993,0.059740287,0.930195,0.069805217,3783.885,0,0.5,57121.86,0,0,1,1,183540.3,1,0.029,0.04076203132
C105L76,76,105,-1347500,-1197500,0.94736855,0.05263153,-8e-08,0.93748019,0.06251989,0.92504,0.07496008,189.7173,0,0,55216.78,0,0,1,1,178990,1,0.022,0.05263153
C106L76,76,106,-1342500,-1197500,0.97402583,0.02597406,1.1e-07,0.97240245,0.02759744,0.967857,0.03214289,1441.959,0,0,53684.43,0,0,1,1,174464.2,1,0.006,0.030025152
C107L76,76,107,-1337500,-1197500,0.97511962,0.024880379,1e-09,0.97224881,0.027751189,0.969378,0.030621999,2491.033,0,0,52297.01,0,0,1,1,169965,1,0.006,0.03137246036
C108L76,76,108,-1332500,-1197500,0.9649349,0.035064911,1.89e-07,0.95811672,0.041883091,0.943831,0.056168811,5095.155,0,0,51308.36,0,0,1,1,165494.6,1,0.021,0.04284725459
C109L76,76,109,-1327500,-1197500,0.870494079,0.12950566,2.61e-07,0.840191,0.159808739,0.778309,0.221690739,8642.872,0,0,50794.86,0,0,1,1,161055.3,1,0.092,0.12950566
C110L76,76,110,-1322500,-1197500,0.94805196,0.051948096,-5.6e-08,0.93636366,0.063636396,0.924026,0.075974056,13161.64,0,0,50698.03,0,0,1,1,156649.8,1,0.024,0.05221009898
C111L76,76,111,-1317500,-1197500,0.93237679,0.067623569,-3.59e-07,0.929187,0.070813359,0.929187,0.070813359,11190.65,0,0,50652.39,0,0,1,1,152281.1,1,0.003,0.067623569
C112L76,76,112,-1312500,-1197500,0.90653909,0.09346095,-4e-08,0.90430624,0.0956938,0.892504,0.10749604,10183.13,0,0,50606.75,0,0,1,1,147952.3,1,0.014,0.09346095
C113L76,76,113,-1307500,-1197500,0.962662,0.037337676,3.24e-07,0.962662,0.037337676,0.962662,0.037337676,7561.759,0,0,50613.73,0,0,1,1,143667.1,1,0,0.0378019192
C114L76,76,114,-1302500,-1197500,0.96172245,0.03827749,6e-08,0.95917062,0.04082932,0.953429,0.04657094,3124.395,0,0,51041.21,0,0,1,1,139429.5,1,0.008,0.04026502583
C115L76,76,115,-1297500,-1197500,0.97824648,0.021753291,2.29e-07,0.97499973,0.025000041,0.972727,0.027272771,1833.211,0,0.3333333,51930.66,0,0,1,1,135244,1,0.006,0.0489111482
C116L76,76,116,-1292500,-1197500,0.97129181,0.028708178,1.2e-08,0.968421,0.031578988,0.968421,0.031578988,4637.609,0,0.3333333,52942.28,0,0,1,1,131115.6,1,0.003,0.06375089399
C117L76,76,117,-1287500,-1197500,0.97435075,0.02564931,-6e-08,0.97435075,0.02564931,0.971104,0.02889606,6670.132,0,0,53972.05,0,0,1,1,127049.8,1,0.003,0.06573962304
C118L76,76,118,-1282500,-1197500,0.968102,0.03189794,6e-08,0.968102,0.03189794,0.968102,0.03189794,10019.62,0,0,55324.9,0,0,1,1,123052.9,1,0,0.06803898168
C119L76,76,119,-1277500,-1197500,0.83506456,0.16493508,3.6e-07,0.83246716,0.16753248,0.826623,0.17337664,14360.37,0,0,57085.08,0,0,0.7170455,0.7170455,119131.7,1,0.008,0.1898462573
C120L76,76,120,-1272500,-1197500,0.3046247,0.69537477,5.3e-07,0.3046247,0.69537477,0.285167,0.71483247,18933.07,0,0,56529.79,0,0,0.1363337,0.1363337,115294,1,0.019,0.69537477
C121L76,76,121,-1267500,-1197500,0.4130783,0.58692137,3.3e-07,0.38724096,0.61275871,0.371292,0.62870767,22457.25,0,0,52752.31,0,0,0,0,111548.5,1,0.042,0.58692137
C122L76,76,122,-1262500,-1197500,0.24740236,0.75259779,-1.5e-07,0.22922053,0.77077962,0.196753,0.80324715,22373.64,0,0,49193.45,0,0,0,0,107904.7,1,0.051,0.75259779
C123L76,76,123,-1257500,-1197500,0.42328508,0.576714749,1.71e-07,0.3846886,0.615311229,0.363636,0.636363829,22077.88,0,0,45901.54,0,0,0,0,104373.3,1,0.06,0.576714749
C124L76,76,124,-1252500,-1197500,0.545454526,0.45454546,1.4e-08,0.5311688,0.468831186,0.487987,0.512012986,22028.93,0,0,42725.79,0,0,0,0,100966,1,0.057,0.4718027546
C125L76,76,125,-1247500,-1197500,0.39298225,0.60701721,5.4e-07,0.38851654,0.61148292,0.381499,0.61850046,22123.27,0,0,39552.13,0.1160425,0,0,0,97695.87,1,0.011,0.60701721
C126L76,76,126,-1242500,-1197500,0.68668877,0.31331206,-8.3e-07,0.67500046,0.32500037,0.645455,0.35454583,22690.22,0,0.5,36623.85,0,0,0.2136919,0.2136919,94577.15,1,0.041,0.3660011813
C127L76,76,127,-1237500,-1197500,0.72312577,0.276874409,-1.79e-07,0.71610823,0.283891949,0.704306,0.295694179,24283.87,0,0.5,34179.55,0,0,0.1755393,0.1755393,91625.28,1,0.019,0.3384763107
C128L76,76,128,-1232500,-1197500,0.583117106,0.416883231,-3.37e-07,0.579221,0.420779337,0.579221,0.420779337,26714.49,0,0.3333333,32249.9,0,0,0.06909702,0.06909702,88856.88,1,0.004,0.4300159587
C129L76,76,129,-1227500,-1197500,0.17703381,0.822966799,-6.09e-07,0.17703381,0.822966799,0.174163,0.825837609,25583.5,0,0,30403.46,0,0,0,0,86289.63,1,0.003,0.822966799
C130L76,76,130,-1222500,-1197500,0.432217,0.56778309,-9e-08,0.432217,0.56778309,0.432217,0.56778309,24474.87,0,0,28557.01,0,0,0,0,83941.97,1,0,0.56778309
C131L76,76,131,-1217500,-1197500,0.35064913,0.649350201,6.69e-07,0.35064913,0.649350201,0.345779,0.654220331,23540.52,0,0.5,27099.67,0,0,0,0,81832.81,1,0.005,0.649350201
C132L76,76,132,-1212500,-1197500,0.152153,0.847846809,1.91e-07,0.152153,0.847846809,0.152153,0.847846809,20914.26,0,0.3333333,26457.35,0,0,0,0,79981.01,1,0,0.847846809
C133L76,76,133,-1207500,-1197500,0.33668856,0.633116631,0.030194809,0.33668856,0.633116631,0.328247,0.641558191,18949.63,0,0.5,26000.67,0,0,0,0,78404.82,1,0.008,0.633116631
C134L76,76,134,-1202500,-1197500,0.78213763,0.114194609,0.103667761,0.78213763,0.114194609,0.776396,0.119936239,16033.39,0,0,24688.09,0,0,0,0,77121.14,1,0.006,0.2424779703
C135L76,76,135,-1197500,-1197500,0.709091,0.14805156,0.14285744,0.709091,0.14805156,0.709091,0.14805156,13379.81,0,0,21700.92,0,0,0,0,76144.76,1,0,0.2670587258
C136L76,76,136,-1192500,-1197500,0.413397,0.203827938,0.382775062,0.413397,0.203827938,0.413397,0.203827938,10704.72,0,0,18875.56,0,0,0,0,75487.6,1,0,0.2595229004
C137L76,76,137,-1187500,-1197500,0.47857128,0.16168827,0.35974045,0.44870118,0.19155837,0.402922,0.23733755,7136.548,0,0,16984.65,0.003466852,0,0,0,75158.05,1,0.076,0.2453180523
C138L76,76,138,-1182500,-1197500,0.308133799,0.6066979,0.085168301,0.299202379,0.61562932,0.274003,0.640828699,5130.386,0,0,15498.64,0.6397745,0,0,0,75160.4,1,0.034,0.6066979
C139L76,76,139,-1177500,-1197500,0.312280528,0.68771907,4.02e-07,0.30111625,0.698883348,0.25933,0.740669598,472.9541,0,0,14014.93,0.9681012,0,0,0,75494.64,1,0.053,0.68771907
C140L76,76,140,-1172500,-1197500,0.34318148,0.65681761,9.1e-07,0.3363633,0.66363579,0.313636,0.68636309,2447.23,0,0,13284.88,0.7216147,0,0,0,76156.38,1,0.03,0.6815501465
C141L76,76,141,-1167500,-1197500,0.04657096,0.10111646,0.85231258,0.04306219,0.10462523,0.0398724,0.10781502,6377.789,0,0,12795.54,0,0,0,0,77137.2,1,0.007,0.1047064051
C76L77,77,76,-1492500,-1202500,0.0798872,0,0.9201128,0.0798872,0,0.0798872,0,15018.81,0,0,161094.5,0,0.04948982,0,0.04948982,317731.5,1,0,0.0003553049864
C77L77,77,77,-1487500,-1202500,1,0,0,1,0,1,0,20018.53,0,0,156447.3,0,1,0,1,312895.6,2,0,0.004505095437
C78L77,77,78,-1482500,-1202500,1,0,0,1,0,1,0,25018.37,0,0,151822.4,0,1,0,1,308065,2,0,0.004568808835
C79L77,77,79,-1477500,-1202500,1,0,0,1,0,1,0,25752.51,0,0,147222.1,0,1,0,1,303239.8,2,0,0.004632731615
C80L77,77,80,-1472500,-1202500,1,0,0,1,0,1,0,20759.8,0,0,142648.7,0,1,0,1,298420.4,2,0,0.004696609724
C81L77,77,81,-1467500,-1202500,1,0,0,1,0,1,0,15771.71,0,0,138104.8,0,1,0,1,293607,2,0,0.0047604319
C82L77,77,82,-1462500,-1202500,1,0,0,1,0,1,0,10794.64,0,0,133593.6,0,1,0,1,288800,2,0,0.004824122857
C83L77,77,83,-1457500,-1202500,1,0,0,1,0,1,0,5856.786,0,0,129118.3,0,1,0,1,283999.6,2,0,0.00488789573
C84L77,77,84,-1452500,-1202500,1,0,0,1,0,1,0,1035.186,0,0,124682.9,0,1,0,1,279206.3,2,0,0.004961565856
C85L77,77,85,-1447500,-1202500,1,0,0,1,0,1,0,3698.828,0,0,120291.9,0,1,0,1,274420.3,2,0,0.005272275599
C86L77,77,86,-1442500,-1202500,1,0,0,1,0,1,0,7737.997,0,0,115950.1,0,1,0,1,269642.1,2,0,0.009650343205
C87L77,77,87,-1437500,-1202500,1,0,0,1,0,1,0,12024.63,0,0,111663.5,0,1,0,1,264872.1,2,0,0.01151263408
C88L77,77,88,-1432500,-1202500,1,0,0,1,0,1,0,16125.83,0,0,107438.5,0,1,0,1,260110.7,2,0,0.01171632266
C89L77,77,89,-1427500,-1202500,0.99373425,0.00626567,8e-08,0.99373425,0.00626567,0.989035,0.01096492,10360.87,0,0,103282.7,0,1,0,1,255358.4,2,0.005,0.0110312271
C90L77,77,90,-1422500,-1202500,0.990753,0.00255102,0.00669598,0.990753,0.00255102,0.990753,0.00255102,6309.119,0,0,99204.94,0,1,0,1,250615.8,2,0,0.008150142862
C91L77,77,91,-1417500,-1202500,0.997807,0.002192983,1.7e-08,0.997807,0.002192983,0.997807,0.002192983,3308.207,0,0,95215.11,0,1,0,1,245883.4,2,0,0.008578181134
C92L77,77,92,-1412500,-1202500,1,0,0,1,0,1,0,1464.965,0,0,91324.78,0,1,0,1,241161.7,2,0,0.00923010278
C93L77,77,93,-1407500,-1202500,1,0,0,1,0,1,0,3523,0,0,87547.21,0,0.7452714,0,0.7452714,236451.5,2,0,0.01006826892
C94L77,77,94,-1402500,-1202500,1,0,0,1,0,1,0,6406.325,0,0,83897.62,0,0,0,0,231753.5,1,0,0.009581820851
C95L77,77,95,-1397500,-1202500,0.995855,0.00414541,-4.1e-07,0.995855,0.00414541,0.995855,0.00414541,7999.853,0,0,80367.44,0,0,0.06039502,0.06039502,227068.4,1,0,0.009796534739
C96L77,77,96,-1392500,-1202500,0.996241,0.0037594,-4e-07,0.996241,0.0037594,0.996241,0.0037594,11303.46,0,0,76850.84,0,0,0.9527667,0.9527667,222396.9,1,0,0.004442647223
C97L77,77,97,-1387500,-1202500,0.960778,0.03922193,7e-08,0.960778,0.03922193,0.960778,0.03922193,11812.36,0,0,73334.23,0,0,1,1,217740.1,1,0,0.03922193
C98L77,77,98,-1382500,-1202500,0.9868417,0.01315789,4.1e-07,0.9868417,0.01315789,0.984962,0.01503759,13018.72,0,0.3333333,69821.03,0,0,1,1,213098.8,1,0.002,0.02094331981
C99L77,77,99,-1377500,-1202500,0.94738565,0.05261478,-4.3e-07,0.943878,0.05612243,0.943878,0.05612243,15178.63,0,0.5,66436.73,0,0,1,1,208474.1,1,0.004,0.05261478
C100L77,77,100,-1372500,-1202500,0.966792,0.033207976,2.4e-08,0.966792,0.033207976,0.966792,0.033207976,15170.48,0,0.3333333,63266.92,0,0,1,1,203867.1,1,0,0.033207976
C101L77,77,101,-1367500,-1202500,0.98150502,0.018494868,1.12e-07,0.98150502,0.018494868,0.978954,0.021045888,12532.44,0,0.5,60345.39,0,0,1,1,199279.1,1,0.003,0.02335367333
C102L77,77,102,-1362500,-1202500,0.99342133,0.00657894,-2.7e-07,0.98966193,0.01033834,0.98089,0.01911027,10284.94,0,0.5,57683.24,0,0,1,1,194711.4,1,0.013,0.01727790154
C103L77,77,103,-1357500,-1202500,0.9692987,0.03070176,-4.6e-07,0.95457438,0.04542608,0.948622,0.05137846,7699.739,0,0.5,55073.38,0,0,1,1,190165.4,1,0.021,0.03530932573
C104L77,77,104,-1352500,-1202500,0.9496177,0.05038265,-3.5e-07,0.9496177,0.05038265,0.935906,0.06409435,2966.054,0,0.5,52622.21,0,0,1,1,185642.7,1,0.014,0.05118724425
C105L77,77,105,-1347500,-1202500,0.95770675,0.04229327,-2e-08,0.95175436,0.04824566,0.929198,0.07080202,1956.787,0,0,50547.84,0,0,1,1,181145.2,1,0.029,0.04881613322
C106L77,77,106,-1342500,-1202500,0.96779331,0.0322066,9e-08,0.96205351,0.0379464,0.942602,0.05739791,4995.261,0,0,48897.95,0,0,0.9438313,0.9438313,176674.7,1,0.025,0.04970162016
C107L77,77,107,-1337500,-1202500,0.98402296,0.015977446,-4.06e-07,0.98402296,0.015977446,0.979637,0.020363406,6442.111,0,0,47463.35,0,0,0.2330205,0.2330205,172233.2,1,0.004,0.05806600028
C108L77,77,108,-1332500,-1202500,0.95599511,0.04400514,-2.5e-07,0.95408184,0.04591841,0.94324,0.05676025,9276.676,0,0,46371.76,0,0,0.3352671,0.3352671,167823.2,1,0.013,0.08569313977
C109L77,77,109,-1327500,-1202500,0.9301382,0.069862183,-3.83e-07,0.92324596,0.076754423,0.91886,0.081140383,11016.45,0,0,45802.95,0,0,0.9084066,0.9084066,163447.2,1,0.011,0.09278169658
C110L77,77,110,-1322500,-1202500,0.96651827,0.03348215,-4.2e-07,0.964605,0.03539542,0.964605,0.03539542,8880.641,0,0,45698.24,0,0,1,1,159108,1,0.002,0.06058200445
C111L77,77,111,-1317500,-1202500,0.97117813,0.028822053,-1.83e-07,0.97117813,0.028822053,0.969925,0.030075183,6572.344,0,0,45652.6,0,0,1,1,154808.6,1,0.001,0.04457569334
C112L77,77,112,-1312500,-1202500,0.94611498,0.053884743,2.77e-07,0.94611498,0.053884743,0.943922,0.056077723,5184.76,0,0,45606.96,0,0,1,1,150552.5,1,0.002,0.05398998996
C113L77,77,113,-1307500,-1202500,0.989158,0.01084184,1.6e-07,0.989158,0.01084184,0.989158,0.01084184,4203.617,0,0,45617.42,0,0,1,1,146343.5,1,0,0.02829109749
C114L77,77,114,-1302500,-1202500,0.94392181,0.05607768,5.1e-07,0.938596,0.06140349,0.938596,0.06140349,538.7551,0,0.5,46091.27,0,0,1,1,142185.7,1,0.005,0.05607768
C115L77,77,115,-1297500,-1202500,0.953125411,0.04687505,-4.61e-07,0.950255511,0.04974495,0.94898,0.051020461,2047.672,0,0.5,47034.06,0,0,1,1,138083.7,1,0.004,0.04800742149
C116L77,77,116,-1292500,-1202500,0.96459943,0.03540099,-4.2e-07,0.96303301,0.03696741,0.946429,0.05357142,6471.412,0,0.5,48045.69,0,0,1,1,134042.8,1,0.018,0.04102411498
C117L77,77,117,-1287500,-1202500,0.96173461,0.038265273,1.17e-07,0.95727032,0.042729563,0.937181,0.062818883,11010.55,0,0,49116.51,0,0,1,1,130068.6,1,0.025,0.04026380169
C118L77,77,118,-1282500,-1202500,0.95770638,0.04229316,4.6e-07,0.95770638,0.04229316,0.951754,0.04824554,13586.99,0,0.3333333,50599.35,0,0,1,1,126167.3,1,0.006,0.05168530741
C119L77,77,119,-1277500,-1202500,0.953444,0.046556103,-1.03e-07,0.953444,0.046556103,0.953444,0.046556103,17042.11,0,0,52518.16,0,0,1,1,122346,1,0,0.09054428513
C120L77,77,120,-1272500,-1202500,0.8671677,0.13283249,-1.9e-07,0.8671677,0.13283249,0.865288,0.13471219,18728.21,0,0.3333333,53507.1,0,0,0.6762669,0.6762669,118612.4,1,0.002,0.1864757693
C121L77,77,121,-1267500,-1202500,0.77318323,0.226817006,-2.36e-07,0.7484339,0.251566336,0.712093,0.287907236,17483.02,0,0,49499.48,0,0,0.1891351,0.1891351,114975,1,0.061,0.3241040915
C122L77,77,122,-1262500,-1202500,0.21683669,0.78316306,2.5e-07,0.20950251,0.79049724,0.190051,0.80994875,17467.67,0,0,45687.94,0,0,0,0,111443.3,1,0.027,0.78316306
C123L77,77,123,-1257500,-1202500,0.0535714,0.94642834,2.6e-07,0.0535714,0.94642834,0.0535714,0.94642834,17087.2,0,0,42125.72,0,0,0,0,108027.6,1,0,0.94642834
C124L77,77,124,-1252500,-1202500,0.0771684,0.92283189,-2.9e-07,0.0771684,0.92283189,0.0771684,0.92283189,17040.35,0,0,38863.84,0,0,0,0,104739.2,1,0,0.92283189
C125L77,77,125,-1247500,-1202500,0.318608566,0.68139101,4.24e-07,0.317982,0.682017576,0.317982,0.682017576,17125.95,0,0.3333333,35688.1,0.03275176,0,0,0,101590.7,1,0.001,0.68139101
C126L77,77,126,-1242500,-1202500,0.19228314,0.80771704,-1.8e-07,0.19228314,0.80771704,0.190051,0.80994918,17846.28,0,0.3333333,32530.69,0,0,0,0,98595.2,1,0.002,0.80771704
C127L77,77,127,-1237500,-1202500,0.0407268,0.95927365,-4.5e-07,0.0407268,0.95927365,0.0407268,0.95927365,19833.05,0,0.5,29752,0,0,0,0,95767.26,1,0,0.95927365
C128L77,77,128,-1232500,-1202500,0.275829,0.724171378,-3.78e-07,0.275829,0.724171378,0.275829,0.724171378,22477.12,0,0.3333333,27603.32,0,0,0,0,93122.08,1,0,0.724171378
C129L77,77,129,-1227500,-1202500,0.3796989,0.62030077,3.3e-07,0.368734,0.63126567,0.368734,0.63126567,20896.75,0,0.3333333,25756.88,0,0,0,0,90675.67,1,0.011,0.6260015029
C130L77,77,130,-1222500,-1202500,0.0692356,0.93076465,-2.5e-07,0.0692356,0.93076465,0.0692356,0.93076465,19523.78,0,0,23910.44,0,0,0,0,88444.5,1,0,0.93076465
C131L77,77,131,-1217500,-1202500,0.02359699,0.9764033,-2.9e-07,0.02359699,0.9764033,0.0191327,0.98086759,18963.28,0,0,22232.16,0,0,0,0,86445.27,1,0.004,0.9764033
C132L77,77,132,-1212500,-1202500,0.54260673,0.28540113,0.17199214,0.51441123,0.31359663,0.507519,0.32048886,16566.93,0,0,21478.25,0,0,0,0,84694.38,1,0.035,0.3504067419
C133L77,77,133,-1207500,-1202500,0.16868582,0.025191355,0.806122825,0.160395,0.033482175,0.160395,0.033482175,14248.57,0,0,21021.57,0,0,0,0,83207.53,1,0.008,0.04287071766
C134L77,77,134,-1202500,-1202500,0.0037594,0,0.9962406,0.0037594,0,0.0037594,0,12120.36,0,0,20564.9,0,0,0,0,81999.06,1,0,0.0004432359497
C138L77,77,138,-1182500,-1202500,0.0529449,0.01472431,0.93233079,0.0529449,0.01472431,0.0529449,0.01472431,536.3547,0,0,10724.57,0.05602849,0,0,0,80157.73,1,0,0.02285494111
C139L77,77,139,-1177500,-1202500,0.19204242,0.28258153,0.52537605,0.19204242,0.28258153,0.176065,0.29855895,980.1911,0,0,9238.551,0.4348763,0,0,0,80471.21,1,0.016,0.28258153
C140L77,77,140,-1172500,-1202500,0.4827802,0.35012796,0.16709184,0.4639664,0.36894176,0.428571,0.40433716,5428.121,0,0,8308.885,0.4206478,0,0,0,81092.36,1,0.054,0.4107635366
C141L77,77,141,-1167500,-1202500,0,0.000626566,0.999373434,0,0.000626566,0,0.000626566,9389.043,0,0,7819.546,0,0,0,0,82014.17,1,0,0.000626566
C76L78,78,76,-1492500,-1207500,0.0344498,0,0.9655502,0.0344498,0,0.0344498,0,15886.54,0,0,159344.8,0,0.008929594,0,0.008929594,319029,1,0,0.0001526282845
C77L78,78,77,-1487500,-1207500,1,0,0,1,0,1,0,20677.51,0,0,154644.9,0,0.9971927,0,0.9971927,314213.1,2,0,0.004487701647
C78L78,78,78,-1482500,-1207500,1,0,0,1,0,1,0,25548.71,0,0,149964.5,0,1,0,1,309403,2,0,0.00455111812
C79L78,78,79,-1477500,-1207500,1,0,0,1,0,1,0,24760.35,0,0,145305.4,0,1,0,1,304599,2,0,0.004614783108
C80L78,78,80,-1472500,-1207500,1,0,0,1,0,1,0,19848.72,0,0,140669.6,0,1,0,1,299801.4,2,0,0.004680048923
C81L78,78,81,-1467500,-1207500,1,0,0,1,0,1,0,14995.6,0,0,136059.7,0,1,0,1,295010.6,2,0,0.004745295982
C82L78,78,82,-1462500,-1207500,1,0,0,1,0,1,0,10284.18,0,0,131478.3,0,1,0,1,290226.8,2,0,0.004810306812
C83L78,78,83,-1457500,-1207500,1,0,0,1,0,1,0,5514.704,0,0,126928.5,0,1,0,1,285450.5,2,0,0.004872187521
C84L78,78,84,-1452500,-1207500,1,0,0,1,0,1,0,796.2926,0,0,122413.8,0,1,0,1,280681.9,2,0,0.004946405803
C85L78,78,85,-1447500,-1207500,1,0,0,1,0,1,0,3840.81,0,0,117938.3,0,1,0,1,275921.5,2,0,0.005383866819
C86L78,78,86,-1442500,-1207500,1,0,0,1,0,1,0,8819.243,0,0,113506.5,0,1,0,1,271169.7,2,0,0.01074405815
C87L78,78,87,-1437500,-1207500,0.90909129,0.09090916,-4.5e-07,0.90079783,0.09920262,0.898246,0.10175445,13813.26,0,0,109123.9,0,1,0,1,266427.1,2,0.011,0.09090916
C88L78,78,88,-1432500,-1207500,0.9626624,0.037337692,-9.2e-08,0.960065,0.039935092,0.960065,0.039935092,18777.46,0,0,104796.6,0,1,0,1,261694,2,0.003,0.037337692
C89L78,78,89,-1427500,-1207500,0.999043,0.000956938,6.2e-08,0.999043,0.000956938,0.999043,0.000956938,9156.423,0,0,100531.7,0,1,0,1,256971,2,0,0.008292878074
C90L78,78,90,-1422500,-1207500,1,0,0,1,0,1,0,4157.886,0,0,96337.56,0,1,0,1,252258.7,2,0,0.006009524818
C91L78,78,91,-1417500,-1207500,1,0,0,1,0,1,0,727.8391,0,0,92223.77,0,1,0,1,247557.7,2,0,0.005751055891
C92L78,78,92,-1412500,-1207500,1,0,0,1,0,1,0,2495.386,0,0,88201.59,0,1,0,1,242868.6,2,0,0.005788283572
C93L78,78,93,-1407500,-1207500,1,0,0,1,0,1,0,5331.867,0,0,84284.16,0,0.5670312,0,0.5670312,238192.2,2,0,0.005941616611
C94L78,78,94,-1402500,-1207500,1,0,0,1,0,1,0,9439.61,0,0,80486.75,0,0,0,0,233529.1,1,0,0.005920007988
C95L78,78,95,-1397500,-1207500,1,0,0,1,0,1,0,12436.13,0,0,76827.17,0,0,0.3938939,0.3938939,228880.4,1,0,0.003031257896
C96L78,78,96,-1392500,-1207500,1,0,0,1,0,1,0,14929.15,0,0,73296.48,0,0,0.9799684,0.9799684,224246.7,1,0,0.001098879576
C97L78,78,97,-1387500,-1207500,0.999351,0.000649351,-3.51e-07,0.999351,0.000649351,0.999351,0.000649351,16750.08,0,0,69779.87,0,0,1,1,219629.1,1,0,0.005829889959
C98L78,78,98,-1382500,-1207500,0.95342871,0.04657101,2.8e-07,0.95342871,0.04657101,0.948963,0.05103672,16188.66,0,0.5,66263.26,0,0,1,1,215028.6,1,0.004,0.04657101
C99L78,78,99,-1377500,-1207500,0.94577953,0.05422072,-2.5e-07,0.938312,0.06168825,0.938312,0.06168825,12817.11,0,0.5,62750.88,0,0,1,1,210446.3,1,0.007,0.05422072
C100L78,78,100,-1372500,-1207500,0.97097263,0.02902711,2.6e-07,0.965231,0.03476874,0.965231,0.03476874,10778.4,0,0.5,59384.64,0,0,1,1,205883.4,1,0.006,0.03851261477
C101L78,78,101,-1367500,-1207500,0.96363664,0.036363636,-2.76e-07,0.95616911,0.043831166,0.925325,0.074675276,8884.548,0,0,56261.88,0,0,1,1,201341.4,1,0.038,0.036363636
C102L78,78,102,-1362500,-1207500,0.97990435,0.0200957,-5e-08,0.97671456,0.02328549,0.970016,0.02998405,5598.758,0,0.5,53425.29,0,0,1,1,196821.5,1,0.01,0.03181805415
C103L78,78,103,-1357500,-1207500,0.97480031,0.025199309,3.81e-07,0.96969664,0.030302979,0.964274,0.035725619,4079.456,0,0.5,50808.57,0.001847107,0,1,1,192325.4,1,0.011,0.04004127355
C104L78,78,104,-1352500,-1207500,0.8980517,0.101948006,2.94e-07,0.88831144,0.111688266,0.871753,0.128246706,1018.116,0,0,48221.24,0,0,1,1,187854.7,1,0.026,0.101948006
C105L78,78,105,-1347500,-1207500,0.92918636,0.070813388,2.52e-07,0.92280678,0.077192968,0.903349,0.096650748,2783.608,0,0,45948.6,0,0,1,1,183411.4,1,0.026,0.1014351102
C106L78,78,106,-1342500,-1207500,0.87110344,0.128896,5.6e-07,0.86655799,0.13344145,0.840584,0.15941544,7212.558,0,0.5,44127.78,0,0,0.1589414,0.1589414,178997.5,1,0.031,0.1827269312
C107L78,78,107,-1337500,-1207500,0.777352,0.22264787,1.3e-07,0.777352,0.22264787,0.777352,0.22264787,11257.26,0,0.5,42665.92,0,0,0,0,174615.2,1,0,0.2828280872
C108L78,78,108,-1332500,-1207500,0.662338,0.337662,0,0.662338,0.337662,0.662338,0.337662,11688.58,0,0.5,41450.36,0,0,0,0,170266.9,1,0,0.3379522597
C109L78,78,109,-1327500,-1207500,0.70271163,0.29728902,-6.5e-07,0.6807021,0.31929855,0.651675,0.34832565,7491.584,0,0,40813.03,0,0,0.06990378,0.06990378,165955.3,1,0.051,0.29728902
C110L78,78,110,-1322500,-1207500,0.84188362,0.158117001,-6.21e-07,0.83214336,0.167857261,0.770455,0.229545621,4098.775,0,0,40698.45,0,0,0.6213263,0.6213263,161683.4,1,0.071,0.1601358413
C111L78,78,111,-1317500,-1207500,0.93684224,0.06315789,-1.3e-07,0.92791083,0.0720893,0.925359,0.07464113,2941.025,0,0,40652.81,0,0,0.9974581,0.9974581,157454.4,1,0.011,0.08745507249
C112L78,78,112,-1312500,-1207500,0.93588473,0.06411481,4.6e-07,0.93588473,0.06411481,0.931738,0.06826154,223.7732,0,0.5,40607.17,0,0,1,1,153271.8,1,0.004,0.0802623237
C113L78,78,113,-1307500,-1207500,0.905194905,0.094805166,-7.1e-08,0.905194905,0.094805166,0.896104,0.103896071,14.43854,0,0.5,40622.01,0,0,1,1,149139.5,1,0.009,0.094805166
C114L78,78,114,-1302500,-1207500,0.964273979,0.03572572,3.01e-07,0.963955,0.036044699,0.963955,0.036044699,900.9857,0,0.5,41153.42,0,0,1,1,145061.9,1,0,0.05465772548
C115L78,78,115,-1297500,-1207500,0.934415905,0.065584421,-3.26e-07,0.93409123,0.065909096,0.925325,0.074675326,5072.783,0,0.5,42137.47,0,0,1,1,141043.6,1,0.009,0.07003013577
C116L78,78,116,-1292500,-1207500,0.94322202,0.056778289,-3.09e-07,0.93556652,0.064433789,0.92823,0.071770309,9118.569,0,0,43149.1,0,0,1,1,137089.9,1,0.015,0.05780193303
C117L78,78,117,-1287500,-1207500,0.966233725,0.03376626,1.5e-08,0.964285675,0.03571431,0.963961,0.036038985,13130.62,0,0.5,44293.13,0,0,1,1,133206.6,1,0.002,0.04796884181
C118L78,78,118,-1282500,-1207500,0.9161085,0.083891509,-9e-09,0.91259973,0.087400279,0.908453,0.091547009,16251.34,0,0.5,45931.95,0,0,1,1,129400,1,0.008,0.083891509
C119L78,78,119,-1277500,-1207500,0.968506,0.03149354,4.6e-07,0.968506,0.03149354,0.968506,0.03149354,15365.97,0,0.5,48037.55,0,0,1,1,125677,1,0,0.05507146027
C120L78,78,120,-1272500,-1207500,0.92535881,0.074641187,3e-09,0.91738433,0.082615667,0.907177,0.092822997,14215.27,0,0.5,50491.57,0,0,0.9401572,0.9401572,122045.3,1,0.018,0.1402063887
C121L78,78,121,-1267500,-1207500,0.75757624,0.242424269,-5.09e-07,0.75406747,0.245933039,0.730144,0.269856509,12529.32,0,0.5,46557.39,0,0,0.5475984,0.5475984,118513.4,1,0.027,0.3160739418
C122L78,78,122,-1262500,-1207500,0.3967535,0.6032472,-7e-07,0.3801951,0.6198056,0.350325,0.6496757,12623.45,0,0,42482.7,0,0,0.2316611,0.2316611,115090.3,1,0.046,0.6040852471
C123L78,78,123,-1257500,-1207500,0.0213716,0.97862797,4.3e-07,0.0213716,0.97862797,0.0213716,0.97862797,12104.22,0,0,38626.01,0,0,0,0,111786.1,1,0,0.97862797
C124L78,78,124,-1252500,-1207500,0.0844156,0.915584885,-4.85e-07,0.0844156,0.915584885,0.0844156,0.915584885,12061.23,0,0.3333333,35059.35,0.08134734,0,0,0,108611.6,1,0,0.915584885
C125L78,78,125,-1247500,-1207500,0.0902711,0.90972909,-1.9e-07,0.0902711,0.90972909,0.0902711,0.90972909,12128.64,0,0.3333333,31826.15,0,0,0,0,105578.6,1,0,0.90972909
C126L78,78,126,-1242500,-1207500,0.139285391,0.86071444,1.69e-07,0.13376591,0.866233921,0.124675,0.875324831,13119.97,0,0.5,28650.4,0,0,0,0,102699.5,1,0.015,0.86071444
C127L78,78,127,-1237500,-1207500,0.725359,0.27464145,-4.5e-07,0.725359,0.27464145,0.725359,0.27464145,15585.57,0,0.5,25536.67,0,0,0,0,99987.72,1,0,0.4245410057
C128L78,78,128,-1232500,-1207500,0.437013,0.56298709,-9e-08,0.437013,0.56298709,0.437013,0.56298709,18284.01,0,0.5,23001.23,0,0,0,0,97457.16,1,0,0.56298709
C129L78,78,129,-1227500,-1207500,0.49378,0.506219969,3.1e-08,0.49378,0.506219969,0.49378,0.506219969,16396.13,0,0.5,21110.31,0,0,0,0,95122.3,1,0,0.5630838064
C130L78,78,130,-1222500,-1207500,0.061563,0.938437,0,0.061563,0.938437,0.061563,0.938437,14606.05,0,0,19263.87,0,0,0,0,92997.88,1,0,0.938437
C131L78,78,131,-1217500,-1207500,0.35974,0.640259362,6.38e-07,0.35974,0.640259362,0.35974,0.640259362,14416.68,0,0,17439.79,0,0,0,0,91098.63,1,0,0.640259362
C132L78,78,132,-1212500,-1207500,0.167145,0.00510367,0.82775133,0.167145,0.00510367,0.167145,0.00510367,12560.97,0,0,16499.14,0,0,0,0,89438.89,1,0,0.03154020009
C140L78,78,140,-1172500,-1207500,0.00227273,0,0.99772727,0.00227273,0,0.00227273,0,8013.055,0,0,3332.888,0.0003168351,0,0,0,86035.73,1,0,0.0005347077343
C76L79,79,76,-1492500,-1212500,0.00313283,0,0.99686717,0.00313283,0,0.00313283,0,17470.36,0,0,157734.1,0,0,0,0,320399.2,1,0,1.382937399e-05
C77L79,79,77,-1487500,-1212500,0.975765,0,0.024235,0.975765,0,0.975765,0,22353.88,0,0,152984.8,0,0.9625955,0,0.9625955,315604.2,2,0,0.004362974818
C78L79,79,78,-1482500,-1212500,1,0,0,1,0,1,0,27010.26,0,0,148252,0,1,0,1,310815.7,2,0,0.004532466919
C79L79,79,79,-1477500,-1212500,1,0,0,1,0,1,0,23864.7,0,0,143537.3,0,1,0,1,306033.9,2,0,0.00459585626
C80L79,79,80,-1472500,-1212500,1,0,0,1,0,1,0,18948.4,0,0,138842.5,0,1,0,1,301259.2,2,0,0.004662541609
C81L79,79,81,-1467500,-1212500,1,0,0,1,0,1,0,14091.12,0,0,134169.9,0,1,0,1,296491.9,2,0,0.004785898717
C82L79,79,82,-1462500,-1212500,1,0,0,1,0,1,0,9383.919,0,0,129521.6,0,1,0,1,291732.4,2,0,0.004852237671
C83L79,79,83,-1457500,-1212500,1,0,0,1,0,1,0,4457.475,0,0,124900.5,0,1,0,1,286981.1,2,0,0.004912109833
C84L79,79,84,-1452500,-1212500,1,0,0,1,0,1,0,531.3106,0,0,120309.8,0,1,0,1,282238.4,2,0,0.004926384885
C85L79,79,85,-1447500,-1212500,1,0,0,1,0,1,0,4897.83,0,0,115752.9,0,1,0,1,277504.7,2,0,0.005281040846
C86L79,79,86,-1442500,-1212500,1,0,0,1,0,1,0,9579.553,0,0,111234.2,0,1,0,1,272780.5,2,0,0.01051925685
C87L79,79,87,-1437500,-1212500,0.97713,0.0228697,3e-07,0.97713,0.0228697,0.97713,0.0228697,14450.06,0,0,106758.3,0,1,0,1,268066.3,2,0,0.02456784427
C88L79,79,88,-1432500,-1212500,1,0,0,1,0,1,0,15062.69,0,0,102331,0,1,0,1,263362.7,2,0,0.01232375628
C89L79,79,89,-1427500,-1212500,1,0,0,1,0,1,0,10503.93,0,0,97958.84,0,1,0,1,258670.2,2,0,0.007228881031
C90L79,79,90,-1422500,-1212500,1,0,0,1,0,1,0,6616.675,0,0,93649.51,0,1,0,1,253989.4,2,0,0.005455275759
C91L79,79,91,-1417500,-1212500,1,0,0,1,0,1,0,5218.076,0,0,89412.13,0,1,0,1,249321,2,0,0.005388153781
C92L79,79,92,-1412500,-1212500,1,0,0,1,0,1,0,7355.679,0,0,85257.42,0,0.8868673,0,0.8868673,244665.8,2,0,0.005463349502
C93L79,79,93,-1407500,-1212500,1,0,0,1,0,1,0,8979.468,0,0,81198.06,0,0.006558281,0,0.006558281,240024.3,1,0,0.005666646854
C94L79,79,94,-1402500,-1212500,0.996554,0.00344612,-1.2e-07,0.996554,0.00344612,0.996554,0.00344612,12382.7,0,0,77249.09,0,0,0,0,235397.6,1,0,0.007286165635
C95L79,79,95,-1397500,-1212500,1,0,0,1,0,1,0,16284.72,0,0,73428.33,0,0,0.8501098,0.8501098,230786.5,1,0,0.0001137346088
C96L79,79,96,-1392500,-1212500,1,0,0,1,0,1,0,19145.81,0,0,69756.85,0,0,1,1,226191.8,1,0,0.001343849184
C97L79,79,97,-1387500,-1212500,0.99107096,0.008928575,4.65e-07,0.98724443,0.012755105,0.980548,0.019451535,17887.42,0,0.5,66225.51,0,0,1,1,221614.8,1,0.011,0.01721653836
C98L79,79,98,-1382500,-1212500,0.96209276,0.037907273,-3.3e-08,0.95895993,0.041040103,0.950188,0.049812033,13406.75,0,0.5,62708.9,0,0,1,1,217056.3,1,0.012,0.04183143546
C99L79,79,99,-1377500,-1212500,0.90338,0.096619935,6.5e-08,0.90338,0.096619935,0.90338,0.096619935,9153.423,0,0.5,59192.3,0,0,1,1,212517.8,1,0,0.096619935
C100L79,79,100,-1372500,-1212500,0.939849516,0.060150376,1.08e-07,0.939849516,0.060150376,0.932644,0.067355892,5999.226,0,0,55680.95,0,0,1,1,208000.4,1,0.007,0.060150376
C101L79,79,101,-1367500,-1212500,0.93750037,0.062500003,-3.73e-07,0.93526823,0.064732143,0.909758,0.090242373,4012.779,0,0,52337.67,0.2723161,0,0.7200043,0.7200043,203505.6,1,0.028,0.06435576663
C102L79,79,102,-1362500,-1212500,0.94016257,0.05983706,3.7e-07,0.93139064,0.06860899,0.922932,0.07706763,2275.224,0,0,49275.7,0.724083,0,0.3016496,0.3016496,199034.8,1,0.017,0.08742737398
C103L79,79,103,-1357500,-1212500,0.89599044,0.10401005,-4.9e-07,0.87907314,0.12092735,0.846805,0.15319549,75.51629,0,0,46543.75,0.5541867,0,0.5130891,0.5130891,194589.9,1,0.049,0.1205544109
C104L79,79,104,-1352500,-1212500,0.93718149,0.06281883,-3.2e-07,0.93048506,0.06951526,0.922832,0.07716832,2743.995,0,0,43933.9,0.02926878,0,0.9876774,0.9876774,190172.5,1,0.014,0.1044464235
C105L79,79,105,-1347500,-1212500,0.90100216,0.09899742,4.2e-07,0.88659116,0.11340842,0.870927,0.12907258,5858.5,0,0,41442.31,0,0,0.9977072,0.9977072,185784.6,1,0.03,0.1770093525
C106L79,79,106,-1342500,-1212500,0.30197735,0.698023405,-7.55e-07,0.29815082,0.701849935,0.28986,0.710140755,9769.419,0,0.5,39413.85,0,0,0.02074392,0.02074392,181428.5,1,0.012,0.698023405
C107L79,79,107,-1337500,-1212500,0.18797,0.81202994,6e-08,0.18797,0.81202994,0.18797,0.81202994,13865.34,0,1,37879.44,0,0,0,0,177106.3,1,0,0.81202994
C108L79,79,108,-1332500,-1212500,0.0870536,0.91294678,-3.8e-07,0.0870536,0.91294678,0.0870536,0.91294678,10549.95,0,0.5,36550.31,0,0,0,0,172820.7,1,0,0.91294678
C109L79,79,109,-1327500,-1212500,0.71741898,0.282581326,-3.06e-07,0.6889102,0.311090106,0.642231,0.357769306,5549.995,0,0.5,35825.91,0,0,0,0,168574.5,1,0.075,0.3556497582
C110L79,79,110,-1322500,-1212500,0.71492322,0.28475766,0.00031912,0.6645406,0.33514028,0.598533,0.40114788,550.8406,0,0.5,35698.66,0,0,0,0,164370.6,1,0.116,0.3067982447
C111L79,79,111,-1317500,-1212500,0.72431095,0.27568921,-1.6e-07,0.65977465,0.34022551,0.622494,0.37750616,548.2295,0,0.5,35653.02,0,0,0.2669434,0.2669434,160212.5,1,0.102,0.2776032963
C112L79,79,112,-1312500,-1212500,0.8558894,0.144109913,6.87e-07,0.8558894,0.144109913,0.85213,0.147869313,3699.038,0,0.5,35607.38,0,0,0.8664743,0.8664743,156103.8,1,0.004,0.1879599533
C113L79,79,113,-1307500,-1212500,0.88934941,0.11065051,8e-08,0.88392849,0.11607143,0.869579,0.13042092,4146.447,0,0.5,35627.9,0,0,1,1,152048.6,1,0.02,0.16379574
C114L79,79,114,-1302500,-1212500,0.90194248,0.098057566,-4.6e-08,0.8997495,0.100250546,0.890351,0.109649046,5626.902,0,0.5,36232.63,0,0,1,1,148051.1,1,0.012,0.1493855623
C115L79,79,115,-1297500,-1212500,0.909119413,0.09088009,4.97e-07,0.904974,0.095025503,0.904974,0.095025503,7871.714,0,0,37240.88,0.05080987,0,0.9205378,0.9205378,144116.2,1,0.004,0.138095802
C116L79,79,116,-1292500,-1212500,0.85463701,0.14536347,-4.8e-07,0.82424861,0.17575187,0.811404,0.18859648,11796.34,0,0.5,38252.51,0.1455518,0,0.8696005,0.8696005,140249.2,1,0.043,0.1471032874
C117L79,79,117,-1287500,-1212500,0.95248757,0.047512793,-3.63e-07,0.94579114,0.054209223,0.943559,0.056441363,12136.96,0,0.5,39513.68,0,0,1,1,136455.8,1,0.009,0.07401157935
C118L79,79,118,-1282500,-1212500,0.928257646,0.07174177,5.84e-07,0.92763108,0.072368336,0.919799,0.080200416,11298.66,0,0.5,41342.4,0,0,1,1,132742.4,1,0.008,0.0717733052
C119L79,79,119,-1277500,-1212500,0.968112,0.031887793,2.07e-07,0.968112,0.031887793,0.968112,0.031887793,10785.49,0,1,43665.47,0,0,1,1,129115.8,1,0,0.05870931416
C120L79,79,120,-1272500,-1212500,0.8984965,0.1015038,-3e-07,0.8947371,0.1052632,0.889098,0.1109023,9479.763,0,1,45573.92,0,0,0.5859652,0.5859652,125583.6,1,0.009,0.1726326614
C121L79,79,121,-1267500,-1212500,0.037594,0.96240613,-1.3e-07,0.037594,0.96240613,0.037594,0.96240613,7636.219,0,0.5,43988.44,0,0,0.04421876,0.04421876,122154,1,0,0.96240613
C122L79,79,122,-1262500,-1212500,0.44738482,0.55261473,4.5e-07,0.42888994,0.57110961,0.420918,0.57908155,7795.112,0,0,39650.63,0,0,0.6579421,0.6579421,118835.8,1,0.026,0.5619024897
C123L79,79,123,-1257500,-1212500,0.52725586,0.47274451,-3.7e-07,0.52067691,0.47932346,0.488722,0.51127837,7145.045,0,0,35487.48,0,0,0.6849817,0.6849817,115638.7,1,0.039,0.5523687514
C124L79,79,124,-1252500,-1212500,0.26339256,0.73660747,-3e-08,0.26339256,0.73660747,0.257015,0.74298503,7111.475,0,0.3333333,31568.18,0.01297067,0,0.1291598,0.1291598,112572.9,1,0.006,0.73660747
C125L79,79,125,-1247500,-1212500,0.116855113,0.88314558,-6.93e-07,0.116855113,0.88314558,0.113409,0.886591693,7131.329,0,1,27995.34,0,0,0,0,109649.5,1,0.003,0.88314558
C126L79,79,126,-1242500,-1212500,0.175382803,0.82461703,1.67e-07,0.161989943,0.83800989,0.154018,0.845981833,8694.012,0,0.3333333,24788.45,0,0,0,0,106880.2,1,0.021,0.82461703
C127L79,79,127,-1237500,-1212500,0.6726187,0.30513786,0.02224344,0.6300122,0.34774436,0.579887,0.39786956,11348.2,0,1,21612.71,0,0,0,0,104277.1,1,0.093,0.3745208134
C128L79,79,128,-1232500,-1212500,0.735969313,0.243622506,0.020408181,0.727040733,0.252551086,0.695153,0.284438819,13615.26,0,1,18600.99,0,0,0,0,101853.2,1,0.041,0.3166394378
C129L79,79,129,-1227500,-1212500,0.36591515,0.63408564,-7.9e-07,0.36058934,0.63941145,0.350251,0.64974979,12287.86,0,0.5,16463.73,0,0,0,0,99621.43,1,0.016,0.63408564
C130L79,79,130,-1222500,-1212500,0.182331,0.81766958,-5.8e-07,0.182331,0.81766958,0.182331,0.81766958,9772.173,0,0.5,14617.29,0,0,0,0,97594.99,1,0,0.81766958
C131L79,79,131,-1217500,-1212500,0.73533153,0.22576584,0.03890263,0.73533153,0.22576584,0.731505,0.22959237,9484.681,0,0,12770.85,0,0,0,0,95786.93,1,0.004,0.3290943383
C132L79,79,132,-1212500,-1212500,0.0764411,0.00344612,0.92011278,0.0764411,0.00344612,0.0764411,0.00344612,7794.598,0,0,11520.04,0,0,0,0,94209.82,1,0,0.01358387184
C77L80,80,77,-1487500,-1217500,0.924675,0,0.075325,0.924675,0,0.924675,0,23813.61,0,0,151471.7,0,0.9188873,0,0.9188873,317068.1,2,0,0.004118593742
C78L80,80,78,-1482500,-1217500,1,0,0,1,0,1,0,25903.88,0,0,146690,0,1,0,1,312302,2,0,0.004512867711
C79L80,80,79,-1477500,-1217500,1,0,0,1,0,1,0,21458.38,0,0,141923.4,0,1,0,1,307543.3,2,0,0.004575893403
C80L80,80,80,-1472500,-1217500,1,0,0,1,0,1,0,17150.65,0,0,137173.5,0,1,0,1,302792.4,2,0,0.004643888775
C81L80,80,81,-1467500,-1217500,1,0,0,1,0,1,0,12885.29,0,0,132441.9,0,1,0,1,298049.7,2,0,0.004768570419
C82L80,80,82,-1462500,-1217500,0.998405,0.0015949,1e-07,0.998405,0.0015949,0.998405,0.0015949,8482.711,0,0,127730.8,0,1,0,1,293315.5,2,0,0.005683769845
C83L80,80,83,-1457500,-1217500,1,0,0,1,0,1,0,3488.725,0,0,123042.5,0,1,0,1,288590.2,2,0,0.004894020046
C84L80,80,84,-1452500,-1217500,1,0,0,1,0,1,0,1505.262,0,0,118379.7,0,1,0,1,283874.4,2,0,0.00490142525
C85L80,80,85,-1447500,-1217500,1,0,0,1,0,1,0,6309.851,0,0,113745.5,0,1,0,1,279168.5,2,0,0.005119643304
C86L80,80,86,-1442500,-1217500,1,0,0,1,0,1,0,10924.99,0,0,109143.7,0,1,0,1,274472.9,2,0,0.006201687157
C87L80,80,87,-1437500,-1217500,1,0,0,1,0,1,0,15764.94,0,0,104578.4,0,1,0,1,269788.3,2,0,0.006461550836
C88L80,80,88,-1432500,-1217500,1,0,0,1,0,1,0,17417.72,0,0,100054.7,0,0.9760282,0,0.9760282,265115.2,2,0,0.00641323252
C89L80,80,89,-1427500,-1217500,1,0,0,1,0,1,0,13668.39,0.006054012,0,95578.44,0,0.9439963,0,0.950050312,260454.3,2,0,0.005458256997
C90L80,80,90,-1422500,-1217500,1,0,0,1,0,1,0,10966.89,0,0,91156.66,0,1,0,1,255806.2,2,0,0.00531632959
C91L80,80,91,-1417500,-1217500,1,0,0,1,0,1,0,10184.34,0,0,86797.66,0,1,0,1,251171.6,2,0,0.005342752943
C92L80,80,92,-1412500,-1217500,1,0,0,1,0,1,0,11711.9,0,0,82511.41,0,0.6423881,0,0.6423881,246551.2,2,0,0.005676524312
C93L80,80,93,-1407500,-1217500,1,0,0,1,0,1,0,13470.26,0,0,78309.83,0,0.01022847,0,0.01022847,241946,1,0,0.006219849392
C94L80,80,94,-1402500,-1217500,1,0,0,1,0,1,0,15954.97,0,0,74207.33,0,0,0,0,237356.7,1,0,0.006112659564
C95L80,80,95,-1397500,-1217500,1,0,0,1,0,1,0,16939.73,0,0,70221.26,0,0,0.603201,0.603201,232784.4,1,0,0.002157027585
C96L80,80,96,-1392500,-1217500,0.98947352,0.010526319,1.61e-07,0.98947352,0.010526319,0.982137,0.017862839,15005.01,0,0,66372.61,0,0,1,1,228230,1,0.007,0.01055354123
C97L80,80,97,-1387500,-1217500,0.95292173,0.047077901,3.69e-07,0.950649,0.049350631,0.950649,0.049350631,13109.1,0,0.5,62686.69,0,0,1,1,223694.6,1,0.002,0.047077901
C98L80,80,98,-1382500,-1217500,0.9330145,0.06698565,-1.5e-07,0.9314196,0.06858055,0.925359,0.07464115,11668.66,0,0.5,59154.54,0,0,1,1,219179.4,1,0.008,0.06698565
C99L80,80,99,-1377500,-1217500,0.947403,0.052597306,-3.06e-07,0.947403,0.052597306,0.947403,0.052597306,6779.709,0,0,55637.94,0,0,1,1,214685.8,1,0,0.05927064191
C100L80,80,100,-1372500,-1217500,0.94449754,0.05550235,1.1e-07,0.94449754,0.05550235,0.93748,0.06251989,2247.614,0,0.5,52121.33,0,0,1,1,210215,1,0.007,0.06720333686
C101L80,80,101,-1367500,-1217500,0.911364126,0.088636376,-5.02e-07,0.911364126,0.088636376,0.906494,0.093506502,100.8104,0,0.5,48611.36,0.1940724,0,0.7837201,0.7837201,205768.5,1,0.005,0.09715042077
C102L80,80,102,-1362500,-1217500,0.94673014,0.053269579,2.81e-07,0.9304622,0.069537519,0.917703,0.082296719,1863.112,0,0.5,45298.2,1,0,0,0,201348.1,1,0.029,0.1318101988
C103L80,80,103,-1357500,-1217500,0.72663464,0.27336523,1.3e-07,0.70653892,0.29346095,0.689952,0.31004787,4577.01,0,0.5,42317.73,1,0,0,0,196955.3,1,0.037,0.2867446011
C104L80,80,104,-1352500,-1217500,0.69350614,0.30649392,-6e-08,0.6860386,0.31396146,0.650649,0.34935106,6326.905,0,0,39669.08,0.6000671,0,0.4643231,0.4643231,192592.2,1,0.043,0.3277670272
C105L80,80,105,-1347500,-1217500,0.6309407,0.36905938,-8e-08,0.6293458,0.37065428,0.594896,0.40510408,9628.075,0,0.5,37062.86,0.3792415,0,0.6319864,0.6319864,188260.7,1,0.036,0.4141262778
C106L80,80,106,-1342500,-1217500,0.28149371,0.71850625,4e-08,0.27370151,0.72629845,0.267208,0.73279196,12924.71,0,0.5,34779.91,0.310258,0,0,0,183963.2,1,0.014,0.71850625
C107L80,80,107,-1337500,-1217500,0.21180175,0.78819743,8.2e-07,0.21180175,0.78819743,0.207974,0.79202518,16755.23,0,1,33092.96,0.3880448,0,0,0,179702,1,0.004,0.78819743
C108L80,80,108,-1332500,-1217500,0.30129919,0.69870161,-8e-07,0.28961088,0.71038992,0.281494,0.7185068,11661.05,0,1,31681.5,0,0,0,0,175479.8,1,0.02,0.69870161
C109L80,80,109,-1327500,-1217500,0.37256738,0.6274325,1.2e-07,0.37256738,0.6274325,0.362998,0.63700188,7448.558,0,1,30842.96,0,0,0,0,171299.5,1,0.01,0.6274325
C110L80,80,110,-1322500,-1217500,0.466883096,0.53311647,4.34e-07,0.44870126,0.551298306,0.438961,0.561038566,4998.199,0,1,30698.87,0,0,0,0,167164.2,1,0.028,0.53311647
C111L80,80,111,-1317500,-1217500,0.46634812,0.533013918,0.000637962,0.45103711,0.548324928,0.437321,0.562041038,5399.796,0,1,30653.23,0.03046441,0,0,0,163077.4,1,0.029,0.533013918
C112L80,80,112,-1312500,-1217500,0.47719329,0.522169508,0.000637202,0.45933048,0.540032318,0.421053,0.578309798,7279.037,0,1,30607.59,0.5702605,0,0.09639136,0.09639136,159042.7,1,0.056,0.522169508
C113L80,80,113,-1307500,-1217500,0.57922105,0.42077887,8e-08,0.57272754,0.42727238,0.527273,0.47272692,8910.417,0,0.5,30635.71,0.4340968,0,0.5776641,0.5776641,155064.3,1,0.052,0.4279110608
C114L80,80,114,-1302500,-1217500,0.40127543,0.598724009,5.61e-07,0.39074912,0.609250319,0.362679,0.637320439,8144.092,0,0.5,31332.66,0.6161144,0,0.3927523,0.3927523,151146.6,1,0.039,0.598724009
C115L80,80,115,-1297500,-1217500,0.58701249,0.41298746,5e-08,0.5512982,0.44870175,0.467532,0.53246795,7444.371,0,0,32344.29,0.5467962,0,0.03983604,0.03983604,147294.4,1,0.119,0.41298746
C116L80,80,116,-1292500,-1217500,0.65614071,0.343859738,-4.48e-07,0.6293465,0.370653948,0.57512,0.424880448,7965.925,0,0.5,33360.43,0.7248995,0,0.2996097,0.2996097,143513.1,1,0.081,0.343859738
C117L80,80,117,-1287500,-1217500,0.93571421,0.06428577,2e-08,0.93571421,0.06428577,0.927922,0.07207798,7200.508,0,0.5,34796.28,0,0,1,1,139808.3,1,0.008,0.126392767
C118L80,80,118,-1282500,-1217500,0.92503961,0.074960077,3.13e-07,0.92503961,0.074960077,0.918979,0.081020687,6345.972,0,0.5,36859.78,0,0,1,1,136186.3,1,0.006,0.09254733774
C119L80,80,119,-1277500,-1217500,0.94253239,0.057467477,1.33e-07,0.94025966,0.059740207,0.927922,0.072077867,6147.473,0,1,39329.87,0,0,1,1,132653.9,1,0.015,0.07964387036
C120L80,80,120,-1272500,-1217500,0.94098871,0.059011189,1.01e-07,0.93971279,0.060287109,0.936523,0.063476899,4481.019,0,1,40575.22,0,0,0.6658177,0.6658177,129218.5,1,0.004,0.1655052307
C121L80,80,121,-1267500,-1217500,0.42551837,0.574482,-3.7e-07,0.415949,0.58405137,0.415949,0.58405137,3056.841,0,0.3333333,40955.7,0,0,0.2387041,0.2387041,125887.9,1,0.01,0.574482
C122L80,80,122,-1262500,-1217500,0.36558434,0.634415445,2.15e-07,0.36103888,0.638960905,0.339935,0.660064785,2945.62,0,0.5,37264.15,0,0,0.5467201,0.5467201,122670.8,1,0.026,0.634415445
C123L80,80,123,-1257500,-1217500,0.42838891,0.57161114,-5e-08,0.40829322,0.59170683,0.364593,0.63540705,2364.583,0,0.3333333,32813.92,0,0,0.7041692,0.7041692,119576.3,1,0.064,0.5984897686
C124L80,80,124,-1252500,-1217500,0.13246715,0.867532936,-8.6e-08,0.126623,0.873377086,0.126623,0.873377086,2381.771,0,0.5,28529.68,0,0,0.1191916,0.1191916,116614,1,0.006,0.867532936
C125L80,80,125,-1247500,-1217500,0.65805379,0.34194567,5.4e-07,0.64944135,0.35055811,0.639553,0.36044646,2134.017,0,0.5,24517.99,0.5110413,0,0,0,113794.5,1,0.019,0.4561594816
C126L80,80,126,-1242500,-1217500,0.52370105,0.47629914,-1.9e-07,0.49448024,0.50551995,0.460714,0.53928619,4456.645,0,0.5,20936.11,0.3754182,0,0,0,111128.5,1,0.063,0.47629914
C127L80,80,127,-1237500,-1217500,0.62392298,0.36810182,0.0079752,0.59425793,0.39776687,0.547687,0.4443378,7486.698,0,0.5,17750.76,0.002411288,0,0,0,108627.3,1,0.076,0.36810182
C128L80,80,128,-1232500,-1217500,0.73863672,0.21298703,0.04837625,0.71526009,0.23636366,0.686364,0.26525975,8620.317,0,1,14575.01,0,0,0,0,106302.6,1,0.052,0.2674201531
C129L80,80,129,-1227500,-1217500,0.56108425,0.433173908,0.005741842,0.54098851,0.453269648,0.518022,0.476236158,8294.25,0,1,11826.75,0,0,0,0,104166.2,1,0.043,0.433173908
C130L80,80,130,-1222500,-1217500,0.419458,0.579904427,0.000637573,0.419458,0.579904427,0.419458,0.579904427,5258.707,0,0.5,9970.716,0,0,0,0,102229.9,1,0,0.579904427
C131L80,80,131,-1217500,-1217500,0.199351,0.225324375,0.575324625,0.199351,0.225324375,0.199351,0.225324375,4603.624,0,0.5,8124.275,0,0,0,0,100505.3,1,0,0.225324375
C77L81,81,77,-1487500,-1222500,0.896684,0,0.103316,0.896684,0,0.896684,0,26089.25,0,0,150109.9,0,0.8748972,0,0.8748972,318603.8,2,0,0.003977561647
C78L81,81,78,-1482500,-1222500,1,0,0,1,0,1,0,24253.34,0,0,145283.4,0,1,0,1,313861,2,0,0.004492277239
C79L81,81,79,-1477500,-1222500,1,0,0,1,0,1,0,19433.88,0,0,140469.1,0,1,0,1,309126.3,2,0,0.004554904173
C80L81,81,80,-1472500,-1222500,1,0,0,1,0,1,0,14735.23,0,0,135668.2,0,1,0,1,304400.1,2,0,0.004620944347
C81L81,81,81,-1467500,-1222500,1,0,0,1,0,1,0,10304.22,0,0,130882.2,0,1,0,1,299682.8,2,0,0.004743639338
C82L81,81,82,-1462500,-1222500,1,0,0,1,0,1,0,5996.924,0,0,126112.9,0,1,0,1,294974.8,2,0,0.004809294503
C83L81,81,83,-1457500,-1222500,1,0,0,1,0,1,0,1967.1,0,0,121362.1,0,1,0,1,290276.6,2,0,0.004868292323
C84L81,81,84,-1452500,-1222500,1,0,0,1,0,1,0,2137.697,0,0,116632.1,0,1,0,1,285588.6,2,0,0.004872837654
C85L81,81,85,-1447500,-1222500,1,0,0,1,0,1,0,6823.3,0,0,111925.7,0,1,0,1,280911.4,2,0,0.004959869457
C86L81,81,86,-1442500,-1222500,1,0,0,1,0,1,0,11764.91,0,0,107245.8,0,1,0,1,276245.5,2,0,0.005053118408
C87L81,81,87,-1437500,-1222500,1,0,0,1,0,1,0,16741.22,0.03536172,0,102596,0,0.5489717,0,0.58433342,271591.4,2,0,0.00514185584
C88L81,81,88,-1432500,-1222500,1,0,0,1,0,1,0,20733.29,0.5118413,0,97980.85,0,0.02213219,0,0.53397349,266949.9,1,0,0.005178746108
C89L81,81,89,-1427500,-1222500,1,0,0,1,0,1,0,17700.77,0.136168,0,93405.27,0,0.8129701,0,0.9491381,262321.6,2,0,0.005209272218
C90L81,81,90,-1422500,-1222500,1,0,0,1,0,1,0,15708.76,0,0,88875.43,0,1,0,1,257707.1,2,0,0.005243378441
C91L81,81,91,-1417500,-1222500,1,0,0,1,0,1,0,15172.77,0,0,84398.7,0,1,0,1,253107.3,2,0,0.005330142353
C92L81,81,92,-1412500,-1222500,1,0,0,1,0,1,0,16237.64,0,0,79983.99,0,1,0,1,248523,2,0,0.005692524451
C93L81,81,93,-1407500,-1222500,0.993421,0.00657895,5e-08,0.993421,0.00657895,0.993421,0.00657895,17209.64,0,0,75642.16,0,0.9035923,0,0.9035923,243955,2,0,0.009650397439
C94L81,81,94,-1402500,-1222500,0.990915,0.00908522,-2.2e-07,0.990915,0.00908522,0.990915,0.00908522,14094.78,0,0,71386.51,0,0.4715759,0,0.4715759,239404.2,1,0,0.01114280208
C95L81,81,95,-1397500,-1222500,1,0,0,1,0,1,0,12187.5,0,0,67233.41,0,0.1449658,0.1814202,0.326386,234871.8,1,0,0.007489968514
C96L81,81,96,-1392500,-1222500,1,0,0,1,0,1,0,10956.26,0,0,63203.08,0,0,1,1,230358.6,1,0,0.009533115783
C97L81,81,97,-1387500,-1222500,0.937181,0.062818918,8.2e-08,0.937181,0.062818918,0.937181,0.062818918,8297.531,0,0,59320.54,0,0,1,1,225866,1,0,0.062818918
C98L81,81,98,-1382500,-1222500,0.8916039,0.10839596,1.4e-07,0.88659136,0.1134085,0.878446,0.12155386,7274.819,0,0,55616.77,0,0,1,1,221395.1,1,0.013,0.10839596
C99L81,81,99,-1377500,-1222500,0.88520441,0.11479587,-2.8e-07,0.88169676,0.11830352,0.865434,0.13456628,4933.796,0,0.5,52083.58,0,0,1,1,216947.4,1,0.02,0.1158496046
C100L81,81,100,-1372500,-1222500,0.89693,0.10307023,-2.3e-07,0.89693,0.10307023,0.89693,0.10307023,1655.551,0,0.5,48566.97,0,0,1,1,212524.2,1,0,0.1175168032
C101L81,81,101,-1367500,-1222500,0.91772933,0.0822705,1.7e-07,0.908163,0.09183683,0.89764,0.10235983,2663.098,0,1,45050.36,0.1626771,0,0.8123048,0.8123048,208127.1,1,0.02,0.1405949536
C102L81,81,102,-1362500,-1222500,0.77537638,0.224623893,-2.73e-07,0.76441146,0.235588813,0.734023,0.265977273,6704.366,0,1,41542.27,1,0,0,0,203757.8,1,0.041,0.2689185595
C103L81,81,103,-1357500,-1222500,0.49310764,0.50689202,3.4e-07,0.49060137,0.50939829,0.461466,0.53853366,8606.642,0,0.5,38270.4,1,0,0,0,199418.1,1,0.032,0.50689202
C104L81,81,104,-1352500,-1222500,0.32653089,0.67346897,1.4e-07,0.32461762,0.67538224,0.297513,0.70248686,10814.58,0,0.5,35404.61,1,0,0,0,195110,1,0.029,0.67346897
C105L81,81,105,-1347500,-1222500,0.29072693,0.7092734,-3.3e-07,0.28477455,0.71522578,0.223371,0.77662933,13213.58,0,0.5,32794.41,1,0,0,0,190835.8,1,0.067,0.7092734
C106L81,81,106,-1342500,-1222500,0.35204087,0.64795955,-4.2e-07,0.3443878,0.65561262,0.325574,0.67442642,16651.36,0,1,30262.72,1,0,0,0,186597.5,1,0.026,0.64795955
C107L81,81,107,-1337500,-1222500,0.314536103,0.68546344,4.57e-07,0.311089983,0.68890956,0.308897,0.691102543,18470.45,0,1,28316.41,0.8348242,0,0,0,182397.9,1,0.006,0.68546344
C108L81,81,108,-1332500,-1222500,0.67825236,0.32174753,1.1e-07,0.67028042,0.32971947,0.634885,0.36511489,14514.08,0,1,26860.94,0,0,0,0,178239.6,1,0.043,0.4180596221
C109L81,81,109,-1327500,-1222500,0.38596506,0.61403493,1e-08,0.38596506,0.61403493,0.37594,0.62405999,11408.75,0,1,25866.59,0,0,0,0,174125.5,1,0.01,0.61403493
C110L81,81,110,-1322500,-1222500,0.30229565,0.697704283,6.7e-08,0.298788,0.701211933,0.298788,0.701211933,9983.013,0,1,25699.08,0,0,0,0,170059,1,0.004,0.697704283
C111L81,81,111,-1317500,-1222500,0.37374689,0.62625287,2.4e-07,0.35808273,0.64191703,0.325188,0.67481176,10390.28,0,1,25653.43,0,0,0,0,166043.4,1,0.049,0.62625287
C112L81,81,112,-1312500,-1222500,0.36528815,0.63471225,-4e-07,0.3198621,0.6801383,0.244674,0.7553264,9890.459,0,1,25607.79,0.9131717,0,0,0,162082.6,1,0.121,0.6351411307
C113L81,81,113,-1307500,-1222500,0.20822689,0.79177288,2.3e-07,0.1996172,0.80038257,0.18463,0.81536977,7147.738,0,0.5,25646.56,1,0,0,0,158180.6,1,0.024,0.79177288
C114L81,81,114,-1302500,-1222500,0.35369631,0.64630363,6e-08,0.33865872,0.66134122,0.28916,0.71083994,3402.567,0,0.5,26436.07,1,0,0,0,154342.1,1,0.065,0.64630363
C115L81,81,115,-1297500,-1222500,0.29783211,0.70216869,-8e-07,0.28986017,0.71014063,0.272003,0.7279978,2504.229,0,0.5,27447.7,1,0,0,0,150571.7,1,0.026,0.70216869
C116L81,81,116,-1292500,-1222500,0.44830785,0.55169147,6.8e-07,0.4454883,0.55451102,0.428571,0.57142832,3002.1,0,0.5,28502.08,1,0,0.001240077,0.001240077,146874.7,1,0.02,0.55169147
C117L81,81,117,-1287500,-1222500,0.61065006,0.389349368,5.72e-07,0.60267812,0.397321308,0.587372,0.412627428,2423.651,0,1,30170.03,0.2021447,0,0.4013408,0.4013408,143256.9,1,0.023,0.3967653232
C118L81,81,118,-1282500,-1222500,0.86309497,0.13690493,1e-07,0.86309497,0.13690493,0.858709,0.1412909,1487.487,0,1,32503.78,0,0,0.6442286,0.6442286,139724.3,1,0.004,0.1925549933
C119L81,81,119,-1277500,-1222500,0.93781841,0.06218114,4.5e-07,0.93558627,0.06441328,0.933673,0.06632655,1203.043,0,1,34994.27,0,0,1,1,136283.7,1,0.004,0.1176951437
C120L81,81,120,-1272500,-1222500,0.90288261,0.09711783,-4.4e-07,0.89599038,0.10401006,0.890038,0.10996244,346.4274,0,1,35576.89,0,0,1,1,132942.1,1,0.013,0.1792088581
C121L81,81,121,-1267500,-1222500,0.45676658,0.54323342,0,0.44611496,0.55388504,0.441729,0.558271,1262.876,0,0.5,35980.12,0,0,0.9885356,0.9885356,129707.2,1,0.015,0.54323342
C122L81,81,122,-1262500,-1222500,0.38966835,0.61033154,1.1e-07,0.36447695,0.63552294,0.333227,0.66677289,2000.69,0,0.5,35032.53,0,0,0.4977465,0.4977465,126587.1,1,0.056,0.6199388739
C123L81,81,123,-1257500,-1222500,0.13345905,0.86654163,-6.8e-07,0.1287598,0.87124088,0.121241,0.87875968,1590.237,0,1,30558.18,0,0,0.2793951,0.2793951,123590.7,1,0.012,0.86654163
C124L81,81,124,-1252500,-1222500,0.17378783,0.826211865,3.05e-07,0.15146643,0.848533265,0.124043,0.875956695,1826.318,0,0.5,26083.82,0.0002726425,0,0.002994575,0.002994575,120727,1,0.05,0.826211865
C125L81,81,125,-1247500,-1222500,0.8590224,0.140977513,8.7e-08,0.8427317,0.157268213,0.751253,0.248746913,2434.911,0,0.5,21645.41,0.7658845,0,0.04641911,0.04641911,118005.8,1,0.108,0.2759188516
C126L81,81,126,-1242500,-1222500,0.74043327,0.13584193,0.1237248,0.74043327,0.13584193,0.73852,0.1377552,639.4298,0,0.5,17484.65,1,0,0,0,115437.1,1,0.002,0.1968181135
C127L81,81,127,-1237500,-1222500,0.665726666,0.24906011,0.085213224,0.6466164,0.268170376,0.615288,0.299498776,5336.916,0,0.5,13888.81,0.7346386,0,0,0,113031.3,1,0.05,0.2507221359
C128L81,81,128,-1232500,-1222500,0.7691326,0.21970658,0.01116082,0.72066316,0.26817602,0.65338,0.33545918,3639.295,0,1,10713.07,0.07764887,0,0,0,110799,1,0.116,0.2369545143
C129L81,81,129,-1227500,-1222500,0.67011291,0.32988732,-2.3e-07,0.64097755,0.35902268,0.614975,0.38502523,3330.947,0,1,7537.321,0,0,0,0,108751,1,0.055,0.32988732
C130L81,81,130,-1222500,-1222500,0.62312,0.024749373,0.352130627,0.62312,0.024749373,0.62312,0.024749373,2067.297,0,1,5324.142,0,0,0,0,106897.8,1,0,0.1077826049
C77L82,82,77,-1487500,-1227500,0.851948,0,0.148052,0.851948,0,0.851948,0,28255.97,0,0,148903.6,0,0.8308427,0,0.8308427,320210.2,2,0,0.00376100313
C78L82,82,78,-1482500,-1227500,1,0,0,1,0,1,0,23321.58,0,0,144036.7,0,1,0,1,315491.5,2,0,0.004470709885
C79L82,82,79,-1477500,-1227500,1,0,0,1,0,1,0,18418.34,0,0,139179.3,0,1,0,1,310781.7,2,0,0.004532906156
C80L82,82,80,-1472500,-1227500,1,0,0,1,0,1,0,13511.91,0,0,134332.3,0,1,0,1,306081.1,2,0,0.004596882769
C81L82,82,81,-1467500,-1227500,1,0,0,1,0,1,0,8572.235,0,0,129497,0,1,0,1,301390.1,2,0,0.004660807989
C82L82,82,82,-1462500,-1227500,1,0,0,1,0,1,0,3639.139,0,0,124674.6,0,1,0,1,296709.1,2,0,0.004724454475
C83L82,82,83,-1457500,-1227500,1,0,0,1,0,1,0,849.5075,0,0,119866.9,0,1,0,1,292038.8,2,0,0.004784678589
C84L82,82,84,-1452500,-1227500,1,0,0,1,0,1,0,5078.062,0,0,115075.5,0,1,0,1,287379.6,2,0,0.004844997791
C85L82,82,85,-1447500,-1227500,1,0,0,1,0,1,0,8966.973,0,0,110302.6,0,0.9850695,0,0.9850695,282732,2,0,0.004905649483
C86L82,82,86,-1442500,-1227500,1,0,0,1,0,1,0,13306.16,0.005056204,0,105550.7,0,0.6783796,0,0.683435804,278096.6,2,0,0.004968142338
C87L82,82,87,-1437500,-1227500,1,0,0,1,0,1,0,17858.04,0.6044588,0,100822.9,0,0.06681618,0,0.67127498,273474.1,1,0,0.005029795904
C88L82,82,88,-1432500,-1227500,1,0,0,1,0,1,0,22196.69,0.8437668,0,96122.59,0,0.1911816,0,1.0349484,268865.1,1,0,0.005090455439
C89L82,82,89,-1427500,-1227500,1,0,0,1,0,1,0,20861.44,0.001033476,0,91454.09,0,1,0,1.001033476,264270.3,2,0,0.005150596554
C90L82,82,90,-1422500,-1227500,1,0,0,1,0,1,0,20004.31,0,0,86822.51,0,1,0,1,259690.5,2,0,0.005223296464
C91L82,82,91,-1417500,-1227500,1,0,0,1,0,1,0,18300.69,0,0,82234.09,0,1,0,1,255126.4,2,0,0.005432058388
C92L82,82,92,-1412500,-1227500,1,0,0,1,0,1,0,15543.57,0,0,77696.48,0,1,0,1,250579,2,0,0.006173932142
C93L82,82,93,-1407500,-1227500,1,0,0,1,0,1,0,13410.01,0,0,73219.13,0,1,0,1,246049.2,2,0,0.007093267568
C94L82,82,94,-1402500,-1227500,1,0,0,1,0,1,0,10138.85,0,0,68813.8,0,1,0,1,241537.9,2,0,0.007870958442
C95L82,82,95,-1397500,-1227500,0.999026,0.000974026,-2.6e-08,0.999026,0.000974026,0.999026,0.000974026,7435.27,0,0,64495.25,0,0.9739399,0.08246446,1.05640436,237046.2,2,0,0.01157275329
C96L82,82,96,-1392500,-1227500,0.95087769,0.04912279,-4.8e-07,0.95087769,0.04912279,0.946093,0.05390748,6070.426,0,0,60282.13,0,0.06300019,0.9892316,1.05223179,232575.3,1,0.005,0.04912279
C97L82,82,97,-1387500,-1227500,0.93766209,0.06233768,2.3e-07,0.93538936,0.06461041,0.921753,0.07824677,3936.321,0,0,56198.15,0,0,1,1,228126.3,1,0.016,0.07363799093
C98L82,82,98,-1382500,-1227500,0.87495991,0.12503982,2.7e-07,0.85135549,0.14864424,0.798724,0.20127573,2403.409,0,0.5,52273.61,0,0,0.8058969,0.8058969,223700.7,1,0.076,0.1543055384
C99L82,82,99,-1377500,-1227500,0.80227227,0.19772721,5.2e-07,0.78603849,0.21396099,0.767532,0.23246748,1775.848,0,0.5,48547.17,0.02129502,0,0.8731598,0.8731598,219299.7,1,0.035,0.2342383596
C100L82,82,100,-1372500,-1227500,0.796809769,0.2031898,4.31e-07,0.78596451,0.214035059,0.778309,0.221690569,1492.965,0,1,45012.61,0.1077228,0,0.8945694,0.8945694,214924.9,1,0.019,0.2702082151
C101L82,82,101,-1367500,-1227500,0.72759785,0.27240246,-3.1e-07,0.68603935,0.31396096,0.659416,0.34058431,4806.159,0,0.5,41496,0.7513481,0,0.2284558,0.2284558,210577.9,1,0.068,0.3296442128
C102L82,82,102,-1362500,-1227500,0.41020688,0.58979246,6.6e-07,0.39170612,0.60829322,0.363636,0.63636334,8693.038,0,0.5,37979.39,1,0,0,0,206260.5,1,0.047,0.58979246
C103L82,82,103,-1357500,-1227500,0.7850082,0.214991929,-1.29e-07,0.77097312,0.229027009,0.727911,0.272089129,13043.17,0,0.5,34473.99,1,0,0,0,201974.6,1,0.057,0.2929178979
C104L82,82,104,-1352500,-1227500,0.82500023,0.175000081,-3.11e-07,0.8113639,0.188636411,0.763312,0.236688311,15444.34,0,0.5,31262.1,1,0,0,0,197722.3,1,0.062,0.2771837054
C105L82,82,105,-1347500,-1227500,0.69058969,0.30941004,2.7e-07,0.67814951,0.32185022,0.655183,0.34481673,17507.07,0,0.5,28529.59,1,0,0,0,193505.7,1,0.035,0.3708663471
C106L82,82,106,-1342500,-1227500,0.64707783,0.35292237,-2e-07,0.64318173,0.35681847,0.616883,0.3831172,15200.84,0,0.5,25919.74,1,0,0,0,189327.3,1,0.03,0.4241235705
C107L82,82,107,-1337500,-1227500,0.46475258,0.53524712,3e-07,0.43349264,0.56650706,0.412121,0.5878787,13914.32,0,1,23622.23,0.7518135,0,0,0,185189.5,1,0.053,0.53524712
C108L82,82,108,-1332500,-1227500,0.648377,0.35162343,-4.3e-07,0.5788965,0.42110393,0.475325,0.52467543,14243.77,0,1,22074.45,0,0,0,0,181095.3,1,0.173,0.3822051817
C109L82,82,109,-1327500,-1227500,0.74226495,0.25773535,-3e-07,0.7087721,0.2912282,0.678788,0.3212123,13175.16,0,1,20901.51,0,0,0,0,177047.7,1,0.063,0.340177568
C110L82,82,110,-1322500,-1227500,0.238961101,0.7610391,-2.01e-07,0.235065,0.764935201,0.235065,0.764935201,11740.86,0,1,20699.28,0,0,0,0,173049.8,1,0.004,0.7610391
C111L82,82,111,-1317500,-1227500,0.229665,0.77033504,-4e-08,0.229665,0.77033504,0.229665,0.77033504,8583.97,0,1,20653.64,0,0,0,0,169105.2,1,0,0.77033504
C112L82,82,112,-1312500,-1227500,0.37129147,0.62870845,8e-08,0.33779856,0.66220136,0.300159,0.69984092,5424.059,0,1,20608,0.9070151,0,0,0,165217.9,1,0.071,0.6685354191
C113L82,82,113,-1307500,-1227500,0.30941511,0.69058425,6.4e-07,0.28344108,0.71655828,0.252597,0.74740236,3813.733,0,1,20662.66,1,0,0,0,161391.7,1,0.057,0.7051478275
C114L82,82,114,-1302500,-1227500,0.34035128,0.659649119,-3.99e-07,0.31291907,0.687081329,0.298884,0.701116399,652.7618,0,1,21539.48,1,0,0,0,157631.4,1,0.041,0.6998853799
C115L82,82,115,-1297500,-1227500,0.28311695,0.71688339,-3.4e-07,0.27110396,0.72889638,0.249026,0.75097434,2429.154,0,1,22551.11,1,0,0,0,153941.6,1,0.034,0.7207567039
C116L82,82,116,-1292500,-1227500,0.21913827,0.78086089,8.4e-07,0.21658644,0.78341272,0.207974,0.79202516,1961.725,0,1,23702.71,1,0,0,0,150327.5,1,0.011,0.78086089
C117L82,82,117,-1287500,-1227500,0.26428526,0.7357141,6.4e-07,0.26201253,0.73798683,0.254545,0.74545436,2290.337,0,1,25684.25,0.2293139,0,0,0,146794.8,1,0.01,0.7357141
C118L82,82,118,-1282500,-1227500,0.42009552,0.57990446,2e-08,0.42009552,0.57990446,0.412759,0.58724098,2991.323,0,1,28168.18,0,0,0.2351916,0.2351916,143349.4,1,0.007,0.57990446
C119L82,82,119,-1277500,-1227500,0.907792,0.09220781,1.9e-07,0.907792,0.09220781,0.907792,0.09220781,3741.387,0,1,30658.67,0,0,0.8099157,0.8099157,139997.9,1,0,0.2152582512
C120L82,82,120,-1272500,-1227500,0.75980879,0.24019144,-2.3e-07,0.75980879,0.24019144,0.741946,0.25805423,4493.216,0,0.5,30579.11,0,0,0.4528871,0.4528871,136747.1,1,0.018,0.3139356461
C121L82,82,121,-1267500,-1227500,0.37735208,0.62264735,5.7e-07,0.36682578,0.63317365,0.348006,0.65199343,5629.09,0,0.6666667,31004.55,0,0,0.6372815,0.6372815,133604.4,1,0.029,0.62264735
C122L82,82,122,-1262500,-1227500,0.19772749,0.80227305,-5.4e-07,0.18116903,0.81883151,0.142208,0.85779254,6947.216,0,0.5,31498.14,0,0,0.2690083,0.2690083,130577.5,1,0.056,0.80227305
C123L82,82,123,-1257500,-1227500,0.080382749,0.918022589,0.001594662,0.072408259,0.925997079,0.0701754,0.928229938,6512.973,0,0.5,28351.94,0,0,0,0,127674.7,1,0.01,0.918022589
C124L82,82,124,-1252500,-1227500,0.5685068,0.431493346,-1.46e-07,0.4931822,0.506817946,0.362338,0.637662146,6763.336,0,0.5,23852.2,0,0,0.4566434,0.4566434,124904.7,1,0.206,0.4567203292
C125L82,82,125,-1247500,-1227500,0.82583726,0.17416262,1.2e-07,0.81020728,0.1897926,0.752791,0.24720888,5770.838,0,0.5,19377.84,0.4844483,0,0.4522923,0.4522923,122276.5,1,0.073,0.2359266607
C126L82,82,126,-1242500,-1227500,0.895455,0.104545461,-4.61e-07,0.895455,0.104545461,0.895455,0.104545461,1073.352,0,0.5,14903.48,0.8502349,0,0,0,119799.4,1,0,0.1569443125
C127L82,82,127,-1237500,-1227500,0.89186646,0.10813394,-4e-07,0.88963361,0.11036679,0.883573,0.1164274,583.8628,0,0.5,10502.1,0.9077165,0,0,0,117483,1,0.008,0.1541420274
C128L82,82,128,-1232500,-1227500,0.87824728,0.121753266,-5.46e-07,0.87110442,0.128896126,0.844481,0.155519546,1154.871,0,1,6851.121,0.4074646,0,0,0,115336.9,1,0.034,0.1586050221
C129L82,82,129,-1227500,-1227500,0.809569,0.070494389,0.119936611,0.79011125,0.089952139,0.763955,0.116108389,1245.362,0,1,3675.374,0.01793238,0,0,0,113370.9,1,0.046,0.1073446052
C130L82,82,130,-1222500,-1227500,0.04816589,0.005103679,0.946730431,0.0433812,0.009888369,0.0433812,0.009888369,1891.394,0,1,677.5671,0,0,0,0,111594.4,1,0.005,0.006891929401
C77L83,83,77,-1487500,-1232500,0.796875,0,0.203125,0.796875,0,0.796875,0,27962.8,0,0,147856.6,0,0.7865497,0,0.7865497,321886.2,2,0,0.003500163459
C78L83,83,78,-1482500,-1232500,1,0,0,1,0,1,0,22964.2,0,0,142954.1,0,1,0,1,317192.5,2,0,0.004448180414
C79L83,83,79,-1477500,-1232500,1,0,0,1,0,1,0,17965.61,0,0,138058.6,0,1,0,1,312508.3,2,0,0.004509988518
C80L83,83,80,-1472500,-1232500,1,0,0,1,0,1,0,12967.02,0,0,133170.9,0,1,0,1,307834,2,0,0.004571939535
C81L83,83,81,-1467500,-1232500,1,0,0,1,0,1,0,7968.423,0,0,128291.8,0,1,0,1,303170.2,2,0,0.004633780553
C82L83,83,82,-1462500,-1232500,1,0,0,1,0,1,0,2969.829,0.002534122,0,123422.3,0,0.9031249,0,0.905659022,298517.2,2,0,0.004695429087
C83L83,83,83,-1457500,-1232500,1,0,0,1,0,1,0,2028.765,0.2895555,0,118563.8,0,0.3606804,0,0.6502359,293875.6,1,0,0.00475687819
C84L83,83,84,-1452500,-1232500,1,0,0,1,0,1,0,7027.358,0.5731634,0,113717.5,0,0.4956027,0,1.0687661,289245.9,1,0,0.004818126829
C85L83,83,85,-1447500,-1232500,1,0,0,1,0,1,0,11971.25,0.5949182,0,108885.1,0,0.1128468,0,0.707765,284628.8,1,0,0.004879241282
C86L83,83,86,-1442500,-1232500,1,0,0,1,0,1,0,15954.93,0.6973856,0,104068.5,0,0,0,0.6973856,280024.8,1,0,0.00494020798
C87L83,83,87,-1437500,-1232500,1,0,0,1,0,1,0,17494.07,1,0,99270.14,0,0,0,1,275434.7,1,0,0.005001006522
C88L83,83,88,-1432500,-1232500,1,0,0,1,0,1,0,17321.89,0.4794397,0,94492.63,0,0.5743739,0,1.0538136,270859,2,0,0.005061614555
C89L83,83,89,-1427500,-1232500,1,0,0,1,0,1,0,15957.5,0,0,89739.38,0,1,0,1,266298.7,2,0,0.005122890351
C90L83,83,90,-1422500,-1232500,1,0,0,1,0,1,0,15333.77,0,0,85014.43,0,1,0,1,261754.3,2,0,0.005207242603
C91L83,83,91,-1417500,-1232500,1,0,0,1,0,1,0,14021.38,0,0,80322.79,0,1,0,1,257226.9,2,0,0.005786586203
C92L83,83,92,-1412500,-1232500,1,0,0,1,0,1,0,11732.15,0,0,75670.66,0,1,0,1,252717.3,2,0,0.01072630147
C93L83,83,93,-1407500,-1232500,1,0,0,1,0,1,0,8710.287,0,0,71065.79,0,1,0,1,248226.5,2,0,0.02214945197
C94L83,83,94,-1402500,-1232500,1,0,0,1,0,1,0,6528.058,0,0,66518,0,1,0,1,243755.5,2,0,0.02593518933
C95L83,83,95,-1397500,-1232500,0.995536,0.00446429,-2.9e-07,0.995536,0.00446429,0.995536,0.00446429,3069.311,0,0,62039.85,0,0.8746989,0.07211301,0.94681191,239305.4,2,0,0.0289554696
C96L83,83,96,-1392500,-1232500,0.95300735,0.04699253,1.2e-07,0.9501878,0.04981208,0.942669,0.05733088,1128.59,0,0,57647.55,0,6.409504e-05,0.9943676,0.994431695,234877.5,1,0.01,0.04726559135
C97L83,83,97,-1387500,-1232500,0.954081285,0.04591832,3.95e-07,0.952805775,0.04719383,0.949617,0.050382605,506.1628,0,0,53362.33,0,0,1,1,230473,1,0.004,0.08845057198
C98L83,83,98,-1382500,-1232500,0.63471192,0.36528805,3e-08,0.6134087,0.38659127,0.545113,0.45488697,1768.004,0,0,49212.15,0,0,0.1563601,0.1563601,226093.3,1,0.09,0.36528805
C99L83,83,99,-1377500,-1232500,0.33577795,0.66422183,2.2e-07,0.29496165,0.70503813,0.249681,0.75031878,2587.205,0,0.5,45234.21,0.1316084,0,0,0,221739.7,1,0.086,0.66422183
C100L83,83,100,-1372500,-1232500,0.26942329,0.73057658,1.3e-07,0.26535061,0.73464926,0.252506,0.74749387,4068.454,0,0.5,41478.08,0.9772518,0,0.01157528,0.01157528,217414,1,0.017,0.73057658
C101L83,83,101,-1367500,-1232500,0.21492396,0.78507633,-2.9e-07,0.21301069,0.7869896,0.204401,0.79559929,8053.608,0,0.5,37941.64,1,0,0,0,213117.9,1,0.011,0.78507633
C102L83,83,102,-1362500,-1232500,0.67763199,0.32236844,-4.3e-07,0.65444904,0.34555139,0.62782,0.37218043,11832.44,0,0.5,34425.03,1,0,0,0,208853,1,0.05,0.3682343765
C103L83,83,103,-1357500,-1232500,0.87312015,0.12687971,1.4e-07,0.8646615,0.13533836,0.817669,0.18233086,15571.65,0,0.5,30908.43,1,0,0,0,204621.4,1,0.055,0.2156376977
C104L83,83,104,-1352500,-1232500,0.86288291,0.13711744,-3.5e-07,0.84024261,0.15975774,0.78986,0.21014035,16324.61,0,0.5,27407.15,1,0,0,0,200425.3,1,0.073,0.1965166357
C105L83,83,105,-1347500,-1232500,0.77067712,0.22932325,-3.7e-07,0.75783251,0.24216786,0.71084,0.28916037,13974.74,0,0.5,24290.22,1,0,0,0,196266.8,1,0.06,0.2685107045
C106L83,83,106,-1342500,-1232500,0.63966846,0.36033191,-3.7e-07,0.60682409,0.39317628,0.547194,0.45280637,10838.87,0,0.5,21654.92,1,0,0,0,192148.4,1,0.092,0.3751739257
C107L83,83,107,-1337500,-1232500,0.51535132,0.48464959,-9.1e-07,0.51284505,0.48715586,0.500627,0.49937391,8945.607,0,0.5,19084.03,0.6811351,0,0,0,188072.7,1,0.015,0.48464959
C108L83,83,108,-1332500,-1232500,0.82940085,0.17059954,-3.9e-07,0.7579722,0.24202819,0.656888,0.34311239,9401.036,0,0.5,17287.97,0,0,0,0,184042.7,1,0.173,0.2459283927
C109L83,83,109,-1327500,-1232500,0.69110317,0.3088972,-3.7e-07,0.66353417,0.3364662,0.635652,0.36434837,8236.358,0,1,15958.25,0,0,0,0,180061.2,1,0.055,0.3335636051
C110L83,83,110,-1322500,-1232500,0.600128,0.39987272,-7.2e-07,0.600128,0.39987272,0.600128,0.39987272,8065.52,0,1,15699.49,0,0,0,0,176131.8,1,0,0.4281670293
C111L83,83,111,-1317500,-1232500,0.281328,0.7186713,7e-07,0.281328,0.7186713,0.281328,0.7186713,4712.503,0,1,15653.85,0,0,0,0,172257.8,1,0,0.7186713
C112L83,83,112,-1312500,-1232500,0.2305765,0.76942397,-4.7e-07,0.22525068,0.77474979,0.221178,0.77882247,1548.262,0,0.5,15608.21,0.7114449,0,0,0,168443.2,1,0.009,0.76942397
C113L83,83,113,-1307500,-1232500,0.217793,0.78220636,6.4e-07,0.217793,0.78220636,0.217793,0.78220636,1041.342,0,0.5,15689,1,0,0,0,164692,1,0,0.78220636
C114L83,83,114,-1302500,-1232500,0.173872,0.82612721,7.9e-07,0.173872,0.82612721,0.173872,0.82612721,2372.713,0,0.5,16642.89,1,0,0,0,161008.8,1,0,0.82612721
C115L83,83,115,-1297500,-1232500,0.13010231,0.86989813,-4.4e-07,0.123087,0.87691344,0.123087,0.87691344,6265.672,0,0.5,17654.52,1,0,0,0,157398.2,1,0.007,0.86989813
C116L83,83,116,-1292500,-1232500,0.28508777,0.71491229,-6e-08,0.28007523,0.71992483,0.254386,0.74561406,6925.55,0,0.5,19007.05,1,0,0,0,153865.3,1,0.031,0.7538804718
C117L83,83,117,-1287500,-1232500,0.113202,0.886798505,-5.05e-07,0.113202,0.886798505,0.113202,0.886798505,7081.185,0,0.5,21342.08,0.07334913,0,0,0,150415.7,1,0,0.886798505
C118L83,83,118,-1282500,-1232500,0.2136595,0.786340116,3.84e-07,0.2136595,0.786340116,0.204261,0.795738616,7866.431,0,1,23832.57,0,0,0,0,147055.2,1,0.009,0.786340116
C119L83,83,119,-1277500,-1232500,0.57525474,0.424744493,7.67e-07,0.56823943,0.431759803,0.561543,0.438456233,8692.098,0,0.5,25877.27,0.009380052,0,1.732494e-05,1.732494e-05,143790.1,1,0.014,0.4944081155
C120L83,83,120,-1272500,-1232500,0.27286938,0.72713051,1.1e-07,0.26472401,0.73527588,0.243734,0.75626589,9211.822,0,0.6666667,25582.18,0,0,0,0,140627,1,0.029,0.72713051
C121L83,83,121,-1267500,-1232500,0.17669155,0.823308593,-1.43e-07,0.173872,0.826128143,0.173872,0.826128143,10413.51,0,0.5,26028.97,0,0,0,0,137572.9,1,0.003,0.823308593
C122L83,83,122,-1262500,-1232500,0.26147953,0.73852072,-2.5e-07,0.26147953,0.73852072,0.257653,0.74234725,11919.22,0,0.5,26522.57,0,0,0,0,134635.3,1,0.004,0.73852072
C123L83,83,123,-1257500,-1232500,0.30639137,0.69360932,-6.9e-07,0.27725601,0.72274468,0.241855,0.75814569,11502.56,0,0.5,26609.71,0,0,0,0,131821.9,1,0.065,0.69360932
C124L83,83,124,-1252500,-1232500,0.66996222,0.33003825,-4.7e-07,0.6093755,0.39062497,0.493304,0.50669647,11753.72,0,0.5,21884.21,0,0,0.05429301,0.05429301,129140.9,1,0.177,0.3885535988
C125L83,83,125,-1247500,-1232500,0.84899728,0.15100244,2.8e-07,0.8468043,0.15319542,0.83208,0.16791972,7941.568,0,0.5,17188.9,0.6363893,0,0.03684912,0.03684912,126600.6,1,0.017,0.2195234737
C126L83,83,126,-1242500,-1232500,0.85841884,0.14158173,-5.7e-07,0.85140353,0.14859704,0.847577,0.15242357,5183.105,0,0.5,12671.87,1,0,0,0,124209.8,1,0.011,0.174890254
C127L83,83,127,-1237500,-1232500,0.91697967,0.08302011,2.2e-07,0.910714,0.08928578,0.910714,0.08928578,4256.722,0,1,8197.507,1,0,0,0,121977.2,1,0.006,0.1258718568
C128L83,83,128,-1232500,-1232500,0.91262714,0.08737236,5e-07,0.90593071,0.09406879,0.866071,0.1339285,928.5086,0,1,3723.149,0.7632807,0,0,0,119911.6,1,0.047,0.1166722285
C129L83,83,129,-1227500,-1232500,0.38627851,0.05231829,0.5614032,0.38627851,0.05231829,0.379073,0.0595238,3141.731,0,1,186.5726,0.4388976,0,0,0,118021.8,1,0.007,0.05534066428
C77L84,84,77,-1487500,-1237500,0.739158,0,0.260842,0.739158,0,0.739158,0,27761.83,0,0,146972.4,0,0.7421073,0,0.7421073,323630.8,2,0,0.003229532974
C78L84,84,78,-1482500,-1237500,1,0,0,1,0,1,0,22780.71,0,0,142039.4,0,1,0,1,318962.8,2,0,0.004424731488
C79L84,84,79,-1477500,-1237500,1,0,0,1,0,1,0,17810.17,0,0,137111.2,0,1,0,1,314305,2,0,0.004486195453
C80L84,84,80,-1472500,-1237500,1,0,0,1,0,1,0,12862.48,0,0,132188.4,0,0.9703523,0,0.9703523,309657.8,2,0,0.00454774944
C81L84,84,81,-1467500,-1237500,1,0,0,1,0,1,0,7973.936,0,0,127271.7,0,0.6178446,0,0.6178446,305021.8,2,0,0.004609139131
C82L84,84,82,-1462500,-1237500,1,0,0,1,0,1,0,3088.408,0.04475166,0,122361.7,0,0.009910623,0,0.054662283,300397.5,1,0,0.004670352611
C83L84,84,83,-1457500,-1237500,1,0,0,1,0,1,0,1910.185,1,0,117459.2,0,0,0,1,295785.4,1,0,0.004731431927
C84L84,84,84,-1452500,-1237500,1,0,0,1,0,1,0,6908.779,1,0,112565.4,0,0,0,1,291186.2,1,0,0.004792341108
C85L84,84,85,-1447500,-1237500,1,0,0,1,0,1,0,11907.37,1,0,107681.3,0,0,0,1,286600.3,1,0,0.004853074023
C86L84,84,86,-1442500,-1237500,1,0,0,1,0,1,0,12735.83,1,0,102808.4,0,0,0,1,282028.5,1,0,0.004913620842
C87L84,84,87,-1437500,-1237500,1,0,0,1,0,1,0,12536.75,0.9935596,0,97948.28,0,0.02924699,0,1.02280659,277471.5,1,0,0.004973972237
C88L84,84,88,-1432500,-1237500,1,0,0,1,0,1,0,12546.02,0.1205194,0,93102.97,0,0.9287333,0,1.0492527,272930,2,0,0.005034131443
C89L84,84,89,-1427500,-1237500,1,0,0,1,0,1,0,11139.29,0,0,88274.92,0,1,0,1,268404.8,2,0,0.005095256421
C90L84,84,90,-1422500,-1237500,1,0,0,1,0,1,0,10362.87,0,0,83467.11,0,1,0,1,263896.8,2,0,0.005192456041
C91L84,84,91,-1417500,-1237500,0.926692,0,0.073308,0.926692,0,0.926692,0,9090.358,0,0,78683.27,0,0.9503542,0,0.9503542,259406.7,2,0,0.005396883744
C92L84,84,92,-1412500,-1237500,0.623724,0.003826535,0.372449465,0.623724,0.003826535,0.623724,0.003826535,7120.637,0,0,73928.04,0,0.6602331,0,0.6602331,254935.7,2,0,0.009692985943
C93L84,84,93,-1407500,-1237500,0.555451,0.05983708,0.38471192,0.555451,0.05983708,0.555451,0.05983708,4680.794,0,0,69207.31,0,0.6322016,0,0.6322016,250484.7,2,0,0.05983708
C94L84,84,94,-1402500,-1237500,0.490915,0.14974912,0.35933588,0.490915,0.14974912,0.490915,0.14974912,3121.162,0,0,64528.68,0,0.6630197,0,0.6630197,246054.7,2,0,0.14974912
C95L84,84,95,-1397500,-1237500,0.641901,0.04942599,0.30867301,0.641901,0.04942599,0.641901,0.04942599,479.4641,0,0,59901.99,0,0.3709109,0.2812308,0.6521417,241647,1,0,0.05573035527
C96L84,84,96,-1392500,-1237500,0.955514,0.0203634,0.0241226,0.955514,0.0203634,0.955514,0.0203634,3623.639,0,0,55340.27,0,0,0.9726552,0.9726552,237262.8,1,0,0.05564076861
C97L84,84,97,-1387500,-1237500,0.92825251,0.071747465,2.5e-08,0.92825251,0.071747465,0.926977,0.073022975,4341.815,0,0,50861.02,0,0,1,1,232903.4,1,0.001,0.135426197
C98L84,84,98,-1382500,-1237500,0.46491185,0.53508786,2.9e-07,0.45958603,0.54041368,0.445175,0.55482471,6231.803,0,0,46488.08,0,0,0.1952331,0.1952331,228570.2,1,0.02,0.53508786
C99L84,84,99,-1377500,-1237500,0.301658248,0.55612258,0.142219172,0.29559957,0.562181258,0.286671,0.571109828,7184.112,0,0,42254.46,0,0,0,0,224264.8,1,0.015,0.55612258
C100L84,84,100,-1372500,-1237500,0.101817,0.68734373,0.21083927,0.101817,0.68734373,0.101817,0.68734373,8330.785,0,0.5,38206.5,0.2869573,0,0,0,219988.7,1,0,0.68734373
C101L84,84,101,-1367500,-1237500,0.32047238,0.36352037,0.31600725,0.31409482,0.36989793,0.305804,0.37818875,11115.13,0,1,34409.81,0.6082715,0,0,0,215743.8,1,0.015,0.3888409897
C102L84,84,102,-1362500,-1237500,0.42825851,0.31171668,0.26002481,0.39285755,0.34711764,0.373434,0.36654119,14396.55,0,1,30870.67,0.7168626,0,0,0,211531.9,1,0.055,0.3135959063
C103L84,84,103,-1357500,-1237500,0.369987,0.050438596,0.579574404,0.369987,0.050438596,0.369987,0.050438596,13565.06,0,0.5,27354.07,0.3419161,0,0,0,207355,1,0,0.07664754606
C104L84,84,104,-1352500,-1237500,0.44515324,0.11543368,0.43941308,0.43303589,0.12755103,0.409439,0.15114792,11444.48,0,0,23837.46,0.482514,0,0,0,203215.3,1,0.036,0.1173107022
C105L84,84,105,-1347500,-1237500,0.45833359,0.14442361,0.3972428,0.44830852,0.15444868,0.441103,0.1616542,10392.79,0,0,20343.25,0.5135009,0,0,0,199115.1,1,0.017,0.1513774695
C106L84,84,106,-1342500,-1237500,0.43558694,0.185267778,0.379145282,0.42378847,0.197066248,0.385842,0.235012718,6939.337,0,0,17390.1,0.5320181,0,0,0,195056.8,1,0.05,0.1965132812
C107L84,84,107,-1337500,-1237500,0.34429784,0.19830783,0.45739433,0.34429784,0.19830783,0.322368,0.22023767,4054.554,0,0,14780.25,0.2997771,0,0,0,191043.2,1,0.022,0.19830783
C108L84,84,108,-1332500,-1237500,0.49489813,0.12021689,0.38488498,0.46779356,0.14732146,0.432717,0.18239802,4886.108,0,0.5,12505.09,0,0,0,0,187077.2,1,0.062,0.1425418361
C109L84,84,109,-1327500,-1237500,0.59210527,0.28414753,0.1237472,0.59210527,0.28414753,0.589599,0.2866538,3297.553,0,1,11066.08,0,0,0,0,183161.8,1,0.003,0.28414753
C110L84,84,110,-1322500,-1237500,0.55389,0.411671373,0.034438627,0.55389,0.411671373,0.55389,0.411671373,3158.853,0,1,10699.7,0,0,0,0,179300.3,1,0,0.411671373
C111L84,84,111,-1317500,-1237500,0.75375912,0.225563416,0.020677464,0.75375912,0.225563416,0.750313,0.229009536,1365.032,0,0.5,10654.06,0,0,0,0,175496.3,1,0.003,0.3258362904
C112L84,84,112,-1312500,-1237500,0.32769406,0.67230598,-4e-08,0.32268153,0.67731851,0.317669,0.68233104,2315.853,0,0.5,10608.42,0.4443583,0,0,0,171753.6,1,0.01,0.67230598
C113L84,84,113,-1307500,-1237500,0.30102078,0.69898002,-8e-07,0.297832,0.7021688,0.297832,0.7021688,5487.445,0,0,10739.84,1,0,0,0,168076.3,1,0.003,0.69898002
C114L84,84,114,-1302500,-1237500,0.239975,0.7600254,-4e-07,0.239975,0.7600254,0.239975,0.7600254,7141.345,0,0,11746.3,1,0,0,0,164468.8,1,0,0.7600254
C115L84,84,115,-1297500,-1237500,0.190050633,0.80994909,2.77e-07,0.189094,0.810905723,0.189094,0.810905723,9365.433,0,0,12757.93,1,0,0,0,160935.9,1,0.001,0.80994909
C116L84,84,116,-1292500,-1237500,0.17857095,0.82142838,6.7e-07,0.17606468,0.82393465,0.171992,0.82800733,11889.37,0,0,14515.98,0.9794701,0,0,0,157482.4,1,0.007,0.82142838
C117L84,84,117,-1287500,-1237500,0.0347577,0.965242045,2.55e-07,0.0347577,0.965242045,0.0347577,0.965242045,12026.99,0,0.3333333,17006.48,0.01524241,0,0,0,154113.8,1,0,0.965242045
C118L84,84,118,-1282500,-1237500,0.0883459,0.911654566,-4.66e-07,0.0883459,0.911654566,0.0883459,0.911654566,12837.97,0,0.5,19496.97,0.0001253709,0,0,0,150835.7,1,0,0.911654566
C119L84,84,119,-1277500,-1237500,0.29655569,0.70344375,5.6e-07,0.287946,0.71205344,0.287946,0.71205344,13672.47,0,0.6666667,20952.32,0.2103478,0,0,0,147654.2,1,0.009,0.7320249073
C120L84,84,120,-1272500,-1237500,0.0946115,0.905387876,6.24e-07,0.0946115,0.905387876,0.0946115,0.905387876,14069,0,0.5,20586.76,0,0,0,0,144575.7,1,0,0.905387876
C121L84,84,121,-1267500,-1237500,0.1300121,0.86998758,3.2e-07,0.12750583,0.87249385,0.124373,0.87562668,15336.09,0,1,21053.39,0,0,0,0,141606.8,1,0.006,0.86998758
C122L84,84,122,-1262500,-1237500,0.27200232,0.72799824,-5.6e-07,0.26881354,0.73118702,0.233737,0.76626356,16802.82,0,0.5,21546.99,0.005249343,0,0,0,138754.6,1,0.038,0.72799824
C123L84,84,123,-1257500,-1237500,0.36967432,0.63032566,2e-08,0.34367181,0.65632817,0.286341,0.71365898,16498.45,0,0,21909.7,0.2073743,0,0,0,136026.4,1,0.083,0.63032566
C124L84,84,124,-1252500,-1237500,0.4751276,0.52487249,-9e-08,0.4154975,0.58450259,0.356824,0.64317609,14995.93,0,0.5,20071.3,0.2089659,0,0,0,133429.9,1,0.118,0.52487249
C125L84,84,125,-1247500,-1237500,0.61466189,0.38533813,-2e-08,0.60776966,0.39223036,0.601504,0.39849602,11776,0,0.5,15524.8,0.354355,0,0,0,130972.9,1,0.013,0.38533813
C126L84,84,126,-1242500,-1237500,0.932079,0.06792095,5e-08,0.932079,0.06792095,0.932079,0.06792095,8561.774,0,0.5,10799.3,1,0,0,0,128663.3,1,0,0.1328998098
C127L84,84,127,-1237500,-1237500,0.85213038,0.05482459,0.09304503,0.846178,0.06077697,0.846178,0.06077697,4021.379,0,1,6073.8,0.9318832,0,0,0,126509.3,1,0.006,0.0971474346
C128L84,84,128,-1232500,-1237500,0.4968109,0.02646679,0.47672231,0.493941,0.02933669,0.493941,0.02933669,616.1449,0,1,1491.531,0.5587585,0,0,0,124518.9,1,0.003,0.04436709963
C129L84,84,129,-1227500,-1237500,0.0093985,0,0.9906015,0.0093985,0,0.0093985,0,5223.129,0,1,2982.827,0.02012163,0,0,0,122700.1,1,0,0.0004412486745
C77L85,85,77,-1487500,-1242500,0.680844,0,0.319156,0.680844,0,0.680844,0,27818.83,0,0,146253.9,0,0.6975004,0,0.6975004,325442.9,2,0,0.002958427519
C78L85,85,78,-1482500,-1242500,0.94992,0,0.05008,0.94992,0,0.94992,0,22850.14,0,0,141295.8,0,0.9528105,0,0.9528105,320801.2,2,0,0.004179233114
C79L85,85,79,-1477500,-1242500,0.705844,0,0.294156,0.705844,0,0.705844,0,17898.89,0,0,136340.7,0,0.5493173,0,0.5493173,316170.5,2,0,0.003149632847
C80L85,85,80,-1472500,-1242500,1,0,0,1,0,1,0,12985.06,0,0,131389.1,0,0.02172897,0,0.02172897,311551.2,1,0,0.004524957717
C81L85,85,81,-1467500,-1242500,1,0,0,1,0,1,0,8176.378,0,0,126441.2,0,0.008001829,0,0.008001829,306943.8,1,0,0.004583792313
C82L85,85,82,-1462500,-1242500,1,0,0,1,0,1,0,3885.183,0,0,121497.7,0,0,0,0,302348.9,1,0,0.004644537167
C83L85,85,83,-1457500,-1242500,1,0,0,1,0,1,0,3651.866,0.9490429,0,116558.9,0,0,0,0.9490429,297767,1,0,0.004705186113
C84L85,85,84,-1452500,-1242500,1,0,0,1,0,1,0,7513.851,1,0,111625.6,0,0,0,1,293198.8,1,0,0.00476568477
C85L85,85,85,-1447500,-1242500,1,0,0,1,0,1,0,7700.831,1,0,106698.5,0,0,0,1,288645,1,0,0.004825994119
C86L85,85,86,-1442500,-1242500,1,0,0,1,0,1,0,7903.757,1,0,101778.6,0,0,0,1,284106.1,1,0,0.004886096536
C87L85,85,87,-1437500,-1242500,1,0,0,1,0,1,0,7635.307,0.7487184,0,96866.77,0,0.3417248,0,1.0904432,279582.9,1,0,0.004946000729
C88L85,85,88,-1432500,-1242500,1,0,0,1,0,1,0,8047.19,0,0,91964.5,0,1,0,1,275076.3,2,0,0.005005714254
C89L85,85,89,-1427500,-1242500,0.994896,0,0.005104,0.994896,0,0.994896,0,6597.422,0,0,87073.34,0,1,0,1,270587,2,0,0.00503962123
C90L85,85,90,-1422500,-1242500,0.675974,0,0.324026,0.675974,0,0.675974,0,5362.985,0,0,82195.28,0,0.7453701,0,0.7453701,266115.9,2,0,0.003488351063
C91L85,85,91,-1417500,-1242500,0.105901,0,0.894099,0.105901,0,0.105901,0,4193.623,0,0,77332.8,0,0.1587254,0,0.1587254,261664,1,0,0.0006265370352
C96L85,85,96,-1392500,-1242500,0.22615583,0.07177029,0.70207388,0.223604,0.07432212,0.223604,0.07432212,7486.986,0,0,53402.73,0,0,0.280605,0.280605,239728.6,1,0.003,0.07177029
C97L85,85,97,-1387500,-1242500,0.26720781,0.12662337,0.60616882,0.26720781,0.12662337,0.262013,0.13181818,9189.792,0,0,48745.76,0,0,0.4157249,0.4157249,235414.9,1,0.005,0.12662337
C98L85,85,98,-1382500,-1242500,0.05869217,0.039553399,0.901754431,0.05869217,0.039553399,0.0551834,0.043062169,10550.44,0,0,44163.86,0,0,0.05230446,0.05230446,231128.8,1,0.004,0.039553399
C99L85,85,99,-1377500,-1242500,0.00876623,0.000974026,0.990259744,0.00876623,0.000974026,0.00876623,0.000974026,11858.97,0,0,39683.05,0,0,0,0,226871.9,1,0,0.002743184586
C109L85,85,109,-1327500,-1242500,0.0015949,0,0.9984051,0.0015949,0,0.0015949,0,1467.412,0,0,6269.461,0,0,0,0,186344.9,1,0,0.0001712203205
C110L85,85,110,-1322500,-1242500,0.0493506,0.011363635,0.939285765,0.0493506,0.011363635,0.0493506,0.011363635,1188.44,0,0,5699.909,0,0,0,0,182550.7,1,0,0.01250662946
C111L85,85,111,-1317500,-1242500,0.0704944,0.00701754,0.92248806,0.0704944,0.00701754,0.0704944,0.00701754,2122.945,0,1,5654.268,0,0,0,0,178815.9,1,0,0.01775631191
C112L85,85,112,-1312500,-1242500,0.17224846,0.3189793,0.50877224,0.16810173,0.32312603,0.148644,0.34258376,5580.827,0,0,5608.628,0.2523316,0,0,0,175144.1,1,0.024,0.3189793
C113L85,85,113,-1307500,-1242500,0.22013,0.23863628,0.54123372,0.22013,0.23863628,0.22013,0.23863628,9344.21,0,0,5838.075,0.3867754,0,0,0,171539.6,1,0,0.2602785867
C114L85,85,114,-1302500,-1242500,0.31642724,0.49537484,0.18819792,0.31036663,0.50143545,0.304625,0.50717708,11969.98,0,0,6849.705,0.7307366,0,0,0,168006.5,1,0.012,0.5096480727
C115L85,85,115,-1297500,-1242500,0.29902632,0.40064933,0.30032435,0.29318216,0.40649349,0.287338,0.41233765,13552.48,0,0,7893.366,0.6173798,0,0,0,164549.5,1,0.012,0.424094042
C116L85,85,116,-1292500,-1242500,0.226793959,0.13110045,0.642105591,0.226156,0.131738409,0.226156,0.131738409,16425.37,0,0,10180.38,0.3079048,0,0,0,161173.5,1,0.001,0.176881624
C117L85,85,117,-1287500,-1242500,0.106818,0.26136394,0.63181806,0.106818,0.26136394,0.106818,0.26136394,17004.52,0,0,12670.88,0,0,0,0,157883.6,1,0,0.2619738452
C118L85,85,118,-1282500,-1242500,0.0216906,0.86156363,0.11674577,0.0216906,0.86156363,0.0216906,0.86156363,17825.44,0,0.5,15161.37,0,0,0,0,154685.5,1,0,0.86156363
C119L85,85,119,-1277500,-1242500,0.08766238,0.9123383,-6.8e-07,0.08766238,0.9123383,0.0834416,0.91655908,18663.35,0,0.5,16065.87,0.001080623,0,0,0,151584.8,1,0.004,0.9123383
C120L85,85,120,-1272500,-1242500,0.08803823,0.91196119,5.8e-07,0.0854864,0.91451302,0.0854864,0.91451302,18962.71,0,1,15594.27,0.00890323,0,0,0,148587.7,1,0.003,0.91196119
C121L85,85,121,-1267500,-1242500,0.26762377,0.73237618,5e-08,0.26762377,0.73237618,0.264115,0.73588495,20255.96,0,1,16077.82,0,0,0,0,145700.6,1,0.004,0.7326173279
C122L85,85,122,-1262500,-1242500,0.43311656,0.56688372,-2.8e-07,0.39902568,0.6009746,0.358766,0.64123428,21426.37,0,0.5,16571.41,0.0166986,0,0,0,142930.1,1,0.074,0.5771392737
C123L85,85,123,-1257500,-1242500,0.790749779,0.209249999,2.22e-07,0.781180399,0.218819379,0.77193,0.228069778,20701.62,0,0.5,17065.01,0.8387966,0,0,0,140283.2,1,0.019,0.3603090209
C124L85,85,124,-1252500,-1242500,0.56883099,0.43116956,-5.5e-07,0.55097383,0.44902672,0.520779,0.47922155,17017.35,0,0.5,15632.56,1,0,0,0,137766.9,1,0.048,0.43116956
C125L85,85,125,-1247500,-1242500,0.77607617,0.17958531,0.04433852,0.75119582,0.20446566,0.733014,0.22264748,12051.52,0,1,13129.86,0.4902138,0,0,0,135388.6,1,0.043,0.2350822744
C126L85,85,126,-1242500,-1242500,0.37759773,0.05551943,0.56688284,0.37759773,0.05551943,0.375325,0.05779216,7133.585,0,1,9165.4,0.3239824,0,0,0,133155.6,1,0.002,0.06930984286
C127L85,85,127,-1237500,-1242500,0.08484847,0.00127592,0.91387561,0.08484847,0.00127592,0.0813397,0.00478469,2556.736,0,1,4439.898,0.07743412,0,0,0,131075.5,1,0.004,0.006468371849
C77L86,86,77,-1487500,-1247500,0.478316,0,0.521684,0.478316,0,0.478316,0,28758.57,0,0,145703.5,0,0.5239065,0,0.5239065,327321.3,2,0,0.002067715462
C78L86,86,78,-1482500,-1247500,0.170113,0,0.829887,0.170113,0,0.170113,0,23985.35,0,0,140726,0,0.178577,0,0.178577,322706.7,1,0,0.0007444008719
C80L86,86,80,-1472500,-1247500,0.305764,0,0.694236,0.305764,0,0.305764,0,14892.28,0,0,130776.1,0,0,0,0,313512.9,1,0,0.001376789158
C81L86,86,81,-1467500,-1247500,0.961735,0,0.038265,0.961735,0,0.961735,0,10955.43,0,0,125804.2,0,0,0,0,308934.7,1,0,0.004385264567
C82L86,86,82,-1462500,-1247500,1,0,0,1,0,1,0,7371.986,0,0,120834.5,0,0,0,0,304369.9,1,0,0.004617884019
C83L86,86,83,-1457500,-1247500,1,0,0,1,0,1,0,4098.102,0.8533853,0,115867.5,0,0,0,0.8533853,299818.9,1,0,0.004678034296
C84L86,86,84,-1452500,-1247500,1,0,0,1,0,1,0,2566.259,1,0,110903.5,0,0,0,1,295282.5,1,0,0.004738081402
C85L86,86,85,-1447500,-1247500,1,0,0,1,0,1,0,2788.483,1,0,105942.8,0,0,0,1,290761.2,1,0,0.004797998849
C86L86,86,86,-1442500,-1247500,1,0,0,1,0,1,0,3568.95,1,0,100986,0,0,0,1,286255.9,1,0,0.004857683555
C87L86,86,87,-1437500,-1247500,0.99906,0,0.00094,0.99906,0,0.99906,0,3070.129,0.3833578,0,96033.73,0,0.7255542,0,1.108912,281767.3,2,0,0.004911783657
C88L86,86,88,-1432500,-1247500,0.5625,0,0.4375,0.5625,0,0.5625,0,3612.657,0,0,91086.63,0,0.6288946,0,0.6288946,277296.1,2,0,0.002799210506
C89L86,86,89,-1427500,-1247500,0.163847,0,0.836153,0.163847,0,0.163847,0,1877.439,0,0,86145.65,0,0.215502,0,0.215502,272843.4,1,0,0.0008253621081
C117L86,86,117,-1287500,-1247500,0.00829082,0.00478317,0.98692601,0.00829082,0.00478317,0.00829082,0.00478317,21992.25,0,1,8335.278,0,0,0,0,161720.2,1,0,0.006788314121
C118L86,86,118,-1282500,-1247500,0.0645363,0.86810693,0.06735677,0.0645363,0.86810693,0.0645363,0.86810693,20458.45,0,0.5,10825.77,0,0,0,0,158599.4,1,0,0.86810693
C119L86,86,119,-1277500,-1247500,0.0666454,0.933354855,-2.55e-07,0.0666454,0.933354855,0.0666454,0.933354855,21616.98,0,1,11187.82,0.01277222,0,0,0,155576.7,1,0,0.933354855
C120L86,86,120,-1272500,-1247500,0.091165376,0.908834493,1.31e-07,0.09053881,0.909461059,0.0833333,0.916666569,21868.19,0,1,10608.85,0.03028281,0,0,0,152658,1,0.008,0.908834493
C121L86,86,121,-1267500,-1247500,0.28978735,0.71021222,4.3e-07,0.28978735,0.71021222,0.279449,0.72055057,21206.87,0,0.5,11102.24,0,0,0,0,149849.4,1,0.01,0.71021222
C122L86,86,122,-1262500,-1247500,0.30994921,0.69005075,4e-08,0.30325278,0.69674718,0.300064,0.69993596,20712.2,0,0.5,11595.84,0,0,0,0,147157,1,0.01,0.69005075
C123L86,86,123,-1257500,-1247500,0.44548913,0.34586437,0.2086465,0.4348375,0.356516,0.425439,0.3659145,17810.17,0,0.5,12089.43,0.3390124,0,0,0,144587.5,1,0.02,0.3651327351
C124L86,86,124,-1252500,-1247500,0.11702809,0.0854592,0.79751271,0.11447707,0.08801022,0.106824,0.09566329,13654.16,0,0.5,10955.71,0.1444985,0,0,0,142147.4,1,0.01,0.0854592
C125L86,86,125,-1247500,-1247500,0.0654762,0.001566416,0.932957384,0.0654762,0.001566416,0.0654762,0.001566416,10279.6,0,1,8892.171,0,0,0,0,139843.7,1,0,0.009279569125
C126L86,86,126,-1242500,-1247500,0.0204082,0.00892857,0.97066323,0.0204082,0.00892857,0.0204082,0.00892857,6960.943,0,1,6058.797,0,0,0,0,137683,1,0,0.00892857
C77L87,87,77,-1487500,-1252500,0,0,1,0,0,0,0,27508.3,0,0,145323.1,0,0.001901005,0,0.001901005,329265,1,0,0
C81L87,87,81,-1467500,-1252500,0.458117,0,0.541883,0.458117,0,0.458117,0,11308.69,0,0,125363.5,0,0,0,0,310993.3,1,0,0.002078159617
C82L87,87,82,-1462500,-1252500,0.891228,0,0.108772,0.891228,0,0.891228,0,6350.958,0,0,120375.6,0,0,0,0,306459.1,1,0,0.004093018621
C83L87,87,83,-1457500,-1252500,1,0,0,1,0,1,0,1668.212,0.7577264,0,115388.9,0,0,0,0.7577264,301939.7,1,0,0.004650084832
C84L87,87,84,-1452500,-1252500,1,0,0,1,0,1,0,1829.312,1,0,110403.3,0,0,0,1,297435.6,1,0,0.00470888267
C85L87,87,85,-1447500,-1252500,0.80638,0,0.19362,0.80638,0,0.80638,0,194.8239,0.9497708,0,105419.1,0,0,0,0.9497708,292947.5,1,0,0.003845691553
C86L87,87,86,-1442500,-1252500,0.737338,0,0.262662,0.737338,0,0.737338,0,92.25792,0.8907202,0,100436.5,0,0.03285108,0,0.92357128,288476.4,1,0,0.00356230012
C87L87,87,87,-1437500,-1252500,0.350877,0,0.649123,0.350877,0,0.350877,0,744.7696,0.0551119,0,95455.66,0,0.3814549,0,0.4365668,284022.8,1,0,0.001715293679
C88L87,87,88,-1432500,-1252500,0,0,1,0,0,0,0,156.7715,0,0,90476.96,0,0.007037098,0,0.007037098,279587.8,1,0,0
C118L87,87,118,-1282500,-1252500,0.02519933,0.3547046,0.62009607,0.0226475,0.35725643,0.0226475,0.35725643,15582.99,0,1,6490.173,0,0,0,0,162572.9,1,0.003,0.3547046
C119L87,87,119,-1277500,-1252500,0.12337688,0.87272768,0.00389544,0.11850675,0.87759781,0.11526,0.88084456,16630.78,0,0.5,6309.781,0,0,0,0,159625.5,1,0.008,0.87272768
C120L87,87,120,-1272500,-1252500,0.28612465,0.71387538,-3e-08,0.28612465,0.71387538,0.280702,0.71929803,16956.02,0,0.5,5633.068,0,0,0,0,156782.2,1,0.005,0.7337346318
C121L87,87,121,-1267500,-1252500,0.1859645,0.780861759,0.033173741,0.1859645,0.780861759,0.178309,0.788517259,16327.29,0,0.5,6126.664,0,0,0,0,154048.7,1,0.008,0.780861759
C122L87,87,122,-1262500,-1252500,0.19707748,0.51623334,0.28668918,0.19707748,0.51623334,0.191558,0.52175282,15712.22,0,0.5,6620.26,0,0,0,0,151431,1,0.006,0.51623334
C123L87,87,123,-1257500,-1252500,0.045614,0.035406698,0.918979302,0.045614,0.035406698,0.045614,0.035406698,14775.93,0,0,7113.856,0,0,0,0,148935.3,1,0,0.0379952005
C82L88,88,82,-1462500,-1257500,0.033208,0,0.966792,0.033208,0,0.033208,0,8736.313,0,0,120123.3,0,0,0,0,308615.3,1,0,0.0001516872618
C83L88,88,83,-1457500,-1257500,0.189732,0,0.810268,0.189732,0,0.189732,0,6226.67,0.2435596,0,115125.6,0,0,0,0.2435596,304127.8,1,0,0.0008773468572
C84L88,88,84,-1452500,-1257500,0.165727,0,0.834273,0.165727,0,0.165727,0,6542.089,0.2729659,0,110128.1,0,0,0,0.2729659,299656.6,1,0,0.0007758465759
C85L88,88,85,-1447500,-1257500,0,0,1,0,0,0,0,4084.176,0.0163175,0,105130.8,0,0,0,0.0163175,295202.4,1,0,0
C119L88,88,119,-1277500,-1257500,0.12882655,0.26147974,0.60969371,0.12500002,0.26530627,0.122449,0.26785729,11656.41,0,0.5,1431.739,0,0,0,0,163726.8,1,0.006,0.2742894137
C120L88,88,120,-1272500,-1257500,0.0532581,0.181704303,0.765037597,0.0532581,0.181704303,0.0532581,0.181704303,12115.93,0,0,657.4915,0,0,0,0,160956,1,0,0.181704303
C121L88,88,121,-1267500,-1257500,0.00219298,0.02882205,0.96898497,0.00219298,0.02882205,0.00219298,0.02882205,11551.17,0,0,1151.087,0,0,0,0,158294.6,1,0,0.02882205
